game,turn,player,move,land_square,nodes,time_ms,pruning_ratio,score_p0,score_p1,heuristic,depth,game_phase,suboptimal,score_deviation,score_loss,operator_blind
0,0,0,"[[6, 1], [5, 0]]","[5, 0]",83,30.7369,0.8147,0,0,greedy,3,opening,False,0,0.0,False
0,1,1,"[[1, 0], [2, 1]]","[2, 1]",85,32.7716,0.8103,0,0,greedy,3,opening,False,0.0,0.0,True
0,2,0,"[[5, 0], [4, 1]]","[4, 1]",107,37.7691,0.791,0,1.0,greedy,3,opening,False,0.0,0.0,False
0,3,1,"[[0, 1], [1, 0]]","[1, 0]",90,31.1403,0.8242,0,1.0,greedy,3,opening,False,0.0,0.0,True
0,4,0,"[[4, 1], [3, 2]]","[3, 2]",111,28.2242,0.8073,0,1.0,greedy,3,opening,False,0.0,0.0,False
0,5,1,"[[2, 1], [4, 3]]","[4, 3]",16,4.4329,0.75,0,1.0,greedy,3,opening,True,0.0,0.0,False
0,6,0,"[[6, 3], [5, 4]]","[5, 4]",162,44.1942,0.6384,0,1.0,greedy,3,opening,False,0.0,0.0,False
0,7,1,"[[1, 2], [2, 1]]","[2, 1]",77,16.5808,0.8496,0,1.0,greedy,3,opening,False,0.0,0.0,True
0,8,0,"[[5, 4], [3, 2]]","[3, 2]",10,3.2847,0.8438,0,1.0,greedy,3,opening,False,0.0,0.0,False
0,9,1,"[[2, 1], [4, 3]]","[4, 3]",16,4.7607,0.75,-11,1.0,greedy,3,opening,False,0.0,0.0,False
0,10,0,"[[6, 7], [5, 6]]","[5, 6]",144,32.6297,0.6786,-11,14.0,greedy,3,opening,True,0,0.0,False
0,11,1,"[[4, 3], [5, 4]]","[5, 4]",134,42.4035,0.7383,-11,14.0,greedy,3,opening,False,0.0,0.0,True
0,12,0,"[[6, 5], [4, 3]]","[4, 3]",24,10.263,0.625,-11,14.0,greedy,3,opening,False,0.0,0.0,False
0,13,1,"[[0, 3], [1, 2]]","[1, 2]",82,20.8611,0.7865,-22,14.0,greedy,3,opening,False,0.0,0.0,True
0,14,0,"[[5, 6], [4, 5]]","[4, 5]",165,47.5256,0.7656,-22,14.0,greedy,3,opening,False,0.0,0.0,False
0,15,1,"[[1, 0], [2, 1]]","[2, 1]",89,23.2012,0.8013,-22,14.0,greedy,3,opening,True,1.0,0.0,True
0,16,0,"[[4, 5], [3, 6]]","[3, 6]",275,75.4528,0.6094,-22,15.0,greedy,3,opening,False,0.0,0.0,False
0,17,1,"[[1, 6], [2, 7]]","[2, 7]",99,18.4836,0.779,-22,15.0,greedy,3,opening,False,0.0,0.0,True
0,18,0,"[[3, 6], [2, 5]]","[2, 5]",104,30.2639,0.8375,-22,45.0,greedy,3,opening,False,0.0,0.0,False
0,19,1,"[[1, 4], [3, 6]]","[3, 6]",27,6.928,0.5781,-22,45.0,greedy,3,opening,False,0.0,0.0,False
0,20,0,"[[4, 3], [3, 4]]","[3, 4]",212,64.0204,0.6319,-22,87.0,greedy,3,midgame,True,0,0.0,False
0,21,1,"[[0, 5], [1, 4]]","[1, 4]",111,20.2239,0.7832,-22,87.0,greedy,3,midgame,False,0.0,0.0,True
0,22,0,"[[3, 4], [2, 5]]","[2, 5]",114,23.7031,0.8021,-22,87.0,greedy,3,midgame,False,0.0,0.0,False
0,23,1,"[[1, 4], [2, 3]]","[2, 3]",92,21.1034,0.7946,-22,87.0,greedy,3,midgame,False,0.0,0.0,True
0,24,0,"[[7, 0], [6, 1]]","[6, 1]",72,23.1705,0.875,-22,87.0,greedy,3,midgame,False,0.0,0.0,False
0,25,1,"[[2, 1], [3, 0]]","[3, 0]",88,17.5169,0.8036,-22,87.0,greedy,3,midgame,False,0.0,0.0,True
0,26,0,"[[6, 1], [5, 0]]","[5, 0]",71,17.8318,0.8767,-22,87.0,greedy,3,midgame,False,0.0,0.0,False
0,27,1,"[[1, 2], [2, 1]]","[2, 1]",86,25.6252,0.808,-22,87.0,greedy,3,midgame,False,0.0,0.0,True
0,28,0,"[[2, 5], [1, 6]]","[1, 6]",71,11.1449,0.8767,-22,87.0,greedy,3,midgame,False,0.0,0.0,False
0,29,1,"[[0, 7], [2, 5]]","[2, 5]",22,6.0854,0.6562,-22,87.0,greedy,3,midgame,False,0.0,0.0,False
0,30,0,"[[5, 0], [4, 1]]","[4, 1]",57,17.7157,0.8728,-22,100.0,greedy,3,midgame,True,0,0.0,False
0,31,1,"[[3, 0], [5, 2]]","[5, 2]",21,5.069,0.6719,-22,100.0,greedy,3,midgame,False,0.0,0.0,False
0,32,0,"[[7, 4], [6, 3]]","[6, 3]",55,9.0873,0.8568,-22,112.0,greedy,3,midgame,False,0.0,0.0,False
0,33,1,"[[5, 2], [7, 4]]","[7, 4]",18,2.0897,0.7188,-22,112.0,greedy,3,midgame,False,0.0,0.0,False
0,34,0,"[[7, 2], [6, 1]]","[6, 1]",71,18.3454,0.7227,-22,114.0,greedy,3,midgame,False,0.0,0.0,False
0,35,1,"[[2, 1], [3, 0]]","[3, 0]",105,23.129,0.8177,-22,114.0,greedy,3,midgame,True,0.0,0.0,True
0,36,0,"[[6, 1], [5, 0]]","[5, 0]",41,6.773,0.8398,-22,114.0,greedy,3,midgame,False,0.0,0.0,False
0,37,1,"[[2, 3], [3, 2]]","[3, 2]",103,17.2262,0.7988,-22,114.0,greedy,3,midgame,False,0.0,0.0,True
0,38,0,"[[5, 0], [4, 1]]","[4, 1]",14,1.9917,0.9271,-22,114.0,greedy,3,midgame,False,0.0,0.0,False
0,39,1,"[[3, 0], [5, 2]]","[5, 2]",25,5.4369,0.8047,-22,114.0,greedy,3,midgame,False,0.0,0.0,True
0,40,0,"[[7, 6], [6, 7]]","[6, 7]",22,3.9434,0.8281,-22,128.0,greedy,3,midgame,True,0,0.0,False
0,41,1,"[[5, 2], [6, 1]]","[6, 1]",73,11.9405,0.8733,-22,128.0,greedy,3,midgame,False,0.0,0.0,True
0,42,0,"[[6, 7], [5, 6]]","[5, 6]",21,2.805,0.6719,-22,128.0,greedy,3,midgame,False,0.0,0.0,False
0,43,1,"[[3, 6], [4, 7]]","[4, 7]",77,10.5851,0.8663,-22,128.0,greedy,3,midgame,False,0.0,0.0,True
0,44,0,"[[5, 6], [4, 5]]","[4, 5]",22,4.2832,0.6562,-22,156.0,greedy,3,midgame,False,0.0,0.0,False
0,45,1,"[[6, 1], [7, 0]]","[7, 0]",63,13.1183,0.9016,-22,156.0,greedy,3,midgame,True,144.0,144.0,True
0,46,0,"[[4, 5], [3, 4]]","[3, 4]",5,0.8051,0.9609,-22,156.0,greedy,3,midgame,False,0.0,0.0,False
0,47,1,"[[2, 5], [4, 3]]","[4, 3]",2,0.2475,0.9688,-22,156.0,greedy,3,midgame,False,0.0,0.0,False
1,0,0,"[[6, 1], [5, 0]]","[5, 0]",83,30.7817,0.8147,0,0,greedy,3,opening,False,0,0.0,False
1,1,1,"[[1, 0], [2, 1]]","[2, 1]",85,30.576,0.8103,0,0,greedy,3,opening,False,0.0,0.0,True
1,2,0,"[[5, 0], [4, 1]]","[4, 1]",107,46.1063,0.791,0,1.0,greedy,3,opening,False,0.0,0.0,False
1,3,1,"[[0, 1], [1, 0]]","[1, 0]",90,35.6266,0.8242,0,1.0,greedy,3,opening,False,0.0,0.0,True
1,4,0,"[[4, 1], [3, 2]]","[3, 2]",111,56.9811,0.8073,0,1.0,greedy,3,opening,False,0.0,0.0,False
1,5,1,"[[2, 1], [4, 3]]","[4, 3]",16,12.4032,0.75,0,1.0,greedy,3,opening,True,0.0,0.0,False
1,6,0,"[[6, 3], [5, 4]]","[5, 4]",162,154.2475,0.6384,0,1.0,greedy,3,opening,False,0.0,0.0,False
1,7,1,"[[1, 2], [2, 1]]","[2, 1]",77,63.2439,0.8496,0,1.0,greedy,3,opening,False,0.0,0.0,True
1,8,0,"[[5, 4], [3, 2]]","[3, 2]",10,8.2562,0.8438,0,1.0,greedy,3,opening,False,0.0,0.0,False
1,9,1,"[[2, 1], [4, 3]]","[4, 3]",16,10.8397,0.75,-11,1.0,greedy,3,opening,False,0.0,0.0,False
1,10,0,"[[6, 7], [5, 6]]","[5, 6]",144,65.5642,0.6786,-11,14.0,greedy,3,opening,True,0,0.0,False
1,11,1,"[[4, 3], [5, 4]]","[5, 4]",134,38.4738,0.7383,-11,14.0,greedy,3,opening,False,0.0,0.0,True
1,12,0,"[[6, 5], [4, 3]]","[4, 3]",24,4.3561,0.625,-11,14.0,greedy,3,opening,False,0.0,0.0,False
1,13,1,"[[0, 3], [1, 2]]","[1, 2]",82,33.0799,0.7865,-22,14.0,greedy,3,opening,False,0.0,0.0,True
1,14,0,"[[5, 6], [4, 5]]","[4, 5]",165,75.5022,0.7656,-22,14.0,greedy,3,opening,False,0.0,0.0,False
1,15,1,"[[1, 0], [2, 1]]","[2, 1]",89,21.0662,0.8013,-22,14.0,greedy,3,opening,True,1.0,0.0,True
1,16,0,"[[4, 5], [3, 6]]","[3, 6]",275,114.4168,0.6094,-22,15.0,greedy,3,opening,False,0.0,0.0,False
1,17,1,"[[1, 6], [2, 7]]","[2, 7]",99,44.8818,0.779,-22,15.0,greedy,3,opening,False,0.0,0.0,True
1,18,0,"[[3, 6], [2, 5]]","[2, 5]",104,39.4666,0.8375,-22,45.0,greedy,3,opening,False,0.0,0.0,False
1,19,1,"[[1, 4], [3, 6]]","[3, 6]",27,6.4888,0.5781,-22,45.0,greedy,3,opening,False,0.0,0.0,False
1,20,0,"[[4, 3], [3, 4]]","[3, 4]",212,63.9842,0.6319,-22,87.0,greedy,3,midgame,True,0,0.0,False
1,21,1,"[[0, 5], [1, 4]]","[1, 4]",111,31.9388,0.7832,-22,87.0,greedy,3,midgame,False,0.0,0.0,True
1,22,0,"[[3, 4], [2, 5]]","[2, 5]",114,34.2369,0.8021,-22,87.0,greedy,3,midgame,False,0.0,0.0,False
1,23,1,"[[1, 4], [2, 3]]","[2, 3]",92,22.1236,0.7946,-22,87.0,greedy,3,midgame,False,0.0,0.0,True
1,24,0,"[[7, 0], [6, 1]]","[6, 1]",72,19.4037,0.875,-22,87.0,greedy,3,midgame,False,0.0,0.0,False
1,25,1,"[[2, 1], [3, 0]]","[3, 0]",88,20.7417,0.8036,-22,87.0,greedy,3,midgame,False,0.0,0.0,True
1,26,0,"[[6, 1], [5, 0]]","[5, 0]",71,16.6028,0.8767,-22,87.0,greedy,3,midgame,False,0.0,0.0,False
1,27,1,"[[1, 2], [2, 1]]","[2, 1]",86,23.8035,0.808,-22,87.0,greedy,3,midgame,False,0.0,0.0,True
1,28,0,"[[2, 5], [1, 6]]","[1, 6]",71,19.9831,0.8767,-22,87.0,greedy,3,midgame,False,0.0,0.0,False
1,29,1,"[[0, 7], [2, 5]]","[2, 5]",22,5.0404,0.6562,-22,87.0,greedy,3,midgame,False,0.0,0.0,False
1,30,0,"[[5, 0], [4, 1]]","[4, 1]",57,9.4731,0.8728,-22,100.0,greedy,3,midgame,True,0,0.0,False
1,31,1,"[[3, 0], [5, 2]]","[5, 2]",21,3.1207,0.6719,-22,100.0,greedy,3,midgame,False,0.0,0.0,False
1,32,0,"[[7, 4], [6, 3]]","[6, 3]",55,9.1672,0.8568,-22,112.0,greedy,3,midgame,False,0.0,0.0,False
1,33,1,"[[5, 2], [7, 4]]","[7, 4]",18,2.0947,0.7188,-22,112.0,greedy,3,midgame,False,0.0,0.0,False
1,34,0,"[[7, 2], [6, 1]]","[6, 1]",71,11.2934,0.7227,-22,114.0,greedy,3,midgame,False,0.0,0.0,False
1,35,1,"[[2, 1], [3, 0]]","[3, 0]",105,17.7734,0.8177,-22,114.0,greedy,3,midgame,True,0.0,0.0,True
1,36,0,"[[6, 1], [5, 0]]","[5, 0]",41,10.463,0.8398,-22,114.0,greedy,3,midgame,False,0.0,0.0,False
1,37,1,"[[2, 3], [3, 2]]","[3, 2]",103,13.222,0.7988,-22,114.0,greedy,3,midgame,False,0.0,0.0,True
1,38,0,"[[5, 0], [4, 1]]","[4, 1]",14,3.6166,0.9271,-22,114.0,greedy,3,midgame,False,0.0,0.0,False
1,39,1,"[[3, 0], [5, 2]]","[5, 2]",25,4.8375,0.8047,-22,114.0,greedy,3,midgame,False,0.0,0.0,True
1,40,0,"[[7, 6], [6, 7]]","[6, 7]",22,4.8575,0.8281,-22,128.0,greedy,3,midgame,True,0,0.0,False
1,41,1,"[[5, 2], [6, 1]]","[6, 1]",73,9.0437,0.8733,-22,128.0,greedy,3,midgame,False,0.0,0.0,True
1,42,0,"[[6, 7], [5, 6]]","[5, 6]",21,9.9776,0.6719,-22,128.0,greedy,3,midgame,False,0.0,0.0,False
1,43,1,"[[3, 6], [4, 7]]","[4, 7]",77,18.4038,0.8663,-22,128.0,greedy,3,midgame,False,0.0,0.0,True
1,44,0,"[[5, 6], [4, 5]]","[4, 5]",22,3.8943,0.6562,-22,156.0,greedy,3,midgame,False,0.0,0.0,False
1,45,1,"[[6, 1], [7, 0]]","[7, 0]",63,8.8017,0.9016,-22,156.0,greedy,3,midgame,True,144.0,144.0,True
1,46,0,"[[4, 5], [3, 4]]","[3, 4]",5,0.576,0.9609,-22,156.0,greedy,3,midgame,False,0.0,0.0,False
1,47,1,"[[2, 5], [4, 3]]","[4, 3]",2,0.2522,0.9688,-22,156.0,greedy,3,midgame,False,0.0,0.0,False
2,0,0,"[[6, 1], [5, 0]]","[5, 0]",83,29.0668,0.8147,0,0,greedy,3,opening,False,0,0.0,False
2,1,1,"[[1, 0], [2, 1]]","[2, 1]",85,19.3391,0.8103,0,0,greedy,3,opening,False,0.0,0.0,True
2,2,0,"[[5, 0], [4, 1]]","[4, 1]",107,23.3297,0.791,0,1.0,greedy,3,opening,False,0.0,0.0,False
2,3,1,"[[0, 1], [1, 0]]","[1, 0]",90,21.2607,0.8242,0,1.0,greedy,3,opening,False,0.0,0.0,True
2,4,0,"[[4, 1], [3, 2]]","[3, 2]",111,31.6834,0.8073,0,1.0,greedy,3,opening,False,0.0,0.0,False
2,5,1,"[[2, 1], [4, 3]]","[4, 3]",16,3.2082,0.75,0,1.0,greedy,3,opening,True,0.0,0.0,False
2,6,0,"[[6, 3], [5, 4]]","[5, 4]",162,38.7683,0.6384,0,1.0,greedy,3,opening,False,0.0,0.0,False
2,7,1,"[[1, 2], [2, 1]]","[2, 1]",77,17.2193,0.8496,0,1.0,greedy,3,opening,False,0.0,0.0,True
2,8,0,"[[5, 4], [3, 2]]","[3, 2]",10,2.8543,0.8438,0,1.0,greedy,3,opening,False,0.0,0.0,False
2,9,1,"[[2, 1], [4, 3]]","[4, 3]",16,2.6147,0.75,-11,1.0,greedy,3,opening,False,0.0,0.0,False
2,10,0,"[[6, 7], [5, 6]]","[5, 6]",144,42.855,0.6786,-11,14.0,greedy,3,opening,True,0,0.0,False
2,11,1,"[[4, 3], [5, 4]]","[5, 4]",134,43.2916,0.7383,-11,14.0,greedy,3,opening,False,0.0,0.0,True
2,12,0,"[[6, 5], [4, 3]]","[4, 3]",24,7.8757,0.625,-11,14.0,greedy,3,opening,False,0.0,0.0,False
2,13,1,"[[0, 3], [1, 2]]","[1, 2]",82,25.3801,0.7865,-22,14.0,greedy,3,opening,False,0.0,0.0,True
2,14,0,"[[5, 6], [4, 5]]","[4, 5]",165,38.0938,0.7656,-22,14.0,greedy,3,opening,False,0.0,0.0,False
2,15,1,"[[1, 0], [2, 1]]","[2, 1]",89,33.4027,0.8013,-22,14.0,greedy,3,opening,True,1.0,0.0,True
2,16,0,"[[4, 5], [3, 6]]","[3, 6]",275,85.5305,0.6094,-22,15.0,greedy,3,opening,False,0.0,0.0,False
2,17,1,"[[1, 6], [2, 7]]","[2, 7]",99,30.1294,0.779,-22,15.0,greedy,3,opening,False,0.0,0.0,True
2,18,0,"[[3, 6], [2, 5]]","[2, 5]",104,33.5028,0.8375,-22,45.0,greedy,3,opening,False,0.0,0.0,False
2,19,1,"[[1, 4], [3, 6]]","[3, 6]",27,7.8802,0.5781,-22,45.0,greedy,3,opening,False,0.0,0.0,False
2,20,0,"[[4, 3], [3, 4]]","[3, 4]",212,46.0975,0.6319,-22,87.0,greedy,3,midgame,True,0,0.0,False
2,21,1,"[[0, 5], [1, 4]]","[1, 4]",111,30.4971,0.7832,-22,87.0,greedy,3,midgame,False,0.0,0.0,True
2,22,0,"[[3, 4], [2, 5]]","[2, 5]",114,28.2388,0.8021,-22,87.0,greedy,3,midgame,False,0.0,0.0,False
2,23,1,"[[1, 4], [2, 3]]","[2, 3]",92,20.1433,0.7946,-22,87.0,greedy,3,midgame,False,0.0,0.0,True
2,24,0,"[[7, 0], [6, 1]]","[6, 1]",72,19.3553,0.875,-22,87.0,greedy,3,midgame,False,0.0,0.0,False
2,25,1,"[[2, 1], [3, 0]]","[3, 0]",88,15.5103,0.8036,-22,87.0,greedy,3,midgame,False,0.0,0.0,True
2,26,0,"[[6, 1], [5, 0]]","[5, 0]",71,19.6528,0.8767,-22,87.0,greedy,3,midgame,False,0.0,0.0,False
2,27,1,"[[1, 2], [2, 1]]","[2, 1]",86,23.5252,0.808,-22,87.0,greedy,3,midgame,False,0.0,0.0,True
2,28,0,"[[2, 5], [1, 6]]","[1, 6]",71,21.0798,0.8767,-22,87.0,greedy,3,midgame,False,0.0,0.0,False
2,29,1,"[[0, 7], [2, 5]]","[2, 5]",22,4.164,0.6562,-22,87.0,greedy,3,midgame,False,0.0,0.0,False
2,30,0,"[[5, 0], [4, 1]]","[4, 1]",57,17.1976,0.8728,-22,100.0,greedy,3,midgame,True,0,0.0,False
2,31,1,"[[3, 0], [5, 2]]","[5, 2]",21,5.8463,0.6719,-22,100.0,greedy,3,midgame,False,0.0,0.0,False
2,32,0,"[[7, 4], [6, 3]]","[6, 3]",55,13.8328,0.8568,-22,112.0,greedy,3,midgame,False,0.0,0.0,False
2,33,1,"[[5, 2], [7, 4]]","[7, 4]",18,2.1093,0.7188,-22,112.0,greedy,3,midgame,False,0.0,0.0,False
2,34,0,"[[7, 2], [6, 1]]","[6, 1]",71,12.2082,0.7227,-22,114.0,greedy,3,midgame,False,0.0,0.0,False
2,35,1,"[[2, 1], [3, 0]]","[3, 0]",105,22.3007,0.8177,-22,114.0,greedy,3,midgame,True,0.0,0.0,True
2,36,0,"[[6, 1], [5, 0]]","[5, 0]",41,11.4555,0.8398,-22,114.0,greedy,3,midgame,False,0.0,0.0,False
2,37,1,"[[2, 3], [3, 2]]","[3, 2]",103,31.4934,0.7988,-22,114.0,greedy,3,midgame,False,0.0,0.0,True
2,38,0,"[[5, 0], [4, 1]]","[4, 1]",14,2.0132,0.9271,-22,114.0,greedy,3,midgame,False,0.0,0.0,False
2,39,1,"[[3, 0], [5, 2]]","[5, 2]",25,3.5889,0.8047,-22,114.0,greedy,3,midgame,False,0.0,0.0,True
2,40,0,"[[7, 6], [6, 7]]","[6, 7]",22,4.8058,0.8281,-22,128.0,greedy,3,midgame,True,0,0.0,False
2,41,1,"[[5, 2], [6, 1]]","[6, 1]",73,12.8343,0.8733,-22,128.0,greedy,3,midgame,False,0.0,0.0,True
2,42,0,"[[6, 7], [5, 6]]","[5, 6]",21,5.8479,0.6719,-22,128.0,greedy,3,midgame,False,0.0,0.0,False
2,43,1,"[[3, 6], [4, 7]]","[4, 7]",77,20.216,0.8663,-22,128.0,greedy,3,midgame,False,0.0,0.0,True
2,44,0,"[[5, 6], [4, 5]]","[4, 5]",22,6.46,0.6562,-22,156.0,greedy,3,midgame,False,0.0,0.0,False
2,45,1,"[[6, 1], [7, 0]]","[7, 0]",63,10.4797,0.9016,-22,156.0,greedy,3,midgame,True,144.0,144.0,True
2,46,0,"[[4, 5], [3, 4]]","[3, 4]",5,0.433,0.9609,-22,156.0,greedy,3,midgame,False,0.0,0.0,False
2,47,1,"[[2, 5], [4, 3]]","[4, 3]",2,0.1297,0.9688,-22,156.0,greedy,3,midgame,False,0.0,0.0,False
3,0,0,"[[6, 1], [5, 0]]","[5, 0]",83,25.279,0.8147,0,0,greedy,3,opening,False,0,0.0,False
3,1,1,"[[1, 0], [2, 1]]","[2, 1]",85,19.6333,0.8103,0,0,greedy,3,opening,False,0.0,0.0,True
3,2,0,"[[5, 0], [4, 1]]","[4, 1]",107,28.3489,0.791,0,1.0,greedy,3,opening,False,0.0,0.0,False
3,3,1,"[[0, 1], [1, 0]]","[1, 0]",90,23.5095,0.8242,0,1.0,greedy,3,opening,False,0.0,0.0,True
3,4,0,"[[4, 1], [3, 2]]","[3, 2]",111,29.5229,0.8073,0,1.0,greedy,3,opening,False,0.0,0.0,False
3,5,1,"[[2, 1], [4, 3]]","[4, 3]",16,3.8028,0.75,0,1.0,greedy,3,opening,True,0.0,0.0,False
3,6,0,"[[6, 3], [5, 4]]","[5, 4]",162,48.8017,0.6384,0,1.0,greedy,3,opening,False,0.0,0.0,False
3,7,1,"[[1, 2], [2, 1]]","[2, 1]",77,17.2281,0.8496,0,1.0,greedy,3,opening,False,0.0,0.0,True
3,8,0,"[[5, 4], [3, 2]]","[3, 2]",10,3.2425,0.8438,0,1.0,greedy,3,opening,False,0.0,0.0,False
3,9,1,"[[2, 1], [4, 3]]","[4, 3]",16,4.7469,0.75,-11,1.0,greedy,3,opening,False,0.0,0.0,False
3,10,0,"[[6, 7], [5, 6]]","[5, 6]",144,38.9106,0.6786,-11,14.0,greedy,3,opening,True,0,0.0,False
3,11,1,"[[4, 3], [5, 4]]","[5, 4]",134,41.0821,0.7383,-11,14.0,greedy,3,opening,False,0.0,0.0,True
3,12,0,"[[6, 5], [4, 3]]","[4, 3]",24,3.7799,0.625,-11,14.0,greedy,3,opening,False,0.0,0.0,False
3,13,1,"[[0, 3], [1, 2]]","[1, 2]",82,15.4748,0.7865,-22,14.0,greedy,3,opening,False,0.0,0.0,True
3,14,0,"[[5, 6], [4, 5]]","[4, 5]",165,40.3752,0.7656,-22,14.0,greedy,3,opening,False,0.0,0.0,False
3,15,1,"[[1, 0], [2, 1]]","[2, 1]",89,19.927,0.8013,-22,14.0,greedy,3,opening,True,1.0,0.0,True
3,16,0,"[[4, 5], [3, 6]]","[3, 6]",275,64.1458,0.6094,-22,15.0,greedy,3,opening,False,0.0,0.0,False
3,17,1,"[[1, 6], [2, 7]]","[2, 7]",99,53.4141,0.779,-22,15.0,greedy,3,opening,False,0.0,0.0,True
3,18,0,"[[3, 6], [2, 5]]","[2, 5]",104,82.5732,0.8375,-22,45.0,greedy,3,opening,False,0.0,0.0,False
3,19,1,"[[1, 4], [3, 6]]","[3, 6]",27,16.2566,0.5781,-22,45.0,greedy,3,opening,False,0.0,0.0,False
3,20,0,"[[4, 3], [3, 4]]","[3, 4]",212,130.5356,0.6319,-22,87.0,greedy,3,midgame,True,0,0.0,False
3,21,1,"[[0, 5], [1, 4]]","[1, 4]",111,45.8374,0.7832,-22,87.0,greedy,3,midgame,False,0.0,0.0,True
3,22,0,"[[3, 4], [2, 5]]","[2, 5]",114,24.5945,0.8021,-22,87.0,greedy,3,midgame,False,0.0,0.0,False
3,23,1,"[[1, 4], [2, 3]]","[2, 3]",92,24.3783,0.7946,-22,87.0,greedy,3,midgame,False,0.0,0.0,True
3,24,0,"[[7, 0], [6, 1]]","[6, 1]",72,12.3191,0.875,-22,87.0,greedy,3,midgame,False,0.0,0.0,False
3,25,1,"[[2, 1], [3, 0]]","[3, 0]",88,15.0132,0.8036,-22,87.0,greedy,3,midgame,False,0.0,0.0,True
3,26,0,"[[6, 1], [5, 0]]","[5, 0]",71,17.8771,0.8767,-22,87.0,greedy,3,midgame,False,0.0,0.0,False
3,27,1,"[[1, 2], [2, 1]]","[2, 1]",86,18.1012,0.808,-22,87.0,greedy,3,midgame,False,0.0,0.0,True
3,28,0,"[[2, 5], [1, 6]]","[1, 6]",71,15.1048,0.8767,-22,87.0,greedy,3,midgame,False,0.0,0.0,False
3,29,1,"[[0, 7], [2, 5]]","[2, 5]",22,5.41,0.6562,-22,87.0,greedy,3,midgame,False,0.0,0.0,False
3,30,0,"[[5, 0], [4, 1]]","[4, 1]",57,13.4137,0.8728,-22,100.0,greedy,3,midgame,True,0,0.0,False
3,31,1,"[[3, 0], [5, 2]]","[5, 2]",21,3.1159,0.6719,-22,100.0,greedy,3,midgame,False,0.0,0.0,False
3,32,0,"[[7, 4], [6, 3]]","[6, 3]",55,9.4178,0.8568,-22,112.0,greedy,3,midgame,False,0.0,0.0,False
3,33,1,"[[5, 2], [7, 4]]","[7, 4]",18,2.0857,0.7188,-22,112.0,greedy,3,midgame,False,0.0,0.0,False
3,34,0,"[[7, 2], [6, 1]]","[6, 1]",71,15.0101,0.7227,-22,114.0,greedy,3,midgame,False,0.0,0.0,False
3,35,1,"[[2, 1], [3, 0]]","[3, 0]",105,26.6788,0.8177,-22,114.0,greedy,3,midgame,True,0.0,0.0,True
3,36,0,"[[6, 1], [5, 0]]","[5, 0]",41,10.9518,0.8398,-22,114.0,greedy,3,midgame,False,0.0,0.0,False
3,37,1,"[[2, 3], [3, 2]]","[3, 2]",103,14.0555,0.7988,-22,114.0,greedy,3,midgame,False,0.0,0.0,True
3,38,0,"[[5, 0], [4, 1]]","[4, 1]",14,4.0305,0.9271,-22,114.0,greedy,3,midgame,False,0.0,0.0,False
3,39,1,"[[3, 0], [5, 2]]","[5, 2]",25,4.952,0.8047,-22,114.0,greedy,3,midgame,False,0.0,0.0,True
3,40,0,"[[7, 6], [6, 7]]","[6, 7]",22,3.9549,0.8281,-22,128.0,greedy,3,midgame,True,0,0.0,False
3,41,1,"[[5, 2], [6, 1]]","[6, 1]",73,15.425,0.8733,-22,128.0,greedy,3,midgame,False,0.0,0.0,True
3,42,0,"[[6, 7], [5, 6]]","[5, 6]",21,5.7735,0.6719,-22,128.0,greedy,3,midgame,False,0.0,0.0,False
3,43,1,"[[3, 6], [4, 7]]","[4, 7]",77,14.5531,0.8663,-22,128.0,greedy,3,midgame,False,0.0,0.0,True
3,44,0,"[[5, 6], [4, 5]]","[4, 5]",22,2.773,0.6562,-22,156.0,greedy,3,midgame,False,0.0,0.0,False
3,45,1,"[[6, 1], [7, 0]]","[7, 0]",63,7.5183,0.9016,-22,156.0,greedy,3,midgame,True,144.0,144.0,True
3,46,0,"[[4, 5], [3, 4]]","[3, 4]",5,0.4368,0.9609,-22,156.0,greedy,3,midgame,False,0.0,0.0,False
3,47,1,"[[2, 5], [4, 3]]","[4, 3]",2,0.1309,0.9688,-22,156.0,greedy,3,midgame,False,0.0,0.0,False
4,0,0,"[[6, 1], [5, 0]]","[5, 0]",83,18.8496,0.8147,0,0,greedy,3,opening,False,0,0.0,False
4,1,1,"[[1, 0], [2, 1]]","[2, 1]",85,18.0762,0.8103,0,0,greedy,3,opening,False,0.0,0.0,True
4,2,0,"[[5, 0], [4, 1]]","[4, 1]",107,25.6798,0.791,0,1.0,greedy,3,opening,False,0.0,0.0,False
4,3,1,"[[0, 1], [1, 0]]","[1, 0]",90,23.0222,0.8242,0,1.0,greedy,3,opening,False,0.0,0.0,True
4,4,0,"[[4, 1], [3, 2]]","[3, 2]",111,36.937,0.8073,0,1.0,greedy,3,opening,False,0.0,0.0,False
4,5,1,"[[2, 1], [4, 3]]","[4, 3]",16,5.1663,0.75,0,1.0,greedy,3,opening,True,0.0,0.0,False
4,6,0,"[[6, 3], [5, 4]]","[5, 4]",162,48.2776,0.6384,0,1.0,greedy,3,opening,False,0.0,0.0,False
4,7,1,"[[1, 2], [2, 1]]","[2, 1]",77,22.2945,0.8496,0,1.0,greedy,3,opening,False,0.0,0.0,True
4,8,0,"[[5, 4], [3, 2]]","[3, 2]",10,1.6341,0.8438,0,1.0,greedy,3,opening,False,0.0,0.0,False
4,9,1,"[[2, 1], [4, 3]]","[4, 3]",16,2.9352,0.75,-11,1.0,greedy,3,opening,False,0.0,0.0,False
4,10,0,"[[6, 7], [5, 6]]","[5, 6]",144,40.7367,0.6786,-11,14.0,greedy,3,opening,True,0,0.0,False
4,11,1,"[[4, 3], [5, 4]]","[5, 4]",134,46.6566,0.7383,-11,14.0,greedy,3,opening,False,0.0,0.0,True
4,12,0,"[[6, 5], [4, 3]]","[4, 3]",24,4.9727,0.625,-11,14.0,greedy,3,opening,False,0.0,0.0,False
4,13,1,"[[0, 3], [1, 2]]","[1, 2]",82,18.7995,0.7865,-22,14.0,greedy,3,opening,False,0.0,0.0,True
4,14,0,"[[5, 6], [4, 5]]","[4, 5]",165,35.7273,0.7656,-22,14.0,greedy,3,opening,False,0.0,0.0,False
4,15,1,"[[1, 0], [2, 1]]","[2, 1]",89,20.7849,0.8013,-22,14.0,greedy,3,opening,True,1.0,0.0,True
4,16,0,"[[4, 5], [3, 6]]","[3, 6]",275,134.5718,0.6094,-22,15.0,greedy,3,opening,False,0.0,0.0,False
4,17,1,"[[1, 6], [2, 7]]","[2, 7]",99,50.3819,0.779,-22,15.0,greedy,3,opening,False,0.0,0.0,True
4,18,0,"[[3, 6], [2, 5]]","[2, 5]",104,75.9346,0.8375,-22,45.0,greedy,3,opening,False,0.0,0.0,False
4,19,1,"[[1, 4], [3, 6]]","[3, 6]",27,11.7278,0.5781,-22,45.0,greedy,3,opening,False,0.0,0.0,False
4,20,0,"[[4, 3], [3, 4]]","[3, 4]",212,82.9234,0.6319,-22,87.0,greedy,3,midgame,True,0,0.0,False
4,21,1,"[[0, 5], [1, 4]]","[1, 4]",111,27.2467,0.7832,-22,87.0,greedy,3,midgame,False,0.0,0.0,True
4,22,0,"[[3, 4], [2, 5]]","[2, 5]",114,27.3819,0.8021,-22,87.0,greedy,3,midgame,False,0.0,0.0,False
4,23,1,"[[1, 4], [2, 3]]","[2, 3]",92,21.9691,0.7946,-22,87.0,greedy,3,midgame,False,0.0,0.0,True
4,24,0,"[[7, 0], [6, 1]]","[6, 1]",72,20.2041,0.875,-22,87.0,greedy,3,midgame,False,0.0,0.0,False
4,25,1,"[[2, 1], [3, 0]]","[3, 0]",88,29.6309,0.8036,-22,87.0,greedy,3,midgame,False,0.0,0.0,True
4,26,0,"[[6, 1], [5, 0]]","[5, 0]",71,24.0407,0.8767,-22,87.0,greedy,3,midgame,False,0.0,0.0,False
4,27,1,"[[1, 2], [2, 1]]","[2, 1]",86,14.5013,0.808,-22,87.0,greedy,3,midgame,False,0.0,0.0,True
4,28,0,"[[2, 5], [1, 6]]","[1, 6]",71,18.404,0.8767,-22,87.0,greedy,3,midgame,False,0.0,0.0,False
4,29,1,"[[0, 7], [2, 5]]","[2, 5]",22,3.0656,0.6562,-22,87.0,greedy,3,midgame,False,0.0,0.0,False
4,30,0,"[[5, 0], [4, 1]]","[4, 1]",57,15.6898,0.8728,-22,100.0,greedy,3,midgame,True,0,0.0,False
4,31,1,"[[3, 0], [5, 2]]","[5, 2]",21,5.7912,0.6719,-22,100.0,greedy,3,midgame,False,0.0,0.0,False
4,32,0,"[[7, 4], [6, 3]]","[6, 3]",55,15.0261,0.8568,-22,112.0,greedy,3,midgame,False,0.0,0.0,False
4,33,1,"[[5, 2], [7, 4]]","[7, 4]",18,3.2923,0.7188,-22,112.0,greedy,3,midgame,False,0.0,0.0,False
4,34,0,"[[7, 2], [6, 1]]","[6, 1]",71,9.9232,0.7227,-22,114.0,greedy,3,midgame,False,0.0,0.0,False
4,35,1,"[[2, 1], [3, 0]]","[3, 0]",105,14.4329,0.8177,-22,114.0,greedy,3,midgame,True,0.0,0.0,True
4,36,0,"[[6, 1], [5, 0]]","[5, 0]",41,9.1455,0.8398,-22,114.0,greedy,3,midgame,False,0.0,0.0,False
4,37,1,"[[2, 3], [3, 2]]","[3, 2]",103,15.6207,0.7988,-22,114.0,greedy,3,midgame,False,0.0,0.0,True
4,38,0,"[[5, 0], [4, 1]]","[4, 1]",14,3.8328,0.9271,-22,114.0,greedy,3,midgame,False,0.0,0.0,False
4,39,1,"[[3, 0], [5, 2]]","[5, 2]",25,3.9065,0.8047,-22,114.0,greedy,3,midgame,False,0.0,0.0,True
4,40,0,"[[7, 6], [6, 7]]","[6, 7]",22,3.9358,0.8281,-22,128.0,greedy,3,midgame,True,0,0.0,False
4,41,1,"[[5, 2], [6, 1]]","[6, 1]",73,10.6249,0.8733,-22,128.0,greedy,3,midgame,False,0.0,0.0,True
4,42,0,"[[6, 7], [5, 6]]","[5, 6]",21,5.3856,0.6719,-22,128.0,greedy,3,midgame,False,0.0,0.0,False
4,43,1,"[[3, 6], [4, 7]]","[4, 7]",77,11.8005,0.8663,-22,128.0,greedy,3,midgame,False,0.0,0.0,True
4,44,0,"[[5, 6], [4, 5]]","[4, 5]",22,4.4568,0.6562,-22,156.0,greedy,3,midgame,False,0.0,0.0,False
4,45,1,"[[6, 1], [7, 0]]","[7, 0]",63,11.3213,0.9016,-22,156.0,greedy,3,midgame,True,144.0,144.0,True
4,46,0,"[[4, 5], [3, 4]]","[3, 4]",5,1.2813,0.9609,-22,156.0,greedy,3,midgame,False,0.0,0.0,False
4,47,1,"[[2, 5], [4, 3]]","[4, 3]",2,0.1376,0.9688,-22,156.0,greedy,3,midgame,False,0.0,0.0,False
5,0,0,"[[6, 1], [5, 0]]","[5, 0]",83,17.3953,0.8147,0,0,greedy,3,opening,False,0,0.0,False
5,1,1,"[[1, 0], [2, 1]]","[2, 1]",85,24.3692,0.8103,0,0,greedy,3,opening,False,0.0,0.0,True
5,2,0,"[[5, 0], [4, 1]]","[4, 1]",107,30.9153,0.791,0,1.0,greedy,3,opening,False,0.0,0.0,False
5,3,1,"[[0, 1], [1, 0]]","[1, 0]",90,22.5232,0.8242,0,1.0,greedy,3,opening,False,0.0,0.0,True
5,4,0,"[[4, 1], [3, 2]]","[3, 2]",111,24.8985,0.8073,0,1.0,greedy,3,opening,False,0.0,0.0,False
5,5,1,"[[2, 1], [4, 3]]","[4, 3]",16,4.9353,0.75,0,1.0,greedy,3,opening,True,0.0,0.0,False
5,6,0,"[[6, 3], [5, 4]]","[5, 4]",162,38.5933,0.6384,0,1.0,greedy,3,opening,False,0.0,0.0,False
5,7,1,"[[1, 2], [2, 1]]","[2, 1]",77,17.2396,0.8496,0,1.0,greedy,3,opening,False,0.0,0.0,True
5,8,0,"[[5, 4], [3, 2]]","[3, 2]",10,1.6851,0.8438,0,1.0,greedy,3,opening,False,0.0,0.0,False
5,9,1,"[[2, 1], [4, 3]]","[4, 3]",16,2.5623,0.75,-11,1.0,greedy,3,opening,False,0.0,0.0,False
5,10,0,"[[6, 7], [5, 6]]","[5, 6]",144,30.4959,0.6786,-11,14.0,greedy,3,opening,True,0,0.0,False
5,11,1,"[[4, 3], [5, 4]]","[5, 4]",134,39.2363,0.7383,-11,14.0,greedy,3,opening,False,0.0,0.0,True
5,12,0,"[[6, 5], [4, 3]]","[4, 3]",24,6.2604,0.625,-11,14.0,greedy,3,opening,False,0.0,0.0,False
5,13,1,"[[0, 3], [1, 2]]","[1, 2]",82,25.8951,0.7865,-22,14.0,greedy,3,opening,False,0.0,0.0,True
5,14,0,"[[5, 6], [4, 5]]","[4, 5]",165,46.7963,0.7656,-22,14.0,greedy,3,opening,False,0.0,0.0,False
5,15,1,"[[1, 0], [2, 1]]","[2, 1]",89,30.5784,0.8013,-22,14.0,greedy,3,opening,True,1.0,0.0,True
5,16,0,"[[4, 5], [3, 6]]","[3, 6]",275,80.1427,0.6094,-22,15.0,greedy,3,opening,False,0.0,0.0,False
5,17,1,"[[1, 6], [2, 7]]","[2, 7]",99,27.6649,0.779,-22,15.0,greedy,3,opening,False,0.0,0.0,True
5,18,0,"[[3, 6], [2, 5]]","[2, 5]",104,25.501,0.8375,-22,45.0,greedy,3,opening,False,0.0,0.0,False
5,19,1,"[[1, 4], [3, 6]]","[3, 6]",27,7.2258,0.5781,-22,45.0,greedy,3,opening,False,0.0,0.0,False
5,20,0,"[[4, 3], [3, 4]]","[3, 4]",212,60.9362,0.6319,-22,87.0,greedy,3,midgame,True,0,0.0,False
5,21,1,"[[0, 5], [1, 4]]","[1, 4]",111,20.8604,0.7832,-22,87.0,greedy,3,midgame,False,0.0,0.0,True
5,22,0,"[[3, 4], [2, 5]]","[2, 5]",114,21.7807,0.8021,-22,87.0,greedy,3,midgame,False,0.0,0.0,False
5,23,1,"[[1, 4], [2, 3]]","[2, 3]",92,21.6069,0.7946,-22,87.0,greedy,3,midgame,False,0.0,0.0,True
5,24,0,"[[7, 0], [6, 1]]","[6, 1]",72,13.0708,0.875,-22,87.0,greedy,3,midgame,False,0.0,0.0,False
5,25,1,"[[2, 1], [3, 0]]","[3, 0]",88,14.7095,0.8036,-22,87.0,greedy,3,midgame,False,0.0,0.0,True
5,26,0,"[[6, 1], [5, 0]]","[5, 0]",71,12.1689,0.8767,-22,87.0,greedy,3,midgame,False,0.0,0.0,False
5,27,1,"[[1, 2], [2, 1]]","[2, 1]",86,18.5316,0.808,-22,87.0,greedy,3,midgame,False,0.0,0.0,True
5,28,0,"[[2, 5], [1, 6]]","[1, 6]",71,13.8357,0.8767,-22,87.0,greedy,3,midgame,False,0.0,0.0,False
5,29,1,"[[0, 7], [2, 5]]","[2, 5]",22,3.2184,0.6562,-22,87.0,greedy,3,midgame,False,0.0,0.0,False
5,30,0,"[[5, 0], [4, 1]]","[4, 1]",57,20.52,0.8728,-22,100.0,greedy,3,midgame,True,0,0.0,False
5,31,1,"[[3, 0], [5, 2]]","[5, 2]",21,6.1388,0.6719,-22,100.0,greedy,3,midgame,False,0.0,0.0,False
5,32,0,"[[7, 4], [6, 3]]","[6, 3]",55,12.3084,0.8568,-22,112.0,greedy,3,midgame,False,0.0,0.0,False
5,33,1,"[[5, 2], [7, 4]]","[7, 4]",18,2.1031,0.7188,-22,112.0,greedy,3,midgame,False,0.0,0.0,False
5,34,0,"[[7, 2], [6, 1]]","[6, 1]",71,12.1751,0.7227,-22,114.0,greedy,3,midgame,False,0.0,0.0,False
5,35,1,"[[2, 1], [3, 0]]","[3, 0]",105,18.09,0.8177,-22,114.0,greedy,3,midgame,True,0.0,0.0,True
5,36,0,"[[6, 1], [5, 0]]","[5, 0]",41,6.3818,0.8398,-22,114.0,greedy,3,midgame,False,0.0,0.0,False
5,37,1,"[[2, 3], [3, 2]]","[3, 2]",103,20.4868,0.7988,-22,114.0,greedy,3,midgame,False,0.0,0.0,True
5,38,0,"[[5, 0], [4, 1]]","[4, 1]",14,3.7191,0.9271,-22,114.0,greedy,3,midgame,False,0.0,0.0,False
5,39,1,"[[3, 0], [5, 2]]","[5, 2]",25,4.9665,0.8047,-22,114.0,greedy,3,midgame,False,0.0,0.0,True
5,40,0,"[[7, 6], [6, 7]]","[6, 7]",22,5.5358,0.8281,-22,128.0,greedy,3,midgame,True,0,0.0,False
5,41,1,"[[5, 2], [6, 1]]","[6, 1]",73,14.2343,0.8733,-22,128.0,greedy,3,midgame,False,0.0,0.0,True
5,42,0,"[[6, 7], [5, 6]]","[5, 6]",21,3.9172,0.6719,-22,128.0,greedy,3,midgame,False,0.0,0.0,False
5,43,1,"[[3, 6], [4, 7]]","[4, 7]",77,17.7236,0.8663,-22,128.0,greedy,3,midgame,False,0.0,0.0,True
5,44,0,"[[5, 6], [4, 5]]","[4, 5]",22,5.1029,0.6562,-22,156.0,greedy,3,midgame,False,0.0,0.0,False
5,45,1,"[[6, 1], [7, 0]]","[7, 0]",63,9.7184,0.9016,-22,156.0,greedy,3,midgame,True,144.0,144.0,True
5,46,0,"[[4, 5], [3, 4]]","[3, 4]",5,0.4382,0.9609,-22,156.0,greedy,3,midgame,False,0.0,0.0,False
5,47,1,"[[2, 5], [4, 3]]","[4, 3]",2,0.1304,0.9688,-22,156.0,greedy,3,midgame,False,0.0,0.0,False
6,0,0,"[[6, 1], [5, 0]]","[5, 0]",83,24.492,0.8147,0,0,greedy,3,opening,False,0,0.0,False
6,1,1,"[[1, 0], [2, 1]]","[2, 1]",85,18.271,0.8103,0,0,greedy,3,opening,False,0.0,0.0,True
6,2,0,"[[5, 0], [4, 1]]","[4, 1]",107,28.496,0.791,0,1.0,greedy,3,opening,False,0.0,0.0,False
6,3,1,"[[0, 1], [1, 0]]","[1, 0]",90,22.2859,0.8242,0,1.0,greedy,3,opening,False,0.0,0.0,True
6,4,0,"[[4, 1], [3, 2]]","[3, 2]",111,37.5912,0.8073,0,1.0,greedy,3,opening,False,0.0,0.0,False
6,5,1,"[[2, 1], [4, 3]]","[4, 3]",16,4.0121,0.75,0,1.0,greedy,3,opening,True,0.0,0.0,False
6,6,0,"[[6, 3], [5, 4]]","[5, 4]",162,46.6492,0.6384,0,1.0,greedy,3,opening,False,0.0,0.0,False
6,7,1,"[[1, 2], [2, 1]]","[2, 1]",77,27.57,0.8496,0,1.0,greedy,3,opening,False,0.0,0.0,True
6,8,0,"[[5, 4], [3, 2]]","[3, 2]",10,3.3374,0.8438,0,1.0,greedy,3,opening,False,0.0,0.0,False
6,9,1,"[[2, 1], [4, 3]]","[4, 3]",16,5.2781,0.75,-11,1.0,greedy,3,opening,False,0.0,0.0,False
6,10,0,"[[6, 7], [5, 6]]","[5, 6]",144,45.4383,0.6786,-11,14.0,greedy,3,opening,True,0,0.0,False
6,11,1,"[[4, 3], [5, 4]]","[5, 4]",134,40.9129,0.7383,-11,14.0,greedy,3,opening,False,0.0,0.0,True
6,12,0,"[[6, 5], [4, 3]]","[4, 3]",24,6.11,0.625,-11,14.0,greedy,3,opening,False,0.0,0.0,False
6,13,1,"[[0, 3], [1, 2]]","[1, 2]",82,17.8185,0.7865,-22,14.0,greedy,3,opening,False,0.0,0.0,True
6,14,0,"[[5, 6], [4, 5]]","[4, 5]",165,58.9087,0.7656,-22,14.0,greedy,3,opening,False,0.0,0.0,False
6,15,1,"[[1, 0], [2, 1]]","[2, 1]",89,34.1702,0.8013,-22,14.0,greedy,3,opening,True,1.0,0.0,True
6,16,0,"[[4, 5], [3, 6]]","[3, 6]",275,125.8996,0.6094,-22,15.0,greedy,3,opening,False,0.0,0.0,False
6,17,1,"[[1, 6], [2, 7]]","[2, 7]",99,35.4383,0.779,-22,15.0,greedy,3,opening,False,0.0,0.0,True
6,18,0,"[[3, 6], [2, 5]]","[2, 5]",104,64.3525,0.8375,-22,45.0,greedy,3,opening,False,0.0,0.0,False
6,19,1,"[[1, 4], [3, 6]]","[3, 6]",27,14.6222,0.5781,-22,45.0,greedy,3,opening,False,0.0,0.0,False
6,20,0,"[[4, 3], [3, 4]]","[3, 4]",212,100.1508,0.6319,-22,87.0,greedy,3,midgame,True,0,0.0,False
6,21,1,"[[0, 5], [1, 4]]","[1, 4]",111,37.5803,0.7832,-22,87.0,greedy,3,midgame,False,0.0,0.0,True
6,22,0,"[[3, 4], [2, 5]]","[2, 5]",114,41.3735,0.8021,-22,87.0,greedy,3,midgame,False,0.0,0.0,False
6,23,1,"[[1, 4], [2, 3]]","[2, 3]",92,21.4534,0.7946,-22,87.0,greedy,3,midgame,False,0.0,0.0,True
6,24,0,"[[7, 0], [6, 1]]","[6, 1]",72,12.135,0.875,-22,87.0,greedy,3,midgame,False,0.0,0.0,False
6,25,1,"[[2, 1], [3, 0]]","[3, 0]",88,34.3528,0.8036,-22,87.0,greedy,3,midgame,False,0.0,0.0,True
6,26,0,"[[6, 1], [5, 0]]","[5, 0]",71,13.9041,0.8767,-22,87.0,greedy,3,midgame,False,0.0,0.0,False
6,27,1,"[[1, 2], [2, 1]]","[2, 1]",86,16.4313,0.808,-22,87.0,greedy,3,midgame,False,0.0,0.0,True
6,28,0,"[[2, 5], [1, 6]]","[1, 6]",71,12.7499,0.8767,-22,87.0,greedy,3,midgame,False,0.0,0.0,False
6,29,1,"[[0, 7], [2, 5]]","[2, 5]",22,3.5946,0.6562,-22,87.0,greedy,3,midgame,False,0.0,0.0,False
6,30,0,"[[5, 0], [4, 1]]","[4, 1]",57,10.4449,0.8728,-22,100.0,greedy,3,midgame,True,0,0.0,False
6,31,1,"[[3, 0], [5, 2]]","[5, 2]",21,3.4797,0.6719,-22,100.0,greedy,3,midgame,False,0.0,0.0,False
6,32,0,"[[7, 4], [6, 3]]","[6, 3]",55,15.233,0.8568,-22,112.0,greedy,3,midgame,False,0.0,0.0,False
6,33,1,"[[5, 2], [7, 4]]","[7, 4]",18,4.7736,0.7188,-22,112.0,greedy,3,midgame,False,0.0,0.0,False
6,34,0,"[[7, 2], [6, 1]]","[6, 1]",71,11.7197,0.7227,-22,114.0,greedy,3,midgame,False,0.0,0.0,False
6,35,1,"[[2, 1], [3, 0]]","[3, 0]",105,19.8121,0.8177,-22,114.0,greedy,3,midgame,True,0.0,0.0,True
6,36,0,"[[6, 1], [5, 0]]","[5, 0]",41,5.9674,0.8398,-22,114.0,greedy,3,midgame,False,0.0,0.0,False
6,37,1,"[[2, 3], [3, 2]]","[3, 2]",103,26.7475,0.7988,-22,114.0,greedy,3,midgame,False,0.0,0.0,True
6,38,0,"[[5, 0], [4, 1]]","[4, 1]",14,2.0628,0.9271,-22,114.0,greedy,3,midgame,False,0.0,0.0,False
6,39,1,"[[3, 0], [5, 2]]","[5, 2]",25,3.1598,0.8047,-22,114.0,greedy,3,midgame,False,0.0,0.0,True
6,40,0,"[[7, 6], [6, 7]]","[6, 7]",22,2.6109,0.8281,-22,128.0,greedy,3,midgame,True,0,0.0,False
6,41,1,"[[5, 2], [6, 1]]","[6, 1]",73,9.6462,0.8733,-22,128.0,greedy,3,midgame,False,0.0,0.0,True
6,42,0,"[[6, 7], [5, 6]]","[5, 6]",21,3.4645,0.6719,-22,128.0,greedy,3,midgame,False,0.0,0.0,False
6,43,1,"[[3, 6], [4, 7]]","[4, 7]",77,14.2722,0.8663,-22,128.0,greedy,3,midgame,False,0.0,0.0,True
6,44,0,"[[5, 6], [4, 5]]","[4, 5]",22,5.4221,0.6562,-22,156.0,greedy,3,midgame,False,0.0,0.0,False
6,45,1,"[[6, 1], [7, 0]]","[7, 0]",63,12.2378,0.9016,-22,156.0,greedy,3,midgame,True,144.0,144.0,True
6,46,0,"[[4, 5], [3, 4]]","[3, 4]",5,0.8061,0.9609,-22,156.0,greedy,3,midgame,False,0.0,0.0,False
6,47,1,"[[2, 5], [4, 3]]","[4, 3]",2,0.2651,0.9688,-22,156.0,greedy,3,midgame,False,0.0,0.0,False
7,0,0,"[[6, 1], [5, 0]]","[5, 0]",83,29.0377,0.8147,0,0,greedy,3,opening,False,0,0.0,False
7,1,1,"[[1, 0], [2, 1]]","[2, 1]",85,27.0526,0.8103,0,0,greedy,3,opening,False,0.0,0.0,True
7,2,0,"[[5, 0], [4, 1]]","[4, 1]",107,23.1054,0.791,0,1.0,greedy,3,opening,False,0.0,0.0,False
7,3,1,"[[0, 1], [1, 0]]","[1, 0]",90,22.5711,0.8242,0,1.0,greedy,3,opening,False,0.0,0.0,True
7,4,0,"[[4, 1], [3, 2]]","[3, 2]",111,26.4025,0.8073,0,1.0,greedy,3,opening,False,0.0,0.0,False
7,5,1,"[[2, 1], [4, 3]]","[4, 3]",16,4.5414,0.75,0,1.0,greedy,3,opening,True,0.0,0.0,False
7,6,0,"[[6, 3], [5, 4]]","[5, 4]",162,38.1169,0.6384,0,1.0,greedy,3,opening,False,0.0,0.0,False
7,7,1,"[[1, 2], [2, 1]]","[2, 1]",77,17.4048,0.8496,0,1.0,greedy,3,opening,False,0.0,0.0,True
7,8,0,"[[5, 4], [3, 2]]","[3, 2]",10,2.1884,0.8438,0,1.0,greedy,3,opening,False,0.0,0.0,False
7,9,1,"[[2, 1], [4, 3]]","[4, 3]",16,4.4537,0.75,-11,1.0,greedy,3,opening,False,0.0,0.0,False
7,10,0,"[[6, 7], [5, 6]]","[5, 6]",144,33.8798,0.6786,-11,14.0,greedy,3,opening,True,0,0.0,False
7,11,1,"[[4, 3], [5, 4]]","[5, 4]",134,36.3054,0.7383,-11,14.0,greedy,3,opening,False,0.0,0.0,True
7,12,0,"[[6, 5], [4, 3]]","[4, 3]",24,3.7975,0.625,-11,14.0,greedy,3,opening,False,0.0,0.0,False
7,13,1,"[[0, 3], [1, 2]]","[1, 2]",82,14.601,0.7865,-22,14.0,greedy,3,opening,False,0.0,0.0,True
7,14,0,"[[5, 6], [4, 5]]","[4, 5]",165,40.9579,0.7656,-22,14.0,greedy,3,opening,False,0.0,0.0,False
7,15,1,"[[1, 0], [2, 1]]","[2, 1]",89,22.9998,0.8013,-22,14.0,greedy,3,opening,True,1.0,0.0,True
7,16,0,"[[4, 5], [3, 6]]","[3, 6]",275,65.8195,0.6094,-22,15.0,greedy,3,opening,False,0.0,0.0,False
7,17,1,"[[1, 6], [2, 7]]","[2, 7]",99,30.0436,0.779,-22,15.0,greedy,3,opening,False,0.0,0.0,True
7,18,0,"[[3, 6], [2, 5]]","[2, 5]",104,31.2674,0.8375,-22,45.0,greedy,3,opening,False,0.0,0.0,False
7,19,1,"[[1, 4], [3, 6]]","[3, 6]",27,7.251,0.5781,-22,45.0,greedy,3,opening,False,0.0,0.0,False
7,20,0,"[[4, 3], [3, 4]]","[3, 4]",212,52.4023,0.6319,-22,87.0,greedy,3,midgame,True,0,0.0,False
7,21,1,"[[0, 5], [1, 4]]","[1, 4]",111,21.3017,0.7832,-22,87.0,greedy,3,midgame,False,0.0,0.0,True
7,22,0,"[[3, 4], [2, 5]]","[2, 5]",114,23.7117,0.8021,-22,87.0,greedy,3,midgame,False,0.0,0.0,False
7,23,1,"[[1, 4], [2, 3]]","[2, 3]",92,24.4577,0.7946,-22,87.0,greedy,3,midgame,False,0.0,0.0,True
7,24,0,"[[7, 0], [6, 1]]","[6, 1]",72,18.821,0.875,-22,87.0,greedy,3,midgame,False,0.0,0.0,False
7,25,1,"[[2, 1], [3, 0]]","[3, 0]",88,13.7038,0.8036,-22,87.0,greedy,3,midgame,False,0.0,0.0,True
7,26,0,"[[6, 1], [5, 0]]","[5, 0]",71,11.9019,0.8767,-22,87.0,greedy,3,midgame,False,0.0,0.0,False
7,27,1,"[[1, 2], [2, 1]]","[2, 1]",86,30.4124,0.808,-22,87.0,greedy,3,midgame,False,0.0,0.0,True
7,28,0,"[[2, 5], [1, 6]]","[1, 6]",71,15.1498,0.8767,-22,87.0,greedy,3,midgame,False,0.0,0.0,False
7,29,1,"[[0, 7], [2, 5]]","[2, 5]",22,5.7065,0.6562,-22,87.0,greedy,3,midgame,False,0.0,0.0,False
7,30,0,"[[5, 0], [4, 1]]","[4, 1]",57,9.2549,0.8728,-22,100.0,greedy,3,midgame,True,0,0.0,False
7,31,1,"[[3, 0], [5, 2]]","[5, 2]",21,3.1185,0.6719,-22,100.0,greedy,3,midgame,False,0.0,0.0,False
7,32,0,"[[7, 4], [6, 3]]","[6, 3]",55,8.9681,0.8568,-22,112.0,greedy,3,midgame,False,0.0,0.0,False
7,33,1,"[[5, 2], [7, 4]]","[7, 4]",18,2.7483,0.7188,-22,112.0,greedy,3,midgame,False,0.0,0.0,False
7,34,0,"[[7, 2], [6, 1]]","[6, 1]",71,12.9304,0.7227,-22,114.0,greedy,3,midgame,False,0.0,0.0,False
7,35,1,"[[2, 1], [3, 0]]","[3, 0]",105,20.36,0.8177,-22,114.0,greedy,3,midgame,True,0.0,0.0,True
7,36,0,"[[6, 1], [5, 0]]","[5, 0]",41,7.6509,0.8398,-22,114.0,greedy,3,midgame,False,0.0,0.0,False
7,37,1,"[[2, 3], [3, 2]]","[3, 2]",103,21.9898,0.7988,-22,114.0,greedy,3,midgame,False,0.0,0.0,True
7,38,0,"[[5, 0], [4, 1]]","[4, 1]",14,3.6883,0.9271,-22,114.0,greedy,3,midgame,False,0.0,0.0,False
7,39,1,"[[3, 0], [5, 2]]","[5, 2]",25,3.2587,0.8047,-22,114.0,greedy,3,midgame,False,0.0,0.0,True
7,40,0,"[[7, 6], [6, 7]]","[6, 7]",22,2.6052,0.8281,-22,128.0,greedy,3,midgame,True,0,0.0,False
7,41,1,"[[5, 2], [6, 1]]","[6, 1]",73,15.2459,0.8733,-22,128.0,greedy,3,midgame,False,0.0,0.0,True
7,42,0,"[[6, 7], [5, 6]]","[5, 6]",21,5.2166,0.6719,-22,128.0,greedy,3,midgame,False,0.0,0.0,False
7,43,1,"[[3, 6], [4, 7]]","[4, 7]",77,16.5627,0.8663,-22,128.0,greedy,3,midgame,False,0.0,0.0,True
7,44,0,"[[5, 6], [4, 5]]","[4, 5]",22,4.9903,0.6562,-22,156.0,greedy,3,midgame,False,0.0,0.0,False
7,45,1,"[[6, 1], [7, 0]]","[7, 0]",63,12.032,0.9016,-22,156.0,greedy,3,midgame,True,144.0,144.0,True
7,46,0,"[[4, 5], [3, 4]]","[3, 4]",5,0.7355,0.9609,-22,156.0,greedy,3,midgame,False,0.0,0.0,False
7,47,1,"[[2, 5], [4, 3]]","[4, 3]",2,0.2339,0.9688,-22,156.0,greedy,3,midgame,False,0.0,0.0,False
8,0,0,"[[6, 1], [5, 0]]","[5, 0]",83,18.0647,0.8147,0,0,greedy,3,opening,False,0,0.0,False
8,1,1,"[[1, 0], [2, 1]]","[2, 1]",85,23.9499,0.8103,0,0,greedy,3,opening,False,0.0,0.0,True
8,2,0,"[[5, 0], [4, 1]]","[4, 1]",107,30.7608,0.791,0,1.0,greedy,3,opening,False,0.0,0.0,False
8,3,1,"[[0, 1], [1, 0]]","[1, 0]",90,21.6892,0.8242,0,1.0,greedy,3,opening,False,0.0,0.0,True
8,4,0,"[[4, 1], [3, 2]]","[3, 2]",111,42.732,0.8073,0,1.0,greedy,3,opening,False,0.0,0.0,False
8,5,1,"[[2, 1], [4, 3]]","[4, 3]",16,6.5811,0.75,0,1.0,greedy,3,opening,True,0.0,0.0,False
8,6,0,"[[6, 3], [5, 4]]","[5, 4]",162,47.7087,0.6384,0,1.0,greedy,3,opening,False,0.0,0.0,False
8,7,1,"[[1, 2], [2, 1]]","[2, 1]",77,27.3263,0.8496,0,1.0,greedy,3,opening,False,0.0,0.0,True
8,8,0,"[[5, 4], [3, 2]]","[3, 2]",10,3.5944,0.8438,0,1.0,greedy,3,opening,False,0.0,0.0,False
8,9,1,"[[2, 1], [4, 3]]","[4, 3]",16,4.7457,0.75,-11,1.0,greedy,3,opening,False,0.0,0.0,False
8,10,0,"[[6, 7], [5, 6]]","[5, 6]",144,32.9599,0.6786,-11,14.0,greedy,3,opening,True,0,0.0,False
8,11,1,"[[4, 3], [5, 4]]","[5, 4]",134,29.8142,0.7383,-11,14.0,greedy,3,opening,False,0.0,0.0,True
8,12,0,"[[6, 5], [4, 3]]","[4, 3]",24,6.9735,0.625,-11,14.0,greedy,3,opening,False,0.0,0.0,False
8,13,1,"[[0, 3], [1, 2]]","[1, 2]",82,15.5942,0.7865,-22,14.0,greedy,3,opening,False,0.0,0.0,True
8,14,0,"[[5, 6], [4, 5]]","[4, 5]",165,47.8547,0.7656,-22,14.0,greedy,3,opening,False,0.0,0.0,False
8,15,1,"[[1, 0], [2, 1]]","[2, 1]",89,23.9108,0.8013,-22,14.0,greedy,3,opening,True,1.0,0.0,True
8,16,0,"[[4, 5], [3, 6]]","[3, 6]",275,77.4052,0.6094,-22,15.0,greedy,3,opening,False,0.0,0.0,False
8,17,1,"[[1, 6], [2, 7]]","[2, 7]",99,19.1154,0.779,-22,15.0,greedy,3,opening,False,0.0,0.0,True
8,18,0,"[[3, 6], [2, 5]]","[2, 5]",104,23.5355,0.8375,-22,45.0,greedy,3,opening,False,0.0,0.0,False
8,19,1,"[[1, 4], [3, 6]]","[3, 6]",27,7.3414,0.5781,-22,45.0,greedy,3,opening,False,0.0,0.0,False
8,20,0,"[[4, 3], [3, 4]]","[3, 4]",212,53.1406,0.6319,-22,87.0,greedy,3,midgame,True,0,0.0,False
8,21,1,"[[0, 5], [1, 4]]","[1, 4]",111,28.2176,0.7832,-22,87.0,greedy,3,midgame,False,0.0,0.0,True
8,22,0,"[[3, 4], [2, 5]]","[2, 5]",114,31.5106,0.8021,-22,87.0,greedy,3,midgame,False,0.0,0.0,False
8,23,1,"[[1, 4], [2, 3]]","[2, 3]",92,19.089,0.7946,-22,87.0,greedy,3,midgame,False,0.0,0.0,True
8,24,0,"[[7, 0], [6, 1]]","[6, 1]",72,15.281,0.875,-22,87.0,greedy,3,midgame,False,0.0,0.0,False
8,25,1,"[[2, 1], [3, 0]]","[3, 0]",88,14.6797,0.8036,-22,87.0,greedy,3,midgame,False,0.0,0.0,True
8,26,0,"[[6, 1], [5, 0]]","[5, 0]",71,15.2779,0.8767,-22,87.0,greedy,3,midgame,False,0.0,0.0,False
8,27,1,"[[1, 2], [2, 1]]","[2, 1]",86,26.32,0.808,-22,87.0,greedy,3,midgame,False,0.0,0.0,True
8,28,0,"[[2, 5], [1, 6]]","[1, 6]",71,11.7207,0.8767,-22,87.0,greedy,3,midgame,False,0.0,0.0,False
8,29,1,"[[0, 7], [2, 5]]","[2, 5]",22,3.2189,0.6562,-22,87.0,greedy,3,midgame,False,0.0,0.0,False
8,30,0,"[[5, 0], [4, 1]]","[4, 1]",57,22.8722,0.8728,-22,100.0,greedy,3,midgame,True,0,0.0,False
8,31,1,"[[3, 0], [5, 2]]","[5, 2]",21,6.6879,0.6719,-22,100.0,greedy,3,midgame,False,0.0,0.0,False
8,32,0,"[[7, 4], [6, 3]]","[6, 3]",55,13.1195,0.8568,-22,112.0,greedy,3,midgame,False,0.0,0.0,False
8,33,1,"[[5, 2], [7, 4]]","[7, 4]",18,2.6107,0.7188,-22,112.0,greedy,3,midgame,False,0.0,0.0,False
8,34,0,"[[7, 2], [6, 1]]","[6, 1]",71,9.9721,0.7227,-22,114.0,greedy,3,midgame,False,0.0,0.0,False
8,35,1,"[[2, 1], [3, 0]]","[3, 0]",105,22.0432,0.8177,-22,114.0,greedy,3,midgame,True,0.0,0.0,True
8,36,0,"[[6, 1], [5, 0]]","[5, 0]",41,5.9462,0.8398,-22,114.0,greedy,3,midgame,False,0.0,0.0,False
8,37,1,"[[2, 3], [3, 2]]","[3, 2]",103,15.1889,0.7988,-22,114.0,greedy,3,midgame,False,0.0,0.0,True
8,38,0,"[[5, 0], [4, 1]]","[4, 1]",14,2.2798,0.9271,-22,114.0,greedy,3,midgame,False,0.0,0.0,False
8,39,1,"[[3, 0], [5, 2]]","[5, 2]",25,4.1857,0.8047,-22,114.0,greedy,3,midgame,False,0.0,0.0,True
8,40,0,"[[7, 6], [6, 7]]","[6, 7]",22,4.7565,0.8281,-22,128.0,greedy,3,midgame,True,0,0.0,False
8,41,1,"[[5, 2], [6, 1]]","[6, 1]",73,12.7909,0.8733,-22,128.0,greedy,3,midgame,False,0.0,0.0,True
8,42,0,"[[6, 7], [5, 6]]","[5, 6]",21,2.8799,0.6719,-22,128.0,greedy,3,midgame,False,0.0,0.0,False
8,43,1,"[[3, 6], [4, 7]]","[4, 7]",77,10.5968,0.8663,-22,128.0,greedy,3,midgame,False,0.0,0.0,True
8,44,0,"[[5, 6], [4, 5]]","[4, 5]",22,2.7688,0.6562,-22,156.0,greedy,3,midgame,False,0.0,0.0,False
8,45,1,"[[6, 1], [7, 0]]","[7, 0]",63,7.0226,0.9016,-22,156.0,greedy,3,midgame,True,144.0,144.0,True
8,46,0,"[[4, 5], [3, 4]]","[3, 4]",5,0.4327,0.9609,-22,156.0,greedy,3,midgame,False,0.0,0.0,False
8,47,1,"[[2, 5], [4, 3]]","[4, 3]",2,0.262,0.9688,-22,156.0,greedy,3,midgame,False,0.0,0.0,False
9,0,0,"[[6, 1], [5, 0]]","[5, 0]",83,23.7198,0.8147,0,0,greedy,3,opening,False,0,0.0,False
9,1,1,"[[1, 0], [2, 1]]","[2, 1]",85,28.1272,0.8103,0,0,greedy,3,opening,False,0.0,0.0,True
9,2,0,"[[5, 0], [4, 1]]","[4, 1]",107,24.4515,0.791,0,1.0,greedy,3,opening,False,0.0,0.0,False
9,3,1,"[[0, 1], [1, 0]]","[1, 0]",90,26.1986,0.8242,0,1.0,greedy,3,opening,False,0.0,0.0,True
9,4,0,"[[4, 1], [3, 2]]","[3, 2]",111,36.7446,0.8073,0,1.0,greedy,3,opening,False,0.0,0.0,False
9,5,1,"[[2, 1], [4, 3]]","[4, 3]",16,3.1826,0.75,0,1.0,greedy,3,opening,True,0.0,0.0,False
9,6,0,"[[6, 3], [5, 4]]","[5, 4]",162,44.5104,0.6384,0,1.0,greedy,3,opening,False,0.0,0.0,False
9,7,1,"[[1, 2], [2, 1]]","[2, 1]",77,24.7993,0.8496,0,1.0,greedy,3,opening,False,0.0,0.0,True
9,8,0,"[[5, 4], [3, 2]]","[3, 2]",10,1.6437,0.8438,0,1.0,greedy,3,opening,False,0.0,0.0,False
9,9,1,"[[2, 1], [4, 3]]","[4, 3]",16,2.5816,0.75,-11,1.0,greedy,3,opening,False,0.0,0.0,False
9,10,0,"[[6, 7], [5, 6]]","[5, 6]",144,33.524,0.6786,-11,14.0,greedy,3,opening,True,0,0.0,False
9,11,1,"[[4, 3], [5, 4]]","[5, 4]",134,34.1184,0.7383,-11,14.0,greedy,3,opening,False,0.0,0.0,True
9,12,0,"[[6, 5], [4, 3]]","[4, 3]",24,7.4878,0.625,-11,14.0,greedy,3,opening,False,0.0,0.0,False
9,13,1,"[[0, 3], [1, 2]]","[1, 2]",82,18.7452,0.7865,-22,14.0,greedy,3,opening,False,0.0,0.0,True
9,14,0,"[[5, 6], [4, 5]]","[4, 5]",165,32.8643,0.7656,-22,14.0,greedy,3,opening,False,0.0,0.0,False
9,15,1,"[[1, 0], [2, 1]]","[2, 1]",89,28.9197,0.8013,-22,14.0,greedy,3,opening,True,1.0,0.0,True
9,16,0,"[[4, 5], [3, 6]]","[3, 6]",275,69.6719,0.6094,-22,15.0,greedy,3,opening,False,0.0,0.0,False
9,17,1,"[[1, 6], [2, 7]]","[2, 7]",99,25.219,0.779,-22,15.0,greedy,3,opening,False,0.0,0.0,True
9,18,0,"[[3, 6], [2, 5]]","[2, 5]",104,21.4617,0.8375,-22,45.0,greedy,3,opening,False,0.0,0.0,False
9,19,1,"[[1, 4], [3, 6]]","[3, 6]",27,7.992,0.5781,-22,45.0,greedy,3,opening,False,0.0,0.0,False
9,20,0,"[[4, 3], [3, 4]]","[3, 4]",212,62.8204,0.6319,-22,87.0,greedy,3,midgame,True,0,0.0,False
9,21,1,"[[0, 5], [1, 4]]","[1, 4]",111,31.4426,0.7832,-22,87.0,greedy,3,midgame,False,0.0,0.0,True
9,22,0,"[[3, 4], [2, 5]]","[2, 5]",114,29.0289,0.8021,-22,87.0,greedy,3,midgame,False,0.0,0.0,False
9,23,1,"[[1, 4], [2, 3]]","[2, 3]",92,28.3916,0.7946,-22,87.0,greedy,3,midgame,False,0.0,0.0,True
9,24,0,"[[7, 0], [6, 1]]","[6, 1]",72,20.7126,0.875,-22,87.0,greedy,3,midgame,False,0.0,0.0,False
9,25,1,"[[2, 1], [3, 0]]","[3, 0]",88,23.452,0.8036,-22,87.0,greedy,3,midgame,False,0.0,0.0,True
9,26,0,"[[6, 1], [5, 0]]","[5, 0]",71,20.3328,0.8767,-22,87.0,greedy,3,midgame,False,0.0,0.0,False
9,27,1,"[[1, 2], [2, 1]]","[2, 1]",86,22.4514,0.808,-22,87.0,greedy,3,midgame,False,0.0,0.0,True
9,28,0,"[[2, 5], [1, 6]]","[1, 6]",71,13.3185,0.8767,-22,87.0,greedy,3,midgame,False,0.0,0.0,False
9,29,1,"[[0, 7], [2, 5]]","[2, 5]",22,3.0832,0.6562,-22,87.0,greedy,3,midgame,False,0.0,0.0,False
9,30,0,"[[5, 0], [4, 1]]","[4, 1]",57,12.5365,0.8728,-22,100.0,greedy,3,midgame,True,0,0.0,False
9,31,1,"[[3, 0], [5, 2]]","[5, 2]",21,3.13,0.6719,-22,100.0,greedy,3,midgame,False,0.0,0.0,False
9,32,0,"[[7, 4], [6, 3]]","[6, 3]",55,8.3332,0.8568,-22,112.0,greedy,3,midgame,False,0.0,0.0,False
9,33,1,"[[5, 2], [7, 4]]","[7, 4]",18,4.329,0.7188,-22,112.0,greedy,3,midgame,False,0.0,0.0,False
9,34,0,"[[7, 2], [6, 1]]","[6, 1]",71,20.1457,0.7227,-22,114.0,greedy,3,midgame,False,0.0,0.0,False
9,35,1,"[[2, 1], [3, 0]]","[3, 0]",105,45.8522,0.8177,-22,114.0,greedy,3,midgame,True,0.0,0.0,True
9,36,0,"[[6, 1], [5, 0]]","[5, 0]",41,8.3466,0.8398,-22,114.0,greedy,3,midgame,False,0.0,0.0,False
9,37,1,"[[2, 3], [3, 2]]","[3, 2]",103,23.4621,0.7988,-22,114.0,greedy,3,midgame,False,0.0,0.0,True
9,38,0,"[[5, 0], [4, 1]]","[4, 1]",14,2.0087,0.9271,-22,114.0,greedy,3,midgame,False,0.0,0.0,False
9,39,1,"[[3, 0], [5, 2]]","[5, 2]",25,2.629,0.8047,-22,114.0,greedy,3,midgame,False,0.0,0.0,True
9,40,0,"[[7, 6], [6, 7]]","[6, 7]",22,2.5773,0.8281,-22,128.0,greedy,3,midgame,True,0,0.0,False
9,41,1,"[[5, 2], [6, 1]]","[6, 1]",73,10.6218,0.8733,-22,128.0,greedy,3,midgame,False,0.0,0.0,True
9,42,0,"[[6, 7], [5, 6]]","[5, 6]",21,2.8231,0.6719,-22,128.0,greedy,3,midgame,False,0.0,0.0,False
9,43,1,"[[3, 6], [4, 7]]","[4, 7]",77,14.4393,0.8663,-22,128.0,greedy,3,midgame,False,0.0,0.0,True
9,44,0,"[[5, 6], [4, 5]]","[4, 5]",22,4.3035,0.6562,-22,156.0,greedy,3,midgame,False,0.0,0.0,False
9,45,1,"[[6, 1], [7, 0]]","[7, 0]",63,11.035,0.9016,-22,156.0,greedy,3,midgame,True,144.0,144.0,True
9,46,0,"[[4, 5], [3, 4]]","[3, 4]",5,0.8056,0.9609,-22,156.0,greedy,3,midgame,False,0.0,0.0,False
9,47,1,"[[2, 5], [4, 3]]","[4, 3]",2,0.247,0.9688,-22,156.0,greedy,3,midgame,False,0.0,0.0,False
10,0,0,"[[6, 1], [5, 0]]","[5, 0]",83,27.6396,0.8147,0,0,greedy,3,opening,False,0,0.0,False
10,1,1,"[[1, 0], [2, 1]]","[2, 1]",85,17.9303,0.8103,0,0,greedy,3,opening,False,0.0,0.0,True
10,2,0,"[[5, 0], [4, 1]]","[4, 1]",107,30.8237,0.791,0,1.0,greedy,3,opening,False,0.0,0.0,False
10,3,1,"[[0, 1], [1, 0]]","[1, 0]",90,24.5721,0.8242,0,1.0,greedy,3,opening,False,0.0,0.0,True
10,4,0,"[[4, 1], [3, 2]]","[3, 2]",111,29.1023,0.8073,0,1.0,greedy,3,opening,False,0.0,0.0,False
10,5,1,"[[2, 1], [4, 3]]","[4, 3]",16,3.2074,0.75,0,1.0,greedy,3,opening,True,0.0,0.0,False
10,6,0,"[[6, 3], [5, 4]]","[5, 4]",162,55.6583,0.6384,0,1.0,greedy,3,opening,False,0.0,0.0,False
10,7,1,"[[1, 2], [2, 1]]","[2, 1]",77,19.1138,0.8496,0,1.0,greedy,3,opening,False,0.0,0.0,True
10,8,0,"[[5, 4], [3, 2]]","[3, 2]",10,3.0479,0.8438,0,1.0,greedy,3,opening,False,0.0,0.0,False
10,9,1,"[[2, 1], [4, 3]]","[4, 3]",16,4.7281,0.75,-11,1.0,greedy,3,opening,False,0.0,0.0,False
10,10,0,"[[6, 7], [5, 6]]","[5, 6]",144,41.4343,0.6786,-11,14.0,greedy,3,opening,True,0,0.0,False
10,11,1,"[[4, 3], [5, 4]]","[5, 4]",134,44.661,0.7383,-11,14.0,greedy,3,opening,False,0.0,0.0,True
10,12,0,"[[6, 5], [4, 3]]","[4, 3]",24,3.9754,0.625,-11,14.0,greedy,3,opening,False,0.0,0.0,False
10,13,1,"[[0, 3], [1, 2]]","[1, 2]",82,21.2638,0.7865,-22,14.0,greedy,3,opening,False,0.0,0.0,True
10,14,0,"[[5, 6], [4, 5]]","[4, 5]",165,41.7447,0.7656,-22,14.0,greedy,3,opening,False,0.0,0.0,False
10,15,1,"[[1, 0], [2, 1]]","[2, 1]",89,17.88,0.8013,-22,14.0,greedy,3,opening,True,1.0,0.0,True
10,16,0,"[[4, 5], [3, 6]]","[3, 6]",275,74.8813,0.6094,-22,15.0,greedy,3,opening,False,0.0,0.0,False
10,17,1,"[[1, 6], [2, 7]]","[2, 7]",99,30.0159,0.779,-22,15.0,greedy,3,opening,False,0.0,0.0,True
10,18,0,"[[3, 6], [2, 5]]","[2, 5]",104,27.8821,0.8375,-22,45.0,greedy,3,opening,False,0.0,0.0,False
10,19,1,"[[1, 4], [3, 6]]","[3, 6]",27,3.8407,0.5781,-22,45.0,greedy,3,opening,False,0.0,0.0,False
10,20,0,"[[4, 3], [3, 4]]","[3, 4]",212,63.8063,0.6319,-22,87.0,greedy,3,midgame,True,0,0.0,False
10,21,1,"[[0, 5], [1, 4]]","[1, 4]",111,22.6104,0.7832,-22,87.0,greedy,3,midgame,False,0.0,0.0,True
10,22,0,"[[3, 4], [2, 5]]","[2, 5]",114,34.9524,0.8021,-22,87.0,greedy,3,midgame,False,0.0,0.0,False
10,23,1,"[[1, 4], [2, 3]]","[2, 3]",92,27.6542,0.7946,-22,87.0,greedy,3,midgame,False,0.0,0.0,True
10,24,0,"[[7, 0], [6, 1]]","[6, 1]",72,14.4231,0.875,-22,87.0,greedy,3,midgame,False,0.0,0.0,False
10,25,1,"[[2, 1], [3, 0]]","[3, 0]",88,15.0928,0.8036,-22,87.0,greedy,3,midgame,False,0.0,0.0,True
10,26,0,"[[6, 1], [5, 0]]","[5, 0]",71,10.9954,0.8767,-22,87.0,greedy,3,midgame,False,0.0,0.0,False
10,27,1,"[[1, 2], [2, 1]]","[2, 1]",86,15.6896,0.808,-22,87.0,greedy,3,midgame,False,0.0,0.0,True
10,28,0,"[[2, 5], [1, 6]]","[1, 6]",71,14.3905,0.8767,-22,87.0,greedy,3,midgame,False,0.0,0.0,False
10,29,1,"[[0, 7], [2, 5]]","[2, 5]",22,4.7214,0.6562,-22,87.0,greedy,3,midgame,False,0.0,0.0,False
10,30,0,"[[5, 0], [4, 1]]","[4, 1]",57,16.2954,0.8728,-22,100.0,greedy,3,midgame,True,0,0.0,False
10,31,1,"[[3, 0], [5, 2]]","[5, 2]",21,5.7371,0.6719,-22,100.0,greedy,3,midgame,False,0.0,0.0,False
10,32,0,"[[7, 4], [6, 3]]","[6, 3]",55,13.5062,0.8568,-22,112.0,greedy,3,midgame,False,0.0,0.0,False
10,33,1,"[[5, 2], [7, 4]]","[7, 4]",18,3.9351,0.7188,-22,112.0,greedy,3,midgame,False,0.0,0.0,False
10,34,0,"[[7, 2], [6, 1]]","[6, 1]",71,12.4469,0.7227,-22,114.0,greedy,3,midgame,False,0.0,0.0,False
10,35,1,"[[2, 1], [3, 0]]","[3, 0]",105,14.7185,0.8177,-22,114.0,greedy,3,midgame,True,0.0,0.0,True
10,36,0,"[[6, 1], [5, 0]]","[5, 0]",41,6.557,0.8398,-22,114.0,greedy,3,midgame,False,0.0,0.0,False
10,37,1,"[[2, 3], [3, 2]]","[3, 2]",103,23.0978,0.7988,-22,114.0,greedy,3,midgame,False,0.0,0.0,True
10,38,0,"[[5, 0], [4, 1]]","[4, 1]",14,4.3292,0.9271,-22,114.0,greedy,3,midgame,False,0.0,0.0,False
10,39,1,"[[3, 0], [5, 2]]","[5, 2]",25,2.6522,0.8047,-22,114.0,greedy,3,midgame,False,0.0,0.0,True
10,40,0,"[[7, 6], [6, 7]]","[6, 7]",22,4.5395,0.8281,-22,128.0,greedy,3,midgame,True,0,0.0,False
10,41,1,"[[5, 2], [6, 1]]","[6, 1]",73,11.622,0.8733,-22,128.0,greedy,3,midgame,False,0.0,0.0,True
10,42,0,"[[6, 7], [5, 6]]","[5, 6]",21,5.9369,0.6719,-22,128.0,greedy,3,midgame,False,0.0,0.0,False
10,43,1,"[[3, 6], [4, 7]]","[4, 7]",77,15.2276,0.8663,-22,128.0,greedy,3,midgame,False,0.0,0.0,True
10,44,0,"[[5, 6], [4, 5]]","[4, 5]",22,2.7854,0.6562,-22,156.0,greedy,3,midgame,False,0.0,0.0,False
10,45,1,"[[6, 1], [7, 0]]","[7, 0]",63,15.3308,0.9016,-22,156.0,greedy,3,midgame,True,144.0,144.0,True
10,46,0,"[[4, 5], [3, 4]]","[3, 4]",5,0.8173,0.9609,-22,156.0,greedy,3,midgame,False,0.0,0.0,False
10,47,1,"[[2, 5], [4, 3]]","[4, 3]",2,0.2453,0.9688,-22,156.0,greedy,3,midgame,False,0.0,0.0,False
11,0,0,"[[6, 1], [5, 0]]","[5, 0]",83,28.4777,0.8147,0,0,greedy,3,opening,False,0,0.0,False
11,1,1,"[[1, 0], [2, 1]]","[2, 1]",85,22.0847,0.8103,0,0,greedy,3,opening,False,0.0,0.0,True
11,2,0,"[[5, 0], [4, 1]]","[4, 1]",107,28.0738,0.791,0,1.0,greedy,3,opening,False,0.0,0.0,False
11,3,1,"[[0, 1], [1, 0]]","[1, 0]",90,23.4964,0.8242,0,1.0,greedy,3,opening,False,0.0,0.0,True
11,4,0,"[[4, 1], [3, 2]]","[3, 2]",111,29.8097,0.8073,0,1.0,greedy,3,opening,False,0.0,0.0,False
11,5,1,"[[2, 1], [4, 3]]","[4, 3]",16,3.2036,0.75,0,1.0,greedy,3,opening,True,0.0,0.0,False
11,6,0,"[[6, 3], [5, 4]]","[5, 4]",162,43.3979,0.6384,0,1.0,greedy,3,opening,False,0.0,0.0,False
11,7,1,"[[1, 2], [2, 1]]","[2, 1]",77,18.2309,0.8496,0,1.0,greedy,3,opening,False,0.0,0.0,True
11,8,0,"[[5, 4], [3, 2]]","[3, 2]",10,3.1011,0.8438,0,1.0,greedy,3,opening,False,0.0,0.0,False
11,9,1,"[[2, 1], [4, 3]]","[4, 3]",16,4.7195,0.75,-11,1.0,greedy,3,opening,False,0.0,0.0,False
11,10,0,"[[6, 7], [5, 6]]","[5, 6]",144,43.4117,0.6786,-11,14.0,greedy,3,opening,True,0,0.0,False
11,11,1,"[[4, 3], [5, 4]]","[5, 4]",134,41.028,0.7383,-11,14.0,greedy,3,opening,False,0.0,0.0,True
11,12,0,"[[6, 5], [4, 3]]","[4, 3]",24,4.411,0.625,-11,14.0,greedy,3,opening,False,0.0,0.0,False
11,13,1,"[[0, 3], [1, 2]]","[1, 2]",82,17.2746,0.7865,-22,14.0,greedy,3,opening,False,0.0,0.0,True
11,14,0,"[[5, 6], [4, 5]]","[4, 5]",165,46.5848,0.7656,-22,14.0,greedy,3,opening,False,0.0,0.0,False
11,15,1,"[[1, 0], [2, 1]]","[2, 1]",89,17.1034,0.8013,-22,14.0,greedy,3,opening,True,1.0,0.0,True
11,16,0,"[[4, 5], [3, 6]]","[3, 6]",275,60.7986,0.6094,-22,15.0,greedy,3,opening,False,0.0,0.0,False
11,17,1,"[[1, 6], [2, 7]]","[2, 7]",99,20.5965,0.779,-22,15.0,greedy,3,opening,False,0.0,0.0,True
11,18,0,"[[3, 6], [2, 5]]","[2, 5]",104,24.0393,0.8375,-22,45.0,greedy,3,opening,False,0.0,0.0,False
11,19,1,"[[1, 4], [3, 6]]","[3, 6]",27,3.8908,0.5781,-22,45.0,greedy,3,opening,False,0.0,0.0,False
11,20,0,"[[4, 3], [3, 4]]","[3, 4]",212,56.7868,0.6319,-22,87.0,greedy,3,midgame,True,0,0.0,False
11,21,1,"[[0, 5], [1, 4]]","[1, 4]",111,23.9282,0.7832,-22,87.0,greedy,3,midgame,False,0.0,0.0,True
11,22,0,"[[3, 4], [2, 5]]","[2, 5]",114,34.7638,0.8021,-22,87.0,greedy,3,midgame,False,0.0,0.0,False
11,23,1,"[[1, 4], [2, 3]]","[2, 3]",92,28.2667,0.7946,-22,87.0,greedy,3,midgame,False,0.0,0.0,True
11,24,0,"[[7, 0], [6, 1]]","[6, 1]",72,10.68,0.875,-22,87.0,greedy,3,midgame,False,0.0,0.0,False
11,25,1,"[[2, 1], [3, 0]]","[3, 0]",88,13.3193,0.8036,-22,87.0,greedy,3,midgame,False,0.0,0.0,True
11,26,0,"[[6, 1], [5, 0]]","[5, 0]",71,19.3064,0.8767,-22,87.0,greedy,3,midgame,False,0.0,0.0,False
11,27,1,"[[1, 2], [2, 1]]","[2, 1]",86,25.2395,0.808,-22,87.0,greedy,3,midgame,False,0.0,0.0,True
11,28,0,"[[2, 5], [1, 6]]","[1, 6]",71,23.9334,0.8767,-22,87.0,greedy,3,midgame,False,0.0,0.0,False
11,29,1,"[[0, 7], [2, 5]]","[2, 5]",22,5.7113,0.6562,-22,87.0,greedy,3,midgame,False,0.0,0.0,False
11,30,0,"[[5, 0], [4, 1]]","[4, 1]",57,11.2486,0.8728,-22,100.0,greedy,3,midgame,True,0,0.0,False
11,31,1,"[[3, 0], [5, 2]]","[5, 2]",21,3.1455,0.6719,-22,100.0,greedy,3,midgame,False,0.0,0.0,False
11,32,0,"[[7, 4], [6, 3]]","[6, 3]",55,9.5146,0.8568,-22,112.0,greedy,3,midgame,False,0.0,0.0,False
11,33,1,"[[5, 2], [7, 4]]","[7, 4]",18,5.6851,0.7188,-22,112.0,greedy,3,midgame,False,0.0,0.0,False
11,34,0,"[[7, 2], [6, 1]]","[6, 1]",71,16.4001,0.7227,-22,114.0,greedy,3,midgame,False,0.0,0.0,False
11,35,1,"[[2, 1], [3, 0]]","[3, 0]",105,23.3452,0.8177,-22,114.0,greedy,3,midgame,True,0.0,0.0,True
11,36,0,"[[6, 1], [5, 0]]","[5, 0]",41,11.1816,0.8398,-22,114.0,greedy,3,midgame,False,0.0,0.0,False
11,37,1,"[[2, 3], [3, 2]]","[3, 2]",103,22.2335,0.7988,-22,114.0,greedy,3,midgame,False,0.0,0.0,True
11,38,0,"[[5, 0], [4, 1]]","[4, 1]",14,2.0072,0.9271,-22,114.0,greedy,3,midgame,False,0.0,0.0,False
11,39,1,"[[3, 0], [5, 2]]","[5, 2]",25,2.6069,0.8047,-22,114.0,greedy,3,midgame,False,0.0,0.0,True
11,40,0,"[[7, 6], [6, 7]]","[6, 7]",22,2.7018,0.8281,-22,128.0,greedy,3,midgame,True,0,0.0,False
11,41,1,"[[5, 2], [6, 1]]","[6, 1]",73,8.7349,0.8733,-22,128.0,greedy,3,midgame,False,0.0,0.0,True
11,42,0,"[[6, 7], [5, 6]]","[5, 6]",21,2.8512,0.6719,-22,128.0,greedy,3,midgame,False,0.0,0.0,False
11,43,1,"[[3, 6], [4, 7]]","[4, 7]",77,15.1207,0.8663,-22,128.0,greedy,3,midgame,False,0.0,0.0,True
11,44,0,"[[5, 6], [4, 5]]","[4, 5]",22,4.7758,0.6562,-22,156.0,greedy,3,midgame,False,0.0,0.0,False
11,45,1,"[[6, 1], [7, 0]]","[7, 0]",63,15.5749,0.9016,-22,156.0,greedy,3,midgame,True,144.0,144.0,True
11,46,0,"[[4, 5], [3, 4]]","[3, 4]",5,1.2312,0.9609,-22,156.0,greedy,3,midgame,False,0.0,0.0,False
11,47,1,"[[2, 5], [4, 3]]","[4, 3]",2,0.2534,0.9688,-22,156.0,greedy,3,midgame,False,0.0,0.0,False
12,0,0,"[[6, 1], [5, 0]]","[5, 0]",83,37.4916,0.8147,0,0,greedy,3,opening,False,0,0.0,False
12,1,1,"[[1, 0], [2, 1]]","[2, 1]",85,24.663,0.8103,0,0,greedy,3,opening,False,0.0,0.0,True
12,2,0,"[[5, 0], [4, 1]]","[4, 1]",107,33.6883,0.791,0,1.0,greedy,3,opening,False,0.0,0.0,False
12,3,1,"[[0, 1], [1, 0]]","[1, 0]",90,28.8174,0.8242,0,1.0,greedy,3,opening,False,0.0,0.0,True
12,4,0,"[[4, 1], [3, 2]]","[3, 2]",111,25.4912,0.8073,0,1.0,greedy,3,opening,False,0.0,0.0,False
12,5,1,"[[2, 1], [4, 3]]","[4, 3]",16,5.0685,0.75,0,1.0,greedy,3,opening,True,0.0,0.0,False
12,6,0,"[[6, 3], [5, 4]]","[5, 4]",162,54.3041,0.6384,0,1.0,greedy,3,opening,False,0.0,0.0,False
12,7,1,"[[1, 2], [2, 1]]","[2, 1]",77,25.7468,0.8496,0,1.0,greedy,3,opening,False,0.0,0.0,True
12,8,0,"[[5, 4], [3, 2]]","[3, 2]",10,1.6317,0.8438,0,1.0,greedy,3,opening,False,0.0,0.0,False
12,9,1,"[[2, 1], [4, 3]]","[4, 3]",16,2.5749,0.75,-11,1.0,greedy,3,opening,False,0.0,0.0,False
12,10,0,"[[6, 7], [5, 6]]","[5, 6]",144,43.0892,0.6786,-11,14.0,greedy,3,opening,True,0,0.0,False
12,11,1,"[[4, 3], [5, 4]]","[5, 4]",134,33.4568,0.7383,-11,14.0,greedy,3,opening,False,0.0,0.0,True
12,12,0,"[[6, 5], [4, 3]]","[4, 3]",24,4.1974,0.625,-11,14.0,greedy,3,opening,False,0.0,0.0,False
12,13,1,"[[0, 3], [1, 2]]","[1, 2]",82,16.5071,0.7865,-22,14.0,greedy,3,opening,False,0.0,0.0,True
12,14,0,"[[5, 6], [4, 5]]","[4, 5]",165,43.927,0.7656,-22,14.0,greedy,3,opening,False,0.0,0.0,False
12,15,1,"[[1, 0], [2, 1]]","[2, 1]",89,26.9897,0.8013,-22,14.0,greedy,3,opening,True,1.0,0.0,True
12,16,0,"[[4, 5], [3, 6]]","[3, 6]",275,77.5216,0.6094,-22,15.0,greedy,3,opening,False,0.0,0.0,False
12,17,1,"[[1, 6], [2, 7]]","[2, 7]",99,17.6218,0.779,-22,15.0,greedy,3,opening,False,0.0,0.0,True
12,18,0,"[[3, 6], [2, 5]]","[2, 5]",104,22.4373,0.8375,-22,45.0,greedy,3,opening,False,0.0,0.0,False
12,19,1,"[[1, 4], [3, 6]]","[3, 6]",27,4.4382,0.5781,-22,45.0,greedy,3,opening,False,0.0,0.0,False
12,20,0,"[[4, 3], [3, 4]]","[3, 4]",212,64.2025,0.6319,-22,87.0,greedy,3,midgame,True,0,0.0,False
12,21,1,"[[0, 5], [1, 4]]","[1, 4]",111,28.5623,0.7832,-22,87.0,greedy,3,midgame,False,0.0,0.0,True
12,22,0,"[[3, 4], [2, 5]]","[2, 5]",114,34.9607,0.8021,-22,87.0,greedy,3,midgame,False,0.0,0.0,False
12,23,1,"[[1, 4], [2, 3]]","[2, 3]",92,27.9768,0.7946,-22,87.0,greedy,3,midgame,False,0.0,0.0,True
12,24,0,"[[7, 0], [6, 1]]","[6, 1]",72,20.292,0.875,-22,87.0,greedy,3,midgame,False,0.0,0.0,False
12,25,1,"[[2, 1], [3, 0]]","[3, 0]",88,25.2483,0.8036,-22,87.0,greedy,3,midgame,False,0.0,0.0,True
12,26,0,"[[6, 1], [5, 0]]","[5, 0]",71,19.4359,0.8767,-22,87.0,greedy,3,midgame,False,0.0,0.0,False
12,27,1,"[[1, 2], [2, 1]]","[2, 1]",86,18.1468,0.808,-22,87.0,greedy,3,midgame,False,0.0,0.0,True
12,28,0,"[[2, 5], [1, 6]]","[1, 6]",71,12.8365,0.8767,-22,87.0,greedy,3,midgame,False,0.0,0.0,False
12,29,1,"[[0, 7], [2, 5]]","[2, 5]",22,4.1559,0.6562,-22,87.0,greedy,3,midgame,False,0.0,0.0,False
12,30,0,"[[5, 0], [4, 1]]","[4, 1]",57,16.6986,0.8728,-22,100.0,greedy,3,midgame,True,0,0.0,False
12,31,1,"[[3, 0], [5, 2]]","[5, 2]",21,3.1199,0.6719,-22,100.0,greedy,3,midgame,False,0.0,0.0,False
12,32,0,"[[7, 4], [6, 3]]","[6, 3]",55,8.5797,0.8568,-22,112.0,greedy,3,midgame,False,0.0,0.0,False
12,33,1,"[[5, 2], [7, 4]]","[7, 4]",18,4.6029,0.7188,-22,112.0,greedy,3,midgame,False,0.0,0.0,False
12,34,0,"[[7, 2], [6, 1]]","[6, 1]",71,16.3984,0.7227,-22,114.0,greedy,3,midgame,False,0.0,0.0,False
12,35,1,"[[2, 1], [3, 0]]","[3, 0]",105,33.782,0.8177,-22,114.0,greedy,3,midgame,True,0.0,0.0,True
12,36,0,"[[6, 1], [5, 0]]","[5, 0]",41,6.238,0.8398,-22,114.0,greedy,3,midgame,False,0.0,0.0,False
12,37,1,"[[2, 3], [3, 2]]","[3, 2]",103,17.2596,0.7988,-22,114.0,greedy,3,midgame,False,0.0,0.0,True
12,38,0,"[[5, 0], [4, 1]]","[4, 1]",14,4.0188,0.9271,-22,114.0,greedy,3,midgame,False,0.0,0.0,False
12,39,1,"[[3, 0], [5, 2]]","[5, 2]",25,2.6233,0.8047,-22,114.0,greedy,3,midgame,False,0.0,0.0,True
12,40,0,"[[7, 6], [6, 7]]","[6, 7]",22,2.8205,0.8281,-22,128.0,greedy,3,midgame,True,0,0.0,False
12,41,1,"[[5, 2], [6, 1]]","[6, 1]",73,9.7656,0.8733,-22,128.0,greedy,3,midgame,False,0.0,0.0,True
12,42,0,"[[6, 7], [5, 6]]","[5, 6]",21,5.6655,0.6719,-22,128.0,greedy,3,midgame,False,0.0,0.0,False
12,43,1,"[[3, 6], [4, 7]]","[4, 7]",77,17.978,0.8663,-22,128.0,greedy,3,midgame,False,0.0,0.0,True
12,44,0,"[[5, 6], [4, 5]]","[4, 5]",22,5.8107,0.6562,-22,156.0,greedy,3,midgame,False,0.0,0.0,False
12,45,1,"[[6, 1], [7, 0]]","[7, 0]",63,16.9847,0.9016,-22,156.0,greedy,3,midgame,True,144.0,144.0,True
12,46,0,"[[4, 5], [3, 4]]","[3, 4]",5,0.6475,0.9609,-22,156.0,greedy,3,midgame,False,0.0,0.0,False
12,47,1,"[[2, 5], [4, 3]]","[4, 3]",2,0.37,0.9688,-22,156.0,greedy,3,midgame,False,0.0,0.0,False
13,0,0,"[[6, 1], [5, 0]]","[5, 0]",83,31.6911,0.8147,0,0,greedy,3,opening,False,0,0.0,False
13,1,1,"[[1, 0], [2, 1]]","[2, 1]",85,23.6704,0.8103,0,0,greedy,3,opening,False,0.0,0.0,True
13,2,0,"[[5, 0], [4, 1]]","[4, 1]",107,25.1484,0.791,0,1.0,greedy,3,opening,False,0.0,0.0,False
13,3,1,"[[0, 1], [1, 0]]","[1, 0]",90,24.3104,0.8242,0,1.0,greedy,3,opening,False,0.0,0.0,True
13,4,0,"[[4, 1], [3, 2]]","[3, 2]",111,26.5229,0.8073,0,1.0,greedy,3,opening,False,0.0,0.0,False
13,5,1,"[[2, 1], [4, 3]]","[4, 3]",16,5.3122,0.75,0,1.0,greedy,3,opening,True,0.0,0.0,False
13,6,0,"[[6, 3], [5, 4]]","[5, 4]",162,48.4257,0.6384,0,1.0,greedy,3,opening,False,0.0,0.0,False
13,7,1,"[[1, 2], [2, 1]]","[2, 1]",77,18.4081,0.8496,0,1.0,greedy,3,opening,False,0.0,0.0,True
13,8,0,"[[5, 4], [3, 2]]","[3, 2]",10,1.776,0.8438,0,1.0,greedy,3,opening,False,0.0,0.0,False
13,9,1,"[[2, 1], [4, 3]]","[4, 3]",16,2.5923,0.75,-11,1.0,greedy,3,opening,False,0.0,0.0,False
13,10,0,"[[6, 7], [5, 6]]","[5, 6]",144,31.8933,0.6786,-11,14.0,greedy,3,opening,True,0,0.0,False
13,11,1,"[[4, 3], [5, 4]]","[5, 4]",134,29.7191,0.7383,-11,14.0,greedy,3,opening,False,0.0,0.0,True
13,12,0,"[[6, 5], [4, 3]]","[4, 3]",24,7.0543,0.625,-11,14.0,greedy,3,opening,False,0.0,0.0,False
13,13,1,"[[0, 3], [1, 2]]","[1, 2]",82,26.0849,0.7865,-22,14.0,greedy,3,opening,False,0.0,0.0,True
13,14,0,"[[5, 6], [4, 5]]","[4, 5]",165,43.7224,0.7656,-22,14.0,greedy,3,opening,False,0.0,0.0,False
13,15,1,"[[1, 0], [2, 1]]","[2, 1]",89,22.1932,0.8013,-22,14.0,greedy,3,opening,True,1.0,0.0,True
13,16,0,"[[4, 5], [3, 6]]","[3, 6]",275,65.877,0.6094,-22,15.0,greedy,3,opening,False,0.0,0.0,False
13,17,1,"[[1, 6], [2, 7]]","[2, 7]",99,25.4993,0.779,-22,15.0,greedy,3,opening,False,0.0,0.0,True
13,18,0,"[[3, 6], [2, 5]]","[2, 5]",104,31.6346,0.8375,-22,45.0,greedy,3,opening,False,0.0,0.0,False
13,19,1,"[[1, 4], [3, 6]]","[3, 6]",27,3.8695,0.5781,-22,45.0,greedy,3,opening,False,0.0,0.0,False
13,20,0,"[[4, 3], [3, 4]]","[3, 4]",212,47.9445,0.6319,-22,87.0,greedy,3,midgame,True,0,0.0,False
13,21,1,"[[0, 5], [1, 4]]","[1, 4]",111,31.2855,0.7832,-22,87.0,greedy,3,midgame,False,0.0,0.0,True
13,22,0,"[[3, 4], [2, 5]]","[2, 5]",114,33.843,0.8021,-22,87.0,greedy,3,midgame,False,0.0,0.0,False
13,23,1,"[[1, 4], [2, 3]]","[2, 3]",92,25.6109,0.7946,-22,87.0,greedy,3,midgame,False,0.0,0.0,True
13,24,0,"[[7, 0], [6, 1]]","[6, 1]",72,15.9538,0.875,-22,87.0,greedy,3,midgame,False,0.0,0.0,False
13,25,1,"[[2, 1], [3, 0]]","[3, 0]",88,25.1677,0.8036,-22,87.0,greedy,3,midgame,False,0.0,0.0,True
13,26,0,"[[6, 1], [5, 0]]","[5, 0]",71,19.4664,0.8767,-22,87.0,greedy,3,midgame,False,0.0,0.0,False
13,27,1,"[[1, 2], [2, 1]]","[2, 1]",86,19.1007,0.808,-22,87.0,greedy,3,midgame,False,0.0,0.0,True
13,28,0,"[[2, 5], [1, 6]]","[1, 6]",71,20.6501,0.8767,-22,87.0,greedy,3,midgame,False,0.0,0.0,False
13,29,1,"[[0, 7], [2, 5]]","[2, 5]",22,5.4023,0.6562,-22,87.0,greedy,3,midgame,False,0.0,0.0,False
13,30,0,"[[5, 0], [4, 1]]","[4, 1]",57,10.39,0.8728,-22,100.0,greedy,3,midgame,True,0,0.0,False
13,31,1,"[[3, 0], [5, 2]]","[5, 2]",21,4.0085,0.6719,-22,100.0,greedy,3,midgame,False,0.0,0.0,False
13,32,0,"[[7, 4], [6, 3]]","[6, 3]",55,15.1539,0.8568,-22,112.0,greedy,3,midgame,False,0.0,0.0,False
13,33,1,"[[5, 2], [7, 4]]","[7, 4]",18,2.1045,0.7188,-22,112.0,greedy,3,midgame,False,0.0,0.0,False
13,34,0,"[[7, 2], [6, 1]]","[6, 1]",71,11.2045,0.7227,-22,114.0,greedy,3,midgame,False,0.0,0.0,False
13,35,1,"[[2, 1], [3, 0]]","[3, 0]",105,20.2689,0.8177,-22,114.0,greedy,3,midgame,True,0.0,0.0,True
13,36,0,"[[6, 1], [5, 0]]","[5, 0]",41,5.9233,0.8398,-22,114.0,greedy,3,midgame,False,0.0,0.0,False
13,37,1,"[[2, 3], [3, 2]]","[3, 2]",103,24.5416,0.7988,-22,114.0,greedy,3,midgame,False,0.0,0.0,True
13,38,0,"[[5, 0], [4, 1]]","[4, 1]",14,3.6726,0.9271,-22,114.0,greedy,3,midgame,False,0.0,0.0,False
13,39,1,"[[3, 0], [5, 2]]","[5, 2]",25,5.5816,0.8047,-22,114.0,greedy,3,midgame,False,0.0,0.0,True
13,40,0,"[[7, 6], [6, 7]]","[6, 7]",22,2.6107,0.8281,-22,128.0,greedy,3,midgame,True,0,0.0,False
13,41,1,"[[5, 2], [6, 1]]","[6, 1]",73,8.1763,0.8733,-22,128.0,greedy,3,midgame,False,0.0,0.0,True
13,42,0,"[[6, 7], [5, 6]]","[5, 6]",21,4.3478,0.6719,-22,128.0,greedy,3,midgame,False,0.0,0.0,False
13,43,1,"[[3, 6], [4, 7]]","[4, 7]",77,15.8963,0.8663,-22,128.0,greedy,3,midgame,False,0.0,0.0,True
13,44,0,"[[5, 6], [4, 5]]","[4, 5]",22,2.7711,0.6562,-22,156.0,greedy,3,midgame,False,0.0,0.0,False
13,45,1,"[[6, 1], [7, 0]]","[7, 0]",63,7.0136,0.9016,-22,156.0,greedy,3,midgame,True,144.0,144.0,True
13,46,0,"[[4, 5], [3, 4]]","[3, 4]",5,0.7503,0.9609,-22,156.0,greedy,3,midgame,False,0.0,0.0,False
13,47,1,"[[2, 5], [4, 3]]","[4, 3]",2,0.1311,0.9688,-22,156.0,greedy,3,midgame,False,0.0,0.0,False
14,0,0,"[[6, 1], [5, 0]]","[5, 0]",83,17.3163,0.8147,0,0,greedy,3,opening,False,0,0.0,False
14,1,1,"[[1, 0], [2, 1]]","[2, 1]",85,23.968,0.8103,0,0,greedy,3,opening,False,0.0,0.0,True
14,2,0,"[[5, 0], [4, 1]]","[4, 1]",107,43.3192,0.791,0,1.0,greedy,3,opening,False,0.0,0.0,False
14,3,1,"[[0, 1], [1, 0]]","[1, 0]",90,25.4257,0.8242,0,1.0,greedy,3,opening,False,0.0,0.0,True
14,4,0,"[[4, 1], [3, 2]]","[3, 2]",111,40.2784,0.8073,0,1.0,greedy,3,opening,False,0.0,0.0,False
14,5,1,"[[2, 1], [4, 3]]","[4, 3]",16,3.2032,0.75,0,1.0,greedy,3,opening,True,0.0,0.0,False
14,6,0,"[[6, 3], [5, 4]]","[5, 4]",162,43.6661,0.6384,0,1.0,greedy,3,opening,False,0.0,0.0,False
14,7,1,"[[1, 2], [2, 1]]","[2, 1]",77,20.3032,0.8496,0,1.0,greedy,3,opening,False,0.0,0.0,True
14,8,0,"[[5, 4], [3, 2]]","[3, 2]",10,2.6069,0.8438,0,1.0,greedy,3,opening,False,0.0,0.0,False
14,9,1,"[[2, 1], [4, 3]]","[4, 3]",16,2.733,0.75,-11,1.0,greedy,3,opening,False,0.0,0.0,False
14,10,0,"[[6, 7], [5, 6]]","[5, 6]",144,32.0458,0.6786,-11,14.0,greedy,3,opening,True,0,0.0,False
14,11,1,"[[4, 3], [5, 4]]","[5, 4]",134,32.9967,0.7383,-11,14.0,greedy,3,opening,False,0.0,0.0,True
14,12,0,"[[6, 5], [4, 3]]","[4, 3]",24,6.448,0.625,-11,14.0,greedy,3,opening,False,0.0,0.0,False
14,13,1,"[[0, 3], [1, 2]]","[1, 2]",82,21.2777,0.7865,-22,14.0,greedy,3,opening,False,0.0,0.0,True
14,14,0,"[[5, 6], [4, 5]]","[4, 5]",165,41.4166,0.7656,-22,14.0,greedy,3,opening,False,0.0,0.0,False
14,15,1,"[[1, 0], [2, 1]]","[2, 1]",89,30.607,0.8013,-22,14.0,greedy,3,opening,True,1.0,0.0,True
14,16,0,"[[4, 5], [3, 6]]","[3, 6]",275,67.6379,0.6094,-22,15.0,greedy,3,opening,False,0.0,0.0,False
14,17,1,"[[1, 6], [2, 7]]","[2, 7]",99,20.1337,0.779,-22,15.0,greedy,3,opening,False,0.0,0.0,True
14,18,0,"[[3, 6], [2, 5]]","[2, 5]",104,24.5774,0.8375,-22,45.0,greedy,3,opening,False,0.0,0.0,False
14,19,1,"[[1, 4], [3, 6]]","[3, 6]",27,4.4446,0.5781,-22,45.0,greedy,3,opening,False,0.0,0.0,False
14,20,0,"[[4, 3], [3, 4]]","[3, 4]",212,55.3341,0.6319,-22,87.0,greedy,3,midgame,True,0,0.0,False
14,21,1,"[[0, 5], [1, 4]]","[1, 4]",111,28.862,0.7832,-22,87.0,greedy,3,midgame,False,0.0,0.0,True
14,22,0,"[[3, 4], [2, 5]]","[2, 5]",114,24.6475,0.8021,-22,87.0,greedy,3,midgame,False,0.0,0.0,False
14,23,1,"[[1, 4], [2, 3]]","[2, 3]",92,26.4707,0.7946,-22,87.0,greedy,3,midgame,False,0.0,0.0,True
14,24,0,"[[7, 0], [6, 1]]","[6, 1]",72,17.4181,0.875,-22,87.0,greedy,3,midgame,False,0.0,0.0,False
14,25,1,"[[2, 1], [3, 0]]","[3, 0]",88,22.568,0.8036,-22,87.0,greedy,3,midgame,False,0.0,0.0,True
14,26,0,"[[6, 1], [5, 0]]","[5, 0]",71,12.2859,0.8767,-22,87.0,greedy,3,midgame,False,0.0,0.0,False
14,27,1,"[[1, 2], [2, 1]]","[2, 1]",86,21.9061,0.808,-22,87.0,greedy,3,midgame,False,0.0,0.0,True
14,28,0,"[[2, 5], [1, 6]]","[1, 6]",71,11.106,0.8767,-22,87.0,greedy,3,midgame,False,0.0,0.0,False
14,29,1,"[[0, 7], [2, 5]]","[2, 5]",22,6.5048,0.6562,-22,87.0,greedy,3,midgame,False,0.0,0.0,False
14,30,0,"[[5, 0], [4, 1]]","[4, 1]",57,16.3136,0.8728,-22,100.0,greedy,3,midgame,True,0,0.0,False
14,31,1,"[[3, 0], [5, 2]]","[5, 2]",21,4.3964,0.6719,-22,100.0,greedy,3,midgame,False,0.0,0.0,False
14,32,0,"[[7, 4], [6, 3]]","[6, 3]",55,11.3161,0.8568,-22,112.0,greedy,3,midgame,False,0.0,0.0,False
14,33,1,"[[5, 2], [7, 4]]","[7, 4]",18,3.9783,0.7188,-22,112.0,greedy,3,midgame,False,0.0,0.0,False
14,34,0,"[[7, 2], [6, 1]]","[6, 1]",71,13.1197,0.7227,-22,114.0,greedy,3,midgame,False,0.0,0.0,False
14,35,1,"[[2, 1], [3, 0]]","[3, 0]",105,14.8313,0.8177,-22,114.0,greedy,3,midgame,True,0.0,0.0,True
14,36,0,"[[6, 1], [5, 0]]","[5, 0]",41,11.4963,0.8398,-22,114.0,greedy,3,midgame,False,0.0,0.0,False
14,37,1,"[[2, 3], [3, 2]]","[3, 2]",103,19.5858,0.7988,-22,114.0,greedy,3,midgame,False,0.0,0.0,True
14,38,0,"[[5, 0], [4, 1]]","[4, 1]",14,3.6614,0.9271,-22,114.0,greedy,3,midgame,False,0.0,0.0,False
14,39,1,"[[3, 0], [5, 2]]","[5, 2]",25,5.1124,0.8047,-22,114.0,greedy,3,midgame,False,0.0,0.0,True
14,40,0,"[[7, 6], [6, 7]]","[6, 7]",22,3.3638,0.8281,-22,128.0,greedy,3,midgame,True,0,0.0,False
14,41,1,"[[5, 2], [6, 1]]","[6, 1]",73,15.6708,0.8733,-22,128.0,greedy,3,midgame,False,0.0,0.0,True
14,42,0,"[[6, 7], [5, 6]]","[5, 6]",21,2.8243,0.6719,-22,128.0,greedy,3,midgame,False,0.0,0.0,False
14,43,1,"[[3, 6], [4, 7]]","[4, 7]",77,10.5324,0.8663,-22,128.0,greedy,3,midgame,False,0.0,0.0,True
14,44,0,"[[5, 6], [4, 5]]","[4, 5]",22,2.7657,0.6562,-22,156.0,greedy,3,midgame,False,0.0,0.0,False
14,45,1,"[[6, 1], [7, 0]]","[7, 0]",63,7.0105,0.9016,-22,156.0,greedy,3,midgame,True,144.0,144.0,True
14,46,0,"[[4, 5], [3, 4]]","[3, 4]",5,0.4332,0.9609,-22,156.0,greedy,3,midgame,False,0.0,0.0,False
14,47,1,"[[2, 5], [4, 3]]","[4, 3]",2,0.1311,0.9688,-22,156.0,greedy,3,midgame,False,0.0,0.0,False
15,0,0,"[[6, 1], [5, 0]]","[5, 0]",83,16.85,0.8147,0,0,greedy,3,opening,False,0,0.0,False
15,1,1,"[[1, 0], [2, 1]]","[2, 1]",85,29.8436,0.8103,0,0,greedy,3,opening,False,0.0,0.0,True
15,2,0,"[[5, 0], [4, 1]]","[4, 1]",107,26.6268,0.791,0,1.0,greedy,3,opening,False,0.0,0.0,False
15,3,1,"[[0, 1], [1, 0]]","[1, 0]",90,30.9577,0.8242,0,1.0,greedy,3,opening,False,0.0,0.0,True
15,4,0,"[[4, 1], [3, 2]]","[3, 2]",111,32.409,0.8073,0,1.0,greedy,3,opening,False,0.0,0.0,False
15,5,1,"[[2, 1], [4, 3]]","[4, 3]",16,8.3721,0.75,0,1.0,greedy,3,opening,True,0.0,0.0,False
15,6,0,"[[6, 3], [5, 4]]","[5, 4]",162,55.3944,0.6384,0,1.0,greedy,3,opening,False,0.0,0.0,False
15,7,1,"[[1, 2], [2, 1]]","[2, 1]",77,17.5865,0.8496,0,1.0,greedy,3,opening,False,0.0,0.0,True
15,8,0,"[[5, 4], [3, 2]]","[3, 2]",10,1.6332,0.8438,0,1.0,greedy,3,opening,False,0.0,0.0,False
15,9,1,"[[2, 1], [4, 3]]","[4, 3]",16,4.1397,0.75,-11,1.0,greedy,3,opening,False,0.0,0.0,False
15,10,0,"[[6, 7], [5, 6]]","[5, 6]",144,27.9002,0.6786,-11,14.0,greedy,3,opening,True,0,0.0,False
15,11,1,"[[4, 3], [5, 4]]","[5, 4]",134,39.7193,0.7383,-11,14.0,greedy,3,opening,False,0.0,0.0,True
15,12,0,"[[6, 5], [4, 3]]","[4, 3]",24,6.2871,0.625,-11,14.0,greedy,3,opening,False,0.0,0.0,False
15,13,1,"[[0, 3], [1, 2]]","[1, 2]",82,16.9063,0.7865,-22,14.0,greedy,3,opening,False,0.0,0.0,True
15,14,0,"[[5, 6], [4, 5]]","[4, 5]",165,40.8051,0.7656,-22,14.0,greedy,3,opening,False,0.0,0.0,False
15,15,1,"[[1, 0], [2, 1]]","[2, 1]",89,21.488,0.8013,-22,14.0,greedy,3,opening,True,1.0,0.0,True
15,16,0,"[[4, 5], [3, 6]]","[3, 6]",275,77.7259,0.6094,-22,15.0,greedy,3,opening,False,0.0,0.0,False
15,17,1,"[[1, 6], [2, 7]]","[2, 7]",99,26.4399,0.779,-22,15.0,greedy,3,opening,False,0.0,0.0,True
15,18,0,"[[3, 6], [2, 5]]","[2, 5]",104,19.295,0.8375,-22,45.0,greedy,3,opening,False,0.0,0.0,False
15,19,1,"[[1, 4], [3, 6]]","[3, 6]",27,3.8714,0.5781,-22,45.0,greedy,3,opening,False,0.0,0.0,False
15,20,0,"[[4, 3], [3, 4]]","[3, 4]",212,51.1103,0.6319,-22,87.0,greedy,3,midgame,True,0,0.0,False
15,21,1,"[[0, 5], [1, 4]]","[1, 4]",111,30.5035,0.7832,-22,87.0,greedy,3,midgame,False,0.0,0.0,True
15,22,0,"[[3, 4], [2, 5]]","[2, 5]",114,24.1137,0.8021,-22,87.0,greedy,3,midgame,False,0.0,0.0,False
15,23,1,"[[1, 4], [2, 3]]","[2, 3]",92,19.2418,0.7946,-22,87.0,greedy,3,midgame,False,0.0,0.0,True
15,24,0,"[[7, 0], [6, 1]]","[6, 1]",72,14.9016,0.875,-22,87.0,greedy,3,midgame,False,0.0,0.0,False
15,25,1,"[[2, 1], [3, 0]]","[3, 0]",88,20.4954,0.8036,-22,87.0,greedy,3,midgame,False,0.0,0.0,True
15,26,0,"[[6, 1], [5, 0]]","[5, 0]",71,15.9464,0.8767,-22,87.0,greedy,3,midgame,False,0.0,0.0,False
15,27,1,"[[1, 2], [2, 1]]","[2, 1]",86,17.3018,0.808,-22,87.0,greedy,3,midgame,False,0.0,0.0,True
15,28,0,"[[2, 5], [1, 6]]","[1, 6]",71,13.762,0.8767,-22,87.0,greedy,3,midgame,False,0.0,0.0,False
15,29,1,"[[0, 7], [2, 5]]","[2, 5]",22,4.1156,0.6562,-22,87.0,greedy,3,midgame,False,0.0,0.0,False
15,30,0,"[[5, 0], [4, 1]]","[4, 1]",57,16.289,0.8728,-22,100.0,greedy,3,midgame,True,0,0.0,False
15,31,1,"[[3, 0], [5, 2]]","[5, 2]",21,3.1149,0.6719,-22,100.0,greedy,3,midgame,False,0.0,0.0,False
15,32,0,"[[7, 4], [6, 3]]","[6, 3]",55,10.4403,0.8568,-22,112.0,greedy,3,midgame,False,0.0,0.0,False
15,33,1,"[[5, 2], [7, 4]]","[7, 4]",18,3.9074,0.7188,-22,112.0,greedy,3,midgame,False,0.0,0.0,False
15,34,0,"[[7, 2], [6, 1]]","[6, 1]",71,18.5556,0.7227,-22,114.0,greedy,3,midgame,False,0.0,0.0,False
15,35,1,"[[2, 1], [3, 0]]","[3, 0]",105,16.9196,0.8177,-22,114.0,greedy,3,midgame,True,0.0,0.0,True
15,36,0,"[[6, 1], [5, 0]]","[5, 0]",41,6.541,0.8398,-22,114.0,greedy,3,midgame,False,0.0,0.0,False
15,37,1,"[[2, 3], [3, 2]]","[3, 2]",103,12.7535,0.7988,-22,114.0,greedy,3,midgame,False,0.0,0.0,True
15,38,0,"[[5, 0], [4, 1]]","[4, 1]",14,3.715,0.9271,-22,114.0,greedy,3,midgame,False,0.0,0.0,False
15,39,1,"[[3, 0], [5, 2]]","[5, 2]",25,2.635,0.8047,-22,114.0,greedy,3,midgame,False,0.0,0.0,True
15,40,0,"[[7, 6], [6, 7]]","[6, 7]",22,2.5826,0.8281,-22,128.0,greedy,3,midgame,True,0,0.0,False
15,41,1,"[[5, 2], [6, 1]]","[6, 1]",73,11.3773,0.8733,-22,128.0,greedy,3,midgame,False,0.0,0.0,True
15,42,0,"[[6, 7], [5, 6]]","[5, 6]",21,5.1999,0.6719,-22,128.0,greedy,3,midgame,False,0.0,0.0,False
15,43,1,"[[3, 6], [4, 7]]","[4, 7]",77,15.3906,0.8663,-22,128.0,greedy,3,midgame,False,0.0,0.0,True
15,44,0,"[[5, 6], [4, 5]]","[4, 5]",22,5.3775,0.6562,-22,156.0,greedy,3,midgame,False,0.0,0.0,False
15,45,1,"[[6, 1], [7, 0]]","[7, 0]",63,7.9799,0.9016,-22,156.0,greedy,3,midgame,True,144.0,144.0,True
15,46,0,"[[4, 5], [3, 4]]","[3, 4]",5,0.4373,0.9609,-22,156.0,greedy,3,midgame,False,0.0,0.0,False
15,47,1,"[[2, 5], [4, 3]]","[4, 3]",2,0.128,0.9688,-22,156.0,greedy,3,midgame,False,0.0,0.0,False
16,0,0,"[[6, 1], [5, 0]]","[5, 0]",83,29.3415,0.8147,0,0,greedy,3,opening,False,0,0.0,False
16,1,1,"[[1, 0], [2, 1]]","[2, 1]",85,20.1166,0.8103,0,0,greedy,3,opening,False,0.0,0.0,True
16,2,0,"[[5, 0], [4, 1]]","[4, 1]",107,32.7163,0.791,0,1.0,greedy,3,opening,False,0.0,0.0,False
16,3,1,"[[0, 1], [1, 0]]","[1, 0]",90,31.3795,0.8242,0,1.0,greedy,3,opening,False,0.0,0.0,True
16,4,0,"[[4, 1], [3, 2]]","[3, 2]",111,42.316,0.8073,0,1.0,greedy,3,opening,False,0.0,0.0,False
16,5,1,"[[2, 1], [4, 3]]","[4, 3]",16,5.8334,0.75,0,1.0,greedy,3,opening,True,0.0,0.0,False
16,6,0,"[[6, 3], [5, 4]]","[5, 4]",162,48.1348,0.6384,0,1.0,greedy,3,opening,False,0.0,0.0,False
16,7,1,"[[1, 2], [2, 1]]","[2, 1]",77,22.4016,0.8496,0,1.0,greedy,3,opening,False,0.0,0.0,True
16,8,0,"[[5, 4], [3, 2]]","[3, 2]",10,3.7005,0.8438,0,1.0,greedy,3,opening,False,0.0,0.0,False
16,9,1,"[[2, 1], [4, 3]]","[4, 3]",16,7.7753,0.75,-11,1.0,greedy,3,opening,False,0.0,0.0,False
16,10,0,"[[6, 7], [5, 6]]","[5, 6]",144,44.3096,0.6786,-11,14.0,greedy,3,opening,True,0,0.0,False
16,11,1,"[[4, 3], [5, 4]]","[5, 4]",134,37.8885,0.7383,-11,14.0,greedy,3,opening,False,0.0,0.0,True
16,12,0,"[[6, 5], [4, 3]]","[4, 3]",24,5.408,0.625,-11,14.0,greedy,3,opening,False,0.0,0.0,False
16,13,1,"[[0, 3], [1, 2]]","[1, 2]",82,18.6927,0.7865,-22,14.0,greedy,3,opening,False,0.0,0.0,True
16,14,0,"[[5, 6], [4, 5]]","[4, 5]",165,39.1798,0.7656,-22,14.0,greedy,3,opening,False,0.0,0.0,False
16,15,1,"[[1, 0], [2, 1]]","[2, 1]",89,17.6396,0.8013,-22,14.0,greedy,3,opening,True,1.0,0.0,True
16,16,0,"[[4, 5], [3, 6]]","[3, 6]",275,64.755,0.6094,-22,15.0,greedy,3,opening,False,0.0,0.0,False
16,17,1,"[[1, 6], [2, 7]]","[2, 7]",99,26.3047,0.779,-22,15.0,greedy,3,opening,False,0.0,0.0,True
16,18,0,"[[3, 6], [2, 5]]","[2, 5]",104,21.5354,0.8375,-22,45.0,greedy,3,opening,False,0.0,0.0,False
16,19,1,"[[1, 4], [3, 6]]","[3, 6]",27,7.6439,0.5781,-22,45.0,greedy,3,opening,False,0.0,0.0,False
16,20,0,"[[4, 3], [3, 4]]","[3, 4]",212,55.81,0.6319,-22,87.0,greedy,3,midgame,True,0,0.0,False
16,21,1,"[[0, 5], [1, 4]]","[1, 4]",111,29.5622,0.7832,-22,87.0,greedy,3,midgame,False,0.0,0.0,True
16,22,0,"[[3, 4], [2, 5]]","[2, 5]",114,26.4685,0.8021,-22,87.0,greedy,3,midgame,False,0.0,0.0,False
16,23,1,"[[1, 4], [2, 3]]","[2, 3]",92,18.2395,0.7946,-22,87.0,greedy,3,midgame,False,0.0,0.0,True
16,24,0,"[[7, 0], [6, 1]]","[6, 1]",72,17.7743,0.875,-22,87.0,greedy,3,midgame,False,0.0,0.0,False
16,25,1,"[[2, 1], [3, 0]]","[3, 0]",88,14.7924,0.8036,-22,87.0,greedy,3,midgame,False,0.0,0.0,True
16,26,0,"[[6, 1], [5, 0]]","[5, 0]",71,10.4642,0.8767,-22,87.0,greedy,3,midgame,False,0.0,0.0,False
16,27,1,"[[1, 2], [2, 1]]","[2, 1]",86,22.6595,0.808,-22,87.0,greedy,3,midgame,False,0.0,0.0,True
16,28,0,"[[2, 5], [1, 6]]","[1, 6]",71,20.5259,0.8767,-22,87.0,greedy,3,midgame,False,0.0,0.0,False
16,29,1,"[[0, 7], [2, 5]]","[2, 5]",22,5.904,0.6562,-22,87.0,greedy,3,midgame,False,0.0,0.0,False
16,30,0,"[[5, 0], [4, 1]]","[4, 1]",57,17.1552,0.8728,-22,100.0,greedy,3,midgame,True,0,0.0,False
16,31,1,"[[3, 0], [5, 2]]","[5, 2]",21,5.6863,0.6719,-22,100.0,greedy,3,midgame,False,0.0,0.0,False
16,32,0,"[[7, 4], [6, 3]]","[6, 3]",55,13.1285,0.8568,-22,112.0,greedy,3,midgame,False,0.0,0.0,False
16,33,1,"[[5, 2], [7, 4]]","[7, 4]",18,4.0119,0.7188,-22,112.0,greedy,3,midgame,False,0.0,0.0,False
16,34,0,"[[7, 2], [6, 1]]","[6, 1]",71,17.1142,0.7227,-22,114.0,greedy,3,midgame,False,0.0,0.0,False
16,35,1,"[[2, 1], [3, 0]]","[3, 0]",105,20.5896,0.8177,-22,114.0,greedy,3,midgame,True,0.0,0.0,True
16,36,0,"[[6, 1], [5, 0]]","[5, 0]",41,9.562,0.8398,-22,114.0,greedy,3,midgame,False,0.0,0.0,False
16,37,1,"[[2, 3], [3, 2]]","[3, 2]",103,14.3042,0.7988,-22,114.0,greedy,3,midgame,False,0.0,0.0,True
16,38,0,"[[5, 0], [4, 1]]","[4, 1]",14,3.8509,0.9271,-22,114.0,greedy,3,midgame,False,0.0,0.0,False
16,39,1,"[[3, 0], [5, 2]]","[5, 2]",25,4.9434,0.8047,-22,114.0,greedy,3,midgame,False,0.0,0.0,True
16,40,0,"[[7, 6], [6, 7]]","[6, 7]",22,4.0472,0.8281,-22,128.0,greedy,3,midgame,True,0,0.0,False
16,41,1,"[[5, 2], [6, 1]]","[6, 1]",73,11.4415,0.8733,-22,128.0,greedy,3,midgame,False,0.0,0.0,True
16,42,0,"[[6, 7], [5, 6]]","[5, 6]",21,5.0852,0.6719,-22,128.0,greedy,3,midgame,False,0.0,0.0,False
16,43,1,"[[3, 6], [4, 7]]","[4, 7]",77,9.48,0.8663,-22,128.0,greedy,3,midgame,False,0.0,0.0,True
16,44,0,"[[5, 6], [4, 5]]","[4, 5]",22,3.9206,0.6562,-22,156.0,greedy,3,midgame,False,0.0,0.0,False
16,45,1,"[[6, 1], [7, 0]]","[7, 0]",63,8.5537,0.9016,-22,156.0,greedy,3,midgame,True,144.0,144.0,True
16,46,0,"[[4, 5], [3, 4]]","[3, 4]",5,0.8109,0.9609,-22,156.0,greedy,3,midgame,False,0.0,0.0,False
16,47,1,"[[2, 5], [4, 3]]","[4, 3]",2,0.246,0.9688,-22,156.0,greedy,3,midgame,False,0.0,0.0,False
17,0,0,"[[6, 1], [5, 0]]","[5, 0]",83,29.0375,0.8147,0,0,greedy,3,opening,False,0,0.0,False
17,1,1,"[[1, 0], [2, 1]]","[2, 1]",85,37.6878,0.8103,0,0,greedy,3,opening,False,0.0,0.0,True
17,2,0,"[[5, 0], [4, 1]]","[4, 1]",107,40.6597,0.791,0,1.0,greedy,3,opening,False,0.0,0.0,False
17,3,1,"[[0, 1], [1, 0]]","[1, 0]",90,28.1785,0.8242,0,1.0,greedy,3,opening,False,0.0,0.0,True
17,4,0,"[[4, 1], [3, 2]]","[3, 2]",111,30.7744,0.8073,0,1.0,greedy,3,opening,False,0.0,0.0,False
17,5,1,"[[2, 1], [4, 3]]","[4, 3]",16,4.2818,0.75,0,1.0,greedy,3,opening,True,0.0,0.0,False
17,6,0,"[[6, 3], [5, 4]]","[5, 4]",162,36.5365,0.6384,0,1.0,greedy,3,opening,False,0.0,0.0,False
17,7,1,"[[1, 2], [2, 1]]","[2, 1]",77,22.9714,0.8496,0,1.0,greedy,3,opening,False,0.0,0.0,True
17,8,0,"[[5, 4], [3, 2]]","[3, 2]",10,2.5351,0.8438,0,1.0,greedy,3,opening,False,0.0,0.0,False
17,9,1,"[[2, 1], [4, 3]]","[4, 3]",16,4.7519,0.75,-11,1.0,greedy,3,opening,False,0.0,0.0,False
17,10,0,"[[6, 7], [5, 6]]","[5, 6]",144,36.0403,0.6786,-11,14.0,greedy,3,opening,True,0,0.0,False
17,11,1,"[[4, 3], [5, 4]]","[5, 4]",134,31.6443,0.7383,-11,14.0,greedy,3,opening,False,0.0,0.0,True
17,12,0,"[[6, 5], [4, 3]]","[4, 3]",24,5.1796,0.625,-11,14.0,greedy,3,opening,False,0.0,0.0,False
17,13,1,"[[0, 3], [1, 2]]","[1, 2]",82,22.4354,0.7865,-22,14.0,greedy,3,opening,False,0.0,0.0,True
17,14,0,"[[5, 6], [4, 5]]","[4, 5]",165,48.9688,0.7656,-22,14.0,greedy,3,opening,False,0.0,0.0,False
17,15,1,"[[1, 0], [2, 1]]","[2, 1]",89,17.9362,0.8013,-22,14.0,greedy,3,opening,True,1.0,0.0,True
17,16,0,"[[4, 5], [3, 6]]","[3, 6]",275,70.5402,0.6094,-22,15.0,greedy,3,opening,False,0.0,0.0,False
17,17,1,"[[1, 6], [2, 7]]","[2, 7]",99,18.4109,0.779,-22,15.0,greedy,3,opening,False,0.0,0.0,True
17,18,0,"[[3, 6], [2, 5]]","[2, 5]",104,19.7785,0.8375,-22,45.0,greedy,3,opening,False,0.0,0.0,False
17,19,1,"[[1, 4], [3, 6]]","[3, 6]",27,4.4794,0.5781,-22,45.0,greedy,3,opening,False,0.0,0.0,False
17,20,0,"[[4, 3], [3, 4]]","[3, 4]",212,47.0724,0.6319,-22,87.0,greedy,3,midgame,True,0,0.0,False
17,21,1,"[[0, 5], [1, 4]]","[1, 4]",111,22.0041,0.7832,-22,87.0,greedy,3,midgame,False,0.0,0.0,True
17,22,0,"[[3, 4], [2, 5]]","[2, 5]",114,21.1625,0.8021,-22,87.0,greedy,3,midgame,False,0.0,0.0,False
17,23,1,"[[1, 4], [2, 3]]","[2, 3]",92,26.4494,0.7946,-22,87.0,greedy,3,midgame,False,0.0,0.0,True
17,24,0,"[[7, 0], [6, 1]]","[6, 1]",72,17.9591,0.875,-22,87.0,greedy,3,midgame,False,0.0,0.0,False
17,25,1,"[[2, 1], [3, 0]]","[3, 0]",88,24.9479,0.8036,-22,87.0,greedy,3,midgame,False,0.0,0.0,True
17,26,0,"[[6, 1], [5, 0]]","[5, 0]",71,12.4793,0.8767,-22,87.0,greedy,3,midgame,False,0.0,0.0,False
17,27,1,"[[1, 2], [2, 1]]","[2, 1]",86,23.1562,0.808,-22,87.0,greedy,3,midgame,False,0.0,0.0,True
17,28,0,"[[2, 5], [1, 6]]","[1, 6]",71,21.374,0.8767,-22,87.0,greedy,3,midgame,False,0.0,0.0,False
17,29,1,"[[0, 7], [2, 5]]","[2, 5]",22,6.613,0.6562,-22,87.0,greedy,3,midgame,False,0.0,0.0,False
17,30,0,"[[5, 0], [4, 1]]","[4, 1]",57,9.2037,0.8728,-22,100.0,greedy,3,midgame,True,0,0.0,False
17,31,1,"[[3, 0], [5, 2]]","[5, 2]",21,3.583,0.6719,-22,100.0,greedy,3,midgame,False,0.0,0.0,False
17,32,0,"[[7, 4], [6, 3]]","[6, 3]",55,13.9034,0.8568,-22,112.0,greedy,3,midgame,False,0.0,0.0,False
17,33,1,"[[5, 2], [7, 4]]","[7, 4]",18,2.9359,0.7188,-22,112.0,greedy,3,midgame,False,0.0,0.0,False
17,34,0,"[[7, 2], [6, 1]]","[6, 1]",71,9.8989,0.7227,-22,114.0,greedy,3,midgame,False,0.0,0.0,False
17,35,1,"[[2, 1], [3, 0]]","[3, 0]",105,19.2218,0.8177,-22,114.0,greedy,3,midgame,True,0.0,0.0,True
17,36,0,"[[6, 1], [5, 0]]","[5, 0]",41,10.6769,0.8398,-22,114.0,greedy,3,midgame,False,0.0,0.0,False
17,37,1,"[[2, 3], [3, 2]]","[3, 2]",103,20.3273,0.7988,-22,114.0,greedy,3,midgame,False,0.0,0.0,True
17,38,0,"[[5, 0], [4, 1]]","[4, 1]",14,3.7301,0.9271,-22,114.0,greedy,3,midgame,False,0.0,0.0,False
17,39,1,"[[3, 0], [5, 2]]","[5, 2]",25,5.2674,0.8047,-22,114.0,greedy,3,midgame,False,0.0,0.0,True
17,40,0,"[[7, 6], [6, 7]]","[6, 7]",22,5.5006,0.8281,-22,128.0,greedy,3,midgame,True,0,0.0,False
17,41,1,"[[5, 2], [6, 1]]","[6, 1]",73,15.1267,0.8733,-22,128.0,greedy,3,midgame,False,0.0,0.0,True
17,42,0,"[[6, 7], [5, 6]]","[5, 6]",21,5.2226,0.6719,-22,128.0,greedy,3,midgame,False,0.0,0.0,False
17,43,1,"[[3, 6], [4, 7]]","[4, 7]",77,16.1908,0.8663,-22,128.0,greedy,3,midgame,False,0.0,0.0,True
17,44,0,"[[5, 6], [4, 5]]","[4, 5]",22,5.111,0.6562,-22,156.0,greedy,3,midgame,False,0.0,0.0,False
17,45,1,"[[6, 1], [7, 0]]","[7, 0]",63,12.5301,0.9016,-22,156.0,greedy,3,midgame,True,144.0,144.0,True
17,46,0,"[[4, 5], [3, 4]]","[3, 4]",5,0.8266,0.9609,-22,156.0,greedy,3,midgame,False,0.0,0.0,False
17,47,1,"[[2, 5], [4, 3]]","[4, 3]",2,0.2451,0.9688,-22,156.0,greedy,3,midgame,False,0.0,0.0,False
18,0,0,"[[6, 1], [5, 0]]","[5, 0]",83,27.7307,0.8147,0,0,greedy,3,opening,False,0,0.0,False
18,1,1,"[[1, 0], [2, 1]]","[2, 1]",85,20.3998,0.8103,0,0,greedy,3,opening,False,0.0,0.0,True
18,2,0,"[[5, 0], [4, 1]]","[4, 1]",107,24.3745,0.791,0,1.0,greedy,3,opening,False,0.0,0.0,False
18,3,1,"[[0, 1], [1, 0]]","[1, 0]",90,22.6002,0.8242,0,1.0,greedy,3,opening,False,0.0,0.0,True
18,4,0,"[[4, 1], [3, 2]]","[3, 2]",111,38.9078,0.8073,0,1.0,greedy,3,opening,False,0.0,0.0,False
18,5,1,"[[2, 1], [4, 3]]","[4, 3]",16,3.1967,0.75,0,1.0,greedy,3,opening,True,0.0,0.0,False
18,6,0,"[[6, 3], [5, 4]]","[5, 4]",162,49.5713,0.6384,0,1.0,greedy,3,opening,False,0.0,0.0,False
18,7,1,"[[1, 2], [2, 1]]","[2, 1]",77,21.9798,0.8496,0,1.0,greedy,3,opening,False,0.0,0.0,True
18,8,0,"[[5, 4], [3, 2]]","[3, 2]",10,3.0129,0.8438,0,1.0,greedy,3,opening,False,0.0,0.0,False
18,9,1,"[[2, 1], [4, 3]]","[4, 3]",16,3.6426,0.75,-11,1.0,greedy,3,opening,False,0.0,0.0,False
18,10,0,"[[6, 7], [5, 6]]","[5, 6]",144,47.658,0.6786,-11,14.0,greedy,3,opening,True,0,0.0,False
18,11,1,"[[4, 3], [5, 4]]","[5, 4]",134,27.3259,0.7383,-11,14.0,greedy,3,opening,False,0.0,0.0,True
18,12,0,"[[6, 5], [4, 3]]","[4, 3]",24,3.8223,0.625,-11,14.0,greedy,3,opening,False,0.0,0.0,False
18,13,1,"[[0, 3], [1, 2]]","[1, 2]",82,15.337,0.7865,-22,14.0,greedy,3,opening,False,0.0,0.0,True
18,14,0,"[[5, 6], [4, 5]]","[4, 5]",165,50.7874,0.7656,-22,14.0,greedy,3,opening,False,0.0,0.0,False
18,15,1,"[[1, 0], [2, 1]]","[2, 1]",89,22.4988,0.8013,-22,14.0,greedy,3,opening,True,1.0,0.0,True
18,16,0,"[[4, 5], [3, 6]]","[3, 6]",275,71.795,0.6094,-22,15.0,greedy,3,opening,False,0.0,0.0,False
18,17,1,"[[1, 6], [2, 7]]","[2, 7]",99,28.245,0.779,-22,15.0,greedy,3,opening,False,0.0,0.0,True
18,18,0,"[[3, 6], [2, 5]]","[2, 5]",104,25.4886,0.8375,-22,45.0,greedy,3,opening,False,0.0,0.0,False
18,19,1,"[[1, 4], [3, 6]]","[3, 6]",27,3.855,0.5781,-22,45.0,greedy,3,opening,False,0.0,0.0,False
18,20,0,"[[4, 3], [3, 4]]","[3, 4]",212,54.5068,0.6319,-22,87.0,greedy,3,midgame,True,0,0.0,False
18,21,1,"[[0, 5], [1, 4]]","[1, 4]",111,25.5229,0.7832,-22,87.0,greedy,3,midgame,False,0.0,0.0,True
18,22,0,"[[3, 4], [2, 5]]","[2, 5]",114,22.7587,0.8021,-22,87.0,greedy,3,midgame,False,0.0,0.0,False
18,23,1,"[[1, 4], [2, 3]]","[2, 3]",92,23.0782,0.7946,-22,87.0,greedy,3,midgame,False,0.0,0.0,True
18,24,0,"[[7, 0], [6, 1]]","[6, 1]",72,12.5589,0.875,-22,87.0,greedy,3,midgame,False,0.0,0.0,False
18,25,1,"[[2, 1], [3, 0]]","[3, 0]",88,20.6544,0.8036,-22,87.0,greedy,3,midgame,False,0.0,0.0,True
18,26,0,"[[6, 1], [5, 0]]","[5, 0]",71,13.6614,0.8767,-22,87.0,greedy,3,midgame,False,0.0,0.0,False
18,27,1,"[[1, 2], [2, 1]]","[2, 1]",86,14.9105,0.808,-22,87.0,greedy,3,midgame,False,0.0,0.0,True
18,28,0,"[[2, 5], [1, 6]]","[1, 6]",71,19.9885,0.8767,-22,87.0,greedy,3,midgame,False,0.0,0.0,False
18,29,1,"[[0, 7], [2, 5]]","[2, 5]",22,5.6973,0.6562,-22,87.0,greedy,3,midgame,False,0.0,0.0,False
18,30,0,"[[5, 0], [4, 1]]","[4, 1]",57,19.5251,0.8728,-22,100.0,greedy,3,midgame,True,0,0.0,False
18,31,1,"[[3, 0], [5, 2]]","[5, 2]",21,5.3167,0.6719,-22,100.0,greedy,3,midgame,False,0.0,0.0,False
18,32,0,"[[7, 4], [6, 3]]","[6, 3]",55,15.1942,0.8568,-22,112.0,greedy,3,midgame,False,0.0,0.0,False
18,33,1,"[[5, 2], [7, 4]]","[7, 4]",18,3.9556,0.7188,-22,112.0,greedy,3,midgame,False,0.0,0.0,False
18,34,0,"[[7, 2], [6, 1]]","[6, 1]",71,15.1432,0.7227,-22,114.0,greedy,3,midgame,False,0.0,0.0,False
18,35,1,"[[2, 1], [3, 0]]","[3, 0]",105,17.9815,0.8177,-22,114.0,greedy,3,midgame,True,0.0,0.0,True
18,36,0,"[[6, 1], [5, 0]]","[5, 0]",41,9.5336,0.8398,-22,114.0,greedy,3,midgame,False,0.0,0.0,False
18,37,1,"[[2, 3], [3, 2]]","[3, 2]",103,12.9704,0.7988,-22,114.0,greedy,3,midgame,False,0.0,0.0,True
18,38,0,"[[5, 0], [4, 1]]","[4, 1]",14,3.6829,0.9271,-22,114.0,greedy,3,midgame,False,0.0,0.0,False
18,39,1,"[[3, 0], [5, 2]]","[5, 2]",25,4.9465,0.8047,-22,114.0,greedy,3,midgame,False,0.0,0.0,True
18,40,0,"[[7, 6], [6, 7]]","[6, 7]",22,3.1703,0.8281,-22,128.0,greedy,3,midgame,True,0,0.0,False
18,41,1,"[[5, 2], [6, 1]]","[6, 1]",73,14.8284,0.8733,-22,128.0,greedy,3,midgame,False,0.0,0.0,True
18,42,0,"[[6, 7], [5, 6]]","[5, 6]",21,5.3039,0.6719,-22,128.0,greedy,3,midgame,False,0.0,0.0,False
18,43,1,"[[3, 6], [4, 7]]","[4, 7]",77,17.0107,0.8663,-22,128.0,greedy,3,midgame,False,0.0,0.0,True
18,44,0,"[[5, 6], [4, 5]]","[4, 5]",22,4.5648,0.6562,-22,156.0,greedy,3,midgame,False,0.0,0.0,False
18,45,1,"[[6, 1], [7, 0]]","[7, 0]",63,11.5597,0.9016,-22,156.0,greedy,3,midgame,True,144.0,144.0,True
18,46,0,"[[4, 5], [3, 4]]","[3, 4]",5,0.803,0.9609,-22,156.0,greedy,3,midgame,False,0.0,0.0,False
18,47,1,"[[2, 5], [4, 3]]","[4, 3]",2,0.139,0.9688,-22,156.0,greedy,3,midgame,False,0.0,0.0,False
19,0,0,"[[6, 1], [5, 0]]","[5, 0]",83,27.9708,0.8147,0,0,greedy,3,opening,False,0,0.0,False
19,1,1,"[[1, 0], [2, 1]]","[2, 1]",85,28.8365,0.8103,0,0,greedy,3,opening,False,0.0,0.0,True
19,2,0,"[[5, 0], [4, 1]]","[4, 1]",107,29.7532,0.791,0,1.0,greedy,3,opening,False,0.0,0.0,False
19,3,1,"[[0, 1], [1, 0]]","[1, 0]",90,32.1884,0.8242,0,1.0,greedy,3,opening,False,0.0,0.0,True
19,4,0,"[[4, 1], [3, 2]]","[3, 2]",111,24.7142,0.8073,0,1.0,greedy,3,opening,False,0.0,0.0,False
19,5,1,"[[2, 1], [4, 3]]","[4, 3]",16,3.1824,0.75,0,1.0,greedy,3,opening,True,0.0,0.0,False
19,6,0,"[[6, 3], [5, 4]]","[5, 4]",162,44.5514,0.6384,0,1.0,greedy,3,opening,False,0.0,0.0,False
19,7,1,"[[1, 2], [2, 1]]","[2, 1]",77,17.6146,0.8496,0,1.0,greedy,3,opening,False,0.0,0.0,True
19,8,0,"[[5, 4], [3, 2]]","[3, 2]",10,1.7583,0.8438,0,1.0,greedy,3,opening,False,0.0,0.0,False
19,9,1,"[[2, 1], [4, 3]]","[4, 3]",16,4.137,0.75,-11,1.0,greedy,3,opening,False,0.0,0.0,False
19,10,0,"[[6, 7], [5, 6]]","[5, 6]",144,44.5173,0.6786,-11,14.0,greedy,3,opening,True,0,0.0,False
19,11,1,"[[4, 3], [5, 4]]","[5, 4]",134,37.3468,0.7383,-11,14.0,greedy,3,opening,False,0.0,0.0,True
19,12,0,"[[6, 5], [4, 3]]","[4, 3]",24,4.4417,0.625,-11,14.0,greedy,3,opening,False,0.0,0.0,False
19,13,1,"[[0, 3], [1, 2]]","[1, 2]",82,21.7445,0.7865,-22,14.0,greedy,3,opening,False,0.0,0.0,True
19,14,0,"[[5, 6], [4, 5]]","[4, 5]",165,40.673,0.7656,-22,14.0,greedy,3,opening,False,0.0,0.0,False
19,15,1,"[[1, 0], [2, 1]]","[2, 1]",89,43.3776,0.8013,-22,14.0,greedy,3,opening,True,1.0,0.0,True
19,16,0,"[[4, 5], [3, 6]]","[3, 6]",275,78.1162,0.6094,-22,15.0,greedy,3,opening,False,0.0,0.0,False
19,17,1,"[[1, 6], [2, 7]]","[2, 7]",99,23.8614,0.779,-22,15.0,greedy,3,opening,False,0.0,0.0,True
19,18,0,"[[3, 6], [2, 5]]","[2, 5]",104,29.866,0.8375,-22,45.0,greedy,3,opening,False,0.0,0.0,False
19,19,1,"[[1, 4], [3, 6]]","[3, 6]",27,6.8944,0.5781,-22,45.0,greedy,3,opening,False,0.0,0.0,False
19,20,0,"[[4, 3], [3, 4]]","[3, 4]",212,60.0424,0.6319,-22,87.0,greedy,3,midgame,True,0,0.0,False
19,21,1,"[[0, 5], [1, 4]]","[1, 4]",111,28.9459,0.7832,-22,87.0,greedy,3,midgame,False,0.0,0.0,True
19,22,0,"[[3, 4], [2, 5]]","[2, 5]",114,26.2346,0.8021,-22,87.0,greedy,3,midgame,False,0.0,0.0,False
19,23,1,"[[1, 4], [2, 3]]","[2, 3]",92,20.4625,0.7946,-22,87.0,greedy,3,midgame,False,0.0,0.0,True
19,24,0,"[[7, 0], [6, 1]]","[6, 1]",72,15.3944,0.875,-22,87.0,greedy,3,midgame,False,0.0,0.0,False
19,25,1,"[[2, 1], [3, 0]]","[3, 0]",88,15.8539,0.8036,-22,87.0,greedy,3,midgame,False,0.0,0.0,True
19,26,0,"[[6, 1], [5, 0]]","[5, 0]",71,14.292,0.8767,-22,87.0,greedy,3,midgame,False,0.0,0.0,False
19,27,1,"[[1, 2], [2, 1]]","[2, 1]",86,15.7337,0.808,-22,87.0,greedy,3,midgame,False,0.0,0.0,True
19,28,0,"[[2, 5], [1, 6]]","[1, 6]",71,15.7993,0.8767,-22,87.0,greedy,3,midgame,False,0.0,0.0,False
19,29,1,"[[0, 7], [2, 5]]","[2, 5]",22,6.1829,0.6562,-22,87.0,greedy,3,midgame,False,0.0,0.0,False
19,30,0,"[[5, 0], [4, 1]]","[4, 1]",57,17.4606,0.8728,-22,100.0,greedy,3,midgame,True,0,0.0,False
19,31,1,"[[3, 0], [5, 2]]","[5, 2]",21,3.1137,0.6719,-22,100.0,greedy,3,midgame,False,0.0,0.0,False
19,32,0,"[[7, 4], [6, 3]]","[6, 3]",55,7.7829,0.8568,-22,112.0,greedy,3,midgame,False,0.0,0.0,False
19,33,1,"[[5, 2], [7, 4]]","[7, 4]",18,4.8962,0.7188,-22,112.0,greedy,3,midgame,False,0.0,0.0,False
19,34,0,"[[7, 2], [6, 1]]","[6, 1]",71,18.4138,0.7227,-22,114.0,greedy,3,midgame,False,0.0,0.0,False
19,35,1,"[[2, 1], [3, 0]]","[3, 0]",105,18.2891,0.8177,-22,114.0,greedy,3,midgame,True,0.0,0.0,True
19,36,0,"[[6, 1], [5, 0]]","[5, 0]",41,7.1065,0.8398,-22,114.0,greedy,3,midgame,False,0.0,0.0,False
19,37,1,"[[2, 3], [3, 2]]","[3, 2]",103,22.239,0.7988,-22,114.0,greedy,3,midgame,False,0.0,0.0,True
19,38,0,"[[5, 0], [4, 1]]","[4, 1]",14,3.1829,0.9271,-22,114.0,greedy,3,midgame,False,0.0,0.0,False
19,39,1,"[[3, 0], [5, 2]]","[5, 2]",25,4.3113,0.8047,-22,114.0,greedy,3,midgame,False,0.0,0.0,True
19,40,0,"[[7, 6], [6, 7]]","[6, 7]",22,3.9482,0.8281,-22,128.0,greedy,3,midgame,True,0,0.0,False
19,41,1,"[[5, 2], [6, 1]]","[6, 1]",73,15.5418,0.8733,-22,128.0,greedy,3,midgame,False,0.0,0.0,True
19,42,0,"[[6, 7], [5, 6]]","[5, 6]",21,5.218,0.6719,-22,128.0,greedy,3,midgame,False,0.0,0.0,False
19,43,1,"[[3, 6], [4, 7]]","[4, 7]",77,16.3565,0.8663,-22,128.0,greedy,3,midgame,False,0.0,0.0,True
19,44,0,"[[5, 6], [4, 5]]","[4, 5]",22,2.7843,0.6562,-22,156.0,greedy,3,midgame,False,0.0,0.0,False
19,45,1,"[[6, 1], [7, 0]]","[7, 0]",63,12.7096,0.9016,-22,156.0,greedy,3,midgame,True,144.0,144.0,True
19,46,0,"[[4, 5], [3, 4]]","[3, 4]",5,0.5016,0.9609,-22,156.0,greedy,3,midgame,False,0.0,0.0,False
19,47,1,"[[2, 5], [4, 3]]","[4, 3]",2,0.1504,0.9688,-22,156.0,greedy,3,midgame,False,0.0,0.0,False
20,0,0,"[[6, 1], [5, 0]]","[5, 0]",83,18.6775,0.8147,0,0,greedy,3,opening,False,0,0.0,False
20,1,1,"[[1, 0], [2, 1]]","[2, 1]",85,26.3422,0.8103,0,0,greedy,3,opening,False,0.0,0.0,True
20,2,0,"[[5, 0], [4, 1]]","[4, 1]",107,27.0615,0.791,0,1.0,greedy,3,opening,False,0.0,0.0,False
20,3,1,"[[0, 1], [1, 0]]","[1, 0]",90,34.1904,0.8242,0,1.0,greedy,3,opening,False,0.0,0.0,True
20,4,0,"[[4, 1], [3, 2]]","[3, 2]",111,43.3805,0.8073,0,1.0,greedy,3,opening,False,0.0,0.0,False
20,5,1,"[[2, 1], [4, 3]]","[4, 3]",16,5.3663,0.75,0,1.0,greedy,3,opening,True,0.0,0.0,False
20,6,0,"[[6, 3], [5, 4]]","[5, 4]",162,39.4559,0.6384,0,1.0,greedy,3,opening,False,0.0,0.0,False
20,7,1,"[[1, 2], [2, 1]]","[2, 1]",77,23.1092,0.8496,0,1.0,greedy,3,opening,False,0.0,0.0,True
20,8,0,"[[5, 4], [3, 2]]","[3, 2]",10,3.0601,0.8438,0,1.0,greedy,3,opening,False,0.0,0.0,False
20,9,1,"[[2, 1], [4, 3]]","[4, 3]",16,5.4691,0.75,-11,1.0,greedy,3,opening,False,0.0,0.0,False
20,10,0,"[[6, 7], [5, 6]]","[5, 6]",144,33.0474,0.6786,-11,14.0,greedy,3,opening,True,0,0.0,False
20,11,1,"[[4, 3], [5, 4]]","[5, 4]",134,39.2013,0.7383,-11,14.0,greedy,3,opening,False,0.0,0.0,True
20,12,0,"[[6, 5], [4, 3]]","[4, 3]",24,4.7817,0.625,-11,14.0,greedy,3,opening,False,0.0,0.0,False
20,13,1,"[[0, 3], [1, 2]]","[1, 2]",82,15.4624,0.7865,-22,14.0,greedy,3,opening,False,0.0,0.0,True
20,14,0,"[[5, 6], [4, 5]]","[4, 5]",165,53.1363,0.7656,-22,14.0,greedy,3,opening,False,0.0,0.0,False
20,15,1,"[[1, 0], [2, 1]]","[2, 1]",89,19.5084,0.8013,-22,14.0,greedy,3,opening,True,1.0,0.0,True
20,16,0,"[[4, 5], [3, 6]]","[3, 6]",275,82.1671,0.6094,-22,15.0,greedy,3,opening,False,0.0,0.0,False
20,17,1,"[[1, 6], [2, 7]]","[2, 7]",99,21.5631,0.779,-22,15.0,greedy,3,opening,False,0.0,0.0,True
20,18,0,"[[3, 6], [2, 5]]","[2, 5]",104,28.3177,0.8375,-22,45.0,greedy,3,opening,False,0.0,0.0,False
20,19,1,"[[1, 4], [3, 6]]","[3, 6]",27,7.3822,0.5781,-22,45.0,greedy,3,opening,False,0.0,0.0,False
20,20,0,"[[4, 3], [3, 4]]","[3, 4]",212,39.9349,0.6319,-22,87.0,greedy,3,midgame,True,0,0.0,False
20,21,1,"[[0, 5], [1, 4]]","[1, 4]",111,25.5997,0.7832,-22,87.0,greedy,3,midgame,False,0.0,0.0,True
20,22,0,"[[3, 4], [2, 5]]","[2, 5]",114,26.1574,0.8021,-22,87.0,greedy,3,midgame,False,0.0,0.0,False
20,23,1,"[[1, 4], [2, 3]]","[2, 3]",92,26.309,0.7946,-22,87.0,greedy,3,midgame,False,0.0,0.0,True
20,24,0,"[[7, 0], [6, 1]]","[6, 1]",72,20.5066,0.875,-22,87.0,greedy,3,midgame,False,0.0,0.0,False
20,25,1,"[[2, 1], [3, 0]]","[3, 0]",88,22.7501,0.8036,-22,87.0,greedy,3,midgame,False,0.0,0.0,True
20,26,0,"[[6, 1], [5, 0]]","[5, 0]",71,11.5137,0.8767,-22,87.0,greedy,3,midgame,False,0.0,0.0,False
20,27,1,"[[1, 2], [2, 1]]","[2, 1]",86,20.8659,0.808,-22,87.0,greedy,3,midgame,False,0.0,0.0,True
20,28,0,"[[2, 5], [1, 6]]","[1, 6]",71,16.9435,0.8767,-22,87.0,greedy,3,midgame,False,0.0,0.0,False
20,29,1,"[[0, 7], [2, 5]]","[2, 5]",22,5.7819,0.6562,-22,87.0,greedy,3,midgame,False,0.0,0.0,False
20,30,0,"[[5, 0], [4, 1]]","[4, 1]",57,12.5337,0.8728,-22,100.0,greedy,3,midgame,True,0,0.0,False
20,31,1,"[[3, 0], [5, 2]]","[5, 2]",21,5.2459,0.6719,-22,100.0,greedy,3,midgame,False,0.0,0.0,False
20,32,0,"[[7, 4], [6, 3]]","[6, 3]",55,7.8392,0.8568,-22,112.0,greedy,3,midgame,False,0.0,0.0,False
20,33,1,"[[5, 2], [7, 4]]","[7, 4]",18,2.0962,0.7188,-22,112.0,greedy,3,midgame,False,0.0,0.0,False
20,34,0,"[[7, 2], [6, 1]]","[6, 1]",71,15.6279,0.7227,-22,114.0,greedy,3,midgame,False,0.0,0.0,False
20,35,1,"[[2, 1], [3, 0]]","[3, 0]",105,24.801,0.8177,-22,114.0,greedy,3,midgame,True,0.0,0.0,True
20,36,0,"[[6, 1], [5, 0]]","[5, 0]",41,11.6389,0.8398,-22,114.0,greedy,3,midgame,False,0.0,0.0,False
20,37,1,"[[2, 3], [3, 2]]","[3, 2]",103,12.7289,0.7988,-22,114.0,greedy,3,midgame,False,0.0,0.0,True
20,38,0,"[[5, 0], [4, 1]]","[4, 1]",14,2.703,0.9271,-22,114.0,greedy,3,midgame,False,0.0,0.0,False
20,39,1,"[[3, 0], [5, 2]]","[5, 2]",25,2.6438,0.8047,-22,114.0,greedy,3,midgame,False,0.0,0.0,True
20,40,0,"[[7, 6], [6, 7]]","[6, 7]",22,2.5752,0.8281,-22,128.0,greedy,3,midgame,True,0,0.0,False
20,41,1,"[[5, 2], [6, 1]]","[6, 1]",73,11.4138,0.8733,-22,128.0,greedy,3,midgame,False,0.0,0.0,True
20,42,0,"[[6, 7], [5, 6]]","[5, 6]",21,5.2054,0.6719,-22,128.0,greedy,3,midgame,False,0.0,0.0,False
20,43,1,"[[3, 6], [4, 7]]","[4, 7]",77,16.2055,0.8663,-22,128.0,greedy,3,midgame,False,0.0,0.0,True
20,44,0,"[[5, 6], [4, 5]]","[4, 5]",22,5.2533,0.6562,-22,156.0,greedy,3,midgame,False,0.0,0.0,False
20,45,1,"[[6, 1], [7, 0]]","[7, 0]",63,12.8026,0.9016,-22,156.0,greedy,3,midgame,True,144.0,144.0,True
20,46,0,"[[4, 5], [3, 4]]","[3, 4]",5,0.4363,0.9609,-22,156.0,greedy,3,midgame,False,0.0,0.0,False
20,47,1,"[[2, 5], [4, 3]]","[4, 3]",2,0.1287,0.9688,-22,156.0,greedy,3,midgame,False,0.0,0.0,False
21,0,0,"[[6, 1], [5, 0]]","[5, 0]",83,23.6876,0.8147,0,0,greedy,3,opening,False,0,0.0,False
21,1,1,"[[1, 0], [2, 1]]","[2, 1]",85,24.4317,0.8103,0,0,greedy,3,opening,False,0.0,0.0,True
21,2,0,"[[5, 0], [4, 1]]","[4, 1]",107,27.2148,0.791,0,1.0,greedy,3,opening,False,0.0,0.0,False
21,3,1,"[[0, 1], [1, 0]]","[1, 0]",90,27.5443,0.8242,0,1.0,greedy,3,opening,False,0.0,0.0,True
21,4,0,"[[4, 1], [3, 2]]","[3, 2]",111,36.5071,0.8073,0,1.0,greedy,3,opening,False,0.0,0.0,False
21,5,1,"[[2, 1], [4, 3]]","[4, 3]",16,5.8684,0.75,0,1.0,greedy,3,opening,True,0.0,0.0,False
21,6,0,"[[6, 3], [5, 4]]","[5, 4]",162,55.6211,0.6384,0,1.0,greedy,3,opening,False,0.0,0.0,False
21,7,1,"[[1, 2], [2, 1]]","[2, 1]",77,23.1531,0.8496,0,1.0,greedy,3,opening,False,0.0,0.0,True
21,8,0,"[[5, 4], [3, 2]]","[3, 2]",10,2.2342,0.8438,0,1.0,greedy,3,opening,False,0.0,0.0,False
21,9,1,"[[2, 1], [4, 3]]","[4, 3]",16,4.7436,0.75,-11,1.0,greedy,3,opening,False,0.0,0.0,False
21,10,0,"[[6, 7], [5, 6]]","[5, 6]",144,49.9444,0.6786,-11,14.0,greedy,3,opening,True,0,0.0,False
21,11,1,"[[4, 3], [5, 4]]","[5, 4]",134,29.6979,0.7383,-11,14.0,greedy,3,opening,False,0.0,0.0,True
21,12,0,"[[6, 5], [4, 3]]","[4, 3]",24,7.5064,0.625,-11,14.0,greedy,3,opening,False,0.0,0.0,False
21,13,1,"[[0, 3], [1, 2]]","[1, 2]",82,19.3594,0.7865,-22,14.0,greedy,3,opening,False,0.0,0.0,True
21,14,0,"[[5, 6], [4, 5]]","[4, 5]",165,40.2513,0.7656,-22,14.0,greedy,3,opening,False,0.0,0.0,False
21,15,1,"[[1, 0], [2, 1]]","[2, 1]",89,18.1835,0.8013,-22,14.0,greedy,3,opening,True,1.0,0.0,True
21,16,0,"[[4, 5], [3, 6]]","[3, 6]",275,73.1342,0.6094,-22,15.0,greedy,3,opening,False,0.0,0.0,False
21,17,1,"[[1, 6], [2, 7]]","[2, 7]",99,29.5937,0.779,-22,15.0,greedy,3,opening,False,0.0,0.0,True
21,18,0,"[[3, 6], [2, 5]]","[2, 5]",104,24.3626,0.8375,-22,45.0,greedy,3,opening,False,0.0,0.0,False
21,19,1,"[[1, 4], [3, 6]]","[3, 6]",27,4.0219,0.5781,-22,45.0,greedy,3,opening,False,0.0,0.0,False
21,20,0,"[[4, 3], [3, 4]]","[3, 4]",212,49.5298,0.6319,-22,87.0,greedy,3,midgame,True,0,0.0,False
21,21,1,"[[0, 5], [1, 4]]","[1, 4]",111,23.653,0.7832,-22,87.0,greedy,3,midgame,False,0.0,0.0,True
21,22,0,"[[3, 4], [2, 5]]","[2, 5]",114,23.0329,0.8021,-22,87.0,greedy,3,midgame,False,0.0,0.0,False
21,23,1,"[[1, 4], [2, 3]]","[2, 3]",92,22.4683,0.7946,-22,87.0,greedy,3,midgame,False,0.0,0.0,True
21,24,0,"[[7, 0], [6, 1]]","[6, 1]",72,17.9749,0.875,-22,87.0,greedy,3,midgame,False,0.0,0.0,False
21,25,1,"[[2, 1], [3, 0]]","[3, 0]",88,14.1401,0.8036,-22,87.0,greedy,3,midgame,False,0.0,0.0,True
21,26,0,"[[6, 1], [5, 0]]","[5, 0]",71,19.6342,0.8767,-22,87.0,greedy,3,midgame,False,0.0,0.0,False
21,27,1,"[[1, 2], [2, 1]]","[2, 1]",86,19.7337,0.808,-22,87.0,greedy,3,midgame,False,0.0,0.0,True
21,28,0,"[[2, 5], [1, 6]]","[1, 6]",71,13.417,0.8767,-22,87.0,greedy,3,midgame,False,0.0,0.0,False
21,29,1,"[[0, 7], [2, 5]]","[2, 5]",22,3.0775,0.6562,-22,87.0,greedy,3,midgame,False,0.0,0.0,False
21,30,0,"[[5, 0], [4, 1]]","[4, 1]",57,10.87,0.8728,-22,100.0,greedy,3,midgame,True,0,0.0,False
21,31,1,"[[3, 0], [5, 2]]","[5, 2]",21,3.1171,0.6719,-22,100.0,greedy,3,midgame,False,0.0,0.0,False
21,32,0,"[[7, 4], [6, 3]]","[6, 3]",55,12.5575,0.8568,-22,112.0,greedy,3,midgame,False,0.0,0.0,False
21,33,1,"[[5, 2], [7, 4]]","[7, 4]",18,2.3391,0.7188,-22,112.0,greedy,3,midgame,False,0.0,0.0,False
21,34,0,"[[7, 2], [6, 1]]","[6, 1]",71,14.9498,0.7227,-22,114.0,greedy,3,midgame,False,0.0,0.0,False
21,35,1,"[[2, 1], [3, 0]]","[3, 0]",105,22.0249,0.8177,-22,114.0,greedy,3,midgame,True,0.0,0.0,True
21,36,0,"[[6, 1], [5, 0]]","[5, 0]",41,11.6055,0.8398,-22,114.0,greedy,3,midgame,False,0.0,0.0,False
21,37,1,"[[2, 3], [3, 2]]","[3, 2]",103,17.437,0.7988,-22,114.0,greedy,3,midgame,False,0.0,0.0,True
21,38,0,"[[5, 0], [4, 1]]","[4, 1]",14,2.0061,0.9271,-22,114.0,greedy,3,midgame,False,0.0,0.0,False
21,39,1,"[[3, 0], [5, 2]]","[5, 2]",25,4.2398,0.8047,-22,114.0,greedy,3,midgame,False,0.0,0.0,True
21,40,0,"[[7, 6], [6, 7]]","[6, 7]",22,4.8604,0.8281,-22,128.0,greedy,3,midgame,True,0,0.0,False
21,41,1,"[[5, 2], [6, 1]]","[6, 1]",73,8.8303,0.8733,-22,128.0,greedy,3,midgame,False,0.0,0.0,True
21,42,0,"[[6, 7], [5, 6]]","[5, 6]",21,3.0961,0.6719,-22,128.0,greedy,3,midgame,False,0.0,0.0,False
21,43,1,"[[3, 6], [4, 7]]","[4, 7]",77,16.4275,0.8663,-22,128.0,greedy,3,midgame,False,0.0,0.0,True
21,44,0,"[[5, 6], [4, 5]]","[4, 5]",22,2.84,0.6562,-22,156.0,greedy,3,midgame,False,0.0,0.0,False
21,45,1,"[[6, 1], [7, 0]]","[7, 0]",63,7.942,0.9016,-22,156.0,greedy,3,midgame,True,144.0,144.0,True
21,46,0,"[[4, 5], [3, 4]]","[3, 4]",5,1.0819,0.9609,-22,156.0,greedy,3,midgame,False,0.0,0.0,False
21,47,1,"[[2, 5], [4, 3]]","[4, 3]",2,0.1338,0.9688,-22,156.0,greedy,3,midgame,False,0.0,0.0,False
22,0,0,"[[6, 1], [5, 0]]","[5, 0]",83,17.6797,0.8147,0,0,greedy,3,opening,False,0,0.0,False
22,1,1,"[[1, 0], [2, 1]]","[2, 1]",85,30.2186,0.8103,0,0,greedy,3,opening,False,0.0,0.0,True
22,2,0,"[[5, 0], [4, 1]]","[4, 1]",107,34.4243,0.791,0,1.0,greedy,3,opening,False,0.0,0.0,False
22,3,1,"[[0, 1], [1, 0]]","[1, 0]",90,27.7023,0.8242,0,1.0,greedy,3,opening,False,0.0,0.0,True
22,4,0,"[[4, 1], [3, 2]]","[3, 2]",111,40.8213,0.8073,0,1.0,greedy,3,opening,False,0.0,0.0,False
22,5,1,"[[2, 1], [4, 3]]","[4, 3]",16,5.8875,0.75,0,1.0,greedy,3,opening,True,0.0,0.0,False
22,6,0,"[[6, 3], [5, 4]]","[5, 4]",162,58.5935,0.6384,0,1.0,greedy,3,opening,False,0.0,0.0,False
22,7,1,"[[1, 2], [2, 1]]","[2, 1]",77,27.0362,0.8496,0,1.0,greedy,3,opening,False,0.0,0.0,True
22,8,0,"[[5, 4], [3, 2]]","[3, 2]",10,3.0344,0.8438,0,1.0,greedy,3,opening,False,0.0,0.0,False
22,9,1,"[[2, 1], [4, 3]]","[4, 3]",16,4.0212,0.75,-11,1.0,greedy,3,opening,False,0.0,0.0,False
22,10,0,"[[6, 7], [5, 6]]","[5, 6]",144,41.5854,0.6786,-11,14.0,greedy,3,opening,True,0,0.0,False
22,11,1,"[[4, 3], [5, 4]]","[5, 4]",134,35.4388,0.7383,-11,14.0,greedy,3,opening,False,0.0,0.0,True
22,12,0,"[[6, 5], [4, 3]]","[4, 3]",24,5.4536,0.625,-11,14.0,greedy,3,opening,False,0.0,0.0,False
22,13,1,"[[0, 3], [1, 2]]","[1, 2]",82,25.3625,0.7865,-22,14.0,greedy,3,opening,False,0.0,0.0,True
22,14,0,"[[5, 6], [4, 5]]","[4, 5]",165,38.4884,0.7656,-22,14.0,greedy,3,opening,False,0.0,0.0,False
22,15,1,"[[1, 0], [2, 1]]","[2, 1]",89,19.8429,0.8013,-22,14.0,greedy,3,opening,True,1.0,0.0,True
22,16,0,"[[4, 5], [3, 6]]","[3, 6]",275,87.2123,0.6094,-22,15.0,greedy,3,opening,False,0.0,0.0,False
22,17,1,"[[1, 6], [2, 7]]","[2, 7]",99,31.9941,0.779,-22,15.0,greedy,3,opening,False,0.0,0.0,True
22,18,0,"[[3, 6], [2, 5]]","[2, 5]",104,35.9969,0.8375,-22,45.0,greedy,3,opening,False,0.0,0.0,False
22,19,1,"[[1, 4], [3, 6]]","[3, 6]",27,8.2328,0.5781,-22,45.0,greedy,3,opening,False,0.0,0.0,False
22,20,0,"[[4, 3], [3, 4]]","[3, 4]",212,78.6626,0.6319,-22,87.0,greedy,3,midgame,True,0,0.0,False
22,21,1,"[[0, 5], [1, 4]]","[1, 4]",111,34.2896,0.7832,-22,87.0,greedy,3,midgame,False,0.0,0.0,True
22,22,0,"[[3, 4], [2, 5]]","[2, 5]",114,24.8368,0.8021,-22,87.0,greedy,3,midgame,False,0.0,0.0,False
22,23,1,"[[1, 4], [2, 3]]","[2, 3]",92,28.3859,0.7946,-22,87.0,greedy,3,midgame,False,0.0,0.0,True
22,24,0,"[[7, 0], [6, 1]]","[6, 1]",72,20.8502,0.875,-22,87.0,greedy,3,midgame,False,0.0,0.0,False
22,25,1,"[[2, 1], [3, 0]]","[3, 0]",88,15.0144,0.8036,-22,87.0,greedy,3,midgame,False,0.0,0.0,True
22,26,0,"[[6, 1], [5, 0]]","[5, 0]",71,12.7728,0.8767,-22,87.0,greedy,3,midgame,False,0.0,0.0,False
22,27,1,"[[1, 2], [2, 1]]","[2, 1]",86,16.6736,0.808,-22,87.0,greedy,3,midgame,False,0.0,0.0,True
22,28,0,"[[2, 5], [1, 6]]","[1, 6]",71,21.4045,0.8767,-22,87.0,greedy,3,midgame,False,0.0,0.0,False
22,29,1,"[[0, 7], [2, 5]]","[2, 5]",22,5.7185,0.6562,-22,87.0,greedy,3,midgame,False,0.0,0.0,False
22,30,0,"[[5, 0], [4, 1]]","[4, 1]",57,12.2139,0.8728,-22,100.0,greedy,3,midgame,True,0,0.0,False
22,31,1,"[[3, 0], [5, 2]]","[5, 2]",21,4.0407,0.6719,-22,100.0,greedy,3,midgame,False,0.0,0.0,False
22,32,0,"[[7, 4], [6, 3]]","[6, 3]",55,15.4438,0.8568,-22,112.0,greedy,3,midgame,False,0.0,0.0,False
22,33,1,"[[5, 2], [7, 4]]","[7, 4]",18,5.7611,0.7188,-22,112.0,greedy,3,midgame,False,0.0,0.0,False
22,34,0,"[[7, 2], [6, 1]]","[6, 1]",71,26.1176,0.7227,-22,114.0,greedy,3,midgame,False,0.0,0.0,False
22,35,1,"[[2, 1], [3, 0]]","[3, 0]",105,20.9751,0.8177,-22,114.0,greedy,3,midgame,True,0.0,0.0,True
22,36,0,"[[6, 1], [5, 0]]","[5, 0]",41,7.4403,0.8398,-22,114.0,greedy,3,midgame,False,0.0,0.0,False
22,37,1,"[[2, 3], [3, 2]]","[3, 2]",103,21.0083,0.7988,-22,114.0,greedy,3,midgame,False,0.0,0.0,True
22,38,0,"[[5, 0], [4, 1]]","[4, 1]",14,3.6807,0.9271,-22,114.0,greedy,3,midgame,False,0.0,0.0,False
22,39,1,"[[3, 0], [5, 2]]","[5, 2]",25,5.6915,0.8047,-22,114.0,greedy,3,midgame,False,0.0,0.0,True
22,40,0,"[[7, 6], [6, 7]]","[6, 7]",22,4.9832,0.8281,-22,128.0,greedy,3,midgame,True,0,0.0,False
22,41,1,"[[5, 2], [6, 1]]","[6, 1]",73,15.5387,0.8733,-22,128.0,greedy,3,midgame,False,0.0,0.0,True
22,42,0,"[[6, 7], [5, 6]]","[5, 6]",21,4.4184,0.6719,-22,128.0,greedy,3,midgame,False,0.0,0.0,False
22,43,1,"[[3, 6], [4, 7]]","[4, 7]",77,16.999,0.8663,-22,128.0,greedy,3,midgame,False,0.0,0.0,True
22,44,0,"[[5, 6], [4, 5]]","[4, 5]",22,6.7675,0.6562,-22,156.0,greedy,3,midgame,False,0.0,0.0,False
22,45,1,"[[6, 1], [7, 0]]","[7, 0]",63,15.676,0.9016,-22,156.0,greedy,3,midgame,True,144.0,144.0,True
22,46,0,"[[4, 5], [3, 4]]","[3, 4]",5,0.8075,0.9609,-22,156.0,greedy,3,midgame,False,0.0,0.0,False
22,47,1,"[[2, 5], [4, 3]]","[4, 3]",2,0.247,0.9688,-22,156.0,greedy,3,midgame,False,0.0,0.0,False
23,0,0,"[[6, 1], [5, 0]]","[5, 0]",83,26.3207,0.8147,0,0,greedy,3,opening,False,0,0.0,False
23,1,1,"[[1, 0], [2, 1]]","[2, 1]",85,30.288,0.8103,0,0,greedy,3,opening,False,0.0,0.0,True
23,2,0,"[[5, 0], [4, 1]]","[4, 1]",107,33.2479,0.791,0,1.0,greedy,3,opening,False,0.0,0.0,False
23,3,1,"[[0, 1], [1, 0]]","[1, 0]",90,33.3052,0.8242,0,1.0,greedy,3,opening,False,0.0,0.0,True
23,4,0,"[[4, 1], [3, 2]]","[3, 2]",111,36.7403,0.8073,0,1.0,greedy,3,opening,False,0.0,0.0,False
23,5,1,"[[2, 1], [4, 3]]","[4, 3]",16,3.6542,0.75,0,1.0,greedy,3,opening,True,0.0,0.0,False
23,6,0,"[[6, 3], [5, 4]]","[5, 4]",162,50.7817,0.6384,0,1.0,greedy,3,opening,False,0.0,0.0,False
23,7,1,"[[1, 2], [2, 1]]","[2, 1]",77,23.7956,0.8496,0,1.0,greedy,3,opening,False,0.0,0.0,True
23,8,0,"[[5, 4], [3, 2]]","[3, 2]",10,4.2105,0.8438,0,1.0,greedy,3,opening,False,0.0,0.0,False
23,9,1,"[[2, 1], [4, 3]]","[4, 3]",16,4.9398,0.75,-11,1.0,greedy,3,opening,False,0.0,0.0,False
23,10,0,"[[6, 7], [5, 6]]","[5, 6]",144,45.8951,0.6786,-11,14.0,greedy,3,opening,True,0,0.0,False
23,11,1,"[[4, 3], [5, 4]]","[5, 4]",134,35.6412,0.7383,-11,14.0,greedy,3,opening,False,0.0,0.0,True
23,12,0,"[[6, 5], [4, 3]]","[4, 3]",24,7.0236,0.625,-11,14.0,greedy,3,opening,False,0.0,0.0,False
23,13,1,"[[0, 3], [1, 2]]","[1, 2]",82,24.7626,0.7865,-22,14.0,greedy,3,opening,False,0.0,0.0,True
23,14,0,"[[5, 6], [4, 5]]","[4, 5]",165,43.5917,0.7656,-22,14.0,greedy,3,opening,False,0.0,0.0,False
23,15,1,"[[1, 0], [2, 1]]","[2, 1]",89,31.3873,0.8013,-22,14.0,greedy,3,opening,True,1.0,0.0,True
23,16,0,"[[4, 5], [3, 6]]","[3, 6]",275,110.2149,0.6094,-22,15.0,greedy,3,opening,False,0.0,0.0,False
23,17,1,"[[1, 6], [2, 7]]","[2, 7]",99,21.0423,0.779,-22,15.0,greedy,3,opening,False,0.0,0.0,True
23,18,0,"[[3, 6], [2, 5]]","[2, 5]",104,24.3599,0.8375,-22,45.0,greedy,3,opening,False,0.0,0.0,False
23,19,1,"[[1, 4], [3, 6]]","[3, 6]",27,5.9936,0.5781,-22,45.0,greedy,3,opening,False,0.0,0.0,False
23,20,0,"[[4, 3], [3, 4]]","[3, 4]",212,42.6705,0.6319,-22,87.0,greedy,3,midgame,True,0,0.0,False
23,21,1,"[[0, 5], [1, 4]]","[1, 4]",111,20.9544,0.7832,-22,87.0,greedy,3,midgame,False,0.0,0.0,True
23,22,0,"[[3, 4], [2, 5]]","[2, 5]",114,24.307,0.8021,-22,87.0,greedy,3,midgame,False,0.0,0.0,False
23,23,1,"[[1, 4], [2, 3]]","[2, 3]",92,26.2749,0.7946,-22,87.0,greedy,3,midgame,False,0.0,0.0,True
23,24,0,"[[7, 0], [6, 1]]","[6, 1]",72,12.5432,0.875,-22,87.0,greedy,3,midgame,False,0.0,0.0,False
23,25,1,"[[2, 1], [3, 0]]","[3, 0]",88,20.0708,0.8036,-22,87.0,greedy,3,midgame,False,0.0,0.0,True
23,26,0,"[[6, 1], [5, 0]]","[5, 0]",71,14.3843,0.8767,-22,87.0,greedy,3,midgame,False,0.0,0.0,False
23,27,1,"[[1, 2], [2, 1]]","[2, 1]",86,17.5483,0.808,-22,87.0,greedy,3,midgame,False,0.0,0.0,True
23,28,0,"[[2, 5], [1, 6]]","[1, 6]",71,13.809,0.8767,-22,87.0,greedy,3,midgame,False,0.0,0.0,False
23,29,1,"[[0, 7], [2, 5]]","[2, 5]",22,3.0458,0.6562,-22,87.0,greedy,3,midgame,False,0.0,0.0,False
23,30,0,"[[5, 0], [4, 1]]","[4, 1]",57,10.8199,0.8728,-22,100.0,greedy,3,midgame,True,0,0.0,False
23,31,1,"[[3, 0], [5, 2]]","[5, 2]",21,3.1369,0.6719,-22,100.0,greedy,3,midgame,False,0.0,0.0,False
23,32,0,"[[7, 4], [6, 3]]","[6, 3]",55,12.8272,0.8568,-22,112.0,greedy,3,midgame,False,0.0,0.0,False
23,33,1,"[[5, 2], [7, 4]]","[7, 4]",18,3.5131,0.7188,-22,112.0,greedy,3,midgame,False,0.0,0.0,False
23,34,0,"[[7, 2], [6, 1]]","[6, 1]",71,11.0371,0.7227,-22,114.0,greedy,3,midgame,False,0.0,0.0,False
23,35,1,"[[2, 1], [3, 0]]","[3, 0]",105,23.2754,0.8177,-22,114.0,greedy,3,midgame,True,0.0,0.0,True
23,36,0,"[[6, 1], [5, 0]]","[5, 0]",41,12.2402,0.8398,-22,114.0,greedy,3,midgame,False,0.0,0.0,False
23,37,1,"[[2, 3], [3, 2]]","[3, 2]",103,17.3988,0.7988,-22,114.0,greedy,3,midgame,False,0.0,0.0,True
23,38,0,"[[5, 0], [4, 1]]","[4, 1]",14,2.3665,0.9271,-22,114.0,greedy,3,midgame,False,0.0,0.0,False
23,39,1,"[[3, 0], [5, 2]]","[5, 2]",25,4.9493,0.8047,-22,114.0,greedy,3,midgame,False,0.0,0.0,True
23,40,0,"[[7, 6], [6, 7]]","[6, 7]",22,2.7766,0.8281,-22,128.0,greedy,3,midgame,True,0,0.0,False
23,41,1,"[[5, 2], [6, 1]]","[6, 1]",73,8.9378,0.8733,-22,128.0,greedy,3,midgame,False,0.0,0.0,True
23,42,0,"[[6, 7], [5, 6]]","[5, 6]",21,3.1598,0.6719,-22,128.0,greedy,3,midgame,False,0.0,0.0,False
23,43,1,"[[3, 6], [4, 7]]","[4, 7]",77,8.9438,0.8663,-22,128.0,greedy,3,midgame,False,0.0,0.0,True
23,44,0,"[[5, 6], [4, 5]]","[4, 5]",22,5.1565,0.6562,-22,156.0,greedy,3,midgame,False,0.0,0.0,False
23,45,1,"[[6, 1], [7, 0]]","[7, 0]",63,13.2914,0.9016,-22,156.0,greedy,3,midgame,True,144.0,144.0,True
23,46,0,"[[4, 5], [3, 4]]","[3, 4]",5,0.807,0.9609,-22,156.0,greedy,3,midgame,False,0.0,0.0,False
23,47,1,"[[2, 5], [4, 3]]","[4, 3]",2,0.2582,0.9688,-22,156.0,greedy,3,midgame,False,0.0,0.0,False
24,0,0,"[[6, 1], [5, 0]]","[5, 0]",83,27.4582,0.8147,0,0,greedy,3,opening,False,0,0.0,False
24,1,1,"[[1, 0], [2, 1]]","[2, 1]",85,29.1183,0.8103,0,0,greedy,3,opening,False,0.0,0.0,True
24,2,0,"[[5, 0], [4, 1]]","[4, 1]",107,38.1484,0.791,0,1.0,greedy,3,opening,False,0.0,0.0,False
24,3,1,"[[0, 1], [1, 0]]","[1, 0]",90,32.1419,0.8242,0,1.0,greedy,3,opening,False,0.0,0.0,True
24,4,0,"[[4, 1], [3, 2]]","[3, 2]",111,36.4277,0.8073,0,1.0,greedy,3,opening,False,0.0,0.0,False
24,5,1,"[[2, 1], [4, 3]]","[4, 3]",16,7.5824,0.75,0,1.0,greedy,3,opening,True,0.0,0.0,False
24,6,0,"[[6, 3], [5, 4]]","[5, 4]",162,52.454,0.6384,0,1.0,greedy,3,opening,False,0.0,0.0,False
24,7,1,"[[1, 2], [2, 1]]","[2, 1]",77,20.8168,0.8496,0,1.0,greedy,3,opening,False,0.0,0.0,True
24,8,0,"[[5, 4], [3, 2]]","[3, 2]",10,1.6356,0.8438,0,1.0,greedy,3,opening,False,0.0,0.0,False
24,9,1,"[[2, 1], [4, 3]]","[4, 3]",16,3.5393,0.75,-11,1.0,greedy,3,opening,False,0.0,0.0,False
24,10,0,"[[6, 7], [5, 6]]","[5, 6]",144,29.1717,0.6786,-11,14.0,greedy,3,opening,True,0,0.0,False
24,11,1,"[[4, 3], [5, 4]]","[5, 4]",134,44.3702,0.7383,-11,14.0,greedy,3,opening,False,0.0,0.0,True
24,12,0,"[[6, 5], [4, 3]]","[4, 3]",24,7.7848,0.625,-11,14.0,greedy,3,opening,False,0.0,0.0,False
24,13,1,"[[0, 3], [1, 2]]","[1, 2]",82,14.1025,0.7865,-22,14.0,greedy,3,opening,False,0.0,0.0,True
24,14,0,"[[5, 6], [4, 5]]","[4, 5]",165,32.3174,0.7656,-22,14.0,greedy,3,opening,False,0.0,0.0,False
24,15,1,"[[1, 0], [2, 1]]","[2, 1]",89,22.9254,0.8013,-22,14.0,greedy,3,opening,True,1.0,0.0,True
24,16,0,"[[4, 5], [3, 6]]","[3, 6]",275,79.9794,0.6094,-22,15.0,greedy,3,opening,False,0.0,0.0,False
24,17,1,"[[1, 6], [2, 7]]","[2, 7]",99,20.9208,0.779,-22,15.0,greedy,3,opening,False,0.0,0.0,True
24,18,0,"[[3, 6], [2, 5]]","[2, 5]",104,25.7907,0.8375,-22,45.0,greedy,3,opening,False,0.0,0.0,False
24,19,1,"[[1, 4], [3, 6]]","[3, 6]",27,7.746,0.5781,-22,45.0,greedy,3,opening,False,0.0,0.0,False
24,20,0,"[[4, 3], [3, 4]]","[3, 4]",212,43.5817,0.6319,-22,87.0,greedy,3,midgame,True,0,0.0,False
24,21,1,"[[0, 5], [1, 4]]","[1, 4]",111,27.8203,0.7832,-22,87.0,greedy,3,midgame,False,0.0,0.0,True
24,22,0,"[[3, 4], [2, 5]]","[2, 5]",114,20.7584,0.8021,-22,87.0,greedy,3,midgame,False,0.0,0.0,False
24,23,1,"[[1, 4], [2, 3]]","[2, 3]",92,16.9899,0.7946,-22,87.0,greedy,3,midgame,False,0.0,0.0,True
24,24,0,"[[7, 0], [6, 1]]","[6, 1]",72,19.6495,0.875,-22,87.0,greedy,3,midgame,False,0.0,0.0,False
24,25,1,"[[2, 1], [3, 0]]","[3, 0]",88,16.6504,0.8036,-22,87.0,greedy,3,midgame,False,0.0,0.0,True
24,26,0,"[[6, 1], [5, 0]]","[5, 0]",71,16.6917,0.8767,-22,87.0,greedy,3,midgame,False,0.0,0.0,False
24,27,1,"[[1, 2], [2, 1]]","[2, 1]",86,17.0894,0.808,-22,87.0,greedy,3,midgame,False,0.0,0.0,True
24,28,0,"[[2, 5], [1, 6]]","[1, 6]",71,15.3985,0.8767,-22,87.0,greedy,3,midgame,False,0.0,0.0,False
24,29,1,"[[0, 7], [2, 5]]","[2, 5]",22,3.5729,0.6562,-22,87.0,greedy,3,midgame,False,0.0,0.0,False
24,30,0,"[[5, 0], [4, 1]]","[4, 1]",57,14.039,0.8728,-22,100.0,greedy,3,midgame,True,0,0.0,False
24,31,1,"[[3, 0], [5, 2]]","[5, 2]",21,6.3262,0.6719,-22,100.0,greedy,3,midgame,False,0.0,0.0,False
24,32,0,"[[7, 4], [6, 3]]","[6, 3]",55,11.313,0.8568,-22,112.0,greedy,3,midgame,False,0.0,0.0,False
24,33,1,"[[5, 2], [7, 4]]","[7, 4]",18,2.2333,0.7188,-22,112.0,greedy,3,midgame,False,0.0,0.0,False
24,34,0,"[[7, 2], [6, 1]]","[6, 1]",71,14.5581,0.7227,-22,114.0,greedy,3,midgame,False,0.0,0.0,False
24,35,1,"[[2, 1], [3, 0]]","[3, 0]",105,14.627,0.8177,-22,114.0,greedy,3,midgame,True,0.0,0.0,True
24,36,0,"[[6, 1], [5, 0]]","[5, 0]",41,11.4453,0.8398,-22,114.0,greedy,3,midgame,False,0.0,0.0,False
24,37,1,"[[2, 3], [3, 2]]","[3, 2]",103,16.9489,0.7988,-22,114.0,greedy,3,midgame,False,0.0,0.0,True
24,38,0,"[[5, 0], [4, 1]]","[4, 1]",14,2.0182,0.9271,-22,114.0,greedy,3,midgame,False,0.0,0.0,False
24,39,1,"[[3, 0], [5, 2]]","[5, 2]",25,4.2667,0.8047,-22,114.0,greedy,3,midgame,False,0.0,0.0,True
24,40,0,"[[7, 6], [6, 7]]","[6, 7]",22,4.8568,0.8281,-22,128.0,greedy,3,midgame,True,0,0.0,False
24,41,1,"[[5, 2], [6, 1]]","[6, 1]",73,16.145,0.8733,-22,128.0,greedy,3,midgame,False,0.0,0.0,True
24,42,0,"[[6, 7], [5, 6]]","[5, 6]",21,4.4467,0.6719,-22,128.0,greedy,3,midgame,False,0.0,0.0,False
24,43,1,"[[3, 6], [4, 7]]","[4, 7]",77,18.028,0.8663,-22,128.0,greedy,3,midgame,False,0.0,0.0,True
24,44,0,"[[5, 6], [4, 5]]","[4, 5]",22,2.7826,0.6562,-22,156.0,greedy,3,midgame,False,0.0,0.0,False
24,45,1,"[[6, 1], [7, 0]]","[7, 0]",63,7.0248,0.9016,-22,156.0,greedy,3,midgame,True,144.0,144.0,True
24,46,0,"[[4, 5], [3, 4]]","[3, 4]",5,0.437,0.9609,-22,156.0,greedy,3,midgame,False,0.0,0.0,False
24,47,1,"[[2, 5], [4, 3]]","[4, 3]",2,0.1295,0.9688,-22,156.0,greedy,3,midgame,False,0.0,0.0,False
25,0,0,"[[6, 1], [5, 0]]","[5, 0]",83,27.6237,0.8147,0,0,greedy,3,opening,False,0,0.0,False
25,1,1,"[[1, 0], [2, 1]]","[2, 1]",85,30.4937,0.8103,0,0,greedy,3,opening,False,0.0,0.0,True
25,2,0,"[[5, 0], [4, 1]]","[4, 1]",107,32.105,0.791,0,1.0,greedy,3,opening,False,0.0,0.0,False
25,3,1,"[[0, 1], [1, 0]]","[1, 0]",90,32.8479,0.8242,0,1.0,greedy,3,opening,False,0.0,0.0,True
25,4,0,"[[4, 1], [3, 2]]","[3, 2]",111,37.2708,0.8073,0,1.0,greedy,3,opening,False,0.0,0.0,False
25,5,1,"[[2, 1], [4, 3]]","[4, 3]",16,5.111,0.75,0,1.0,greedy,3,opening,True,0.0,0.0,False
25,6,0,"[[6, 3], [5, 4]]","[5, 4]",162,54.9483,0.6384,0,1.0,greedy,3,opening,False,0.0,0.0,False
25,7,1,"[[1, 2], [2, 1]]","[2, 1]",77,24.2727,0.8496,0,1.0,greedy,3,opening,False,0.0,0.0,True
25,8,0,"[[5, 4], [3, 2]]","[3, 2]",10,1.6396,0.8438,0,1.0,greedy,3,opening,False,0.0,0.0,False
25,9,1,"[[2, 1], [4, 3]]","[4, 3]",16,2.5926,0.75,-11,1.0,greedy,3,opening,False,0.0,0.0,False
25,10,0,"[[6, 7], [5, 6]]","[5, 6]",144,34.9452,0.6786,-11,14.0,greedy,3,opening,True,0,0.0,False
25,11,1,"[[4, 3], [5, 4]]","[5, 4]",134,34.8337,0.7383,-11,14.0,greedy,3,opening,False,0.0,0.0,True
25,12,0,"[[6, 5], [4, 3]]","[4, 3]",24,5.451,0.625,-11,14.0,greedy,3,opening,False,0.0,0.0,False
25,13,1,"[[0, 3], [1, 2]]","[1, 2]",82,21.2085,0.7865,-22,14.0,greedy,3,opening,False,0.0,0.0,True
25,14,0,"[[5, 6], [4, 5]]","[4, 5]",165,46.5088,0.7656,-22,14.0,greedy,3,opening,False,0.0,0.0,False
25,15,1,"[[1, 0], [2, 1]]","[2, 1]",89,17.9527,0.8013,-22,14.0,greedy,3,opening,True,1.0,0.0,True
25,16,0,"[[4, 5], [3, 6]]","[3, 6]",275,84.7211,0.6094,-22,15.0,greedy,3,opening,False,0.0,0.0,False
25,17,1,"[[1, 6], [2, 7]]","[2, 7]",99,29.1262,0.779,-22,15.0,greedy,3,opening,False,0.0,0.0,True
25,18,0,"[[3, 6], [2, 5]]","[2, 5]",104,30.0429,0.8375,-22,45.0,greedy,3,opening,False,0.0,0.0,False
25,19,1,"[[1, 4], [3, 6]]","[3, 6]",27,3.8912,0.5781,-22,45.0,greedy,3,opening,False,0.0,0.0,False
25,20,0,"[[4, 3], [3, 4]]","[3, 4]",212,48.2509,0.6319,-22,87.0,greedy,3,midgame,True,0,0.0,False
25,21,1,"[[0, 5], [1, 4]]","[1, 4]",111,22.4984,0.7832,-22,87.0,greedy,3,midgame,False,0.0,0.0,True
25,22,0,"[[3, 4], [2, 5]]","[2, 5]",114,21.585,0.8021,-22,87.0,greedy,3,midgame,False,0.0,0.0,False
25,23,1,"[[1, 4], [2, 3]]","[2, 3]",92,19.1224,0.7946,-22,87.0,greedy,3,midgame,False,0.0,0.0,True
25,24,0,"[[7, 0], [6, 1]]","[6, 1]",72,14.4041,0.875,-22,87.0,greedy,3,midgame,False,0.0,0.0,False
25,25,1,"[[2, 1], [3, 0]]","[3, 0]",88,20.4635,0.8036,-22,87.0,greedy,3,midgame,False,0.0,0.0,True
25,26,0,"[[6, 1], [5, 0]]","[5, 0]",71,18.1189,0.8767,-22,87.0,greedy,3,midgame,False,0.0,0.0,False
25,27,1,"[[1, 2], [2, 1]]","[2, 1]",86,15.0506,0.808,-22,87.0,greedy,3,midgame,False,0.0,0.0,True
25,28,0,"[[2, 5], [1, 6]]","[1, 6]",71,19.3672,0.8767,-22,87.0,greedy,3,midgame,False,0.0,0.0,False
25,29,1,"[[0, 7], [2, 5]]","[2, 5]",22,3.0558,0.6562,-22,87.0,greedy,3,midgame,False,0.0,0.0,False
25,30,0,"[[5, 0], [4, 1]]","[4, 1]",57,10.9289,0.8728,-22,100.0,greedy,3,midgame,True,0,0.0,False
25,31,1,"[[3, 0], [5, 2]]","[5, 2]",21,3.1056,0.6719,-22,100.0,greedy,3,midgame,False,0.0,0.0,False
25,32,0,"[[7, 4], [6, 3]]","[6, 3]",55,9.4919,0.8568,-22,112.0,greedy,3,midgame,False,0.0,0.0,False
25,33,1,"[[5, 2], [7, 4]]","[7, 4]",18,2.106,0.7188,-22,112.0,greedy,3,midgame,False,0.0,0.0,False
25,34,0,"[[7, 2], [6, 1]]","[6, 1]",71,14.0908,0.7227,-22,114.0,greedy,3,midgame,False,0.0,0.0,False
25,35,1,"[[2, 1], [3, 0]]","[3, 0]",105,14.6763,0.8177,-22,114.0,greedy,3,midgame,True,0.0,0.0,True
25,36,0,"[[6, 1], [5, 0]]","[5, 0]",41,9.3379,0.8398,-22,114.0,greedy,3,midgame,False,0.0,0.0,False
25,37,1,"[[2, 3], [3, 2]]","[3, 2]",103,22.1903,0.7988,-22,114.0,greedy,3,midgame,False,0.0,0.0,True
25,38,0,"[[5, 0], [4, 1]]","[4, 1]",14,2.0092,0.9271,-22,114.0,greedy,3,midgame,False,0.0,0.0,False
25,39,1,"[[3, 0], [5, 2]]","[5, 2]",25,2.6278,0.8047,-22,114.0,greedy,3,midgame,False,0.0,0.0,True
25,40,0,"[[7, 6], [6, 7]]","[6, 7]",22,3.0699,0.8281,-22,128.0,greedy,3,midgame,True,0,0.0,False
25,41,1,"[[5, 2], [6, 1]]","[6, 1]",73,11.7602,0.8733,-22,128.0,greedy,3,midgame,False,0.0,0.0,True
25,42,0,"[[6, 7], [5, 6]]","[5, 6]",21,5.2576,0.6719,-22,128.0,greedy,3,midgame,False,0.0,0.0,False
25,43,1,"[[3, 6], [4, 7]]","[4, 7]",77,13.6228,0.8663,-22,128.0,greedy,3,midgame,False,0.0,0.0,True
25,44,0,"[[5, 6], [4, 5]]","[4, 5]",22,5.5814,0.6562,-22,156.0,greedy,3,midgame,False,0.0,0.0,False
25,45,1,"[[6, 1], [7, 0]]","[7, 0]",63,13.1536,0.9016,-22,156.0,greedy,3,midgame,True,144.0,144.0,True
25,46,0,"[[4, 5], [3, 4]]","[3, 4]",5,0.4365,0.9609,-22,156.0,greedy,3,midgame,False,0.0,0.0,False
25,47,1,"[[2, 5], [4, 3]]","[4, 3]",2,0.1283,0.9688,-22,156.0,greedy,3,midgame,False,0.0,0.0,False
26,0,0,"[[6, 1], [5, 0]]","[5, 0]",83,29.6419,0.8147,0,0,greedy,3,opening,False,0,0.0,False
26,1,1,"[[1, 0], [2, 1]]","[2, 1]",85,17.801,0.8103,0,0,greedy,3,opening,False,0.0,0.0,True
26,2,0,"[[5, 0], [4, 1]]","[4, 1]",107,37.4153,0.791,0,1.0,greedy,3,opening,False,0.0,0.0,False
26,3,1,"[[0, 1], [1, 0]]","[1, 0]",90,25.6,0.8242,0,1.0,greedy,3,opening,False,0.0,0.0,True
26,4,0,"[[4, 1], [3, 2]]","[3, 2]",111,37.1816,0.8073,0,1.0,greedy,3,opening,False,0.0,0.0,False
26,5,1,"[[2, 1], [4, 3]]","[4, 3]",16,5.8403,0.75,0,1.0,greedy,3,opening,True,0.0,0.0,False
26,6,0,"[[6, 3], [5, 4]]","[5, 4]",162,35.5957,0.6384,0,1.0,greedy,3,opening,False,0.0,0.0,False
26,7,1,"[[1, 2], [2, 1]]","[2, 1]",77,27.0388,0.8496,0,1.0,greedy,3,opening,False,0.0,0.0,True
26,8,0,"[[5, 4], [3, 2]]","[3, 2]",10,2.3155,0.8438,0,1.0,greedy,3,opening,False,0.0,0.0,False
26,9,1,"[[2, 1], [4, 3]]","[4, 3]",16,4.7884,0.75,-11,1.0,greedy,3,opening,False,0.0,0.0,False
26,10,0,"[[6, 7], [5, 6]]","[5, 6]",144,41.8549,0.6786,-11,14.0,greedy,3,opening,True,0,0.0,False
26,11,1,"[[4, 3], [5, 4]]","[5, 4]",134,37.4639,0.7383,-11,14.0,greedy,3,opening,False,0.0,0.0,True
26,12,0,"[[6, 5], [4, 3]]","[4, 3]",24,5.3804,0.625,-11,14.0,greedy,3,opening,False,0.0,0.0,False
26,13,1,"[[0, 3], [1, 2]]","[1, 2]",82,24.6184,0.7865,-22,14.0,greedy,3,opening,False,0.0,0.0,True
26,14,0,"[[5, 6], [4, 5]]","[4, 5]",165,42.4948,0.7656,-22,14.0,greedy,3,opening,False,0.0,0.0,False
26,15,1,"[[1, 0], [2, 1]]","[2, 1]",89,19.1231,0.8013,-22,14.0,greedy,3,opening,True,1.0,0.0,True
26,16,0,"[[4, 5], [3, 6]]","[3, 6]",275,70.6584,0.6094,-22,15.0,greedy,3,opening,False,0.0,0.0,False
26,17,1,"[[1, 6], [2, 7]]","[2, 7]",99,18.0948,0.779,-22,15.0,greedy,3,opening,False,0.0,0.0,True
26,18,0,"[[3, 6], [2, 5]]","[2, 5]",104,26.3543,0.8375,-22,45.0,greedy,3,opening,False,0.0,0.0,False
26,19,1,"[[1, 4], [3, 6]]","[3, 6]",27,3.8774,0.5781,-22,45.0,greedy,3,opening,False,0.0,0.0,False
26,20,0,"[[4, 3], [3, 4]]","[3, 4]",212,48.1455,0.6319,-22,87.0,greedy,3,midgame,True,0,0.0,False
26,21,1,"[[0, 5], [1, 4]]","[1, 4]",111,47.7591,0.7832,-22,87.0,greedy,3,midgame,False,0.0,0.0,True
26,22,0,"[[3, 4], [2, 5]]","[2, 5]",114,25.3263,0.8021,-22,87.0,greedy,3,midgame,False,0.0,0.0,False
26,23,1,"[[1, 4], [2, 3]]","[2, 3]",92,24.7207,0.7946,-22,87.0,greedy,3,midgame,False,0.0,0.0,True
26,24,0,"[[7, 0], [6, 1]]","[6, 1]",72,19.4769,0.875,-22,87.0,greedy,3,midgame,False,0.0,0.0,False
26,25,1,"[[2, 1], [3, 0]]","[3, 0]",88,15.2271,0.8036,-22,87.0,greedy,3,midgame,False,0.0,0.0,True
26,26,0,"[[6, 1], [5, 0]]","[5, 0]",71,12.3329,0.8767,-22,87.0,greedy,3,midgame,False,0.0,0.0,False
26,27,1,"[[1, 2], [2, 1]]","[2, 1]",86,15.4541,0.808,-22,87.0,greedy,3,midgame,False,0.0,0.0,True
26,28,0,"[[2, 5], [1, 6]]","[1, 6]",71,14.6272,0.8767,-22,87.0,greedy,3,midgame,False,0.0,0.0,False
26,29,1,"[[0, 7], [2, 5]]","[2, 5]",22,3.6714,0.6562,-22,87.0,greedy,3,midgame,False,0.0,0.0,False
26,30,0,"[[5, 0], [4, 1]]","[4, 1]",57,11.4367,0.8728,-22,100.0,greedy,3,midgame,True,0,0.0,False
26,31,1,"[[3, 0], [5, 2]]","[5, 2]",21,5.6231,0.6719,-22,100.0,greedy,3,midgame,False,0.0,0.0,False
26,32,0,"[[7, 4], [6, 3]]","[6, 3]",55,9.5055,0.8568,-22,112.0,greedy,3,midgame,False,0.0,0.0,False
26,33,1,"[[5, 2], [7, 4]]","[7, 4]",18,2.0986,0.7188,-22,112.0,greedy,3,midgame,False,0.0,0.0,False
26,34,0,"[[7, 2], [6, 1]]","[6, 1]",71,15.4307,0.7227,-22,114.0,greedy,3,midgame,False,0.0,0.0,False
26,35,1,"[[2, 1], [3, 0]]","[3, 0]",105,17.1325,0.8177,-22,114.0,greedy,3,midgame,True,0.0,0.0,True
26,36,0,"[[6, 1], [5, 0]]","[5, 0]",41,8.1322,0.8398,-22,114.0,greedy,3,midgame,False,0.0,0.0,False
26,37,1,"[[2, 3], [3, 2]]","[3, 2]",103,22.4478,0.7988,-22,114.0,greedy,3,midgame,False,0.0,0.0,True
26,38,0,"[[5, 0], [4, 1]]","[4, 1]",14,3.8471,0.9271,-22,114.0,greedy,3,midgame,False,0.0,0.0,False
26,39,1,"[[3, 0], [5, 2]]","[5, 2]",25,3.248,0.8047,-22,114.0,greedy,3,midgame,False,0.0,0.0,True
26,40,0,"[[7, 6], [6, 7]]","[6, 7]",22,2.5818,0.8281,-22,128.0,greedy,3,midgame,True,0,0.0,False
26,41,1,"[[5, 2], [6, 1]]","[6, 1]",73,9.4485,0.8733,-22,128.0,greedy,3,midgame,False,0.0,0.0,True
26,42,0,"[[6, 7], [5, 6]]","[5, 6]",21,4.1738,0.6719,-22,128.0,greedy,3,midgame,False,0.0,0.0,False
26,43,1,"[[3, 6], [4, 7]]","[4, 7]",77,17.3767,0.8663,-22,128.0,greedy,3,midgame,False,0.0,0.0,True
26,44,0,"[[5, 6], [4, 5]]","[4, 5]",22,5.127,0.6562,-22,156.0,greedy,3,midgame,False,0.0,0.0,False
26,45,1,"[[6, 1], [7, 0]]","[7, 0]",63,13.6588,0.9016,-22,156.0,greedy,3,midgame,True,144.0,144.0,True
26,46,0,"[[4, 5], [3, 4]]","[3, 4]",5,0.8047,0.9609,-22,156.0,greedy,3,midgame,False,0.0,0.0,False
26,47,1,"[[2, 5], [4, 3]]","[4, 3]",2,0.2506,0.9688,-22,156.0,greedy,3,midgame,False,0.0,0.0,False
27,0,0,"[[6, 1], [5, 0]]","[5, 0]",83,18.8961,0.8147,0,0,greedy,3,opening,False,0,0.0,False
27,1,1,"[[1, 0], [2, 1]]","[2, 1]",85,19.758,0.8103,0,0,greedy,3,opening,False,0.0,0.0,True
27,2,0,"[[5, 0], [4, 1]]","[4, 1]",107,33.1063,0.791,0,1.0,greedy,3,opening,False,0.0,0.0,False
27,3,1,"[[0, 1], [1, 0]]","[1, 0]",90,19.3603,0.8242,0,1.0,greedy,3,opening,False,0.0,0.0,True
27,4,0,"[[4, 1], [3, 2]]","[3, 2]",111,38.6662,0.8073,0,1.0,greedy,3,opening,False,0.0,0.0,False
27,5,1,"[[2, 1], [4, 3]]","[4, 3]",16,5.7402,0.75,0,1.0,greedy,3,opening,True,0.0,0.0,False
27,6,0,"[[6, 3], [5, 4]]","[5, 4]",162,44.687,0.6384,0,1.0,greedy,3,opening,False,0.0,0.0,False
27,7,1,"[[1, 2], [2, 1]]","[2, 1]",77,27.9315,0.8496,0,1.0,greedy,3,opening,False,0.0,0.0,True
27,8,0,"[[5, 4], [3, 2]]","[3, 2]",10,3.2079,0.8438,0,1.0,greedy,3,opening,False,0.0,0.0,False
27,9,1,"[[2, 1], [4, 3]]","[4, 3]",16,4.7426,0.75,-11,1.0,greedy,3,opening,False,0.0,0.0,False
27,10,0,"[[6, 7], [5, 6]]","[5, 6]",144,44.6615,0.6786,-11,14.0,greedy,3,opening,True,0,0.0,False
27,11,1,"[[4, 3], [5, 4]]","[5, 4]",134,36.9368,0.7383,-11,14.0,greedy,3,opening,False,0.0,0.0,True
27,12,0,"[[6, 5], [4, 3]]","[4, 3]",24,7.0429,0.625,-11,14.0,greedy,3,opening,False,0.0,0.0,False
27,13,1,"[[0, 3], [1, 2]]","[1, 2]",82,16.005,0.7865,-22,14.0,greedy,3,opening,False,0.0,0.0,True
27,14,0,"[[5, 6], [4, 5]]","[4, 5]",165,47.2872,0.7656,-22,14.0,greedy,3,opening,False,0.0,0.0,False
27,15,1,"[[1, 0], [2, 1]]","[2, 1]",89,23.5155,0.8013,-22,14.0,greedy,3,opening,True,1.0,0.0,True
27,16,0,"[[4, 5], [3, 6]]","[3, 6]",275,67.863,0.6094,-22,15.0,greedy,3,opening,False,0.0,0.0,False
27,17,1,"[[1, 6], [2, 7]]","[2, 7]",99,25.1739,0.779,-22,15.0,greedy,3,opening,False,0.0,0.0,True
27,18,0,"[[3, 6], [2, 5]]","[2, 5]",104,24.2188,0.8375,-22,45.0,greedy,3,opening,False,0.0,0.0,False
27,19,1,"[[1, 4], [3, 6]]","[3, 6]",27,4.1914,0.5781,-22,45.0,greedy,3,opening,False,0.0,0.0,False
27,20,0,"[[4, 3], [3, 4]]","[3, 4]",212,55.3651,0.6319,-22,87.0,greedy,3,midgame,True,0,0.0,False
27,21,1,"[[0, 5], [1, 4]]","[1, 4]",111,28.0192,0.7832,-22,87.0,greedy,3,midgame,False,0.0,0.0,True
27,22,0,"[[3, 4], [2, 5]]","[2, 5]",114,23.6502,0.8021,-22,87.0,greedy,3,midgame,False,0.0,0.0,False
27,23,1,"[[1, 4], [2, 3]]","[2, 3]",92,24.6186,0.7946,-22,87.0,greedy,3,midgame,False,0.0,0.0,True
27,24,0,"[[7, 0], [6, 1]]","[6, 1]",72,25.3825,0.875,-22,87.0,greedy,3,midgame,False,0.0,0.0,False
27,25,1,"[[2, 1], [3, 0]]","[3, 0]",88,22.095,0.8036,-22,87.0,greedy,3,midgame,False,0.0,0.0,True
27,26,0,"[[6, 1], [5, 0]]","[5, 0]",71,15.0018,0.8767,-22,87.0,greedy,3,midgame,False,0.0,0.0,False
27,27,1,"[[1, 2], [2, 1]]","[2, 1]",86,17.6387,0.808,-22,87.0,greedy,3,midgame,False,0.0,0.0,True
27,28,0,"[[2, 5], [1, 6]]","[1, 6]",71,14.8745,0.8767,-22,87.0,greedy,3,midgame,False,0.0,0.0,False
27,29,1,"[[0, 7], [2, 5]]","[2, 5]",22,3.0835,0.6562,-22,87.0,greedy,3,midgame,False,0.0,0.0,False
27,30,0,"[[5, 0], [4, 1]]","[4, 1]",57,11.1806,0.8728,-22,100.0,greedy,3,midgame,True,0,0.0,False
27,31,1,"[[3, 0], [5, 2]]","[5, 2]",21,3.1574,0.6719,-22,100.0,greedy,3,midgame,False,0.0,0.0,False
27,32,0,"[[7, 4], [6, 3]]","[6, 3]",55,9.3541,0.8568,-22,112.0,greedy,3,midgame,False,0.0,0.0,False
27,33,1,"[[5, 2], [7, 4]]","[7, 4]",18,2.0885,0.7188,-22,112.0,greedy,3,midgame,False,0.0,0.0,False
27,34,0,"[[7, 2], [6, 1]]","[6, 1]",71,14.6587,0.7227,-22,114.0,greedy,3,midgame,False,0.0,0.0,False
27,35,1,"[[2, 1], [3, 0]]","[3, 0]",105,21.4865,0.8177,-22,114.0,greedy,3,midgame,True,0.0,0.0,True
27,36,0,"[[6, 1], [5, 0]]","[5, 0]",41,11.0569,0.8398,-22,114.0,greedy,3,midgame,False,0.0,0.0,False
27,37,1,"[[2, 3], [3, 2]]","[3, 2]",103,22.6727,0.7988,-22,114.0,greedy,3,midgame,False,0.0,0.0,True
27,38,0,"[[5, 0], [4, 1]]","[4, 1]",14,3.7038,0.9271,-22,114.0,greedy,3,midgame,False,0.0,0.0,False
27,39,1,"[[3, 0], [5, 2]]","[5, 2]",25,4.9903,0.8047,-22,114.0,greedy,3,midgame,False,0.0,0.0,True
27,40,0,"[[7, 6], [6, 7]]","[6, 7]",22,2.6042,0.8281,-22,128.0,greedy,3,midgame,True,0,0.0,False
27,41,1,"[[5, 2], [6, 1]]","[6, 1]",73,14.0021,0.8733,-22,128.0,greedy,3,midgame,False,0.0,0.0,True
27,42,0,"[[6, 7], [5, 6]]","[5, 6]",21,3.4876,0.6719,-22,128.0,greedy,3,midgame,False,0.0,0.0,False
27,43,1,"[[3, 6], [4, 7]]","[4, 7]",77,17.2241,0.8663,-22,128.0,greedy,3,midgame,False,0.0,0.0,True
27,44,0,"[[5, 6], [4, 5]]","[4, 5]",22,2.7728,0.6562,-22,156.0,greedy,3,midgame,False,0.0,0.0,False
27,45,1,"[[6, 1], [7, 0]]","[7, 0]",63,7.7116,0.9016,-22,156.0,greedy,3,midgame,True,144.0,144.0,True
27,46,0,"[[4, 5], [3, 4]]","[3, 4]",5,0.4406,0.9609,-22,156.0,greedy,3,midgame,False,0.0,0.0,False
27,47,1,"[[2, 5], [4, 3]]","[4, 3]",2,0.1276,0.9688,-22,156.0,greedy,3,midgame,False,0.0,0.0,False
28,0,0,"[[6, 1], [5, 0]]","[5, 0]",83,25.8691,0.8147,0,0,greedy,3,opening,False,0,0.0,False
28,1,1,"[[1, 0], [2, 1]]","[2, 1]",85,18.1594,0.8103,0,0,greedy,3,opening,False,0.0,0.0,True
28,2,0,"[[5, 0], [4, 1]]","[4, 1]",107,35.619,0.791,0,1.0,greedy,3,opening,False,0.0,0.0,False
28,3,1,"[[0, 1], [1, 0]]","[1, 0]",90,27.2269,0.8242,0,1.0,greedy,3,opening,False,0.0,0.0,True
28,4,0,"[[4, 1], [3, 2]]","[3, 2]",111,39.9005,0.8073,0,1.0,greedy,3,opening,False,0.0,0.0,False
28,5,1,"[[2, 1], [4, 3]]","[4, 3]",16,3.2156,0.75,0,1.0,greedy,3,opening,True,0.0,0.0,False
28,6,0,"[[6, 3], [5, 4]]","[5, 4]",162,54.3609,0.6384,0,1.0,greedy,3,opening,False,0.0,0.0,False
28,7,1,"[[1, 2], [2, 1]]","[2, 1]",77,23.488,0.8496,0,1.0,greedy,3,opening,False,0.0,0.0,True
28,8,0,"[[5, 4], [3, 2]]","[3, 2]",10,3.1936,0.8438,0,1.0,greedy,3,opening,False,0.0,0.0,False
28,9,1,"[[2, 1], [4, 3]]","[4, 3]",16,4.7619,0.75,-11,1.0,greedy,3,opening,False,0.0,0.0,False
28,10,0,"[[6, 7], [5, 6]]","[5, 6]",144,33.2942,0.6786,-11,14.0,greedy,3,opening,True,0,0.0,False
28,11,1,"[[4, 3], [5, 4]]","[5, 4]",134,40.437,0.7383,-11,14.0,greedy,3,opening,False,0.0,0.0,True
28,12,0,"[[6, 5], [4, 3]]","[4, 3]",24,7.0376,0.625,-11,14.0,greedy,3,opening,False,0.0,0.0,False
28,13,1,"[[0, 3], [1, 2]]","[1, 2]",82,16.7453,0.7865,-22,14.0,greedy,3,opening,False,0.0,0.0,True
28,14,0,"[[5, 6], [4, 5]]","[4, 5]",165,45.1066,0.7656,-22,14.0,greedy,3,opening,False,0.0,0.0,False
28,15,1,"[[1, 0], [2, 1]]","[2, 1]",89,25.2924,0.8013,-22,14.0,greedy,3,opening,True,1.0,0.0,True
28,16,0,"[[4, 5], [3, 6]]","[3, 6]",275,70.6019,0.6094,-22,15.0,greedy,3,opening,False,0.0,0.0,False
28,17,1,"[[1, 6], [2, 7]]","[2, 7]",99,24.6358,0.779,-22,15.0,greedy,3,opening,False,0.0,0.0,True
28,18,0,"[[3, 6], [2, 5]]","[2, 5]",104,21.1849,0.8375,-22,45.0,greedy,3,opening,False,0.0,0.0,False
28,19,1,"[[1, 4], [3, 6]]","[3, 6]",27,3.8874,0.5781,-22,45.0,greedy,3,opening,False,0.0,0.0,False
28,20,0,"[[4, 3], [3, 4]]","[3, 4]",212,46.9663,0.6319,-22,87.0,greedy,3,midgame,True,0,0.0,False
28,21,1,"[[0, 5], [1, 4]]","[1, 4]",111,19.4676,0.7832,-22,87.0,greedy,3,midgame,False,0.0,0.0,True
28,22,0,"[[3, 4], [2, 5]]","[2, 5]",114,22.5539,0.8021,-22,87.0,greedy,3,midgame,False,0.0,0.0,False
28,23,1,"[[1, 4], [2, 3]]","[2, 3]",92,25.8989,0.7946,-22,87.0,greedy,3,midgame,False,0.0,0.0,True
28,24,0,"[[7, 0], [6, 1]]","[6, 1]",72,12.9991,0.875,-22,87.0,greedy,3,midgame,False,0.0,0.0,False
28,25,1,"[[2, 1], [3, 0]]","[3, 0]",88,16.5608,0.8036,-22,87.0,greedy,3,midgame,False,0.0,0.0,True
28,26,0,"[[6, 1], [5, 0]]","[5, 0]",71,11.7266,0.8767,-22,87.0,greedy,3,midgame,False,0.0,0.0,False
28,27,1,"[[1, 2], [2, 1]]","[2, 1]",86,29.2587,0.808,-22,87.0,greedy,3,midgame,False,0.0,0.0,True
28,28,0,"[[2, 5], [1, 6]]","[1, 6]",71,12.8369,0.8767,-22,87.0,greedy,3,midgame,False,0.0,0.0,False
28,29,1,"[[0, 7], [2, 5]]","[2, 5]",22,5.6937,0.6562,-22,87.0,greedy,3,midgame,False,0.0,0.0,False
28,30,0,"[[5, 0], [4, 1]]","[4, 1]",57,16.5443,0.8728,-22,100.0,greedy,3,midgame,True,0,0.0,False
28,31,1,"[[3, 0], [5, 2]]","[5, 2]",21,6.4015,0.6719,-22,100.0,greedy,3,midgame,False,0.0,0.0,False
28,32,0,"[[7, 4], [6, 3]]","[6, 3]",55,13.2892,0.8568,-22,112.0,greedy,3,midgame,False,0.0,0.0,False
28,33,1,"[[5, 2], [7, 4]]","[7, 4]",18,3.9561,0.7188,-22,112.0,greedy,3,midgame,False,0.0,0.0,False
28,34,0,"[[7, 2], [6, 1]]","[6, 1]",71,15.4507,0.7227,-22,114.0,greedy,3,midgame,False,0.0,0.0,False
28,35,1,"[[2, 1], [3, 0]]","[3, 0]",105,18.5008,0.8177,-22,114.0,greedy,3,midgame,True,0.0,0.0,True
28,36,0,"[[6, 1], [5, 0]]","[5, 0]",41,10.0107,0.8398,-22,114.0,greedy,3,midgame,False,0.0,0.0,False
28,37,1,"[[2, 3], [3, 2]]","[3, 2]",103,15.2998,0.7988,-22,114.0,greedy,3,midgame,False,0.0,0.0,True
28,38,0,"[[5, 0], [4, 1]]","[4, 1]",14,3.6941,0.9271,-22,114.0,greedy,3,midgame,False,0.0,0.0,False
28,39,1,"[[3, 0], [5, 2]]","[5, 2]",25,5.0795,0.8047,-22,114.0,greedy,3,midgame,False,0.0,0.0,True
28,40,0,"[[7, 6], [6, 7]]","[6, 7]",22,4.0977,0.8281,-22,128.0,greedy,3,midgame,True,0,0.0,False
28,41,1,"[[5, 2], [6, 1]]","[6, 1]",73,8.2369,0.8733,-22,128.0,greedy,3,midgame,False,0.0,0.0,True
28,42,0,"[[6, 7], [5, 6]]","[5, 6]",21,3.3345,0.6719,-22,128.0,greedy,3,midgame,False,0.0,0.0,False
28,43,1,"[[3, 6], [4, 7]]","[4, 7]",77,17.5827,0.8663,-22,128.0,greedy,3,midgame,False,0.0,0.0,True
28,44,0,"[[5, 6], [4, 5]]","[4, 5]",22,2.9559,0.6562,-22,156.0,greedy,3,midgame,False,0.0,0.0,False
28,45,1,"[[6, 1], [7, 0]]","[7, 0]",63,8.9307,0.9016,-22,156.0,greedy,3,midgame,True,144.0,144.0,True
28,46,0,"[[4, 5], [3, 4]]","[3, 4]",5,0.8061,0.9609,-22,156.0,greedy,3,midgame,False,0.0,0.0,False
28,47,1,"[[2, 5], [4, 3]]","[4, 3]",2,0.4301,0.9688,-22,156.0,greedy,3,midgame,False,0.0,0.0,False
29,0,0,"[[6, 1], [5, 0]]","[5, 0]",83,21.832,0.8147,0,0,greedy,3,opening,False,0,0.0,False
29,1,1,"[[1, 0], [2, 1]]","[2, 1]",85,25.815,0.8103,0,0,greedy,3,opening,False,0.0,0.0,True
29,2,0,"[[5, 0], [4, 1]]","[4, 1]",107,35.877,0.791,0,1.0,greedy,3,opening,False,0.0,0.0,False
29,3,1,"[[0, 1], [1, 0]]","[1, 0]",90,20.0086,0.8242,0,1.0,greedy,3,opening,False,0.0,0.0,True
29,4,0,"[[4, 1], [3, 2]]","[3, 2]",111,27.6423,0.8073,0,1.0,greedy,3,opening,False,0.0,0.0,False
29,5,1,"[[2, 1], [4, 3]]","[4, 3]",16,5.8236,0.75,0,1.0,greedy,3,opening,True,0.0,0.0,False
29,6,0,"[[6, 3], [5, 4]]","[5, 4]",162,39.1345,0.6384,0,1.0,greedy,3,opening,False,0.0,0.0,False
29,7,1,"[[1, 2], [2, 1]]","[2, 1]",77,20.4787,0.8496,0,1.0,greedy,3,opening,False,0.0,0.0,True
29,8,0,"[[5, 4], [3, 2]]","[3, 2]",10,3.0675,0.8438,0,1.0,greedy,3,opening,False,0.0,0.0,False
29,9,1,"[[2, 1], [4, 3]]","[4, 3]",16,4.21,0.75,-11,1.0,greedy,3,opening,False,0.0,0.0,False
29,10,0,"[[6, 7], [5, 6]]","[5, 6]",144,34.595,0.6786,-11,14.0,greedy,3,opening,True,0,0.0,False
29,11,1,"[[4, 3], [5, 4]]","[5, 4]",134,36.931,0.7383,-11,14.0,greedy,3,opening,False,0.0,0.0,True
29,12,0,"[[6, 5], [4, 3]]","[4, 3]",24,3.9959,0.625,-11,14.0,greedy,3,opening,False,0.0,0.0,False
29,13,1,"[[0, 3], [1, 2]]","[1, 2]",82,23.2825,0.7865,-22,14.0,greedy,3,opening,False,0.0,0.0,True
29,14,0,"[[5, 6], [4, 5]]","[4, 5]",165,41.6648,0.7656,-22,14.0,greedy,3,opening,False,0.0,0.0,False
29,15,1,"[[1, 0], [2, 1]]","[2, 1]",89,25.4459,0.8013,-22,14.0,greedy,3,opening,True,1.0,0.0,True
29,16,0,"[[4, 5], [3, 6]]","[3, 6]",275,85.5191,0.6094,-22,15.0,greedy,3,opening,False,0.0,0.0,False
29,17,1,"[[1, 6], [2, 7]]","[2, 7]",99,26.8164,0.779,-22,15.0,greedy,3,opening,False,0.0,0.0,True
29,18,0,"[[3, 6], [2, 5]]","[2, 5]",104,22.3951,0.8375,-22,45.0,greedy,3,opening,False,0.0,0.0,False
29,19,1,"[[1, 4], [3, 6]]","[3, 6]",27,5.2898,0.5781,-22,45.0,greedy,3,opening,False,0.0,0.0,False
29,20,0,"[[4, 3], [3, 4]]","[3, 4]",212,39.5565,0.6319,-22,87.0,greedy,3,midgame,True,0,0.0,False
29,21,1,"[[0, 5], [1, 4]]","[1, 4]",111,25.887,0.7832,-22,87.0,greedy,3,midgame,False,0.0,0.0,True
29,22,0,"[[3, 4], [2, 5]]","[2, 5]",114,32.8338,0.8021,-22,87.0,greedy,3,midgame,False,0.0,0.0,False
29,23,1,"[[1, 4], [2, 3]]","[2, 3]",92,22.0244,0.7946,-22,87.0,greedy,3,midgame,False,0.0,0.0,True
29,24,0,"[[7, 0], [6, 1]]","[6, 1]",72,16.4313,0.875,-22,87.0,greedy,3,midgame,False,0.0,0.0,False
29,25,1,"[[2, 1], [3, 0]]","[3, 0]",88,16.1254,0.8036,-22,87.0,greedy,3,midgame,False,0.0,0.0,True
29,26,0,"[[6, 1], [5, 0]]","[5, 0]",71,18.2033,0.8767,-22,87.0,greedy,3,midgame,False,0.0,0.0,False
29,27,1,"[[1, 2], [2, 1]]","[2, 1]",86,24.601,0.808,-22,87.0,greedy,3,midgame,False,0.0,0.0,True
29,28,0,"[[2, 5], [1, 6]]","[1, 6]",71,21.5633,0.8767,-22,87.0,greedy,3,midgame,False,0.0,0.0,False
29,29,1,"[[0, 7], [2, 5]]","[2, 5]",22,5.6984,0.6562,-22,87.0,greedy,3,midgame,False,0.0,0.0,False
29,30,0,"[[5, 0], [4, 1]]","[4, 1]",57,20.6776,0.8728,-22,100.0,greedy,3,midgame,True,0,0.0,False
29,31,1,"[[3, 0], [5, 2]]","[5, 2]",21,7.9389,0.6719,-22,100.0,greedy,3,midgame,False,0.0,0.0,False
29,32,0,"[[7, 4], [6, 3]]","[6, 3]",55,17.7872,0.8568,-22,112.0,greedy,3,midgame,False,0.0,0.0,False
29,33,1,"[[5, 2], [7, 4]]","[7, 4]",18,2.2533,0.7188,-22,112.0,greedy,3,midgame,False,0.0,0.0,False
29,34,0,"[[7, 2], [6, 1]]","[6, 1]",71,11.9741,0.7227,-22,114.0,greedy,3,midgame,False,0.0,0.0,False
29,35,1,"[[2, 1], [3, 0]]","[3, 0]",105,16.6109,0.8177,-22,114.0,greedy,3,midgame,True,0.0,0.0,True
29,36,0,"[[6, 1], [5, 0]]","[5, 0]",41,6.465,0.8398,-22,114.0,greedy,3,midgame,False,0.0,0.0,False
29,37,1,"[[2, 3], [3, 2]]","[3, 2]",103,13.6051,0.7988,-22,114.0,greedy,3,midgame,False,0.0,0.0,True
29,38,0,"[[5, 0], [4, 1]]","[4, 1]",14,3.5968,0.9271,-22,114.0,greedy,3,midgame,False,0.0,0.0,False
29,39,1,"[[3, 0], [5, 2]]","[5, 2]",25,3.2279,0.8047,-22,114.0,greedy,3,midgame,False,0.0,0.0,True
29,40,0,"[[7, 6], [6, 7]]","[6, 7]",22,4.9019,0.8281,-22,128.0,greedy,3,midgame,True,0,0.0,False
29,41,1,"[[5, 2], [6, 1]]","[6, 1]",73,11.5752,0.8733,-22,128.0,greedy,3,midgame,False,0.0,0.0,True
29,42,0,"[[6, 7], [5, 6]]","[5, 6]",21,2.8384,0.6719,-22,128.0,greedy,3,midgame,False,0.0,0.0,False
29,43,1,"[[3, 6], [4, 7]]","[4, 7]",77,10.5917,0.8663,-22,128.0,greedy,3,midgame,False,0.0,0.0,True
29,44,0,"[[5, 6], [4, 5]]","[4, 5]",22,5.1119,0.6562,-22,156.0,greedy,3,midgame,False,0.0,0.0,False
29,45,1,"[[6, 1], [7, 0]]","[7, 0]",63,10.3173,0.9016,-22,156.0,greedy,3,midgame,True,144.0,144.0,True
29,46,0,"[[4, 5], [3, 4]]","[3, 4]",5,0.437,0.9609,-22,156.0,greedy,3,midgame,False,0.0,0.0,False
29,47,1,"[[2, 5], [4, 3]]","[4, 3]",2,0.1278,0.9688,-22,156.0,greedy,3,midgame,False,0.0,0.0,False
30,0,0,"[[6, 1], [5, 0]]","[5, 0]",83,22.0277,0.8147,0,0,greedy,3,opening,False,0,0.0,False
30,1,1,"[[1, 0], [2, 1]]","[2, 1]",85,31.0252,0.8103,0,0,greedy,3,opening,False,0.0,0.0,True
30,2,0,"[[5, 0], [4, 1]]","[4, 1]",107,30.2877,0.791,0,1.0,greedy,3,opening,False,0.0,0.0,False
30,3,1,"[[0, 1], [1, 0]]","[1, 0]",90,29.0892,0.8242,0,1.0,greedy,3,opening,False,0.0,0.0,True
30,4,0,"[[4, 1], [3, 2]]","[3, 2]",111,27.1358,0.8073,0,1.0,greedy,3,opening,False,0.0,0.0,False
30,5,1,"[[2, 1], [4, 3]]","[4, 3]",16,3.2046,0.75,0,1.0,greedy,3,opening,True,0.0,0.0,False
30,6,0,"[[6, 3], [5, 4]]","[5, 4]",162,52.7298,0.6384,0,1.0,greedy,3,opening,False,0.0,0.0,False
30,7,1,"[[1, 2], [2, 1]]","[2, 1]",77,17.5524,0.8496,0,1.0,greedy,3,opening,False,0.0,0.0,True
30,8,0,"[[5, 4], [3, 2]]","[3, 2]",10,3.4988,0.8438,0,1.0,greedy,3,opening,False,0.0,0.0,False
30,9,1,"[[2, 1], [4, 3]]","[4, 3]",16,4.5762,0.75,-11,1.0,greedy,3,opening,False,0.0,0.0,False
30,10,0,"[[6, 7], [5, 6]]","[5, 6]",144,33.0665,0.6786,-11,14.0,greedy,3,opening,True,0,0.0,False
30,11,1,"[[4, 3], [5, 4]]","[5, 4]",134,37.9412,0.7383,-11,14.0,greedy,3,opening,False,0.0,0.0,True
30,12,0,"[[6, 5], [4, 3]]","[4, 3]",24,4.7565,0.625,-11,14.0,greedy,3,opening,False,0.0,0.0,False
30,13,1,"[[0, 3], [1, 2]]","[1, 2]",82,14.3514,0.7865,-22,14.0,greedy,3,opening,False,0.0,0.0,True
30,14,0,"[[5, 6], [4, 5]]","[4, 5]",165,42.9475,0.7656,-22,14.0,greedy,3,opening,False,0.0,0.0,False
30,15,1,"[[1, 0], [2, 1]]","[2, 1]",89,27.0813,0.8013,-22,14.0,greedy,3,opening,True,1.0,0.0,True
30,16,0,"[[4, 5], [3, 6]]","[3, 6]",275,96.2384,0.6094,-22,15.0,greedy,3,opening,False,0.0,0.0,False
30,17,1,"[[1, 6], [2, 7]]","[2, 7]",99,33.7985,0.779,-22,15.0,greedy,3,opening,False,0.0,0.0,True
30,18,0,"[[3, 6], [2, 5]]","[2, 5]",104,30.5796,0.8375,-22,45.0,greedy,3,opening,False,0.0,0.0,False
30,19,1,"[[1, 4], [3, 6]]","[3, 6]",27,5.7912,0.5781,-22,45.0,greedy,3,opening,False,0.0,0.0,False
30,20,0,"[[4, 3], [3, 4]]","[3, 4]",212,60.0963,0.6319,-22,87.0,greedy,3,midgame,True,0,0.0,False
30,21,1,"[[0, 5], [1, 4]]","[1, 4]",111,28.7299,0.7832,-22,87.0,greedy,3,midgame,False,0.0,0.0,True
30,22,0,"[[3, 4], [2, 5]]","[2, 5]",114,36.6306,0.8021,-22,87.0,greedy,3,midgame,False,0.0,0.0,False
30,23,1,"[[1, 4], [2, 3]]","[2, 3]",92,36.1328,0.7946,-22,87.0,greedy,3,midgame,False,0.0,0.0,True
30,24,0,"[[7, 0], [6, 1]]","[6, 1]",72,16.355,0.875,-22,87.0,greedy,3,midgame,False,0.0,0.0,False
30,25,1,"[[2, 1], [3, 0]]","[3, 0]",88,37.8525,0.8036,-22,87.0,greedy,3,midgame,False,0.0,0.0,True
30,26,0,"[[6, 1], [5, 0]]","[5, 0]",71,15.7897,0.8767,-22,87.0,greedy,3,midgame,False,0.0,0.0,False
30,27,1,"[[1, 2], [2, 1]]","[2, 1]",86,25.1954,0.808,-22,87.0,greedy,3,midgame,False,0.0,0.0,True
30,28,0,"[[2, 5], [1, 6]]","[1, 6]",71,35.4164,0.8767,-22,87.0,greedy,3,midgame,False,0.0,0.0,False
30,29,1,"[[0, 7], [2, 5]]","[2, 5]",22,3.0878,0.6562,-22,87.0,greedy,3,midgame,False,0.0,0.0,False
30,30,0,"[[5, 0], [4, 1]]","[4, 1]",57,18.1606,0.8728,-22,100.0,greedy,3,midgame,True,0,0.0,False
30,31,1,"[[3, 0], [5, 2]]","[5, 2]",21,8.0848,0.6719,-22,100.0,greedy,3,midgame,False,0.0,0.0,False
30,32,0,"[[7, 4], [6, 3]]","[6, 3]",55,8.7688,0.8568,-22,112.0,greedy,3,midgame,False,0.0,0.0,False
30,33,1,"[[5, 2], [7, 4]]","[7, 4]",18,3.9084,0.7188,-22,112.0,greedy,3,midgame,False,0.0,0.0,False
30,34,0,"[[7, 2], [6, 1]]","[6, 1]",71,15.8596,0.7227,-22,114.0,greedy,3,midgame,False,0.0,0.0,False
30,35,1,"[[2, 1], [3, 0]]","[3, 0]",105,15.403,0.8177,-22,114.0,greedy,3,midgame,True,0.0,0.0,True
30,36,0,"[[6, 1], [5, 0]]","[5, 0]",41,8.3609,0.8398,-22,114.0,greedy,3,midgame,False,0.0,0.0,False
30,37,1,"[[2, 3], [3, 2]]","[3, 2]",103,22.6669,0.7988,-22,114.0,greedy,3,midgame,False,0.0,0.0,True
30,38,0,"[[5, 0], [4, 1]]","[4, 1]",14,2.8675,0.9271,-22,114.0,greedy,3,midgame,False,0.0,0.0,False
30,39,1,"[[3, 0], [5, 2]]","[5, 2]",25,2.6197,0.8047,-22,114.0,greedy,3,midgame,False,0.0,0.0,True
30,40,0,"[[7, 6], [6, 7]]","[6, 7]",22,2.5668,0.8281,-22,128.0,greedy,3,midgame,True,0,0.0,False
30,41,1,"[[5, 2], [6, 1]]","[6, 1]",73,15.0843,0.8733,-22,128.0,greedy,3,midgame,False,0.0,0.0,True
30,42,0,"[[6, 7], [5, 6]]","[5, 6]",21,4.544,0.6719,-22,128.0,greedy,3,midgame,False,0.0,0.0,False
30,43,1,"[[3, 6], [4, 7]]","[4, 7]",77,15.1989,0.8663,-22,128.0,greedy,3,midgame,False,0.0,0.0,True
30,44,0,"[[5, 6], [4, 5]]","[4, 5]",22,3.545,0.6562,-22,156.0,greedy,3,midgame,False,0.0,0.0,False
30,45,1,"[[6, 1], [7, 0]]","[7, 0]",63,12.0535,0.9016,-22,156.0,greedy,3,midgame,True,144.0,144.0,True
30,46,0,"[[4, 5], [3, 4]]","[3, 4]",5,0.4392,0.9609,-22,156.0,greedy,3,midgame,False,0.0,0.0,False
30,47,1,"[[2, 5], [4, 3]]","[4, 3]",2,0.1295,0.9688,-22,156.0,greedy,3,midgame,False,0.0,0.0,False
31,0,0,"[[6, 1], [5, 0]]","[5, 0]",83,22.8181,0.8147,0,0,greedy,3,opening,False,0,0.0,False
31,1,1,"[[1, 0], [2, 1]]","[2, 1]",85,26.051,0.8103,0,0,greedy,3,opening,False,0.0,0.0,True
31,2,0,"[[5, 0], [4, 1]]","[4, 1]",107,24.7548,0.791,0,1.0,greedy,3,opening,False,0.0,0.0,False
31,3,1,"[[0, 1], [1, 0]]","[1, 0]",90,34.1306,0.8242,0,1.0,greedy,3,opening,False,0.0,0.0,True
31,4,0,"[[4, 1], [3, 2]]","[3, 2]",111,33.2038,0.8073,0,1.0,greedy,3,opening,False,0.0,0.0,False
31,5,1,"[[2, 1], [4, 3]]","[4, 3]",16,3.1855,0.75,0,1.0,greedy,3,opening,True,0.0,0.0,False
31,6,0,"[[6, 3], [5, 4]]","[5, 4]",162,45.1891,0.6384,0,1.0,greedy,3,opening,False,0.0,0.0,False
31,7,1,"[[1, 2], [2, 1]]","[2, 1]",77,19.9318,0.8496,0,1.0,greedy,3,opening,False,0.0,0.0,True
31,8,0,"[[5, 4], [3, 2]]","[3, 2]",10,1.6437,0.8438,0,1.0,greedy,3,opening,False,0.0,0.0,False
31,9,1,"[[2, 1], [4, 3]]","[4, 3]",16,2.5735,0.75,-11,1.0,greedy,3,opening,False,0.0,0.0,False
31,10,0,"[[6, 7], [5, 6]]","[5, 6]",144,45.337,0.6786,-11,14.0,greedy,3,opening,True,0,0.0,False
31,11,1,"[[4, 3], [5, 4]]","[5, 4]",134,33.6499,0.7383,-11,14.0,greedy,3,opening,False,0.0,0.0,True
31,12,0,"[[6, 5], [4, 3]]","[4, 3]",24,6.8209,0.625,-11,14.0,greedy,3,opening,False,0.0,0.0,False
31,13,1,"[[0, 3], [1, 2]]","[1, 2]",82,14.1833,0.7865,-22,14.0,greedy,3,opening,False,0.0,0.0,True
31,14,0,"[[5, 6], [4, 5]]","[4, 5]",165,52.6614,0.7656,-22,14.0,greedy,3,opening,False,0.0,0.0,False
31,15,1,"[[1, 0], [2, 1]]","[2, 1]",89,40.7734,0.8013,-22,14.0,greedy,3,opening,True,1.0,0.0,True
31,16,0,"[[4, 5], [3, 6]]","[3, 6]",275,71.6047,0.6094,-22,15.0,greedy,3,opening,False,0.0,0.0,False
31,17,1,"[[1, 6], [2, 7]]","[2, 7]",99,28.9035,0.779,-22,15.0,greedy,3,opening,False,0.0,0.0,True
31,18,0,"[[3, 6], [2, 5]]","[2, 5]",104,32.7451,0.8375,-22,45.0,greedy,3,opening,False,0.0,0.0,False
31,19,1,"[[1, 4], [3, 6]]","[3, 6]",27,4.6067,0.5781,-22,45.0,greedy,3,opening,False,0.0,0.0,False
31,20,0,"[[4, 3], [3, 4]]","[3, 4]",212,63.7145,0.6319,-22,87.0,greedy,3,midgame,True,0,0.0,False
31,21,1,"[[0, 5], [1, 4]]","[1, 4]",111,29.8676,0.7832,-22,87.0,greedy,3,midgame,False,0.0,0.0,True
31,22,0,"[[3, 4], [2, 5]]","[2, 5]",114,30.5912,0.8021,-22,87.0,greedy,3,midgame,False,0.0,0.0,False
31,23,1,"[[1, 4], [2, 3]]","[2, 3]",92,24.2698,0.7946,-22,87.0,greedy,3,midgame,False,0.0,0.0,True
31,24,0,"[[7, 0], [6, 1]]","[6, 1]",72,19.81,0.875,-22,87.0,greedy,3,midgame,False,0.0,0.0,False
31,25,1,"[[2, 1], [3, 0]]","[3, 0]",88,23.9255,0.8036,-22,87.0,greedy,3,midgame,False,0.0,0.0,True
31,26,0,"[[6, 1], [5, 0]]","[5, 0]",71,19.3901,0.8767,-22,87.0,greedy,3,midgame,False,0.0,0.0,False
31,27,1,"[[1, 2], [2, 1]]","[2, 1]",86,31.8394,0.808,-22,87.0,greedy,3,midgame,False,0.0,0.0,True
31,28,0,"[[2, 5], [1, 6]]","[1, 6]",71,17.7543,0.8767,-22,87.0,greedy,3,midgame,False,0.0,0.0,False
31,29,1,"[[0, 7], [2, 5]]","[2, 5]",22,5.3132,0.6562,-22,87.0,greedy,3,midgame,False,0.0,0.0,False
31,30,0,"[[5, 0], [4, 1]]","[4, 1]",57,13.2539,0.8728,-22,100.0,greedy,3,midgame,True,0,0.0,False
31,31,1,"[[3, 0], [5, 2]]","[5, 2]",21,4.2913,0.6719,-22,100.0,greedy,3,midgame,False,0.0,0.0,False
31,32,0,"[[7, 4], [6, 3]]","[6, 3]",55,9.9638,0.8568,-22,112.0,greedy,3,midgame,False,0.0,0.0,False
31,33,1,"[[5, 2], [7, 4]]","[7, 4]",18,2.1,0.7188,-22,112.0,greedy,3,midgame,False,0.0,0.0,False
31,34,0,"[[7, 2], [6, 1]]","[6, 1]",71,13.6311,0.7227,-22,114.0,greedy,3,midgame,False,0.0,0.0,False
31,35,1,"[[2, 1], [3, 0]]","[3, 0]",105,16.8295,0.8177,-22,114.0,greedy,3,midgame,True,0.0,0.0,True
31,36,0,"[[6, 1], [5, 0]]","[5, 0]",41,10.4597,0.8398,-22,114.0,greedy,3,midgame,False,0.0,0.0,False
31,37,1,"[[2, 3], [3, 2]]","[3, 2]",103,18.1279,0.7988,-22,114.0,greedy,3,midgame,False,0.0,0.0,True
31,38,0,"[[5, 0], [4, 1]]","[4, 1]",14,2.0037,0.9271,-22,114.0,greedy,3,midgame,False,0.0,0.0,False
31,39,1,"[[3, 0], [5, 2]]","[5, 2]",25,4.081,0.8047,-22,114.0,greedy,3,midgame,False,0.0,0.0,True
31,40,0,"[[7, 6], [6, 7]]","[6, 7]",22,5.0645,0.8281,-22,128.0,greedy,3,midgame,True,0,0.0,False
31,41,1,"[[5, 2], [6, 1]]","[6, 1]",73,13.7954,0.8733,-22,128.0,greedy,3,midgame,False,0.0,0.0,True
31,42,0,"[[6, 7], [5, 6]]","[5, 6]",21,4.2927,0.6719,-22,128.0,greedy,3,midgame,False,0.0,0.0,False
31,43,1,"[[3, 6], [4, 7]]","[4, 7]",77,8.9374,0.8663,-22,128.0,greedy,3,midgame,False,0.0,0.0,True
31,44,0,"[[5, 6], [4, 5]]","[4, 5]",22,4.0758,0.6562,-22,156.0,greedy,3,midgame,False,0.0,0.0,False
31,45,1,"[[6, 1], [7, 0]]","[7, 0]",63,13.1218,0.9016,-22,156.0,greedy,3,midgame,True,144.0,144.0,True
31,46,0,"[[4, 5], [3, 4]]","[3, 4]",5,1.2662,0.9609,-22,156.0,greedy,3,midgame,False,0.0,0.0,False
31,47,1,"[[2, 5], [4, 3]]","[4, 3]",2,0.2511,0.9688,-22,156.0,greedy,3,midgame,False,0.0,0.0,False
32,0,0,"[[6, 1], [5, 0]]","[5, 0]",83,28.7001,0.8147,0,0,greedy,3,opening,False,0,0.0,False
32,1,1,"[[1, 0], [2, 1]]","[2, 1]",85,30.3509,0.8103,0,0,greedy,3,opening,False,0.0,0.0,True
32,2,0,"[[5, 0], [4, 1]]","[4, 1]",107,37.9913,0.791,0,1.0,greedy,3,opening,False,0.0,0.0,False
32,3,1,"[[0, 1], [1, 0]]","[1, 0]",90,23.5341,0.8242,0,1.0,greedy,3,opening,False,0.0,0.0,True
32,4,0,"[[4, 1], [3, 2]]","[3, 2]",111,30.1239,0.8073,0,1.0,greedy,3,opening,False,0.0,0.0,False
32,5,1,"[[2, 1], [4, 3]]","[4, 3]",16,3.1757,0.75,0,1.0,greedy,3,opening,True,0.0,0.0,False
32,6,0,"[[6, 3], [5, 4]]","[5, 4]",162,44.1005,0.6384,0,1.0,greedy,3,opening,False,0.0,0.0,False
32,7,1,"[[1, 2], [2, 1]]","[2, 1]",77,22.368,0.8496,0,1.0,greedy,3,opening,False,0.0,0.0,True
32,8,0,"[[5, 4], [3, 2]]","[3, 2]",10,3.8946,0.8438,0,1.0,greedy,3,opening,False,0.0,0.0,False
32,9,1,"[[2, 1], [4, 3]]","[4, 3]",16,6.6204,0.75,-11,1.0,greedy,3,opening,False,0.0,0.0,False
32,10,0,"[[6, 7], [5, 6]]","[5, 6]",144,52.4173,0.6786,-11,14.0,greedy,3,opening,True,0,0.0,False
32,11,1,"[[4, 3], [5, 4]]","[5, 4]",134,43.7002,0.7383,-11,14.0,greedy,3,opening,False,0.0,0.0,True
32,12,0,"[[6, 5], [4, 3]]","[4, 3]",24,7.0884,0.625,-11,14.0,greedy,3,opening,False,0.0,0.0,False
32,13,1,"[[0, 3], [1, 2]]","[1, 2]",82,25.7864,0.7865,-22,14.0,greedy,3,opening,False,0.0,0.0,True
32,14,0,"[[5, 6], [4, 5]]","[4, 5]",165,48.8231,0.7656,-22,14.0,greedy,3,opening,False,0.0,0.0,False
32,15,1,"[[1, 0], [2, 1]]","[2, 1]",89,22.6924,0.8013,-22,14.0,greedy,3,opening,True,1.0,0.0,True
32,16,0,"[[4, 5], [3, 6]]","[3, 6]",275,81.5165,0.6094,-22,15.0,greedy,3,opening,False,0.0,0.0,False
32,17,1,"[[1, 6], [2, 7]]","[2, 7]",99,25.4915,0.779,-22,15.0,greedy,3,opening,False,0.0,0.0,True
32,18,0,"[[3, 6], [2, 5]]","[2, 5]",104,29.6502,0.8375,-22,45.0,greedy,3,opening,False,0.0,0.0,False
32,19,1,"[[1, 4], [3, 6]]","[3, 6]",27,8.0204,0.5781,-22,45.0,greedy,3,opening,False,0.0,0.0,False
32,20,0,"[[4, 3], [3, 4]]","[3, 4]",212,44.2657,0.6319,-22,87.0,greedy,3,midgame,True,0,0.0,False
32,21,1,"[[0, 5], [1, 4]]","[1, 4]",111,25.5949,0.7832,-22,87.0,greedy,3,midgame,False,0.0,0.0,True
32,22,0,"[[3, 4], [2, 5]]","[2, 5]",114,33.2367,0.8021,-22,87.0,greedy,3,midgame,False,0.0,0.0,False
32,23,1,"[[1, 4], [2, 3]]","[2, 3]",92,16.9005,0.7946,-22,87.0,greedy,3,midgame,False,0.0,0.0,True
32,24,0,"[[7, 0], [6, 1]]","[6, 1]",72,19.0203,0.875,-22,87.0,greedy,3,midgame,False,0.0,0.0,False
32,25,1,"[[2, 1], [3, 0]]","[3, 0]",88,20.7965,0.8036,-22,87.0,greedy,3,midgame,False,0.0,0.0,True
32,26,0,"[[6, 1], [5, 0]]","[5, 0]",71,17.5951,0.8767,-22,87.0,greedy,3,midgame,False,0.0,0.0,False
32,27,1,"[[1, 2], [2, 1]]","[2, 1]",86,28.6674,0.808,-22,87.0,greedy,3,midgame,False,0.0,0.0,True
32,28,0,"[[2, 5], [1, 6]]","[1, 6]",71,20.7696,0.8767,-22,87.0,greedy,3,midgame,False,0.0,0.0,False
32,29,1,"[[0, 7], [2, 5]]","[2, 5]",22,3.3305,0.6562,-22,87.0,greedy,3,midgame,False,0.0,0.0,False
32,30,0,"[[5, 0], [4, 1]]","[4, 1]",57,9.973,0.8728,-22,100.0,greedy,3,midgame,True,0,0.0,False
32,31,1,"[[3, 0], [5, 2]]","[5, 2]",21,3.433,0.6719,-22,100.0,greedy,3,midgame,False,0.0,0.0,False
32,32,0,"[[7, 4], [6, 3]]","[6, 3]",55,7.8018,0.8568,-22,112.0,greedy,3,midgame,False,0.0,0.0,False
32,33,1,"[[5, 2], [7, 4]]","[7, 4]",18,3.3929,0.7188,-22,112.0,greedy,3,midgame,False,0.0,0.0,False
32,34,0,"[[7, 2], [6, 1]]","[6, 1]",71,16.964,0.7227,-22,114.0,greedy,3,midgame,False,0.0,0.0,False
32,35,1,"[[2, 1], [3, 0]]","[3, 0]",105,15.743,0.8177,-22,114.0,greedy,3,midgame,True,0.0,0.0,True
32,36,0,"[[6, 1], [5, 0]]","[5, 0]",41,5.9187,0.8398,-22,114.0,greedy,3,midgame,False,0.0,0.0,False
32,37,1,"[[2, 3], [3, 2]]","[3, 2]",103,19.4867,0.7988,-22,114.0,greedy,3,midgame,False,0.0,0.0,True
32,38,0,"[[5, 0], [4, 1]]","[4, 1]",14,3.6747,0.9271,-22,114.0,greedy,3,midgame,False,0.0,0.0,False
32,39,1,"[[3, 0], [5, 2]]","[5, 2]",25,3.0801,0.8047,-22,114.0,greedy,3,midgame,False,0.0,0.0,True
32,40,0,"[[7, 6], [6, 7]]","[6, 7]",22,2.5856,0.8281,-22,128.0,greedy,3,midgame,True,0,0.0,False
32,41,1,"[[5, 2], [6, 1]]","[6, 1]",73,12.7544,0.8733,-22,128.0,greedy,3,midgame,False,0.0,0.0,True
32,42,0,"[[6, 7], [5, 6]]","[5, 6]",21,2.8169,0.6719,-22,128.0,greedy,3,midgame,False,0.0,0.0,False
32,43,1,"[[3, 6], [4, 7]]","[4, 7]",77,14.0469,0.8663,-22,128.0,greedy,3,midgame,False,0.0,0.0,True
32,44,0,"[[5, 6], [4, 5]]","[4, 5]",22,4.1957,0.6562,-22,156.0,greedy,3,midgame,False,0.0,0.0,False
32,45,1,"[[6, 1], [7, 0]]","[7, 0]",63,10.9985,0.9016,-22,156.0,greedy,3,midgame,True,144.0,144.0,True
32,46,0,"[[4, 5], [3, 4]]","[3, 4]",5,0.4344,0.9609,-22,156.0,greedy,3,midgame,False,0.0,0.0,False
32,47,1,"[[2, 5], [4, 3]]","[4, 3]",2,0.1283,0.9688,-22,156.0,greedy,3,midgame,False,0.0,0.0,False
33,0,0,"[[6, 1], [5, 0]]","[5, 0]",83,18.6331,0.8147,0,0,greedy,3,opening,False,0,0.0,False
33,1,1,"[[1, 0], [2, 1]]","[2, 1]",85,31.2393,0.8103,0,0,greedy,3,opening,False,0.0,0.0,True
33,2,0,"[[5, 0], [4, 1]]","[4, 1]",107,29.5126,0.791,0,1.0,greedy,3,opening,False,0.0,0.0,False
33,3,1,"[[0, 1], [1, 0]]","[1, 0]",90,30.3688,0.8242,0,1.0,greedy,3,opening,False,0.0,0.0,True
33,4,0,"[[4, 1], [3, 2]]","[3, 2]",111,26.8397,0.8073,0,1.0,greedy,3,opening,False,0.0,0.0,False
33,5,1,"[[2, 1], [4, 3]]","[4, 3]",16,5.8234,0.75,0,1.0,greedy,3,opening,True,0.0,0.0,False
33,6,0,"[[6, 3], [5, 4]]","[5, 4]",162,43.22,0.6384,0,1.0,greedy,3,opening,False,0.0,0.0,False
33,7,1,"[[1, 2], [2, 1]]","[2, 1]",77,27.1034,0.8496,0,1.0,greedy,3,opening,False,0.0,0.0,True
33,8,0,"[[5, 4], [3, 2]]","[3, 2]",10,1.7776,0.8438,0,1.0,greedy,3,opening,False,0.0,0.0,False
33,9,1,"[[2, 1], [4, 3]]","[4, 3]",16,2.5773,0.75,-11,1.0,greedy,3,opening,False,0.0,0.0,False
33,10,0,"[[6, 7], [5, 6]]","[5, 6]",144,40.8742,0.6786,-11,14.0,greedy,3,opening,True,0,0.0,False
33,11,1,"[[4, 3], [5, 4]]","[5, 4]",134,44.6217,0.7383,-11,14.0,greedy,3,opening,False,0.0,0.0,True
33,12,0,"[[6, 5], [4, 3]]","[4, 3]",24,7.0722,0.625,-11,14.0,greedy,3,opening,False,0.0,0.0,False
33,13,1,"[[0, 3], [1, 2]]","[1, 2]",82,24.2198,0.7865,-22,14.0,greedy,3,opening,False,0.0,0.0,True
33,14,0,"[[5, 6], [4, 5]]","[4, 5]",165,51.3442,0.7656,-22,14.0,greedy,3,opening,False,0.0,0.0,False
33,15,1,"[[1, 0], [2, 1]]","[2, 1]",89,18.3344,0.8013,-22,14.0,greedy,3,opening,True,1.0,0.0,True
33,16,0,"[[4, 5], [3, 6]]","[3, 6]",275,62.413,0.6094,-22,15.0,greedy,3,opening,False,0.0,0.0,False
33,17,1,"[[1, 6], [2, 7]]","[2, 7]",99,26.8781,0.779,-22,15.0,greedy,3,opening,False,0.0,0.0,True
33,18,0,"[[3, 6], [2, 5]]","[2, 5]",104,19.6989,0.8375,-22,45.0,greedy,3,opening,False,0.0,0.0,False
33,19,1,"[[1, 4], [3, 6]]","[3, 6]",27,5.4836,0.5781,-22,45.0,greedy,3,opening,False,0.0,0.0,False
33,20,0,"[[4, 3], [3, 4]]","[3, 4]",212,58.1141,0.6319,-22,87.0,greedy,3,midgame,True,0,0.0,False
33,21,1,"[[0, 5], [1, 4]]","[1, 4]",111,22.1949,0.7832,-22,87.0,greedy,3,midgame,False,0.0,0.0,True
33,22,0,"[[3, 4], [2, 5]]","[2, 5]",114,34.7762,0.8021,-22,87.0,greedy,3,midgame,False,0.0,0.0,False
33,23,1,"[[1, 4], [2, 3]]","[2, 3]",92,18.8034,0.7946,-22,87.0,greedy,3,midgame,False,0.0,0.0,True
33,24,0,"[[7, 0], [6, 1]]","[6, 1]",72,13.6499,0.875,-22,87.0,greedy,3,midgame,False,0.0,0.0,False
33,25,1,"[[2, 1], [3, 0]]","[3, 0]",88,25.202,0.8036,-22,87.0,greedy,3,midgame,False,0.0,0.0,True
33,26,0,"[[6, 1], [5, 0]]","[5, 0]",71,14.8706,0.8767,-22,87.0,greedy,3,midgame,False,0.0,0.0,False
33,27,1,"[[1, 2], [2, 1]]","[2, 1]",86,18.8746,0.808,-22,87.0,greedy,3,midgame,False,0.0,0.0,True
33,28,0,"[[2, 5], [1, 6]]","[1, 6]",71,21.6467,0.8767,-22,87.0,greedy,3,midgame,False,0.0,0.0,False
33,29,1,"[[0, 7], [2, 5]]","[2, 5]",22,3.7513,0.6562,-22,87.0,greedy,3,midgame,False,0.0,0.0,False
33,30,0,"[[5, 0], [4, 1]]","[4, 1]",57,21.6992,0.8728,-22,100.0,greedy,3,midgame,True,0,0.0,False
33,31,1,"[[3, 0], [5, 2]]","[5, 2]",21,4.4842,0.6719,-22,100.0,greedy,3,midgame,False,0.0,0.0,False
33,32,0,"[[7, 4], [6, 3]]","[6, 3]",55,14.2176,0.8568,-22,112.0,greedy,3,midgame,False,0.0,0.0,False
33,33,1,"[[5, 2], [7, 4]]","[7, 4]",18,3.0701,0.7188,-22,112.0,greedy,3,midgame,False,0.0,0.0,False
33,34,0,"[[7, 2], [6, 1]]","[6, 1]",71,14.3638,0.7227,-22,114.0,greedy,3,midgame,False,0.0,0.0,False
33,35,1,"[[2, 1], [3, 0]]","[3, 0]",105,25.0282,0.8177,-22,114.0,greedy,3,midgame,True,0.0,0.0,True
33,36,0,"[[6, 1], [5, 0]]","[5, 0]",41,11.2641,0.8398,-22,114.0,greedy,3,midgame,False,0.0,0.0,False
33,37,1,"[[2, 3], [3, 2]]","[3, 2]",103,15.3654,0.7988,-22,114.0,greedy,3,midgame,False,0.0,0.0,True
33,38,0,"[[5, 0], [4, 1]]","[4, 1]",14,2.0492,0.9271,-22,114.0,greedy,3,midgame,False,0.0,0.0,False
33,39,1,"[[3, 0], [5, 2]]","[5, 2]",25,2.6197,0.8047,-22,114.0,greedy,3,midgame,False,0.0,0.0,True
33,40,0,"[[7, 6], [6, 7]]","[6, 7]",22,2.5685,0.8281,-22,128.0,greedy,3,midgame,True,0,0.0,False
33,41,1,"[[5, 2], [6, 1]]","[6, 1]",73,12.7351,0.8733,-22,128.0,greedy,3,midgame,False,0.0,0.0,True
33,42,0,"[[6, 7], [5, 6]]","[5, 6]",21,5.0895,0.6719,-22,128.0,greedy,3,midgame,False,0.0,0.0,False
33,43,1,"[[3, 6], [4, 7]]","[4, 7]",77,10.1178,0.8663,-22,128.0,greedy,3,midgame,False,0.0,0.0,True
33,44,0,"[[5, 6], [4, 5]]","[4, 5]",22,2.7535,0.6562,-22,156.0,greedy,3,midgame,False,0.0,0.0,False
33,45,1,"[[6, 1], [7, 0]]","[7, 0]",63,8.6882,0.9016,-22,156.0,greedy,3,midgame,True,144.0,144.0,True
33,46,0,"[[4, 5], [3, 4]]","[3, 4]",5,0.4385,0.9609,-22,156.0,greedy,3,midgame,False,0.0,0.0,False
33,47,1,"[[2, 5], [4, 3]]","[4, 3]",2,0.1311,0.9688,-22,156.0,greedy,3,midgame,False,0.0,0.0,False
34,0,0,"[[6, 1], [5, 0]]","[5, 0]",83,19.9673,0.8147,0,0,greedy,3,opening,False,0,0.0,False
34,1,1,"[[1, 0], [2, 1]]","[2, 1]",85,25.1453,0.8103,0,0,greedy,3,opening,False,0.0,0.0,True
34,2,0,"[[5, 0], [4, 1]]","[4, 1]",107,31.1463,0.791,0,1.0,greedy,3,opening,False,0.0,0.0,False
34,3,1,"[[0, 1], [1, 0]]","[1, 0]",90,31.2953,0.8242,0,1.0,greedy,3,opening,False,0.0,0.0,True
34,4,0,"[[4, 1], [3, 2]]","[3, 2]",111,32.7866,0.8073,0,1.0,greedy,3,opening,False,0.0,0.0,False
34,5,1,"[[2, 1], [4, 3]]","[4, 3]",16,5.404,0.75,0,1.0,greedy,3,opening,True,0.0,0.0,False
34,6,0,"[[6, 3], [5, 4]]","[5, 4]",162,47.168,0.6384,0,1.0,greedy,3,opening,False,0.0,0.0,False
34,7,1,"[[1, 2], [2, 1]]","[2, 1]",77,20.2358,0.8496,0,1.0,greedy,3,opening,False,0.0,0.0,True
34,8,0,"[[5, 4], [3, 2]]","[3, 2]",10,1.6301,0.8438,0,1.0,greedy,3,opening,False,0.0,0.0,False
34,9,1,"[[2, 1], [4, 3]]","[4, 3]",16,3.6883,0.75,-11,1.0,greedy,3,opening,False,0.0,0.0,False
34,10,0,"[[6, 7], [5, 6]]","[5, 6]",144,47.8985,0.6786,-11,14.0,greedy,3,opening,True,0,0.0,False
34,11,1,"[[4, 3], [5, 4]]","[5, 4]",134,42.1753,0.7383,-11,14.0,greedy,3,opening,False,0.0,0.0,True
34,12,0,"[[6, 5], [4, 3]]","[4, 3]",24,3.7916,0.625,-11,14.0,greedy,3,opening,False,0.0,0.0,False
34,13,1,"[[0, 3], [1, 2]]","[1, 2]",82,24.7619,0.7865,-22,14.0,greedy,3,opening,False,0.0,0.0,True
34,14,0,"[[5, 6], [4, 5]]","[4, 5]",165,49.196,0.7656,-22,14.0,greedy,3,opening,False,0.0,0.0,False
34,15,1,"[[1, 0], [2, 1]]","[2, 1]",89,17.9234,0.8013,-22,14.0,greedy,3,opening,True,1.0,0.0,True
34,16,0,"[[4, 5], [3, 6]]","[3, 6]",275,60.8873,0.6094,-22,15.0,greedy,3,opening,False,0.0,0.0,False
34,17,1,"[[1, 6], [2, 7]]","[2, 7]",99,23.6485,0.779,-22,15.0,greedy,3,opening,False,0.0,0.0,True
34,18,0,"[[3, 6], [2, 5]]","[2, 5]",104,26.9253,0.8375,-22,45.0,greedy,3,opening,False,0.0,0.0,False
34,19,1,"[[1, 4], [3, 6]]","[3, 6]",27,7.4773,0.5781,-22,45.0,greedy,3,opening,False,0.0,0.0,False
34,20,0,"[[4, 3], [3, 4]]","[3, 4]",212,42.9695,0.6319,-22,87.0,greedy,3,midgame,True,0,0.0,False
34,21,1,"[[0, 5], [1, 4]]","[1, 4]",111,28.3542,0.7832,-22,87.0,greedy,3,midgame,False,0.0,0.0,True
34,22,0,"[[3, 4], [2, 5]]","[2, 5]",114,28.038,0.8021,-22,87.0,greedy,3,midgame,False,0.0,0.0,False
34,23,1,"[[1, 4], [2, 3]]","[2, 3]",92,23.4115,0.7946,-22,87.0,greedy,3,midgame,False,0.0,0.0,True
34,24,0,"[[7, 0], [6, 1]]","[6, 1]",72,14.502,0.875,-22,87.0,greedy,3,midgame,False,0.0,0.0,False
34,25,1,"[[2, 1], [3, 0]]","[3, 0]",88,22.8796,0.8036,-22,87.0,greedy,3,midgame,False,0.0,0.0,True
34,26,0,"[[6, 1], [5, 0]]","[5, 0]",71,10.426,0.8767,-22,87.0,greedy,3,midgame,False,0.0,0.0,False
34,27,1,"[[1, 2], [2, 1]]","[2, 1]",86,14.7684,0.808,-22,87.0,greedy,3,midgame,False,0.0,0.0,True
34,28,0,"[[2, 5], [1, 6]]","[1, 6]",71,12.5337,0.8767,-22,87.0,greedy,3,midgame,False,0.0,0.0,False
34,29,1,"[[0, 7], [2, 5]]","[2, 5]",22,3.8295,0.6562,-22,87.0,greedy,3,midgame,False,0.0,0.0,False
34,30,0,"[[5, 0], [4, 1]]","[4, 1]",57,10.1058,0.8728,-22,100.0,greedy,3,midgame,True,0,0.0,False
34,31,1,"[[3, 0], [5, 2]]","[5, 2]",21,3.0935,0.6719,-22,100.0,greedy,3,midgame,False,0.0,0.0,False
34,32,0,"[[7, 4], [6, 3]]","[6, 3]",55,9.7373,0.8568,-22,112.0,greedy,3,midgame,False,0.0,0.0,False
34,33,1,"[[5, 2], [7, 4]]","[7, 4]",18,2.0885,0.7188,-22,112.0,greedy,3,midgame,False,0.0,0.0,False
34,34,0,"[[7, 2], [6, 1]]","[6, 1]",71,12.6228,0.7227,-22,114.0,greedy,3,midgame,False,0.0,0.0,False
34,35,1,"[[2, 1], [3, 0]]","[3, 0]",105,14.9651,0.8177,-22,114.0,greedy,3,midgame,True,0.0,0.0,True
34,36,0,"[[6, 1], [5, 0]]","[5, 0]",41,6.6469,0.8398,-22,114.0,greedy,3,midgame,False,0.0,0.0,False
34,37,1,"[[2, 3], [3, 2]]","[3, 2]",103,24.0624,0.7988,-22,114.0,greedy,3,midgame,False,0.0,0.0,True
34,38,0,"[[5, 0], [4, 1]]","[4, 1]",14,3.4826,0.9271,-22,114.0,greedy,3,midgame,False,0.0,0.0,False
34,39,1,"[[3, 0], [5, 2]]","[5, 2]",25,8.1341,0.8047,-22,114.0,greedy,3,midgame,False,0.0,0.0,True
34,40,0,"[[7, 6], [6, 7]]","[6, 7]",22,4.801,0.8281,-22,128.0,greedy,3,midgame,True,0,0.0,False
34,41,1,"[[5, 2], [6, 1]]","[6, 1]",73,18.6701,0.8733,-22,128.0,greedy,3,midgame,False,0.0,0.0,True
34,42,0,"[[6, 7], [5, 6]]","[5, 6]",21,4.7643,0.6719,-22,128.0,greedy,3,midgame,False,0.0,0.0,False
34,43,1,"[[3, 6], [4, 7]]","[4, 7]",77,17.0703,0.8663,-22,128.0,greedy,3,midgame,False,0.0,0.0,True
34,44,0,"[[5, 6], [4, 5]]","[4, 5]",22,2.9895,0.6562,-22,156.0,greedy,3,midgame,False,0.0,0.0,False
34,45,1,"[[6, 1], [7, 0]]","[7, 0]",63,7.0143,0.9016,-22,156.0,greedy,3,midgame,True,144.0,144.0,True
34,46,0,"[[4, 5], [3, 4]]","[3, 4]",5,0.4349,0.9609,-22,156.0,greedy,3,midgame,False,0.0,0.0,False
34,47,1,"[[2, 5], [4, 3]]","[4, 3]",2,0.1297,0.9688,-22,156.0,greedy,3,midgame,False,0.0,0.0,False
35,0,0,"[[6, 1], [5, 0]]","[5, 0]",83,28.1358,0.8147,0,0,greedy,3,opening,False,0,0.0,False
35,1,1,"[[1, 0], [2, 1]]","[2, 1]",85,20.4864,0.8103,0,0,greedy,3,opening,False,0.0,0.0,True
35,2,0,"[[5, 0], [4, 1]]","[4, 1]",107,23.9151,0.791,0,1.0,greedy,3,opening,False,0.0,0.0,False
35,3,1,"[[0, 1], [1, 0]]","[1, 0]",90,19.9316,0.8242,0,1.0,greedy,3,opening,False,0.0,0.0,True
35,4,0,"[[4, 1], [3, 2]]","[3, 2]",111,27.4141,0.8073,0,1.0,greedy,3,opening,False,0.0,0.0,False
35,5,1,"[[2, 1], [4, 3]]","[4, 3]",16,3.1679,0.75,0,1.0,greedy,3,opening,True,0.0,0.0,False
35,6,0,"[[6, 3], [5, 4]]","[5, 4]",162,48.2109,0.6384,0,1.0,greedy,3,opening,False,0.0,0.0,False
35,7,1,"[[1, 2], [2, 1]]","[2, 1]",77,18.5206,0.8496,0,1.0,greedy,3,opening,False,0.0,0.0,True
35,8,0,"[[5, 4], [3, 2]]","[3, 2]",10,7.4775,0.8438,0,1.0,greedy,3,opening,False,0.0,0.0,False
35,9,1,"[[2, 1], [4, 3]]","[4, 3]",16,7.9513,0.75,-11,1.0,greedy,3,opening,False,0.0,0.0,False
35,10,0,"[[6, 7], [5, 6]]","[5, 6]",144,67.2164,0.6786,-11,14.0,greedy,3,opening,True,0,0.0,False
35,11,1,"[[4, 3], [5, 4]]","[5, 4]",134,61.5644,0.7383,-11,14.0,greedy,3,opening,False,0.0,0.0,True
35,12,0,"[[6, 5], [4, 3]]","[4, 3]",24,11.9364,0.625,-11,14.0,greedy,3,opening,False,0.0,0.0,False
35,13,1,"[[0, 3], [1, 2]]","[1, 2]",82,29.81,0.7865,-22,14.0,greedy,3,opening,False,0.0,0.0,True
35,14,0,"[[5, 6], [4, 5]]","[4, 5]",165,68.826,0.7656,-22,14.0,greedy,3,opening,False,0.0,0.0,False
35,15,1,"[[1, 0], [2, 1]]","[2, 1]",89,32.2435,0.8013,-22,14.0,greedy,3,opening,True,1.0,0.0,True
35,16,0,"[[4, 5], [3, 6]]","[3, 6]",275,97.2526,0.6094,-22,15.0,greedy,3,opening,False,0.0,0.0,False
35,17,1,"[[1, 6], [2, 7]]","[2, 7]",99,36.3591,0.779,-22,15.0,greedy,3,opening,False,0.0,0.0,True
35,18,0,"[[3, 6], [2, 5]]","[2, 5]",104,40.0407,0.8375,-22,45.0,greedy,3,opening,False,0.0,0.0,False
35,19,1,"[[1, 4], [3, 6]]","[3, 6]",27,9.0995,0.5781,-22,45.0,greedy,3,opening,False,0.0,0.0,False
35,20,0,"[[4, 3], [3, 4]]","[3, 4]",212,55.8071,0.6319,-22,87.0,greedy,3,midgame,True,0,0.0,False
35,21,1,"[[0, 5], [1, 4]]","[1, 4]",111,25.2717,0.7832,-22,87.0,greedy,3,midgame,False,0.0,0.0,True
35,22,0,"[[3, 4], [2, 5]]","[2, 5]",114,32.8026,0.8021,-22,87.0,greedy,3,midgame,False,0.0,0.0,False
35,23,1,"[[1, 4], [2, 3]]","[2, 3]",92,16.7761,0.7946,-22,87.0,greedy,3,midgame,False,0.0,0.0,True
35,24,0,"[[7, 0], [6, 1]]","[6, 1]",72,15.3978,0.875,-22,87.0,greedy,3,midgame,False,0.0,0.0,False
35,25,1,"[[2, 1], [3, 0]]","[3, 0]",88,25.2776,0.8036,-22,87.0,greedy,3,midgame,False,0.0,0.0,True
35,26,0,"[[6, 1], [5, 0]]","[5, 0]",71,12.0137,0.8767,-22,87.0,greedy,3,midgame,False,0.0,0.0,False
35,27,1,"[[1, 2], [2, 1]]","[2, 1]",86,18.2853,0.808,-22,87.0,greedy,3,midgame,False,0.0,0.0,True
35,28,0,"[[2, 5], [1, 6]]","[1, 6]",71,30.2701,0.8767,-22,87.0,greedy,3,midgame,False,0.0,0.0,False
35,29,1,"[[0, 7], [2, 5]]","[2, 5]",22,8.9605,0.6562,-22,87.0,greedy,3,midgame,False,0.0,0.0,False
35,30,0,"[[5, 0], [4, 1]]","[4, 1]",57,22.042,0.8728,-22,100.0,greedy,3,midgame,True,0,0.0,False
35,31,1,"[[3, 0], [5, 2]]","[5, 2]",21,5.7003,0.6719,-22,100.0,greedy,3,midgame,False,0.0,0.0,False
35,32,0,"[[7, 4], [6, 3]]","[6, 3]",55,18.3721,0.8568,-22,112.0,greedy,3,midgame,False,0.0,0.0,False
35,33,1,"[[5, 2], [7, 4]]","[7, 4]",18,6.0949,0.7188,-22,112.0,greedy,3,midgame,False,0.0,0.0,False
35,34,0,"[[7, 2], [6, 1]]","[6, 1]",71,15.8453,0.7227,-22,114.0,greedy,3,midgame,False,0.0,0.0,False
35,35,1,"[[2, 1], [3, 0]]","[3, 0]",105,17.2439,0.8177,-22,114.0,greedy,3,midgame,True,0.0,0.0,True
35,36,0,"[[6, 1], [5, 0]]","[5, 0]",41,10.2673,0.8398,-22,114.0,greedy,3,midgame,False,0.0,0.0,False
35,37,1,"[[2, 3], [3, 2]]","[3, 2]",103,17.0727,0.7988,-22,114.0,greedy,3,midgame,False,0.0,0.0,True
35,38,0,"[[5, 0], [4, 1]]","[4, 1]",14,2.003,0.9271,-22,114.0,greedy,3,midgame,False,0.0,0.0,False
35,39,1,"[[3, 0], [5, 2]]","[5, 2]",25,2.6157,0.8047,-22,114.0,greedy,3,midgame,False,0.0,0.0,True
35,40,0,"[[7, 6], [6, 7]]","[6, 7]",22,2.5771,0.8281,-22,128.0,greedy,3,midgame,True,0,0.0,False
35,41,1,"[[5, 2], [6, 1]]","[6, 1]",73,10.0296,0.8733,-22,128.0,greedy,3,midgame,False,0.0,0.0,True
35,42,0,"[[6, 7], [5, 6]]","[5, 6]",21,2.8269,0.6719,-22,128.0,greedy,3,midgame,False,0.0,0.0,False
35,43,1,"[[3, 6], [4, 7]]","[4, 7]",77,10.5627,0.8663,-22,128.0,greedy,3,midgame,False,0.0,0.0,True
35,44,0,"[[5, 6], [4, 5]]","[4, 5]",22,2.7595,0.6562,-22,156.0,greedy,3,midgame,False,0.0,0.0,False
35,45,1,"[[6, 1], [7, 0]]","[7, 0]",63,8.9061,0.9016,-22,156.0,greedy,3,midgame,True,144.0,144.0,True
35,46,0,"[[4, 5], [3, 4]]","[3, 4]",5,0.4432,0.9609,-22,156.0,greedy,3,midgame,False,0.0,0.0,False
35,47,1,"[[2, 5], [4, 3]]","[4, 3]",2,0.1292,0.9688,-22,156.0,greedy,3,midgame,False,0.0,0.0,False
36,0,0,"[[6, 1], [5, 0]]","[5, 0]",83,20.5553,0.8147,0,0,greedy,3,opening,False,0,0.0,False
36,1,1,"[[1, 0], [2, 1]]","[2, 1]",85,19.7048,0.8103,0,0,greedy,3,opening,False,0.0,0.0,True
36,2,0,"[[5, 0], [4, 1]]","[4, 1]",107,31.9245,0.791,0,1.0,greedy,3,opening,False,0.0,0.0,False
36,3,1,"[[0, 1], [1, 0]]","[1, 0]",90,32.696,0.8242,0,1.0,greedy,3,opening,False,0.0,0.0,True
36,4,0,"[[4, 1], [3, 2]]","[3, 2]",111,32.5122,0.8073,0,1.0,greedy,3,opening,False,0.0,0.0,False
36,5,1,"[[2, 1], [4, 3]]","[4, 3]",16,5.5828,0.75,0,1.0,greedy,3,opening,True,0.0,0.0,False
36,6,0,"[[6, 3], [5, 4]]","[5, 4]",162,41.6355,0.6384,0,1.0,greedy,3,opening,False,0.0,0.0,False
36,7,1,"[[1, 2], [2, 1]]","[2, 1]",77,25.9585,0.8496,0,1.0,greedy,3,opening,False,0.0,0.0,True
36,8,0,"[[5, 4], [3, 2]]","[3, 2]",10,3.0234,0.8438,0,1.0,greedy,3,opening,False,0.0,0.0,False
36,9,1,"[[2, 1], [4, 3]]","[4, 3]",16,4.987,0.75,-11,1.0,greedy,3,opening,False,0.0,0.0,False
36,10,0,"[[6, 7], [5, 6]]","[5, 6]",144,46.7877,0.6786,-11,14.0,greedy,3,opening,True,0,0.0,False
36,11,1,"[[4, 3], [5, 4]]","[5, 4]",134,40.5674,0.7383,-11,14.0,greedy,3,opening,False,0.0,0.0,True
36,12,0,"[[6, 5], [4, 3]]","[4, 3]",24,7.0157,0.625,-11,14.0,greedy,3,opening,False,0.0,0.0,False
36,13,1,"[[0, 3], [1, 2]]","[1, 2]",82,25.9445,0.7865,-22,14.0,greedy,3,opening,False,0.0,0.0,True
36,14,0,"[[5, 6], [4, 5]]","[4, 5]",165,41.2822,0.7656,-22,14.0,greedy,3,opening,False,0.0,0.0,False
36,15,1,"[[1, 0], [2, 1]]","[2, 1]",89,24.2264,0.8013,-22,14.0,greedy,3,opening,True,1.0,0.0,True
36,16,0,"[[4, 5], [3, 6]]","[3, 6]",275,56.7691,0.6094,-22,15.0,greedy,3,opening,False,0.0,0.0,False
36,17,1,"[[1, 6], [2, 7]]","[2, 7]",99,18.2536,0.779,-22,15.0,greedy,3,opening,False,0.0,0.0,True
36,18,0,"[[3, 6], [2, 5]]","[2, 5]",104,28.9516,0.8375,-22,45.0,greedy,3,opening,False,0.0,0.0,False
36,19,1,"[[1, 4], [3, 6]]","[3, 6]",27,3.8755,0.5781,-22,45.0,greedy,3,opening,False,0.0,0.0,False
36,20,0,"[[4, 3], [3, 4]]","[3, 4]",212,49.3112,0.6319,-22,87.0,greedy,3,midgame,True,0,0.0,False
36,21,1,"[[0, 5], [1, 4]]","[1, 4]",111,23.0765,0.7832,-22,87.0,greedy,3,midgame,False,0.0,0.0,True
36,22,0,"[[3, 4], [2, 5]]","[2, 5]",114,27.2574,0.8021,-22,87.0,greedy,3,midgame,False,0.0,0.0,False
36,23,1,"[[1, 4], [2, 3]]","[2, 3]",92,27.0431,0.7946,-22,87.0,greedy,3,midgame,False,0.0,0.0,True
36,24,0,"[[7, 0], [6, 1]]","[6, 1]",72,16.1002,0.875,-22,87.0,greedy,3,midgame,False,0.0,0.0,False
36,25,1,"[[2, 1], [3, 0]]","[3, 0]",88,14.8208,0.8036,-22,87.0,greedy,3,midgame,False,0.0,0.0,True
36,26,0,"[[6, 1], [5, 0]]","[5, 0]",71,13.5996,0.8767,-22,87.0,greedy,3,midgame,False,0.0,0.0,False
36,27,1,"[[1, 2], [2, 1]]","[2, 1]",86,18.4312,0.808,-22,87.0,greedy,3,midgame,False,0.0,0.0,True
36,28,0,"[[2, 5], [1, 6]]","[1, 6]",71,12.753,0.8767,-22,87.0,greedy,3,midgame,False,0.0,0.0,False
36,29,1,"[[0, 7], [2, 5]]","[2, 5]",22,3.0799,0.6562,-22,87.0,greedy,3,midgame,False,0.0,0.0,False
36,30,0,"[[5, 0], [4, 1]]","[4, 1]",57,12.3544,0.8728,-22,100.0,greedy,3,midgame,True,0,0.0,False
36,31,1,"[[3, 0], [5, 2]]","[5, 2]",21,3.4978,0.6719,-22,100.0,greedy,3,midgame,False,0.0,0.0,False
36,32,0,"[[7, 4], [6, 3]]","[6, 3]",55,10.1755,0.8568,-22,112.0,greedy,3,midgame,False,0.0,0.0,False
36,33,1,"[[5, 2], [7, 4]]","[7, 4]",18,2.1091,0.7188,-22,112.0,greedy,3,midgame,False,0.0,0.0,False
36,34,0,"[[7, 2], [6, 1]]","[6, 1]",71,20.4129,0.7227,-22,114.0,greedy,3,midgame,False,0.0,0.0,False
36,35,1,"[[2, 1], [3, 0]]","[3, 0]",105,37.2319,0.8177,-22,114.0,greedy,3,midgame,True,0.0,0.0,True
36,36,0,"[[6, 1], [5, 0]]","[5, 0]",41,11.3175,0.8398,-22,114.0,greedy,3,midgame,False,0.0,0.0,False
36,37,1,"[[2, 3], [3, 2]]","[3, 2]",103,20.2072,0.7988,-22,114.0,greedy,3,midgame,False,0.0,0.0,True
36,38,0,"[[5, 0], [4, 1]]","[4, 1]",14,2.4908,0.9271,-22,114.0,greedy,3,midgame,False,0.0,0.0,False
36,39,1,"[[3, 0], [5, 2]]","[5, 2]",25,2.6085,0.8047,-22,114.0,greedy,3,midgame,False,0.0,0.0,True
36,40,0,"[[7, 6], [6, 7]]","[6, 7]",22,2.579,0.8281,-22,128.0,greedy,3,midgame,True,0,0.0,False
36,41,1,"[[5, 2], [6, 1]]","[6, 1]",73,20.1538,0.8733,-22,128.0,greedy,3,midgame,False,0.0,0.0,True
36,42,0,"[[6, 7], [5, 6]]","[5, 6]",21,3.52,0.6719,-22,128.0,greedy,3,midgame,False,0.0,0.0,False
36,43,1,"[[3, 6], [4, 7]]","[4, 7]",77,8.9641,0.8663,-22,128.0,greedy,3,midgame,False,0.0,0.0,True
36,44,0,"[[5, 6], [4, 5]]","[4, 5]",22,4.935,0.6562,-22,156.0,greedy,3,midgame,False,0.0,0.0,False
36,45,1,"[[6, 1], [7, 0]]","[7, 0]",63,13.1497,0.9016,-22,156.0,greedy,3,midgame,True,144.0,144.0,True
36,46,0,"[[4, 5], [3, 4]]","[3, 4]",5,0.819,0.9609,-22,156.0,greedy,3,midgame,False,0.0,0.0,False
36,47,1,"[[2, 5], [4, 3]]","[4, 3]",2,0.2451,0.9688,-22,156.0,greedy,3,midgame,False,0.0,0.0,False
37,0,0,"[[6, 1], [5, 0]]","[5, 0]",83,21.9374,0.8147,0,0,greedy,3,opening,False,0,0.0,False
37,1,1,"[[1, 0], [2, 1]]","[2, 1]",85,18.2552,0.8103,0,0,greedy,3,opening,False,0.0,0.0,True
37,2,0,"[[5, 0], [4, 1]]","[4, 1]",107,24.9095,0.791,0,1.0,greedy,3,opening,False,0.0,0.0,False
37,3,1,"[[0, 1], [1, 0]]","[1, 0]",90,28.4066,0.8242,0,1.0,greedy,3,opening,False,0.0,0.0,True
37,4,0,"[[4, 1], [3, 2]]","[3, 2]",111,37.256,0.8073,0,1.0,greedy,3,opening,False,0.0,0.0,False
37,5,1,"[[2, 1], [4, 3]]","[4, 3]",16,4.6632,0.75,0,1.0,greedy,3,opening,True,0.0,0.0,False
37,6,0,"[[6, 3], [5, 4]]","[5, 4]",162,47.5166,0.6384,0,1.0,greedy,3,opening,False,0.0,0.0,False
37,7,1,"[[1, 2], [2, 1]]","[2, 1]",77,31.7299,0.8496,0,1.0,greedy,3,opening,False,0.0,0.0,True
37,8,0,"[[5, 4], [3, 2]]","[3, 2]",10,3.7227,0.8438,0,1.0,greedy,3,opening,False,0.0,0.0,False
37,9,1,"[[2, 1], [4, 3]]","[4, 3]",16,4.1766,0.75,-11,1.0,greedy,3,opening,False,0.0,0.0,False
37,10,0,"[[6, 7], [5, 6]]","[5, 6]",144,36.7284,0.6786,-11,14.0,greedy,3,opening,True,0,0.0,False
37,11,1,"[[4, 3], [5, 4]]","[5, 4]",134,42.6457,0.7383,-11,14.0,greedy,3,opening,False,0.0,0.0,True
37,12,0,"[[6, 5], [4, 3]]","[4, 3]",24,7.0367,0.625,-11,14.0,greedy,3,opening,False,0.0,0.0,False
37,13,1,"[[0, 3], [1, 2]]","[1, 2]",82,25.1119,0.7865,-22,14.0,greedy,3,opening,False,0.0,0.0,True
37,14,0,"[[5, 6], [4, 5]]","[4, 5]",165,49.6638,0.7656,-22,14.0,greedy,3,opening,False,0.0,0.0,False
37,15,1,"[[1, 0], [2, 1]]","[2, 1]",89,30.1812,0.8013,-22,14.0,greedy,3,opening,True,1.0,0.0,True
37,16,0,"[[4, 5], [3, 6]]","[3, 6]",275,66.2467,0.6094,-22,15.0,greedy,3,opening,False,0.0,0.0,False
37,17,1,"[[1, 6], [2, 7]]","[2, 7]",99,23.4454,0.779,-22,15.0,greedy,3,opening,False,0.0,0.0,True
37,18,0,"[[3, 6], [2, 5]]","[2, 5]",104,28.4913,0.8375,-22,45.0,greedy,3,opening,False,0.0,0.0,False
37,19,1,"[[1, 4], [3, 6]]","[3, 6]",27,5.8956,0.5781,-22,45.0,greedy,3,opening,False,0.0,0.0,False
37,20,0,"[[4, 3], [3, 4]]","[3, 4]",212,48.2504,0.6319,-22,87.0,greedy,3,midgame,True,0,0.0,False
37,21,1,"[[0, 5], [1, 4]]","[1, 4]",111,30.4427,0.7832,-22,87.0,greedy,3,midgame,False,0.0,0.0,True
37,22,0,"[[3, 4], [2, 5]]","[2, 5]",114,24.4148,0.8021,-22,87.0,greedy,3,midgame,False,0.0,0.0,False
37,23,1,"[[1, 4], [2, 3]]","[2, 3]",92,28.8401,0.7946,-22,87.0,greedy,3,midgame,False,0.0,0.0,True
37,24,0,"[[7, 0], [6, 1]]","[6, 1]",72,19.3009,0.875,-22,87.0,greedy,3,midgame,False,0.0,0.0,False
37,25,1,"[[2, 1], [3, 0]]","[3, 0]",88,16.1266,0.8036,-22,87.0,greedy,3,midgame,False,0.0,0.0,True
37,26,0,"[[6, 1], [5, 0]]","[5, 0]",71,18.3716,0.8767,-22,87.0,greedy,3,midgame,False,0.0,0.0,False
37,27,1,"[[1, 2], [2, 1]]","[2, 1]",86,13.9225,0.808,-22,87.0,greedy,3,midgame,False,0.0,0.0,True
37,28,0,"[[2, 5], [1, 6]]","[1, 6]",71,11.4632,0.8767,-22,87.0,greedy,3,midgame,False,0.0,0.0,False
37,29,1,"[[0, 7], [2, 5]]","[2, 5]",22,4.226,0.6562,-22,87.0,greedy,3,midgame,False,0.0,0.0,False
37,30,0,"[[5, 0], [4, 1]]","[4, 1]",57,9.2063,0.8728,-22,100.0,greedy,3,midgame,True,0,0.0,False
37,31,1,"[[3, 0], [5, 2]]","[5, 2]",21,3.8416,0.6719,-22,100.0,greedy,3,midgame,False,0.0,0.0,False
37,32,0,"[[7, 4], [6, 3]]","[6, 3]",55,7.9513,0.8568,-22,112.0,greedy,3,midgame,False,0.0,0.0,False
37,33,1,"[[5, 2], [7, 4]]","[7, 4]",18,2.0735,0.7188,-22,112.0,greedy,3,midgame,False,0.0,0.0,False
37,34,0,"[[7, 2], [6, 1]]","[6, 1]",71,17.0841,0.7227,-22,114.0,greedy,3,midgame,False,0.0,0.0,False
37,35,1,"[[2, 1], [3, 0]]","[3, 0]",105,28.2626,0.8177,-22,114.0,greedy,3,midgame,True,0.0,0.0,True
37,36,0,"[[6, 1], [5, 0]]","[5, 0]",41,11.4894,0.8398,-22,114.0,greedy,3,midgame,False,0.0,0.0,False
37,37,1,"[[2, 3], [3, 2]]","[3, 2]",103,17.241,0.7988,-22,114.0,greedy,3,midgame,False,0.0,0.0,True
37,38,0,"[[5, 0], [4, 1]]","[4, 1]",14,2.3417,0.9271,-22,114.0,greedy,3,midgame,False,0.0,0.0,False
37,39,1,"[[3, 0], [5, 2]]","[5, 2]",25,4.9329,0.8047,-22,114.0,greedy,3,midgame,False,0.0,0.0,True
37,40,0,"[[7, 6], [6, 7]]","[6, 7]",22,5.2283,0.8281,-22,128.0,greedy,3,midgame,True,0,0.0,False
37,41,1,"[[5, 2], [6, 1]]","[6, 1]",73,14.6792,0.8733,-22,128.0,greedy,3,midgame,False,0.0,0.0,True
37,42,0,"[[6, 7], [5, 6]]","[5, 6]",21,4.1606,0.6719,-22,128.0,greedy,3,midgame,False,0.0,0.0,False
37,43,1,"[[3, 6], [4, 7]]","[4, 7]",77,11.4479,0.8663,-22,128.0,greedy,3,midgame,False,0.0,0.0,True
37,44,0,"[[5, 6], [4, 5]]","[4, 5]",22,5.2111,0.6562,-22,156.0,greedy,3,midgame,False,0.0,0.0,False
37,45,1,"[[6, 1], [7, 0]]","[7, 0]",63,10.3507,0.9016,-22,156.0,greedy,3,midgame,True,144.0,144.0,True
37,46,0,"[[4, 5], [3, 4]]","[3, 4]",5,0.4354,0.9609,-22,156.0,greedy,3,midgame,False,0.0,0.0,False
37,47,1,"[[2, 5], [4, 3]]","[4, 3]",2,0.1285,0.9688,-22,156.0,greedy,3,midgame,False,0.0,0.0,False
38,0,0,"[[6, 1], [5, 0]]","[5, 0]",83,17.5064,0.8147,0,0,greedy,3,opening,False,0,0.0,False
38,1,1,"[[1, 0], [2, 1]]","[2, 1]",85,24.3046,0.8103,0,0,greedy,3,opening,False,0.0,0.0,True
38,2,0,"[[5, 0], [4, 1]]","[4, 1]",107,29.1431,0.791,0,1.0,greedy,3,opening,False,0.0,0.0,False
38,3,1,"[[0, 1], [1, 0]]","[1, 0]",90,34.7161,0.8242,0,1.0,greedy,3,opening,False,0.0,0.0,True
38,4,0,"[[4, 1], [3, 2]]","[3, 2]",111,36.4122,0.8073,0,1.0,greedy,3,opening,False,0.0,0.0,False
38,5,1,"[[2, 1], [4, 3]]","[4, 3]",16,3.2969,0.75,0,1.0,greedy,3,opening,True,0.0,0.0,False
38,6,0,"[[6, 3], [5, 4]]","[5, 4]",162,51.9571,0.6384,0,1.0,greedy,3,opening,False,0.0,0.0,False
38,7,1,"[[1, 2], [2, 1]]","[2, 1]",77,24.0278,0.8496,0,1.0,greedy,3,opening,False,0.0,0.0,True
38,8,0,"[[5, 4], [3, 2]]","[3, 2]",10,1.6305,0.8438,0,1.0,greedy,3,opening,False,0.0,0.0,False
38,9,1,"[[2, 1], [4, 3]]","[4, 3]",16,2.5806,0.75,-11,1.0,greedy,3,opening,False,0.0,0.0,False
38,10,0,"[[6, 7], [5, 6]]","[5, 6]",144,42.876,0.6786,-11,14.0,greedy,3,opening,True,0,0.0,False
38,11,1,"[[4, 3], [5, 4]]","[5, 4]",134,26.1357,0.7383,-11,14.0,greedy,3,opening,False,0.0,0.0,True
38,12,0,"[[6, 5], [4, 3]]","[4, 3]",24,7.0229,0.625,-11,14.0,greedy,3,opening,False,0.0,0.0,False
38,13,1,"[[0, 3], [1, 2]]","[1, 2]",82,30.7252,0.7865,-22,14.0,greedy,3,opening,False,0.0,0.0,True
38,14,0,"[[5, 6], [4, 5]]","[4, 5]",165,44.9133,0.7656,-22,14.0,greedy,3,opening,False,0.0,0.0,False
38,15,1,"[[1, 0], [2, 1]]","[2, 1]",89,24.3943,0.8013,-22,14.0,greedy,3,opening,True,1.0,0.0,True
38,16,0,"[[4, 5], [3, 6]]","[3, 6]",275,76.6487,0.6094,-22,15.0,greedy,3,opening,False,0.0,0.0,False
38,17,1,"[[1, 6], [2, 7]]","[2, 7]",99,25.5346,0.779,-22,15.0,greedy,3,opening,False,0.0,0.0,True
38,18,0,"[[3, 6], [2, 5]]","[2, 5]",104,24.5171,0.8375,-22,45.0,greedy,3,opening,False,0.0,0.0,False
38,19,1,"[[1, 4], [3, 6]]","[3, 6]",27,4.3736,0.5781,-22,45.0,greedy,3,opening,False,0.0,0.0,False
38,20,0,"[[4, 3], [3, 4]]","[3, 4]",212,47.1303,0.6319,-22,87.0,greedy,3,midgame,True,0,0.0,False
38,21,1,"[[0, 5], [1, 4]]","[1, 4]",111,24.3104,0.7832,-22,87.0,greedy,3,midgame,False,0.0,0.0,True
38,22,0,"[[3, 4], [2, 5]]","[2, 5]",114,28.0428,0.8021,-22,87.0,greedy,3,midgame,False,0.0,0.0,False
38,23,1,"[[1, 4], [2, 3]]","[2, 3]",92,16.9477,0.7946,-22,87.0,greedy,3,midgame,False,0.0,0.0,True
38,24,0,"[[7, 0], [6, 1]]","[6, 1]",72,13.1092,0.875,-22,87.0,greedy,3,midgame,False,0.0,0.0,False
38,25,1,"[[2, 1], [3, 0]]","[3, 0]",88,20.0593,0.8036,-22,87.0,greedy,3,midgame,False,0.0,0.0,True
38,26,0,"[[6, 1], [5, 0]]","[5, 0]",71,13.1392,0.8767,-22,87.0,greedy,3,midgame,False,0.0,0.0,False
38,27,1,"[[1, 2], [2, 1]]","[2, 1]",86,19.3462,0.808,-22,87.0,greedy,3,midgame,False,0.0,0.0,True
38,28,0,"[[2, 5], [1, 6]]","[1, 6]",71,14.3723,0.8767,-22,87.0,greedy,3,midgame,False,0.0,0.0,False
38,29,1,"[[0, 7], [2, 5]]","[2, 5]",22,6.377,0.6562,-22,87.0,greedy,3,midgame,False,0.0,0.0,False
38,30,0,"[[5, 0], [4, 1]]","[4, 1]",57,9.7976,0.8728,-22,100.0,greedy,3,midgame,True,0,0.0,False
38,31,1,"[[3, 0], [5, 2]]","[5, 2]",21,3.1133,0.6719,-22,100.0,greedy,3,midgame,False,0.0,0.0,False
38,32,0,"[[7, 4], [6, 3]]","[6, 3]",55,14.7476,0.8568,-22,112.0,greedy,3,midgame,False,0.0,0.0,False
38,33,1,"[[5, 2], [7, 4]]","[7, 4]",18,2.8298,0.7188,-22,112.0,greedy,3,midgame,False,0.0,0.0,False
38,34,0,"[[7, 2], [6, 1]]","[6, 1]",71,9.9216,0.7227,-22,114.0,greedy,3,midgame,False,0.0,0.0,False
38,35,1,"[[2, 1], [3, 0]]","[3, 0]",105,14.4846,0.8177,-22,114.0,greedy,3,midgame,True,0.0,0.0,True
38,36,0,"[[6, 1], [5, 0]]","[5, 0]",41,7.8759,0.8398,-22,114.0,greedy,3,midgame,False,0.0,0.0,False
38,37,1,"[[2, 3], [3, 2]]","[3, 2]",103,15.2867,0.7988,-22,114.0,greedy,3,midgame,False,0.0,0.0,True
38,38,0,"[[5, 0], [4, 1]]","[4, 1]",14,3.6657,0.9271,-22,114.0,greedy,3,midgame,False,0.0,0.0,False
38,39,1,"[[3, 0], [5, 2]]","[5, 2]",25,4.6496,0.8047,-22,114.0,greedy,3,midgame,False,0.0,0.0,True
38,40,0,"[[7, 6], [6, 7]]","[6, 7]",22,5.3275,0.8281,-22,128.0,greedy,3,midgame,True,0,0.0,False
38,41,1,"[[5, 2], [6, 1]]","[6, 1]",73,17.7386,0.8733,-22,128.0,greedy,3,midgame,False,0.0,0.0,True
38,42,0,"[[6, 7], [5, 6]]","[5, 6]",21,2.8448,0.6719,-22,128.0,greedy,3,midgame,False,0.0,0.0,False
38,43,1,"[[3, 6], [4, 7]]","[4, 7]",77,17.52,0.8663,-22,128.0,greedy,3,midgame,False,0.0,0.0,True
38,44,0,"[[5, 6], [4, 5]]","[4, 5]",22,2.8126,0.6562,-22,156.0,greedy,3,midgame,False,0.0,0.0,False
38,45,1,"[[6, 1], [7, 0]]","[7, 0]",63,8.2662,0.9016,-22,156.0,greedy,3,midgame,True,144.0,144.0,True
38,46,0,"[[4, 5], [3, 4]]","[3, 4]",5,0.4375,0.9609,-22,156.0,greedy,3,midgame,False,0.0,0.0,False
38,47,1,"[[2, 5], [4, 3]]","[4, 3]",2,0.1285,0.9688,-22,156.0,greedy,3,midgame,False,0.0,0.0,False
39,0,0,"[[6, 1], [5, 0]]","[5, 0]",83,17.4901,0.8147,0,0,greedy,3,opening,False,0,0.0,False
39,1,1,"[[1, 0], [2, 1]]","[2, 1]",85,25.1198,0.8103,0,0,greedy,3,opening,False,0.0,0.0,True
39,2,0,"[[5, 0], [4, 1]]","[4, 1]",107,34.2467,0.791,0,1.0,greedy,3,opening,False,0.0,0.0,False
39,3,1,"[[0, 1], [1, 0]]","[1, 0]",90,19.345,0.8242,0,1.0,greedy,3,opening,False,0.0,0.0,True
39,4,0,"[[4, 1], [3, 2]]","[3, 2]",111,34.6544,0.8073,0,1.0,greedy,3,opening,False,0.0,0.0,False
39,5,1,"[[2, 1], [4, 3]]","[4, 3]",16,6.5122,0.75,0,1.0,greedy,3,opening,True,0.0,0.0,False
39,6,0,"[[6, 3], [5, 4]]","[5, 4]",162,45.4214,0.6384,0,1.0,greedy,3,opening,False,0.0,0.0,False
39,7,1,"[[1, 2], [2, 1]]","[2, 1]",77,19.5129,0.8496,0,1.0,greedy,3,opening,False,0.0,0.0,True
39,8,0,"[[5, 4], [3, 2]]","[3, 2]",10,1.6387,0.8438,0,1.0,greedy,3,opening,False,0.0,0.0,False
39,9,1,"[[2, 1], [4, 3]]","[4, 3]",16,4.6296,0.75,-11,1.0,greedy,3,opening,False,0.0,0.0,False
39,10,0,"[[6, 7], [5, 6]]","[5, 6]",144,39.9113,0.6786,-11,14.0,greedy,3,opening,True,0,0.0,False
39,11,1,"[[4, 3], [5, 4]]","[5, 4]",134,39.7365,0.7383,-11,14.0,greedy,3,opening,False,0.0,0.0,True
39,12,0,"[[6, 5], [4, 3]]","[4, 3]",24,3.7761,0.625,-11,14.0,greedy,3,opening,False,0.0,0.0,False
39,13,1,"[[0, 3], [1, 2]]","[1, 2]",82,14.9732,0.7865,-22,14.0,greedy,3,opening,False,0.0,0.0,True
39,14,0,"[[5, 6], [4, 5]]","[4, 5]",165,46.6442,0.7656,-22,14.0,greedy,3,opening,False,0.0,0.0,False
39,15,1,"[[1, 0], [2, 1]]","[2, 1]",89,28.0087,0.8013,-22,14.0,greedy,3,opening,True,1.0,0.0,True
39,16,0,"[[4, 5], [3, 6]]","[3, 6]",275,82.7777,0.6094,-22,15.0,greedy,3,opening,False,0.0,0.0,False
39,17,1,"[[1, 6], [2, 7]]","[2, 7]",99,26.0885,0.779,-22,15.0,greedy,3,opening,False,0.0,0.0,True
39,18,0,"[[3, 6], [2, 5]]","[2, 5]",104,31.76,0.8375,-22,45.0,greedy,3,opening,False,0.0,0.0,False
39,19,1,"[[1, 4], [3, 6]]","[3, 6]",27,7.1766,0.5781,-22,45.0,greedy,3,opening,False,0.0,0.0,False
39,20,0,"[[4, 3], [3, 4]]","[3, 4]",212,65.9361,0.6319,-22,87.0,greedy,3,midgame,True,0,0.0,False
39,21,1,"[[0, 5], [1, 4]]","[1, 4]",111,20.2765,0.7832,-22,87.0,greedy,3,midgame,False,0.0,0.0,True
39,22,0,"[[3, 4], [2, 5]]","[2, 5]",114,20.334,0.8021,-22,87.0,greedy,3,midgame,False,0.0,0.0,False
39,23,1,"[[1, 4], [2, 3]]","[2, 3]",92,16.49,0.7946,-22,87.0,greedy,3,midgame,False,0.0,0.0,True
39,24,0,"[[7, 0], [6, 1]]","[6, 1]",72,15.2669,0.875,-22,87.0,greedy,3,midgame,False,0.0,0.0,False
39,25,1,"[[2, 1], [3, 0]]","[3, 0]",88,25.2361,0.8036,-22,87.0,greedy,3,midgame,False,0.0,0.0,True
39,26,0,"[[6, 1], [5, 0]]","[5, 0]",71,17.2791,0.8767,-22,87.0,greedy,3,midgame,False,0.0,0.0,False
39,27,1,"[[1, 2], [2, 1]]","[2, 1]",86,20.6153,0.808,-22,87.0,greedy,3,midgame,False,0.0,0.0,True
39,28,0,"[[2, 5], [1, 6]]","[1, 6]",71,18.6508,0.8767,-22,87.0,greedy,3,midgame,False,0.0,0.0,False
39,29,1,"[[0, 7], [2, 5]]","[2, 5]",22,3.6941,0.6562,-22,87.0,greedy,3,midgame,False,0.0,0.0,False
39,30,0,"[[5, 0], [4, 1]]","[4, 1]",57,15.5289,0.8728,-22,100.0,greedy,3,midgame,True,0,0.0,False
39,31,1,"[[3, 0], [5, 2]]","[5, 2]",21,3.1226,0.6719,-22,100.0,greedy,3,midgame,False,0.0,0.0,False
39,32,0,"[[7, 4], [6, 3]]","[6, 3]",55,8.1155,0.8568,-22,112.0,greedy,3,midgame,False,0.0,0.0,False
39,33,1,"[[5, 2], [7, 4]]","[7, 4]",18,4.0212,0.7188,-22,112.0,greedy,3,midgame,False,0.0,0.0,False
39,34,0,"[[7, 2], [6, 1]]","[6, 1]",71,16.5203,0.7227,-22,114.0,greedy,3,midgame,False,0.0,0.0,False
39,35,1,"[[2, 1], [3, 0]]","[3, 0]",105,17.3898,0.8177,-22,114.0,greedy,3,midgame,True,0.0,0.0,True
39,36,0,"[[6, 1], [5, 0]]","[5, 0]",41,10.4158,0.8398,-22,114.0,greedy,3,midgame,False,0.0,0.0,False
39,37,1,"[[2, 3], [3, 2]]","[3, 2]",103,12.9819,0.7988,-22,114.0,greedy,3,midgame,False,0.0,0.0,True
39,38,0,"[[5, 0], [4, 1]]","[4, 1]",14,2.0635,0.9271,-22,114.0,greedy,3,midgame,False,0.0,0.0,False
39,39,1,"[[3, 0], [5, 2]]","[5, 2]",25,2.6312,0.8047,-22,114.0,greedy,3,midgame,False,0.0,0.0,True
39,40,0,"[[7, 6], [6, 7]]","[6, 7]",22,2.5866,0.8281,-22,128.0,greedy,3,midgame,True,0,0.0,False
39,41,1,"[[5, 2], [6, 1]]","[6, 1]",73,12.4135,0.8733,-22,128.0,greedy,3,midgame,False,0.0,0.0,True
39,42,0,"[[6, 7], [5, 6]]","[5, 6]",21,5.1999,0.6719,-22,128.0,greedy,3,midgame,False,0.0,0.0,False
39,43,1,"[[3, 6], [4, 7]]","[4, 7]",77,11.802,0.8663,-22,128.0,greedy,3,midgame,False,0.0,0.0,True
39,44,0,"[[5, 6], [4, 5]]","[4, 5]",22,2.7785,0.6562,-22,156.0,greedy,3,midgame,False,0.0,0.0,False
39,45,1,"[[6, 1], [7, 0]]","[7, 0]",63,16.7398,0.9016,-22,156.0,greedy,3,midgame,True,144.0,144.0,True
39,46,0,"[[4, 5], [3, 4]]","[3, 4]",5,1.246,0.9609,-22,156.0,greedy,3,midgame,False,0.0,0.0,False
39,47,1,"[[2, 5], [4, 3]]","[4, 3]",2,0.6864,0.9688,-22,156.0,greedy,3,midgame,False,0.0,0.0,False
40,0,0,"[[6, 1], [5, 0]]","[5, 0]",83,24.761,0.8147,0,0,greedy,3,opening,False,0,0.0,False
40,1,1,"[[1, 0], [2, 1]]","[2, 1]",85,20.8068,0.8103,0,0,greedy,3,opening,False,0.0,0.0,True
40,2,0,"[[5, 0], [4, 1]]","[4, 1]",107,36.617,0.791,0,1.0,greedy,3,opening,False,0.0,0.0,False
40,3,1,"[[0, 1], [1, 0]]","[1, 0]",90,31.3842,0.8242,0,1.0,greedy,3,opening,False,0.0,0.0,True
40,4,0,"[[4, 1], [3, 2]]","[3, 2]",111,41.7421,0.8073,0,1.0,greedy,3,opening,False,0.0,0.0,False
40,5,1,"[[2, 1], [4, 3]]","[4, 3]",16,5.0855,0.75,0,1.0,greedy,3,opening,True,0.0,0.0,False
40,6,0,"[[6, 3], [5, 4]]","[5, 4]",162,53.5314,0.6384,0,1.0,greedy,3,opening,False,0.0,0.0,False
40,7,1,"[[1, 2], [2, 1]]","[2, 1]",77,19.6214,0.8496,0,1.0,greedy,3,opening,False,0.0,0.0,True
40,8,0,"[[5, 4], [3, 2]]","[3, 2]",10,1.6227,0.8438,0,1.0,greedy,3,opening,False,0.0,0.0,False
40,9,1,"[[2, 1], [4, 3]]","[4, 3]",16,3.3453,0.75,-11,1.0,greedy,3,opening,False,0.0,0.0,False
40,10,0,"[[6, 7], [5, 6]]","[5, 6]",144,37.7896,0.6786,-11,14.0,greedy,3,opening,True,0,0.0,False
40,11,1,"[[4, 3], [5, 4]]","[5, 4]",134,36.1362,0.7383,-11,14.0,greedy,3,opening,False,0.0,0.0,True
40,12,0,"[[6, 5], [4, 3]]","[4, 3]",24,6.4814,0.625,-11,14.0,greedy,3,opening,False,0.0,0.0,False
40,13,1,"[[0, 3], [1, 2]]","[1, 2]",82,21.7125,0.7865,-22,14.0,greedy,3,opening,False,0.0,0.0,True
40,14,0,"[[5, 6], [4, 5]]","[4, 5]",165,45.4717,0.7656,-22,14.0,greedy,3,opening,False,0.0,0.0,False
40,15,1,"[[1, 0], [2, 1]]","[2, 1]",89,17.761,0.8013,-22,14.0,greedy,3,opening,True,1.0,0.0,True
40,16,0,"[[4, 5], [3, 6]]","[3, 6]",275,87.9261,0.6094,-22,15.0,greedy,3,opening,False,0.0,0.0,False
40,17,1,"[[1, 6], [2, 7]]","[2, 7]",99,31.3449,0.779,-22,15.0,greedy,3,opening,False,0.0,0.0,True
40,18,0,"[[3, 6], [2, 5]]","[2, 5]",104,31.147,0.8375,-22,45.0,greedy,3,opening,False,0.0,0.0,False
40,19,1,"[[1, 4], [3, 6]]","[3, 6]",27,7.2341,0.5781,-22,45.0,greedy,3,opening,False,0.0,0.0,False
40,20,0,"[[4, 3], [3, 4]]","[3, 4]",212,54.2424,0.6319,-22,87.0,greedy,3,midgame,True,0,0.0,False
40,21,1,"[[0, 5], [1, 4]]","[1, 4]",111,25.4509,0.7832,-22,87.0,greedy,3,midgame,False,0.0,0.0,True
40,22,0,"[[3, 4], [2, 5]]","[2, 5]",114,23.2599,0.8021,-22,87.0,greedy,3,midgame,False,0.0,0.0,False
40,23,1,"[[1, 4], [2, 3]]","[2, 3]",92,24.7269,0.7946,-22,87.0,greedy,3,midgame,False,0.0,0.0,True
40,24,0,"[[7, 0], [6, 1]]","[6, 1]",72,11.9367,0.875,-22,87.0,greedy,3,midgame,False,0.0,0.0,False
40,25,1,"[[2, 1], [3, 0]]","[3, 0]",88,14.4866,0.8036,-22,87.0,greedy,3,midgame,False,0.0,0.0,True
40,26,0,"[[6, 1], [5, 0]]","[5, 0]",71,10.4759,0.8767,-22,87.0,greedy,3,midgame,False,0.0,0.0,False
40,27,1,"[[1, 2], [2, 1]]","[2, 1]",86,15.1632,0.808,-22,87.0,greedy,3,midgame,False,0.0,0.0,True
40,28,0,"[[2, 5], [1, 6]]","[1, 6]",71,18.8763,0.8767,-22,87.0,greedy,3,midgame,False,0.0,0.0,False
40,29,1,"[[0, 7], [2, 5]]","[2, 5]",22,5.7099,0.6562,-22,87.0,greedy,3,midgame,False,0.0,0.0,False
40,30,0,"[[5, 0], [4, 1]]","[4, 1]",57,13.4819,0.8728,-22,100.0,greedy,3,midgame,True,0,0.0,False
40,31,1,"[[3, 0], [5, 2]]","[5, 2]",21,3.1013,0.6719,-22,100.0,greedy,3,midgame,False,0.0,0.0,False
40,32,0,"[[7, 4], [6, 3]]","[6, 3]",55,13.7253,0.8568,-22,112.0,greedy,3,midgame,False,0.0,0.0,False
40,33,1,"[[5, 2], [7, 4]]","[7, 4]",18,4.1821,0.7188,-22,112.0,greedy,3,midgame,False,0.0,0.0,False
40,34,0,"[[7, 2], [6, 1]]","[6, 1]",71,14.2303,0.7227,-22,114.0,greedy,3,midgame,False,0.0,0.0,False
40,35,1,"[[2, 1], [3, 0]]","[3, 0]",105,20.9875,0.8177,-22,114.0,greedy,3,midgame,True,0.0,0.0,True
40,36,0,"[[6, 1], [5, 0]]","[5, 0]",41,7.6768,0.8398,-22,114.0,greedy,3,midgame,False,0.0,0.0,False
40,37,1,"[[2, 3], [3, 2]]","[3, 2]",103,16.6228,0.7988,-22,114.0,greedy,3,midgame,False,0.0,0.0,True
40,38,0,"[[5, 0], [4, 1]]","[4, 1]",14,3.6807,0.9271,-22,114.0,greedy,3,midgame,False,0.0,0.0,False
40,39,1,"[[3, 0], [5, 2]]","[5, 2]",25,5.6334,0.8047,-22,114.0,greedy,3,midgame,False,0.0,0.0,True
40,40,0,"[[7, 6], [6, 7]]","[6, 7]",22,3.7091,0.8281,-22,128.0,greedy,3,midgame,True,0,0.0,False
40,41,1,"[[5, 2], [6, 1]]","[6, 1]",73,8.2157,0.8733,-22,128.0,greedy,3,midgame,False,0.0,0.0,True
40,42,0,"[[6, 7], [5, 6]]","[5, 6]",21,4.1296,0.6719,-22,128.0,greedy,3,midgame,False,0.0,0.0,False
40,43,1,"[[3, 6], [4, 7]]","[4, 7]",77,15.209,0.8663,-22,128.0,greedy,3,midgame,False,0.0,0.0,True
40,44,0,"[[5, 6], [4, 5]]","[4, 5]",22,3.0694,0.6562,-22,156.0,greedy,3,midgame,False,0.0,0.0,False
40,45,1,"[[6, 1], [7, 0]]","[7, 0]",63,7.0498,0.9016,-22,156.0,greedy,3,midgame,True,144.0,144.0,True
40,46,0,"[[4, 5], [3, 4]]","[3, 4]",5,0.4394,0.9609,-22,156.0,greedy,3,midgame,False,0.0,0.0,False
40,47,1,"[[2, 5], [4, 3]]","[4, 3]",2,0.1278,0.9688,-22,156.0,greedy,3,midgame,False,0.0,0.0,False
41,0,0,"[[6, 1], [5, 0]]","[5, 0]",83,25.4068,0.8147,0,0,greedy,3,opening,False,0,0.0,False
41,1,1,"[[1, 0], [2, 1]]","[2, 1]",85,30.7152,0.8103,0,0,greedy,3,opening,False,0.0,0.0,True
41,2,0,"[[5, 0], [4, 1]]","[4, 1]",107,39.6929,0.791,0,1.0,greedy,3,opening,False,0.0,0.0,False
41,3,1,"[[0, 1], [1, 0]]","[1, 0]",90,26.8304,0.8242,0,1.0,greedy,3,opening,False,0.0,0.0,True
41,4,0,"[[4, 1], [3, 2]]","[3, 2]",111,26.792,0.8073,0,1.0,greedy,3,opening,False,0.0,0.0,False
41,5,1,"[[2, 1], [4, 3]]","[4, 3]",16,3.1981,0.75,0,1.0,greedy,3,opening,True,0.0,0.0,False
41,6,0,"[[6, 3], [5, 4]]","[5, 4]",162,47.3752,0.6384,0,1.0,greedy,3,opening,False,0.0,0.0,False
41,7,1,"[[1, 2], [2, 1]]","[2, 1]",77,22.1622,0.8496,0,1.0,greedy,3,opening,False,0.0,0.0,True
41,8,0,"[[5, 4], [3, 2]]","[3, 2]",10,1.6282,0.8438,0,1.0,greedy,3,opening,False,0.0,0.0,False
41,9,1,"[[2, 1], [4, 3]]","[4, 3]",16,5.1754,0.75,-11,1.0,greedy,3,opening,False,0.0,0.0,False
41,10,0,"[[6, 7], [5, 6]]","[5, 6]",144,37.7407,0.6786,-11,14.0,greedy,3,opening,True,0,0.0,False
41,11,1,"[[4, 3], [5, 4]]","[5, 4]",134,35.8191,0.7383,-11,14.0,greedy,3,opening,False,0.0,0.0,True
41,12,0,"[[6, 5], [4, 3]]","[4, 3]",24,6.1867,0.625,-11,14.0,greedy,3,opening,False,0.0,0.0,False
41,13,1,"[[0, 3], [1, 2]]","[1, 2]",82,25.4347,0.7865,-22,14.0,greedy,3,opening,False,0.0,0.0,True
41,14,0,"[[5, 6], [4, 5]]","[4, 5]",165,40.8525,0.7656,-22,14.0,greedy,3,opening,False,0.0,0.0,False
41,15,1,"[[1, 0], [2, 1]]","[2, 1]",89,17.3397,0.8013,-22,14.0,greedy,3,opening,True,1.0,0.0,True
41,16,0,"[[4, 5], [3, 6]]","[3, 6]",275,78.2588,0.6094,-22,15.0,greedy,3,opening,False,0.0,0.0,False
41,17,1,"[[1, 6], [2, 7]]","[2, 7]",99,29.1512,0.779,-22,15.0,greedy,3,opening,False,0.0,0.0,True
41,18,0,"[[3, 6], [2, 5]]","[2, 5]",104,27.138,0.8375,-22,45.0,greedy,3,opening,False,0.0,0.0,False
41,19,1,"[[1, 4], [3, 6]]","[3, 6]",27,6.2575,0.5781,-22,45.0,greedy,3,opening,False,0.0,0.0,False
41,20,0,"[[4, 3], [3, 4]]","[3, 4]",212,47.7102,0.6319,-22,87.0,greedy,3,midgame,True,0,0.0,False
41,21,1,"[[0, 5], [1, 4]]","[1, 4]",111,31.9703,0.7832,-22,87.0,greedy,3,midgame,False,0.0,0.0,True
41,22,0,"[[3, 4], [2, 5]]","[2, 5]",114,25.4819,0.8021,-22,87.0,greedy,3,midgame,False,0.0,0.0,False
41,23,1,"[[1, 4], [2, 3]]","[2, 3]",92,27.5793,0.7946,-22,87.0,greedy,3,midgame,False,0.0,0.0,True
41,24,0,"[[7, 0], [6, 1]]","[6, 1]",72,14.4186,0.875,-22,87.0,greedy,3,midgame,False,0.0,0.0,False
41,25,1,"[[2, 1], [3, 0]]","[3, 0]",88,17.2021,0.8036,-22,87.0,greedy,3,midgame,False,0.0,0.0,True
41,26,0,"[[6, 1], [5, 0]]","[5, 0]",71,18.0225,0.8767,-22,87.0,greedy,3,midgame,False,0.0,0.0,False
41,27,1,"[[1, 2], [2, 1]]","[2, 1]",86,17.8432,0.808,-22,87.0,greedy,3,midgame,False,0.0,0.0,True
41,28,0,"[[2, 5], [1, 6]]","[1, 6]",71,16.5186,0.8767,-22,87.0,greedy,3,midgame,False,0.0,0.0,False
41,29,1,"[[0, 7], [2, 5]]","[2, 5]",22,4.8931,0.6562,-22,87.0,greedy,3,midgame,False,0.0,0.0,False
41,30,0,"[[5, 0], [4, 1]]","[4, 1]",57,13.8569,0.8728,-22,100.0,greedy,3,midgame,True,0,0.0,False
41,31,1,"[[3, 0], [5, 2]]","[5, 2]",21,5.7034,0.6719,-22,100.0,greedy,3,midgame,False,0.0,0.0,False
41,32,0,"[[7, 4], [6, 3]]","[6, 3]",55,14.4799,0.8568,-22,112.0,greedy,3,midgame,False,0.0,0.0,False
41,33,1,"[[5, 2], [7, 4]]","[7, 4]",18,4.5216,0.7188,-22,112.0,greedy,3,midgame,False,0.0,0.0,False
41,34,0,"[[7, 2], [6, 1]]","[6, 1]",71,10.1433,0.7227,-22,114.0,greedy,3,midgame,False,0.0,0.0,False
41,35,1,"[[2, 1], [3, 0]]","[3, 0]",105,22.1295,0.8177,-22,114.0,greedy,3,midgame,True,0.0,0.0,True
41,36,0,"[[6, 1], [5, 0]]","[5, 0]",41,11.0109,0.8398,-22,114.0,greedy,3,midgame,False,0.0,0.0,False
41,37,1,"[[2, 3], [3, 2]]","[3, 2]",103,22.0718,0.7988,-22,114.0,greedy,3,midgame,False,0.0,0.0,True
41,38,0,"[[5, 0], [4, 1]]","[4, 1]",14,2.018,0.9271,-22,114.0,greedy,3,midgame,False,0.0,0.0,False
41,39,1,"[[3, 0], [5, 2]]","[5, 2]",25,2.6169,0.8047,-22,114.0,greedy,3,midgame,False,0.0,0.0,True
41,40,0,"[[7, 6], [6, 7]]","[6, 7]",22,2.5837,0.8281,-22,128.0,greedy,3,midgame,True,0,0.0,False
41,41,1,"[[5, 2], [6, 1]]","[6, 1]",73,13.9105,0.8733,-22,128.0,greedy,3,midgame,False,0.0,0.0,True
41,42,0,"[[6, 7], [5, 6]]","[5, 6]",21,4.5502,0.6719,-22,128.0,greedy,3,midgame,False,0.0,0.0,False
41,43,1,"[[3, 6], [4, 7]]","[4, 7]",77,16.8469,0.8663,-22,128.0,greedy,3,midgame,False,0.0,0.0,True
41,44,0,"[[5, 6], [4, 5]]","[4, 5]",22,2.8949,0.6562,-22,156.0,greedy,3,midgame,False,0.0,0.0,False
41,45,1,"[[6, 1], [7, 0]]","[7, 0]",63,7.031,0.9016,-22,156.0,greedy,3,midgame,True,144.0,144.0,True
41,46,0,"[[4, 5], [3, 4]]","[3, 4]",5,0.653,0.9609,-22,156.0,greedy,3,midgame,False,0.0,0.0,False
41,47,1,"[[2, 5], [4, 3]]","[4, 3]",2,0.1307,0.9688,-22,156.0,greedy,3,midgame,False,0.0,0.0,False
42,0,0,"[[6, 1], [5, 0]]","[5, 0]",83,24.3905,0.8147,0,0,greedy,3,opening,False,0,0.0,False
42,1,1,"[[1, 0], [2, 1]]","[2, 1]",85,24.2684,0.8103,0,0,greedy,3,opening,False,0.0,0.0,True
42,2,0,"[[5, 0], [4, 1]]","[4, 1]",107,42.7017,0.791,0,1.0,greedy,3,opening,False,0.0,0.0,False
42,3,1,"[[0, 1], [1, 0]]","[1, 0]",90,23.8495,0.8242,0,1.0,greedy,3,opening,False,0.0,0.0,True
42,4,0,"[[4, 1], [3, 2]]","[3, 2]",111,38.9669,0.8073,0,1.0,greedy,3,opening,False,0.0,0.0,False
42,5,1,"[[2, 1], [4, 3]]","[4, 3]",16,3.2303,0.75,0,1.0,greedy,3,opening,True,0.0,0.0,False
42,6,0,"[[6, 3], [5, 4]]","[5, 4]",162,57.2224,0.6384,0,1.0,greedy,3,opening,False,0.0,0.0,False
42,7,1,"[[1, 2], [2, 1]]","[2, 1]",77,21.5926,0.8496,0,1.0,greedy,3,opening,False,0.0,0.0,True
42,8,0,"[[5, 4], [3, 2]]","[3, 2]",10,3.1548,0.8438,0,1.0,greedy,3,opening,False,0.0,0.0,False
42,9,1,"[[2, 1], [4, 3]]","[4, 3]",16,4.241,0.75,-11,1.0,greedy,3,opening,False,0.0,0.0,False
42,10,0,"[[6, 7], [5, 6]]","[5, 6]",144,34.7269,0.6786,-11,14.0,greedy,3,opening,True,0,0.0,False
42,11,1,"[[4, 3], [5, 4]]","[5, 4]",134,46.3676,0.7383,-11,14.0,greedy,3,opening,False,0.0,0.0,True
42,12,0,"[[6, 5], [4, 3]]","[4, 3]",24,5.3794,0.625,-11,14.0,greedy,3,opening,False,0.0,0.0,False
42,13,1,"[[0, 3], [1, 2]]","[1, 2]",82,18.6152,0.7865,-22,14.0,greedy,3,opening,False,0.0,0.0,True
42,14,0,"[[5, 6], [4, 5]]","[4, 5]",165,32.191,0.7656,-22,14.0,greedy,3,opening,False,0.0,0.0,False
42,15,1,"[[1, 0], [2, 1]]","[2, 1]",89,17.7572,0.8013,-22,14.0,greedy,3,opening,True,1.0,0.0,True
42,16,0,"[[4, 5], [3, 6]]","[3, 6]",275,75.1672,0.6094,-22,15.0,greedy,3,opening,False,0.0,0.0,False
42,17,1,"[[1, 6], [2, 7]]","[2, 7]",99,28.0349,0.779,-22,15.0,greedy,3,opening,False,0.0,0.0,True
42,18,0,"[[3, 6], [2, 5]]","[2, 5]",104,32.7666,0.8375,-22,45.0,greedy,3,opening,False,0.0,0.0,False
42,19,1,"[[1, 4], [3, 6]]","[3, 6]",27,5.5375,0.5781,-22,45.0,greedy,3,opening,False,0.0,0.0,False
42,20,0,"[[4, 3], [3, 4]]","[3, 4]",212,62.9947,0.6319,-22,87.0,greedy,3,midgame,True,0,0.0,False
42,21,1,"[[0, 5], [1, 4]]","[1, 4]",111,31.2691,0.7832,-22,87.0,greedy,3,midgame,False,0.0,0.0,True
42,22,0,"[[3, 4], [2, 5]]","[2, 5]",114,22.9619,0.8021,-22,87.0,greedy,3,midgame,False,0.0,0.0,False
42,23,1,"[[1, 4], [2, 3]]","[2, 3]",92,16.3202,0.7946,-22,87.0,greedy,3,midgame,False,0.0,0.0,True
42,24,0,"[[7, 0], [6, 1]]","[6, 1]",72,18.1828,0.875,-22,87.0,greedy,3,midgame,False,0.0,0.0,False
42,25,1,"[[2, 1], [3, 0]]","[3, 0]",88,15.1384,0.8036,-22,87.0,greedy,3,midgame,False,0.0,0.0,True
42,26,0,"[[6, 1], [5, 0]]","[5, 0]",71,11.0226,0.8767,-22,87.0,greedy,3,midgame,False,0.0,0.0,False
42,27,1,"[[1, 2], [2, 1]]","[2, 1]",86,14.8213,0.808,-22,87.0,greedy,3,midgame,False,0.0,0.0,True
42,28,0,"[[2, 5], [1, 6]]","[1, 6]",71,20.267,0.8767,-22,87.0,greedy,3,midgame,False,0.0,0.0,False
42,29,1,"[[0, 7], [2, 5]]","[2, 5]",22,3.0775,0.6562,-22,87.0,greedy,3,midgame,False,0.0,0.0,False
42,30,0,"[[5, 0], [4, 1]]","[4, 1]",57,15.4588,0.8728,-22,100.0,greedy,3,midgame,True,0,0.0,False
42,31,1,"[[3, 0], [5, 2]]","[5, 2]",21,6.0751,0.6719,-22,100.0,greedy,3,midgame,False,0.0,0.0,False
42,32,0,"[[7, 4], [6, 3]]","[6, 3]",55,10.2363,0.8568,-22,112.0,greedy,3,midgame,False,0.0,0.0,False
42,33,1,"[[5, 2], [7, 4]]","[7, 4]",18,2.1286,0.7188,-22,112.0,greedy,3,midgame,False,0.0,0.0,False
42,34,0,"[[7, 2], [6, 1]]","[6, 1]",71,15.4865,0.7227,-22,114.0,greedy,3,midgame,False,0.0,0.0,False
42,35,1,"[[2, 1], [3, 0]]","[3, 0]",105,22.1462,0.8177,-22,114.0,greedy,3,midgame,True,0.0,0.0,True
42,36,0,"[[6, 1], [5, 0]]","[5, 0]",41,10.4985,0.8398,-22,114.0,greedy,3,midgame,False,0.0,0.0,False
42,37,1,"[[2, 3], [3, 2]]","[3, 2]",103,23.8421,0.7988,-22,114.0,greedy,3,midgame,False,0.0,0.0,True
42,38,0,"[[5, 0], [4, 1]]","[4, 1]",14,2.0034,0.9271,-22,114.0,greedy,3,midgame,False,0.0,0.0,False
42,39,1,"[[3, 0], [5, 2]]","[5, 2]",25,2.6169,0.8047,-22,114.0,greedy,3,midgame,False,0.0,0.0,True
42,40,0,"[[7, 6], [6, 7]]","[6, 7]",22,2.5821,0.8281,-22,128.0,greedy,3,midgame,True,0,0.0,False
42,41,1,"[[5, 2], [6, 1]]","[6, 1]",73,9.5558,0.8733,-22,128.0,greedy,3,midgame,False,0.0,0.0,True
42,42,0,"[[6, 7], [5, 6]]","[5, 6]",21,2.8195,0.6719,-22,128.0,greedy,3,midgame,False,0.0,0.0,False
42,43,1,"[[3, 6], [4, 7]]","[4, 7]",77,10.6966,0.8663,-22,128.0,greedy,3,midgame,False,0.0,0.0,True
42,44,0,"[[5, 6], [4, 5]]","[4, 5]",22,2.7845,0.6562,-22,156.0,greedy,3,midgame,False,0.0,0.0,False
42,45,1,"[[6, 1], [7, 0]]","[7, 0]",63,7.4086,0.9016,-22,156.0,greedy,3,midgame,True,144.0,144.0,True
42,46,0,"[[4, 5], [3, 4]]","[3, 4]",5,0.4389,0.9609,-22,156.0,greedy,3,midgame,False,0.0,0.0,False
42,47,1,"[[2, 5], [4, 3]]","[4, 3]",2,0.267,0.9688,-22,156.0,greedy,3,midgame,False,0.0,0.0,False
43,0,0,"[[6, 1], [5, 0]]","[5, 0]",83,18.0764,0.8147,0,0,greedy,3,opening,False,0,0.0,False
43,1,1,"[[1, 0], [2, 1]]","[2, 1]",85,22.9058,0.8103,0,0,greedy,3,opening,False,0.0,0.0,True
43,2,0,"[[5, 0], [4, 1]]","[4, 1]",107,34.5628,0.791,0,1.0,greedy,3,opening,False,0.0,0.0,False
43,3,1,"[[0, 1], [1, 0]]","[1, 0]",90,34.1191,0.8242,0,1.0,greedy,3,opening,False,0.0,0.0,True
43,4,0,"[[4, 1], [3, 2]]","[3, 2]",111,45.7652,0.8073,0,1.0,greedy,3,opening,False,0.0,0.0,False
43,5,1,"[[2, 1], [4, 3]]","[4, 3]",16,3.896,0.75,0,1.0,greedy,3,opening,True,0.0,0.0,False
43,6,0,"[[6, 3], [5, 4]]","[5, 4]",162,53.7763,0.6384,0,1.0,greedy,3,opening,False,0.0,0.0,False
43,7,1,"[[1, 2], [2, 1]]","[2, 1]",77,24.6525,0.8496,0,1.0,greedy,3,opening,False,0.0,0.0,True
43,8,0,"[[5, 4], [3, 2]]","[3, 2]",10,1.6377,0.8438,0,1.0,greedy,3,opening,False,0.0,0.0,False
43,9,1,"[[2, 1], [4, 3]]","[4, 3]",16,2.5573,0.75,-11,1.0,greedy,3,opening,False,0.0,0.0,False
43,10,0,"[[6, 7], [5, 6]]","[5, 6]",144,35.2042,0.6786,-11,14.0,greedy,3,opening,True,0,0.0,False
43,11,1,"[[4, 3], [5, 4]]","[5, 4]",134,29.7527,0.7383,-11,14.0,greedy,3,opening,False,0.0,0.0,True
43,12,0,"[[6, 5], [4, 3]]","[4, 3]",24,4.2822,0.625,-11,14.0,greedy,3,opening,False,0.0,0.0,False
43,13,1,"[[0, 3], [1, 2]]","[1, 2]",82,15.5456,0.7865,-22,14.0,greedy,3,opening,False,0.0,0.0,True
43,14,0,"[[5, 6], [4, 5]]","[4, 5]",165,46.298,0.7656,-22,14.0,greedy,3,opening,False,0.0,0.0,False
43,15,1,"[[1, 0], [2, 1]]","[2, 1]",89,26.727,0.8013,-22,14.0,greedy,3,opening,True,1.0,0.0,True
43,16,0,"[[4, 5], [3, 6]]","[3, 6]",275,71.2366,0.6094,-22,15.0,greedy,3,opening,False,0.0,0.0,False
43,17,1,"[[1, 6], [2, 7]]","[2, 7]",99,20.7012,0.779,-22,15.0,greedy,3,opening,False,0.0,0.0,True
43,18,0,"[[3, 6], [2, 5]]","[2, 5]",104,19.4571,0.8375,-22,45.0,greedy,3,opening,False,0.0,0.0,False
43,19,1,"[[1, 4], [3, 6]]","[3, 6]",27,3.875,0.5781,-22,45.0,greedy,3,opening,False,0.0,0.0,False
43,20,0,"[[4, 3], [3, 4]]","[3, 4]",212,51.3361,0.6319,-22,87.0,greedy,3,midgame,True,0,0.0,False
43,21,1,"[[0, 5], [1, 4]]","[1, 4]",111,31.2231,0.7832,-22,87.0,greedy,3,midgame,False,0.0,0.0,True
43,22,0,"[[3, 4], [2, 5]]","[2, 5]",114,33.4563,0.8021,-22,87.0,greedy,3,midgame,False,0.0,0.0,False
43,23,1,"[[1, 4], [2, 3]]","[2, 3]",92,26.3402,0.7946,-22,87.0,greedy,3,midgame,False,0.0,0.0,True
43,24,0,"[[7, 0], [6, 1]]","[6, 1]",72,19.1548,0.875,-22,87.0,greedy,3,midgame,False,0.0,0.0,False
43,25,1,"[[2, 1], [3, 0]]","[3, 0]",88,24.0452,0.8036,-22,87.0,greedy,3,midgame,False,0.0,0.0,True
43,26,0,"[[6, 1], [5, 0]]","[5, 0]",71,19.2702,0.8767,-22,87.0,greedy,3,midgame,False,0.0,0.0,False
43,27,1,"[[1, 2], [2, 1]]","[2, 1]",86,17.1514,0.808,-22,87.0,greedy,3,midgame,False,0.0,0.0,True
43,28,0,"[[2, 5], [1, 6]]","[1, 6]",71,12.8226,0.8767,-22,87.0,greedy,3,midgame,False,0.0,0.0,False
43,29,1,"[[0, 7], [2, 5]]","[2, 5]",22,3.0518,0.6562,-22,87.0,greedy,3,midgame,False,0.0,0.0,False
43,30,0,"[[5, 0], [4, 1]]","[4, 1]",57,16.3188,0.8728,-22,100.0,greedy,3,midgame,True,0,0.0,False
43,31,1,"[[3, 0], [5, 2]]","[5, 2]",21,4.2992,0.6719,-22,100.0,greedy,3,midgame,False,0.0,0.0,False
43,32,0,"[[7, 4], [6, 3]]","[6, 3]",55,10.2303,0.8568,-22,112.0,greedy,3,midgame,False,0.0,0.0,False
43,33,1,"[[5, 2], [7, 4]]","[7, 4]",18,4.0047,0.7188,-22,112.0,greedy,3,midgame,False,0.0,0.0,False
43,34,0,"[[7, 2], [6, 1]]","[6, 1]",71,10.2139,0.7227,-22,114.0,greedy,3,midgame,False,0.0,0.0,False
43,35,1,"[[2, 1], [3, 0]]","[3, 0]",105,20.9498,0.8177,-22,114.0,greedy,3,midgame,True,0.0,0.0,True
43,36,0,"[[6, 1], [5, 0]]","[5, 0]",41,10.5531,0.8398,-22,114.0,greedy,3,midgame,False,0.0,0.0,False
43,37,1,"[[2, 3], [3, 2]]","[3, 2]",103,29.9578,0.7988,-22,114.0,greedy,3,midgame,False,0.0,0.0,True
43,38,0,"[[5, 0], [4, 1]]","[4, 1]",14,3.6781,0.9271,-22,114.0,greedy,3,midgame,False,0.0,0.0,False
43,39,1,"[[3, 0], [5, 2]]","[5, 2]",25,4.6835,0.8047,-22,114.0,greedy,3,midgame,False,0.0,0.0,True
43,40,0,"[[7, 6], [6, 7]]","[6, 7]",22,4.8819,0.8281,-22,128.0,greedy,3,midgame,True,0,0.0,False
43,41,1,"[[5, 2], [6, 1]]","[6, 1]",73,16.0704,0.8733,-22,128.0,greedy,3,midgame,False,0.0,0.0,True
43,42,0,"[[6, 7], [5, 6]]","[5, 6]",21,4.8032,0.6719,-22,128.0,greedy,3,midgame,False,0.0,0.0,False
43,43,1,"[[3, 6], [4, 7]]","[4, 7]",77,12.3706,0.8663,-22,128.0,greedy,3,midgame,False,0.0,0.0,True
43,44,0,"[[5, 6], [4, 5]]","[4, 5]",22,5.1582,0.6562,-22,156.0,greedy,3,midgame,False,0.0,0.0,False
43,45,1,"[[6, 1], [7, 0]]","[7, 0]",63,7.5412,0.9016,-22,156.0,greedy,3,midgame,True,144.0,144.0,True
43,46,0,"[[4, 5], [3, 4]]","[3, 4]",5,0.4351,0.9609,-22,156.0,greedy,3,midgame,False,0.0,0.0,False
43,47,1,"[[2, 5], [4, 3]]","[4, 3]",2,0.1307,0.9688,-22,156.0,greedy,3,midgame,False,0.0,0.0,False
44,0,0,"[[6, 1], [5, 0]]","[5, 0]",83,17.3898,0.8147,0,0,greedy,3,opening,False,0,0.0,False
44,1,1,"[[1, 0], [2, 1]]","[2, 1]",85,28.1425,0.8103,0,0,greedy,3,opening,False,0.0,0.0,True
44,2,0,"[[5, 0], [4, 1]]","[4, 1]",107,29.4921,0.791,0,1.0,greedy,3,opening,False,0.0,0.0,False
44,3,1,"[[0, 1], [1, 0]]","[1, 0]",90,22.5525,0.8242,0,1.0,greedy,3,opening,False,0.0,0.0,True
44,4,0,"[[4, 1], [3, 2]]","[3, 2]",111,31.9347,0.8073,0,1.0,greedy,3,opening,False,0.0,0.0,False
44,5,1,"[[2, 1], [4, 3]]","[4, 3]",16,7.5619,0.75,0,1.0,greedy,3,opening,True,0.0,0.0,False
44,6,0,"[[6, 3], [5, 4]]","[5, 4]",162,51.729,0.6384,0,1.0,greedy,3,opening,False,0.0,0.0,False
44,7,1,"[[1, 2], [2, 1]]","[2, 1]",77,17.081,0.8496,0,1.0,greedy,3,opening,False,0.0,0.0,True
44,8,0,"[[5, 4], [3, 2]]","[3, 2]",10,3.0632,0.8438,0,1.0,greedy,3,opening,False,0.0,0.0,False
44,9,1,"[[2, 1], [4, 3]]","[4, 3]",16,2.5954,0.75,-11,1.0,greedy,3,opening,False,0.0,0.0,False
44,10,0,"[[6, 7], [5, 6]]","[5, 6]",144,31.395,0.6786,-11,14.0,greedy,3,opening,True,0,0.0,False
44,11,1,"[[4, 3], [5, 4]]","[5, 4]",134,26.5043,0.7383,-11,14.0,greedy,3,opening,False,0.0,0.0,True
44,12,0,"[[6, 5], [4, 3]]","[4, 3]",24,5.2748,0.625,-11,14.0,greedy,3,opening,False,0.0,0.0,False
44,13,1,"[[0, 3], [1, 2]]","[1, 2]",82,16.5067,0.7865,-22,14.0,greedy,3,opening,False,0.0,0.0,True
44,14,0,"[[5, 6], [4, 5]]","[4, 5]",165,51.6942,0.7656,-22,14.0,greedy,3,opening,False,0.0,0.0,False
44,15,1,"[[1, 0], [2, 1]]","[2, 1]",89,23.1094,0.8013,-22,14.0,greedy,3,opening,True,1.0,0.0,True
44,16,0,"[[4, 5], [3, 6]]","[3, 6]",275,69.9275,0.6094,-22,15.0,greedy,3,opening,False,0.0,0.0,False
44,17,1,"[[1, 6], [2, 7]]","[2, 7]",99,24.3101,0.779,-22,15.0,greedy,3,opening,False,0.0,0.0,True
44,18,0,"[[3, 6], [2, 5]]","[2, 5]",104,31.419,0.8375,-22,45.0,greedy,3,opening,False,0.0,0.0,False
44,19,1,"[[1, 4], [3, 6]]","[3, 6]",27,7.412,0.5781,-22,45.0,greedy,3,opening,False,0.0,0.0,False
44,20,0,"[[4, 3], [3, 4]]","[3, 4]",212,62.7148,0.6319,-22,87.0,greedy,3,midgame,True,0,0.0,False
44,21,1,"[[0, 5], [1, 4]]","[1, 4]",111,31.4662,0.7832,-22,87.0,greedy,3,midgame,False,0.0,0.0,True
44,22,0,"[[3, 4], [2, 5]]","[2, 5]",114,25.2106,0.8021,-22,87.0,greedy,3,midgame,False,0.0,0.0,False
44,23,1,"[[1, 4], [2, 3]]","[2, 3]",92,22.9583,0.7946,-22,87.0,greedy,3,midgame,False,0.0,0.0,True
44,24,0,"[[7, 0], [6, 1]]","[6, 1]",72,10.69,0.875,-22,87.0,greedy,3,midgame,False,0.0,0.0,False
44,25,1,"[[2, 1], [3, 0]]","[3, 0]",88,23.433,0.8036,-22,87.0,greedy,3,midgame,False,0.0,0.0,True
44,26,0,"[[6, 1], [5, 0]]","[5, 0]",71,19.5677,0.8767,-22,87.0,greedy,3,midgame,False,0.0,0.0,False
44,27,1,"[[1, 2], [2, 1]]","[2, 1]",86,23.0834,0.808,-22,87.0,greedy,3,midgame,False,0.0,0.0,True
44,28,0,"[[2, 5], [1, 6]]","[1, 6]",71,11.9915,0.8767,-22,87.0,greedy,3,midgame,False,0.0,0.0,False
44,29,1,"[[0, 7], [2, 5]]","[2, 5]",22,6.2764,0.6562,-22,87.0,greedy,3,midgame,False,0.0,0.0,False
44,30,0,"[[5, 0], [4, 1]]","[4, 1]",57,18.7881,0.8728,-22,100.0,greedy,3,midgame,True,0,0.0,False
44,31,1,"[[3, 0], [5, 2]]","[5, 2]",21,3.1118,0.6719,-22,100.0,greedy,3,midgame,False,0.0,0.0,False
44,32,0,"[[7, 4], [6, 3]]","[6, 3]",55,9.2354,0.8568,-22,112.0,greedy,3,midgame,False,0.0,0.0,False
44,33,1,"[[5, 2], [7, 4]]","[7, 4]",18,3.6714,0.7188,-22,112.0,greedy,3,midgame,False,0.0,0.0,False
44,34,0,"[[7, 2], [6, 1]]","[6, 1]",71,15.4111,0.7227,-22,114.0,greedy,3,midgame,False,0.0,0.0,False
44,35,1,"[[2, 1], [3, 0]]","[3, 0]",105,24.303,0.8177,-22,114.0,greedy,3,midgame,True,0.0,0.0,True
44,36,0,"[[6, 1], [5, 0]]","[5, 0]",41,10.9909,0.8398,-22,114.0,greedy,3,midgame,False,0.0,0.0,False
44,37,1,"[[2, 3], [3, 2]]","[3, 2]",103,21.79,0.7988,-22,114.0,greedy,3,midgame,False,0.0,0.0,True
44,38,0,"[[5, 0], [4, 1]]","[4, 1]",14,1.9979,0.9271,-22,114.0,greedy,3,midgame,False,0.0,0.0,False
44,39,1,"[[3, 0], [5, 2]]","[5, 2]",25,2.6073,0.8047,-22,114.0,greedy,3,midgame,False,0.0,0.0,True
44,40,0,"[[7, 6], [6, 7]]","[6, 7]",22,2.5618,0.8281,-22,128.0,greedy,3,midgame,True,0,0.0,False
44,41,1,"[[5, 2], [6, 1]]","[6, 1]",73,9.9051,0.8733,-22,128.0,greedy,3,midgame,False,0.0,0.0,True
44,42,0,"[[6, 7], [5, 6]]","[5, 6]",21,2.8107,0.6719,-22,128.0,greedy,3,midgame,False,0.0,0.0,False
44,43,1,"[[3, 6], [4, 7]]","[4, 7]",77,10.5379,0.8663,-22,128.0,greedy,3,midgame,False,0.0,0.0,True
44,44,0,"[[5, 6], [4, 5]]","[4, 5]",22,2.7411,0.6562,-22,156.0,greedy,3,midgame,False,0.0,0.0,False
44,45,1,"[[6, 1], [7, 0]]","[7, 0]",63,7.1723,0.9016,-22,156.0,greedy,3,midgame,True,144.0,144.0,True
44,46,0,"[[4, 5], [3, 4]]","[3, 4]",5,0.8075,0.9609,-22,156.0,greedy,3,midgame,False,0.0,0.0,False
44,47,1,"[[2, 5], [4, 3]]","[4, 3]",2,0.1593,0.9688,-22,156.0,greedy,3,midgame,False,0.0,0.0,False
45,0,0,"[[6, 1], [5, 0]]","[5, 0]",83,28.7824,0.8147,0,0,greedy,3,opening,False,0,0.0,False
45,1,1,"[[1, 0], [2, 1]]","[2, 1]",85,28.7807,0.8103,0,0,greedy,3,opening,False,0.0,0.0,True
45,2,0,"[[5, 0], [4, 1]]","[4, 1]",107,28.9049,0.791,0,1.0,greedy,3,opening,False,0.0,0.0,False
45,3,1,"[[0, 1], [1, 0]]","[1, 0]",90,23.4625,0.8242,0,1.0,greedy,3,opening,False,0.0,0.0,True
45,4,0,"[[4, 1], [3, 2]]","[3, 2]",111,38.0576,0.8073,0,1.0,greedy,3,opening,False,0.0,0.0,False
45,5,1,"[[2, 1], [4, 3]]","[4, 3]",16,5.8081,0.75,0,1.0,greedy,3,opening,True,0.0,0.0,False
45,6,0,"[[6, 3], [5, 4]]","[5, 4]",162,49.9485,0.6384,0,1.0,greedy,3,opening,False,0.0,0.0,False
45,7,1,"[[1, 2], [2, 1]]","[2, 1]",77,36.8419,0.8496,0,1.0,greedy,3,opening,False,0.0,0.0,True
45,8,0,"[[5, 4], [3, 2]]","[3, 2]",10,1.6294,0.8438,0,1.0,greedy,3,opening,False,0.0,0.0,False
45,9,1,"[[2, 1], [4, 3]]","[4, 3]",16,2.5816,0.75,-11,1.0,greedy,3,opening,False,0.0,0.0,False
45,10,0,"[[6, 7], [5, 6]]","[5, 6]",144,32.5344,0.6786,-11,14.0,greedy,3,opening,True,0,0.0,False
45,11,1,"[[4, 3], [5, 4]]","[5, 4]",134,28.2202,0.7383,-11,14.0,greedy,3,opening,False,0.0,0.0,True
45,12,0,"[[6, 5], [4, 3]]","[4, 3]",24,3.7668,0.625,-11,14.0,greedy,3,opening,False,0.0,0.0,False
45,13,1,"[[0, 3], [1, 2]]","[1, 2]",82,18.2734,0.7865,-22,14.0,greedy,3,opening,False,0.0,0.0,True
45,14,0,"[[5, 6], [4, 5]]","[4, 5]",165,37.9648,0.7656,-22,14.0,greedy,3,opening,False,0.0,0.0,False
45,15,1,"[[1, 0], [2, 1]]","[2, 1]",89,28.5201,0.8013,-22,14.0,greedy,3,opening,True,1.0,0.0,True
45,16,0,"[[4, 5], [3, 6]]","[3, 6]",275,81.3246,0.6094,-22,15.0,greedy,3,opening,False,0.0,0.0,False
45,17,1,"[[1, 6], [2, 7]]","[2, 7]",99,23.9012,0.779,-22,15.0,greedy,3,opening,False,0.0,0.0,True
45,18,0,"[[3, 6], [2, 5]]","[2, 5]",104,26.1197,0.8375,-22,45.0,greedy,3,opening,False,0.0,0.0,False
45,19,1,"[[1, 4], [3, 6]]","[3, 6]",27,3.8633,0.5781,-22,45.0,greedy,3,opening,False,0.0,0.0,False
45,20,0,"[[4, 3], [3, 4]]","[3, 4]",212,51.2102,0.6319,-22,87.0,greedy,3,midgame,True,0,0.0,False
45,21,1,"[[0, 5], [1, 4]]","[1, 4]",111,26.8164,0.7832,-22,87.0,greedy,3,midgame,False,0.0,0.0,True
45,22,0,"[[3, 4], [2, 5]]","[2, 5]",114,24.9817,0.8021,-22,87.0,greedy,3,midgame,False,0.0,0.0,False
45,23,1,"[[1, 4], [2, 3]]","[2, 3]",92,27.0984,0.7946,-22,87.0,greedy,3,midgame,False,0.0,0.0,True
45,24,0,"[[7, 0], [6, 1]]","[6, 1]",72,14.6849,0.875,-22,87.0,greedy,3,midgame,False,0.0,0.0,False
45,25,1,"[[2, 1], [3, 0]]","[3, 0]",88,22.2964,0.8036,-22,87.0,greedy,3,midgame,False,0.0,0.0,True
45,26,0,"[[6, 1], [5, 0]]","[5, 0]",71,19.1638,0.8767,-22,87.0,greedy,3,midgame,False,0.0,0.0,False
45,27,1,"[[1, 2], [2, 1]]","[2, 1]",86,23.8476,0.808,-22,87.0,greedy,3,midgame,False,0.0,0.0,True
45,28,0,"[[2, 5], [1, 6]]","[1, 6]",71,16.5207,0.8767,-22,87.0,greedy,3,midgame,False,0.0,0.0,False
45,29,1,"[[0, 7], [2, 5]]","[2, 5]",22,6.207,0.6562,-22,87.0,greedy,3,midgame,False,0.0,0.0,False
45,30,0,"[[5, 0], [4, 1]]","[4, 1]",57,9.7017,0.8728,-22,100.0,greedy,3,midgame,True,0,0.0,False
45,31,1,"[[3, 0], [5, 2]]","[5, 2]",21,4.2017,0.6719,-22,100.0,greedy,3,midgame,False,0.0,0.0,False
45,32,0,"[[7, 4], [6, 3]]","[6, 3]",55,14.8654,0.8568,-22,112.0,greedy,3,midgame,False,0.0,0.0,False
45,33,1,"[[5, 2], [7, 4]]","[7, 4]",18,2.4674,0.7188,-22,112.0,greedy,3,midgame,False,0.0,0.0,False
45,34,0,"[[7, 2], [6, 1]]","[6, 1]",71,9.9311,0.7227,-22,114.0,greedy,3,midgame,False,0.0,0.0,False
45,35,1,"[[2, 1], [3, 0]]","[3, 0]",105,24.6179,0.8177,-22,114.0,greedy,3,midgame,True,0.0,0.0,True
45,36,0,"[[6, 1], [5, 0]]","[5, 0]",41,11.4622,0.8398,-22,114.0,greedy,3,midgame,False,0.0,0.0,False
45,37,1,"[[2, 3], [3, 2]]","[3, 2]",103,12.6719,0.7988,-22,114.0,greedy,3,midgame,False,0.0,0.0,True
45,38,0,"[[5, 0], [4, 1]]","[4, 1]",14,2.5854,0.9271,-22,114.0,greedy,3,midgame,False,0.0,0.0,False
45,39,1,"[[3, 0], [5, 2]]","[5, 2]",25,2.6021,0.8047,-22,114.0,greedy,3,midgame,False,0.0,0.0,True
45,40,0,"[[7, 6], [6, 7]]","[6, 7]",22,2.5628,0.8281,-22,128.0,greedy,3,midgame,True,0,0.0,False
45,41,1,"[[5, 2], [6, 1]]","[6, 1]",73,9.9363,0.8733,-22,128.0,greedy,3,midgame,False,0.0,0.0,True
45,42,0,"[[6, 7], [5, 6]]","[5, 6]",21,2.8224,0.6719,-22,128.0,greedy,3,midgame,False,0.0,0.0,False
45,43,1,"[[3, 6], [4, 7]]","[4, 7]",77,10.9639,0.8663,-22,128.0,greedy,3,midgame,False,0.0,0.0,True
45,44,0,"[[5, 6], [4, 5]]","[4, 5]",22,5.0831,0.6562,-22,156.0,greedy,3,midgame,False,0.0,0.0,False
45,45,1,"[[6, 1], [7, 0]]","[7, 0]",63,12.7621,0.9016,-22,156.0,greedy,3,midgame,True,144.0,144.0,True
45,46,0,"[[4, 5], [3, 4]]","[3, 4]",5,0.8075,0.9609,-22,156.0,greedy,3,midgame,False,0.0,0.0,False
45,47,1,"[[2, 5], [4, 3]]","[4, 3]",2,0.2441,0.9688,-22,156.0,greedy,3,midgame,False,0.0,0.0,False
46,0,0,"[[6, 1], [5, 0]]","[5, 0]",83,24.2522,0.8147,0,0,greedy,3,opening,False,0,0.0,False
46,1,1,"[[1, 0], [2, 1]]","[2, 1]",85,18.1952,0.8103,0,0,greedy,3,opening,False,0.0,0.0,True
46,2,0,"[[5, 0], [4, 1]]","[4, 1]",107,33.6466,0.791,0,1.0,greedy,3,opening,False,0.0,0.0,False
46,3,1,"[[0, 1], [1, 0]]","[1, 0]",90,26.0468,0.8242,0,1.0,greedy,3,opening,False,0.0,0.0,True
46,4,0,"[[4, 1], [3, 2]]","[3, 2]",111,38.4104,0.8073,0,1.0,greedy,3,opening,False,0.0,0.0,False
46,5,1,"[[2, 1], [4, 3]]","[4, 3]",16,3.1936,0.75,0,1.0,greedy,3,opening,True,0.0,0.0,False
46,6,0,"[[6, 3], [5, 4]]","[5, 4]",162,43.5741,0.6384,0,1.0,greedy,3,opening,False,0.0,0.0,False
46,7,1,"[[1, 2], [2, 1]]","[2, 1]",77,23.8495,0.8496,0,1.0,greedy,3,opening,False,0.0,0.0,True
46,8,0,"[[5, 4], [3, 2]]","[3, 2]",10,1.9865,0.8438,0,1.0,greedy,3,opening,False,0.0,0.0,False
46,9,1,"[[2, 1], [4, 3]]","[4, 3]",16,4.8158,0.75,-11,1.0,greedy,3,opening,False,0.0,0.0,False
46,10,0,"[[6, 7], [5, 6]]","[5, 6]",144,50.9675,0.6786,-11,14.0,greedy,3,opening,True,0,0.0,False
46,11,1,"[[4, 3], [5, 4]]","[5, 4]",134,37.4,0.7383,-11,14.0,greedy,3,opening,False,0.0,0.0,True
46,12,0,"[[6, 5], [4, 3]]","[4, 3]",24,5.1467,0.625,-11,14.0,greedy,3,opening,False,0.0,0.0,False
46,13,1,"[[0, 3], [1, 2]]","[1, 2]",82,19.5692,0.7865,-22,14.0,greedy,3,opening,False,0.0,0.0,True
46,14,0,"[[5, 6], [4, 5]]","[4, 5]",165,45.5256,0.7656,-22,14.0,greedy,3,opening,False,0.0,0.0,False
46,15,1,"[[1, 0], [2, 1]]","[2, 1]",89,22.5954,0.8013,-22,14.0,greedy,3,opening,True,1.0,0.0,True
46,16,0,"[[4, 5], [3, 6]]","[3, 6]",275,79.9155,0.6094,-22,15.0,greedy,3,opening,False,0.0,0.0,False
46,17,1,"[[1, 6], [2, 7]]","[2, 7]",99,25.5339,0.779,-22,15.0,greedy,3,opening,False,0.0,0.0,True
46,18,0,"[[3, 6], [2, 5]]","[2, 5]",104,19.6688,0.8375,-22,45.0,greedy,3,opening,False,0.0,0.0,False
46,19,1,"[[1, 4], [3, 6]]","[3, 6]",27,7.1459,0.5781,-22,45.0,greedy,3,opening,False,0.0,0.0,False
46,20,0,"[[4, 3], [3, 4]]","[3, 4]",212,59.7067,0.6319,-22,87.0,greedy,3,midgame,True,0,0.0,False
46,21,1,"[[0, 5], [1, 4]]","[1, 4]",111,22.3246,0.7832,-22,87.0,greedy,3,midgame,False,0.0,0.0,True
46,22,0,"[[3, 4], [2, 5]]","[2, 5]",114,22.1853,0.8021,-22,87.0,greedy,3,midgame,False,0.0,0.0,False
46,23,1,"[[1, 4], [2, 3]]","[2, 3]",92,19.7308,0.7946,-22,87.0,greedy,3,midgame,False,0.0,0.0,True
46,24,0,"[[7, 0], [6, 1]]","[6, 1]",72,21.1093,0.875,-22,87.0,greedy,3,midgame,False,0.0,0.0,False
46,25,1,"[[2, 1], [3, 0]]","[3, 0]",88,23.9172,0.8036,-22,87.0,greedy,3,midgame,False,0.0,0.0,True
46,26,0,"[[6, 1], [5, 0]]","[5, 0]",71,17.9205,0.8767,-22,87.0,greedy,3,midgame,False,0.0,0.0,False
46,27,1,"[[1, 2], [2, 1]]","[2, 1]",86,22.5966,0.808,-22,87.0,greedy,3,midgame,False,0.0,0.0,True
46,28,0,"[[2, 5], [1, 6]]","[1, 6]",71,19.3605,0.8767,-22,87.0,greedy,3,midgame,False,0.0,0.0,False
46,29,1,"[[0, 7], [2, 5]]","[2, 5]",22,5.7714,0.6562,-22,87.0,greedy,3,midgame,False,0.0,0.0,False
46,30,0,"[[5, 0], [4, 1]]","[4, 1]",57,14.8077,0.8728,-22,100.0,greedy,3,midgame,True,0,0.0,False
46,31,1,"[[3, 0], [5, 2]]","[5, 2]",21,5.749,0.6719,-22,100.0,greedy,3,midgame,False,0.0,0.0,False
46,32,0,"[[7, 4], [6, 3]]","[6, 3]",55,14.7705,0.8568,-22,112.0,greedy,3,midgame,False,0.0,0.0,False
46,33,1,"[[5, 2], [7, 4]]","[7, 4]",18,2.5415,0.7188,-22,112.0,greedy,3,midgame,False,0.0,0.0,False
46,34,0,"[[7, 2], [6, 1]]","[6, 1]",71,17.6561,0.7227,-22,114.0,greedy,3,midgame,False,0.0,0.0,False
46,35,1,"[[2, 1], [3, 0]]","[3, 0]",105,18.3322,0.8177,-22,114.0,greedy,3,midgame,True,0.0,0.0,True
46,36,0,"[[6, 1], [5, 0]]","[5, 0]",41,7.1747,0.8398,-22,114.0,greedy,3,midgame,False,0.0,0.0,False
46,37,1,"[[2, 3], [3, 2]]","[3, 2]",103,12.8572,0.7988,-22,114.0,greedy,3,midgame,False,0.0,0.0,True
46,38,0,"[[5, 0], [4, 1]]","[4, 1]",14,3.69,0.9271,-22,114.0,greedy,3,midgame,False,0.0,0.0,False
46,39,1,"[[3, 0], [5, 2]]","[5, 2]",25,2.6231,0.8047,-22,114.0,greedy,3,midgame,False,0.0,0.0,True
46,40,0,"[[7, 6], [6, 7]]","[6, 7]",22,2.8186,0.8281,-22,128.0,greedy,3,midgame,True,0,0.0,False
46,41,1,"[[5, 2], [6, 1]]","[6, 1]",73,10.989,0.8733,-22,128.0,greedy,3,midgame,False,0.0,0.0,True
46,42,0,"[[6, 7], [5, 6]]","[5, 6]",21,4.3938,0.6719,-22,128.0,greedy,3,midgame,False,0.0,0.0,False
46,43,1,"[[3, 6], [4, 7]]","[4, 7]",77,16.6581,0.8663,-22,128.0,greedy,3,midgame,False,0.0,0.0,True
46,44,0,"[[5, 6], [4, 5]]","[4, 5]",22,5.7154,0.6562,-22,156.0,greedy,3,midgame,False,0.0,0.0,False
46,45,1,"[[6, 1], [7, 0]]","[7, 0]",63,13.4258,0.9016,-22,156.0,greedy,3,midgame,True,144.0,144.0,True
46,46,0,"[[4, 5], [3, 4]]","[3, 4]",5,0.663,0.9609,-22,156.0,greedy,3,midgame,False,0.0,0.0,False
46,47,1,"[[2, 5], [4, 3]]","[4, 3]",2,0.2918,0.9688,-22,156.0,greedy,3,midgame,False,0.0,0.0,False
47,0,0,"[[6, 1], [5, 0]]","[5, 0]",83,21.5213,0.8147,0,0,greedy,3,opening,False,0,0.0,False
47,1,1,"[[1, 0], [2, 1]]","[2, 1]",85,24.1899,0.8103,0,0,greedy,3,opening,False,0.0,0.0,True
47,2,0,"[[5, 0], [4, 1]]","[4, 1]",107,31.1272,0.791,0,1.0,greedy,3,opening,False,0.0,0.0,False
47,3,1,"[[0, 1], [1, 0]]","[1, 0]",90,26.1781,0.8242,0,1.0,greedy,3,opening,False,0.0,0.0,True
47,4,0,"[[4, 1], [3, 2]]","[3, 2]",111,38.8577,0.8073,0,1.0,greedy,3,opening,False,0.0,0.0,False
47,5,1,"[[2, 1], [4, 3]]","[4, 3]",16,3.2105,0.75,0,1.0,greedy,3,opening,True,0.0,0.0,False
47,6,0,"[[6, 3], [5, 4]]","[5, 4]",162,42.8538,0.6384,0,1.0,greedy,3,opening,False,0.0,0.0,False
47,7,1,"[[1, 2], [2, 1]]","[2, 1]",77,16.7556,0.8496,0,1.0,greedy,3,opening,False,0.0,0.0,True
47,8,0,"[[5, 4], [3, 2]]","[3, 2]",10,1.6367,0.8438,0,1.0,greedy,3,opening,False,0.0,0.0,False
47,9,1,"[[2, 1], [4, 3]]","[4, 3]",16,2.5795,0.75,-11,1.0,greedy,3,opening,False,0.0,0.0,False
47,10,0,"[[6, 7], [5, 6]]","[5, 6]",144,34.5993,0.6786,-11,14.0,greedy,3,opening,True,0,0.0,False
47,11,1,"[[4, 3], [5, 4]]","[5, 4]",134,36.7317,0.7383,-11,14.0,greedy,3,opening,False,0.0,0.0,True
47,12,0,"[[6, 5], [4, 3]]","[4, 3]",24,5.1115,0.625,-11,14.0,greedy,3,opening,False,0.0,0.0,False
47,13,1,"[[0, 3], [1, 2]]","[1, 2]",82,30.1073,0.7865,-22,14.0,greedy,3,opening,False,0.0,0.0,True
47,14,0,"[[5, 6], [4, 5]]","[4, 5]",165,53.5269,0.7656,-22,14.0,greedy,3,opening,False,0.0,0.0,False
47,15,1,"[[1, 0], [2, 1]]","[2, 1]",89,17.0627,0.8013,-22,14.0,greedy,3,opening,True,1.0,0.0,True
47,16,0,"[[4, 5], [3, 6]]","[3, 6]",275,77.4925,0.6094,-22,15.0,greedy,3,opening,False,0.0,0.0,False
47,17,1,"[[1, 6], [2, 7]]","[2, 7]",99,21.7421,0.779,-22,15.0,greedy,3,opening,False,0.0,0.0,True
47,18,0,"[[3, 6], [2, 5]]","[2, 5]",104,19.4795,0.8375,-22,45.0,greedy,3,opening,False,0.0,0.0,False
47,19,1,"[[1, 4], [3, 6]]","[3, 6]",27,7.5426,0.5781,-22,45.0,greedy,3,opening,False,0.0,0.0,False
47,20,0,"[[4, 3], [3, 4]]","[3, 4]",212,49.4256,0.6319,-22,87.0,greedy,3,midgame,True,0,0.0,False
47,21,1,"[[0, 5], [1, 4]]","[1, 4]",111,19.419,0.7832,-22,87.0,greedy,3,midgame,False,0.0,0.0,True
47,22,0,"[[3, 4], [2, 5]]","[2, 5]",114,31.81,0.8021,-22,87.0,greedy,3,midgame,False,0.0,0.0,False
47,23,1,"[[1, 4], [2, 3]]","[2, 3]",92,20.0512,0.7946,-22,87.0,greedy,3,midgame,False,0.0,0.0,True
47,24,0,"[[7, 0], [6, 1]]","[6, 1]",72,19.9676,0.875,-22,87.0,greedy,3,midgame,False,0.0,0.0,False
47,25,1,"[[2, 1], [3, 0]]","[3, 0]",88,24.3583,0.8036,-22,87.0,greedy,3,midgame,False,0.0,0.0,True
47,26,0,"[[6, 1], [5, 0]]","[5, 0]",71,16.536,0.8767,-22,87.0,greedy,3,midgame,False,0.0,0.0,False
47,27,1,"[[1, 2], [2, 1]]","[2, 1]",86,25.1935,0.808,-22,87.0,greedy,3,midgame,False,0.0,0.0,True
47,28,0,"[[2, 5], [1, 6]]","[1, 6]",71,19.1069,0.8767,-22,87.0,greedy,3,midgame,False,0.0,0.0,False
47,29,1,"[[0, 7], [2, 5]]","[2, 5]",22,5.6872,0.6562,-22,87.0,greedy,3,midgame,False,0.0,0.0,False
47,30,0,"[[5, 0], [4, 1]]","[4, 1]",57,16.4371,0.8728,-22,100.0,greedy,3,midgame,True,0,0.0,False
47,31,1,"[[3, 0], [5, 2]]","[5, 2]",21,6.0267,0.6719,-22,100.0,greedy,3,midgame,False,0.0,0.0,False
47,32,0,"[[7, 4], [6, 3]]","[6, 3]",55,13.386,0.8568,-22,112.0,greedy,3,midgame,False,0.0,0.0,False
47,33,1,"[[5, 2], [7, 4]]","[7, 4]",18,3.0634,0.7188,-22,112.0,greedy,3,midgame,False,0.0,0.0,False
47,34,0,"[[7, 2], [6, 1]]","[6, 1]",71,19.8827,0.7227,-22,114.0,greedy,3,midgame,False,0.0,0.0,False
47,35,1,"[[2, 1], [3, 0]]","[3, 0]",105,19.8989,0.8177,-22,114.0,greedy,3,midgame,True,0.0,0.0,True
47,36,0,"[[6, 1], [5, 0]]","[5, 0]",41,5.9156,0.8398,-22,114.0,greedy,3,midgame,False,0.0,0.0,False
47,37,1,"[[2, 3], [3, 2]]","[3, 2]",103,30.8428,0.7988,-22,114.0,greedy,3,midgame,False,0.0,0.0,True
47,38,0,"[[5, 0], [4, 1]]","[4, 1]",14,3.1064,0.9271,-22,114.0,greedy,3,midgame,False,0.0,0.0,False
47,39,1,"[[3, 0], [5, 2]]","[5, 2]",25,4.9517,0.8047,-22,114.0,greedy,3,midgame,False,0.0,0.0,True
47,40,0,"[[7, 6], [6, 7]]","[6, 7]",22,4.7927,0.8281,-22,128.0,greedy,3,midgame,True,0,0.0,False
47,41,1,"[[5, 2], [6, 1]]","[6, 1]",73,16.3119,0.8733,-22,128.0,greedy,3,midgame,False,0.0,0.0,True
47,42,0,"[[6, 7], [5, 6]]","[5, 6]",21,5.9297,0.6719,-22,128.0,greedy,3,midgame,False,0.0,0.0,False
47,43,1,"[[3, 6], [4, 7]]","[4, 7]",77,17.3085,0.8663,-22,128.0,greedy,3,midgame,False,0.0,0.0,True
47,44,0,"[[5, 6], [4, 5]]","[4, 5]",22,3.1211,0.6562,-22,156.0,greedy,3,midgame,False,0.0,0.0,False
47,45,1,"[[6, 1], [7, 0]]","[7, 0]",63,9.3958,0.9016,-22,156.0,greedy,3,midgame,True,144.0,144.0,True
47,46,0,"[[4, 5], [3, 4]]","[3, 4]",5,0.4423,0.9609,-22,156.0,greedy,3,midgame,False,0.0,0.0,False
47,47,1,"[[2, 5], [4, 3]]","[4, 3]",2,0.1295,0.9688,-22,156.0,greedy,3,midgame,False,0.0,0.0,False
48,0,0,"[[6, 1], [5, 0]]","[5, 0]",83,19.3937,0.8147,0,0,greedy,3,opening,False,0,0.0,False
48,1,1,"[[1, 0], [2, 1]]","[2, 1]",85,21.1816,0.8103,0,0,greedy,3,opening,False,0.0,0.0,True
48,2,0,"[[5, 0], [4, 1]]","[4, 1]",107,25.6495,0.791,0,1.0,greedy,3,opening,False,0.0,0.0,False
48,3,1,"[[0, 1], [1, 0]]","[1, 0]",90,29.0754,0.8242,0,1.0,greedy,3,opening,False,0.0,0.0,True
48,4,0,"[[4, 1], [3, 2]]","[3, 2]",111,40.972,0.8073,0,1.0,greedy,3,opening,False,0.0,0.0,False
48,5,1,"[[2, 1], [4, 3]]","[4, 3]",16,4.9038,0.75,0,1.0,greedy,3,opening,True,0.0,0.0,False
48,6,0,"[[6, 3], [5, 4]]","[5, 4]",162,50.4091,0.6384,0,1.0,greedy,3,opening,False,0.0,0.0,False
48,7,1,"[[1, 2], [2, 1]]","[2, 1]",77,20.5085,0.8496,0,1.0,greedy,3,opening,False,0.0,0.0,True
48,8,0,"[[5, 4], [3, 2]]","[3, 2]",10,3.1068,0.8438,0,1.0,greedy,3,opening,False,0.0,0.0,False
48,9,1,"[[2, 1], [4, 3]]","[4, 3]",16,5.2187,0.75,-11,1.0,greedy,3,opening,False,0.0,0.0,False
48,10,0,"[[6, 7], [5, 6]]","[5, 6]",144,37.6933,0.6786,-11,14.0,greedy,3,opening,True,0,0.0,False
48,11,1,"[[4, 3], [5, 4]]","[5, 4]",134,28.2915,0.7383,-11,14.0,greedy,3,opening,False,0.0,0.0,True
48,12,0,"[[6, 5], [4, 3]]","[4, 3]",24,4.2894,0.625,-11,14.0,greedy,3,opening,False,0.0,0.0,False
48,13,1,"[[0, 3], [1, 2]]","[1, 2]",82,27.8192,0.7865,-22,14.0,greedy,3,opening,False,0.0,0.0,True
48,14,0,"[[5, 6], [4, 5]]","[4, 5]",165,41.1661,0.7656,-22,14.0,greedy,3,opening,False,0.0,0.0,False
48,15,1,"[[1, 0], [2, 1]]","[2, 1]",89,24.2255,0.8013,-22,14.0,greedy,3,opening,True,1.0,0.0,True
48,16,0,"[[4, 5], [3, 6]]","[3, 6]",275,72.4368,0.6094,-22,15.0,greedy,3,opening,False,0.0,0.0,False
48,17,1,"[[1, 6], [2, 7]]","[2, 7]",99,21.7543,0.779,-22,15.0,greedy,3,opening,False,0.0,0.0,True
48,18,0,"[[3, 6], [2, 5]]","[2, 5]",104,20.046,0.8375,-22,45.0,greedy,3,opening,False,0.0,0.0,False
48,19,1,"[[1, 4], [3, 6]]","[3, 6]",27,7.5486,0.5781,-22,45.0,greedy,3,opening,False,0.0,0.0,False
48,20,0,"[[4, 3], [3, 4]]","[3, 4]",212,54.0552,0.6319,-22,87.0,greedy,3,midgame,True,0,0.0,False
48,21,1,"[[0, 5], [1, 4]]","[1, 4]",111,27.0753,0.7832,-22,87.0,greedy,3,midgame,False,0.0,0.0,True
48,22,0,"[[3, 4], [2, 5]]","[2, 5]",114,21.1477,0.8021,-22,87.0,greedy,3,midgame,False,0.0,0.0,False
48,23,1,"[[1, 4], [2, 3]]","[2, 3]",92,15.8925,0.7946,-22,87.0,greedy,3,midgame,False,0.0,0.0,True
48,24,0,"[[7, 0], [6, 1]]","[6, 1]",72,11.8401,0.875,-22,87.0,greedy,3,midgame,False,0.0,0.0,False
48,25,1,"[[2, 1], [3, 0]]","[3, 0]",88,15.5292,0.8036,-22,87.0,greedy,3,midgame,False,0.0,0.0,True
48,26,0,"[[6, 1], [5, 0]]","[5, 0]",71,19.6221,0.8767,-22,87.0,greedy,3,midgame,False,0.0,0.0,False
48,27,1,"[[1, 2], [2, 1]]","[2, 1]",86,23.5095,0.808,-22,87.0,greedy,3,midgame,False,0.0,0.0,True
48,28,0,"[[2, 5], [1, 6]]","[1, 6]",71,20.1883,0.8767,-22,87.0,greedy,3,midgame,False,0.0,0.0,False
48,29,1,"[[0, 7], [2, 5]]","[2, 5]",22,4.6167,0.6562,-22,87.0,greedy,3,midgame,False,0.0,0.0,False
48,30,0,"[[5, 0], [4, 1]]","[4, 1]",57,13.9832,0.8728,-22,100.0,greedy,3,midgame,True,0,0.0,False
48,31,1,"[[3, 0], [5, 2]]","[5, 2]",21,5.8026,0.6719,-22,100.0,greedy,3,midgame,False,0.0,0.0,False
48,32,0,"[[7, 4], [6, 3]]","[6, 3]",55,14.5888,0.8568,-22,112.0,greedy,3,midgame,False,0.0,0.0,False
48,33,1,"[[5, 2], [7, 4]]","[7, 4]",18,3.9384,0.7188,-22,112.0,greedy,3,midgame,False,0.0,0.0,False
48,34,0,"[[7, 2], [6, 1]]","[6, 1]",71,17.225,0.7227,-22,114.0,greedy,3,midgame,False,0.0,0.0,False
48,35,1,"[[2, 1], [3, 0]]","[3, 0]",105,25.187,0.8177,-22,114.0,greedy,3,midgame,True,0.0,0.0,True
48,36,0,"[[6, 1], [5, 0]]","[5, 0]",41,9.2905,0.8398,-22,114.0,greedy,3,midgame,False,0.0,0.0,False
48,37,1,"[[2, 3], [3, 2]]","[3, 2]",103,15.276,0.7988,-22,114.0,greedy,3,midgame,False,0.0,0.0,True
48,38,0,"[[5, 0], [4, 1]]","[4, 1]",14,2.008,0.9271,-22,114.0,greedy,3,midgame,False,0.0,0.0,False
48,39,1,"[[3, 0], [5, 2]]","[5, 2]",25,2.624,0.8047,-22,114.0,greedy,3,midgame,False,0.0,0.0,True
48,40,0,"[[7, 6], [6, 7]]","[6, 7]",22,3.4766,0.8281,-22,128.0,greedy,3,midgame,True,0,0.0,False
48,41,1,"[[5, 2], [6, 1]]","[6, 1]",73,8.7955,0.8733,-22,128.0,greedy,3,midgame,False,0.0,0.0,True
48,42,0,"[[6, 7], [5, 6]]","[5, 6]",21,2.8467,0.6719,-22,128.0,greedy,3,midgame,False,0.0,0.0,False
48,43,1,"[[3, 6], [4, 7]]","[4, 7]",77,13.9496,0.8663,-22,128.0,greedy,3,midgame,False,0.0,0.0,True
48,44,0,"[[5, 6], [4, 5]]","[4, 5]",22,5.4693,0.6562,-22,156.0,greedy,3,midgame,False,0.0,0.0,False
48,45,1,"[[6, 1], [7, 0]]","[7, 0]",63,13.2411,0.9016,-22,156.0,greedy,3,midgame,True,144.0,144.0,True
48,46,0,"[[4, 5], [3, 4]]","[3, 4]",5,1.1234,0.9609,-22,156.0,greedy,3,midgame,False,0.0,0.0,False
48,47,1,"[[2, 5], [4, 3]]","[4, 3]",2,0.133,0.9688,-22,156.0,greedy,3,midgame,False,0.0,0.0,False
49,0,0,"[[6, 1], [5, 0]]","[5, 0]",83,17.8685,0.8147,0,0,greedy,3,opening,False,0,0.0,False
49,1,1,"[[1, 0], [2, 1]]","[2, 1]",85,24.2753,0.8103,0,0,greedy,3,opening,False,0.0,0.0,True
49,2,0,"[[5, 0], [4, 1]]","[4, 1]",107,37.7929,0.791,0,1.0,greedy,3,opening,False,0.0,0.0,False
49,3,1,"[[0, 1], [1, 0]]","[1, 0]",90,25.5539,0.8242,0,1.0,greedy,3,opening,False,0.0,0.0,True
49,4,0,"[[4, 1], [3, 2]]","[3, 2]",111,50.4148,0.8073,0,1.0,greedy,3,opening,False,0.0,0.0,False
49,5,1,"[[2, 1], [4, 3]]","[4, 3]",16,6.8848,0.75,0,1.0,greedy,3,opening,True,0.0,0.0,False
49,6,0,"[[6, 3], [5, 4]]","[5, 4]",162,48.6827,0.6384,0,1.0,greedy,3,opening,False,0.0,0.0,False
49,7,1,"[[1, 2], [2, 1]]","[2, 1]",77,21.0416,0.8496,0,1.0,greedy,3,opening,False,0.0,0.0,True
49,8,0,"[[5, 4], [3, 2]]","[3, 2]",10,3.1633,0.8438,0,1.0,greedy,3,opening,False,0.0,0.0,False
49,9,1,"[[2, 1], [4, 3]]","[4, 3]",16,4.0271,0.75,-11,1.0,greedy,3,opening,False,0.0,0.0,False
49,10,0,"[[6, 7], [5, 6]]","[5, 6]",144,31.9786,0.6786,-11,14.0,greedy,3,opening,True,0,0.0,False
49,11,1,"[[4, 3], [5, 4]]","[5, 4]",134,28.4507,0.7383,-11,14.0,greedy,3,opening,False,0.0,0.0,True
49,12,0,"[[6, 5], [4, 3]]","[4, 3]",24,6.5632,0.625,-11,14.0,greedy,3,opening,False,0.0,0.0,False
49,13,1,"[[0, 3], [1, 2]]","[1, 2]",82,19.8419,0.7865,-22,14.0,greedy,3,opening,False,0.0,0.0,True
49,14,0,"[[5, 6], [4, 5]]","[4, 5]",165,41.7316,0.7656,-22,14.0,greedy,3,opening,False,0.0,0.0,False
49,15,1,"[[1, 0], [2, 1]]","[2, 1]",89,25.9051,0.8013,-22,14.0,greedy,3,opening,True,1.0,0.0,True
49,16,0,"[[4, 5], [3, 6]]","[3, 6]",275,69.4818,0.6094,-22,15.0,greedy,3,opening,False,0.0,0.0,False
49,17,1,"[[1, 6], [2, 7]]","[2, 7]",99,21.2553,0.779,-22,15.0,greedy,3,opening,False,0.0,0.0,True
49,18,0,"[[3, 6], [2, 5]]","[2, 5]",104,22.7089,0.8375,-22,45.0,greedy,3,opening,False,0.0,0.0,False
49,19,1,"[[1, 4], [3, 6]]","[3, 6]",27,7.0851,0.5781,-22,45.0,greedy,3,opening,False,0.0,0.0,False
49,20,0,"[[4, 3], [3, 4]]","[3, 4]",212,48.6977,0.6319,-22,87.0,greedy,3,midgame,True,0,0.0,False
49,21,1,"[[0, 5], [1, 4]]","[1, 4]",111,22.4688,0.7832,-22,87.0,greedy,3,midgame,False,0.0,0.0,True
49,22,0,"[[3, 4], [2, 5]]","[2, 5]",114,33.0179,0.8021,-22,87.0,greedy,3,midgame,False,0.0,0.0,False
49,23,1,"[[1, 4], [2, 3]]","[2, 3]",92,22.1357,0.7946,-22,87.0,greedy,3,midgame,False,0.0,0.0,True
49,24,0,"[[7, 0], [6, 1]]","[6, 1]",72,12.5971,0.875,-22,87.0,greedy,3,midgame,False,0.0,0.0,False
49,25,1,"[[2, 1], [3, 0]]","[3, 0]",88,16.3496,0.8036,-22,87.0,greedy,3,midgame,False,0.0,0.0,True
49,26,0,"[[6, 1], [5, 0]]","[5, 0]",71,16.3276,0.8767,-22,87.0,greedy,3,midgame,False,0.0,0.0,False
49,27,1,"[[1, 2], [2, 1]]","[2, 1]",86,19.733,0.808,-22,87.0,greedy,3,midgame,False,0.0,0.0,True
49,28,0,"[[2, 5], [1, 6]]","[1, 6]",71,15.866,0.8767,-22,87.0,greedy,3,midgame,False,0.0,0.0,False
49,29,1,"[[0, 7], [2, 5]]","[2, 5]",22,5.7213,0.6562,-22,87.0,greedy,3,midgame,False,0.0,0.0,False
49,30,0,"[[5, 0], [4, 1]]","[4, 1]",57,9.9587,0.8728,-22,100.0,greedy,3,midgame,True,0,0.0,False
49,31,1,"[[3, 0], [5, 2]]","[5, 2]",21,3.0916,0.6719,-22,100.0,greedy,3,midgame,False,0.0,0.0,False
49,32,0,"[[7, 4], [6, 3]]","[6, 3]",55,12.0645,0.8568,-22,112.0,greedy,3,midgame,False,0.0,0.0,False
49,33,1,"[[5, 2], [7, 4]]","[7, 4]",18,2.0857,0.7188,-22,112.0,greedy,3,midgame,False,0.0,0.0,False
49,34,0,"[[7, 2], [6, 1]]","[6, 1]",71,11.0738,0.7227,-22,114.0,greedy,3,midgame,False,0.0,0.0,False
49,35,1,"[[2, 1], [3, 0]]","[3, 0]",105,19.222,0.8177,-22,114.0,greedy,3,midgame,True,0.0,0.0,True
49,36,0,"[[6, 1], [5, 0]]","[5, 0]",41,7.8685,0.8398,-22,114.0,greedy,3,midgame,False,0.0,0.0,False
49,37,1,"[[2, 3], [3, 2]]","[3, 2]",103,14.7657,0.7988,-22,114.0,greedy,3,midgame,False,0.0,0.0,True
49,38,0,"[[5, 0], [4, 1]]","[4, 1]",14,3.6747,0.9271,-22,114.0,greedy,3,midgame,False,0.0,0.0,False
49,39,1,"[[3, 0], [5, 2]]","[5, 2]",25,4.9729,0.8047,-22,114.0,greedy,3,midgame,False,0.0,0.0,True
49,40,0,"[[7, 6], [6, 7]]","[6, 7]",22,4.8757,0.8281,-22,128.0,greedy,3,midgame,True,0,0.0,False
49,41,1,"[[5, 2], [6, 1]]","[6, 1]",73,15.7762,0.8733,-22,128.0,greedy,3,midgame,False,0.0,0.0,True
49,42,0,"[[6, 7], [5, 6]]","[5, 6]",21,4.42,0.6719,-22,128.0,greedy,3,midgame,False,0.0,0.0,False
49,43,1,"[[3, 6], [4, 7]]","[4, 7]",77,15.6586,0.8663,-22,128.0,greedy,3,midgame,False,0.0,0.0,True
49,44,0,"[[5, 6], [4, 5]]","[4, 5]",22,5.1661,0.6562,-22,156.0,greedy,3,midgame,False,0.0,0.0,False
49,45,1,"[[6, 1], [7, 0]]","[7, 0]",63,11.523,0.9016,-22,156.0,greedy,3,midgame,True,144.0,144.0,True
49,46,0,"[[4, 5], [3, 4]]","[3, 4]",5,0.8075,0.9609,-22,156.0,greedy,3,midgame,False,0.0,0.0,False
49,47,1,"[[2, 5], [4, 3]]","[4, 3]",2,0.247,0.9688,-22,156.0,greedy,3,midgame,False,0.0,0.0,False
