game,turn,player,move,land_square,nodes,time_ms,pruning_ratio,score_p0,score_p1,heuristic,depth,game_phase,suboptimal,score_deviation,score_loss,operator_blind
0,0,0,"[[6, 1], [5, 0]]","[5, 0]",1373,423.5885,0.9521,0,0,greedy,5,opening,False,0,0.0,False
0,1,1,"[[1, 0], [2, 1]]","[2, 1]",711,226.8546,0.9752,0,0,greedy,5,opening,False,0.0,0.0,True
0,2,0,"[[6, 3], [5, 2]]","[5, 2]",1201,378.387,0.9633,0,1.0,greedy,5,opening,False,0.0,0.0,False
0,3,1,"[[0, 1], [1, 0]]","[1, 0]",808,439.8086,0.9753,0,1.0,greedy,5,opening,False,0.0,0.0,True
0,4,0,"[[5, 2], [4, 3]]","[4, 3]",1697,575.6631,0.9586,0,1.0,greedy,5,opening,False,0.0,0.0,False
0,5,1,"[[2, 1], [3, 2]]","[3, 2]",455,145.8685,0.9841,0,1.0,greedy,5,opening,True,24.0,0.0,True
0,6,0,"[[4, 3], [2, 1]]","[2, 1]",89,20.649,0.9783,0,25.0,greedy,5,opening,False,0.0,0.0,False
0,7,1,"[[1, 0], [3, 2]]","[3, 2]",162,33.3674,0.9802,12,25.0,greedy,5,opening,False,0.0,0.0,True
0,8,0,"[[5, 0], [4, 1]]","[4, 1]",768,200.1126,0.9766,12,34.0,greedy,5,opening,False,0.0,0.0,False
0,9,1,"[[3, 2], [5, 0]]","[5, 0]",178,40.7419,0.9565,12,34.0,greedy,5,opening,False,0.0,0.0,False
0,10,0,"[[7, 0], [6, 1]]","[6, 1]",2950,763.3052,0.8971,12,42.0,greedy,5,opening,True,0,0.0,False
0,11,1,"[[1, 2], [2, 1]]","[2, 1]",964,240.6826,0.9608,12,42.0,greedy,5,opening,False,0.0,0.0,True
0,12,0,"[[6, 5], [5, 4]]","[5, 4]",2006,612.354,0.9184,12,42.0,greedy,5,opening,False,0.0,0.0,False
0,13,1,"[[0, 3], [1, 2]]","[1, 2]",718,191.6606,0.975,12,42.0,greedy,5,opening,False,0.0,0.0,True
0,14,0,"[[5, 4], [4, 5]]","[4, 5]",780,222.0447,0.9762,12,42.0,greedy,5,opening,False,0.0,0.0,False
0,15,1,"[[1, 2], [2, 3]]","[2, 3]",940,242.6977,0.9672,12,42.0,greedy,5,opening,True,81.0,0.0,False
0,16,0,"[[4, 5], [3, 4]]","[3, 4]",540,151.1474,0.9835,12,123.0,greedy,5,opening,False,0.0,0.0,False
0,17,1,"[[2, 3], [4, 5]]","[4, 5]",178,60.4563,0.9565,12,123.0,greedy,5,opening,False,0.0,0.0,False
0,18,0,"[[6, 7], [5, 6]]","[5, 6]",639,187.8421,0.974,12,130.0,greedy,5,opening,False,0.0,0.0,False
0,19,1,"[[4, 5], [6, 7]]","[6, 7]",122,33.5803,0.9702,12,130.0,greedy,5,opening,False,0.0,0.0,False
0,20,0,"[[7, 2], [6, 3]]","[6, 3]",418,92.2513,0.9796,12,142.0,greedy,5,midgame,True,0,0.0,False
0,21,1,"[[5, 0], [7, 2]]","[7, 2]",131,22.6529,0.968,12,142.0,greedy,5,midgame,False,0.0,0.0,False
0,22,0,"[[6, 3], [5, 2]]","[5, 2]",637,151.7148,0.9611,12,154.0,greedy,5,midgame,False,0.0,0.0,False
0,23,1,"[[1, 4], [2, 3]]","[2, 3]",799,184.9017,0.9756,12,154.0,greedy,5,midgame,False,0.0,0.0,True
0,24,0,"[[7, 6], [6, 5]]","[6, 5]",892,216.9216,0.9564,12,154.0,greedy,5,midgame,False,0.0,0.0,False
0,25,1,"[[2, 1], [3, 0]]","[3, 0]",1526,491.2434,0.9627,12,154.0,greedy,5,midgame,False,0.0,0.0,True
0,26,0,"[[5, 2], [4, 3]]","[4, 3]",427,116.4758,0.9792,12,154.0,greedy,5,midgame,False,0.0,0.0,False
0,27,1,"[[2, 3], [3, 4]]","[3, 4]",492,164.1145,0.9867,12,154.0,greedy,5,midgame,False,0.0,0.0,True
0,28,0,"[[4, 3], [2, 5]]","[2, 5]",45,9.8646,0.989,12,154.0,greedy,5,midgame,False,0.0,0.0,False
0,29,1,"[[1, 6], [3, 4]]","[3, 4]",180,37.2894,0.9561,3,154.0,greedy,5,midgame,False,0.0,0.0,False
0,30,0,"[[6, 5], [5, 4]]","[5, 4]",226,43.9639,0.9816,3,229.0,greedy,5,midgame,True,0,0.0,False
0,31,1,"[[6, 7], [7, 6]]","[7, 6]",863,286.1924,0.9766,3,229.0,greedy,5,midgame,False,0.0,0.0,False
0,32,0,"[[5, 4], [4, 3]]","[4, 3]",313,74.7905,0.9809,3,229.0,greedy,5,midgame,False,0.0,0.0,False
0,33,1,"[[3, 4], [5, 2]]","[5, 2]",7,0.6533,0.9983,3,229.0,greedy,5,midgame,False,0.0,0.0,False
0,34,0,"[[7, 4], [6, 5]]","[6, 5]",6,0.5493,0.9993,3,237.0,greedy,5,midgame,False,0.0,0.0,False
0,35,1,"[[7, 6], [5, 4]]","[5, 4]",2,0.1326,0.9995,3,237.0,greedy,5,midgame,True,108.0,0.0,False
1,0,0,"[[6, 1], [5, 0]]","[5, 0]",1373,603.5211,0.9521,0,0,greedy,5,opening,False,0,0.0,False
1,1,1,"[[1, 0], [2, 1]]","[2, 1]",711,204.7663,0.9752,0,0,greedy,5,opening,False,0.0,0.0,True
1,2,0,"[[6, 3], [5, 2]]","[5, 2]",1201,380.3082,0.9633,0,1.0,greedy,5,opening,False,0.0,0.0,False
1,3,1,"[[0, 1], [1, 0]]","[1, 0]",808,235.2684,0.9753,0,1.0,greedy,5,opening,False,0.0,0.0,True
1,4,0,"[[5, 2], [4, 3]]","[4, 3]",1697,516.7854,0.9586,0,1.0,greedy,5,opening,False,0.0,0.0,False
1,5,1,"[[2, 1], [3, 2]]","[3, 2]",455,143.1229,0.9841,0,1.0,greedy,5,opening,True,24.0,0.0,True
1,6,0,"[[4, 3], [2, 1]]","[2, 1]",89,24.9014,0.9783,0,25.0,greedy,5,opening,False,0.0,0.0,False
1,7,1,"[[1, 0], [3, 2]]","[3, 2]",162,35.0516,0.9802,12,25.0,greedy,5,opening,False,0.0,0.0,True
1,8,0,"[[5, 0], [4, 1]]","[4, 1]",768,200.8319,0.9766,12,34.0,greedy,5,opening,False,0.0,0.0,False
1,9,1,"[[3, 2], [5, 0]]","[5, 0]",178,38.2912,0.9565,12,34.0,greedy,5,opening,False,0.0,0.0,False
1,10,0,"[[7, 0], [6, 1]]","[6, 1]",2950,833.4811,0.8971,12,42.0,greedy,5,opening,True,0,0.0,False
1,11,1,"[[1, 2], [2, 1]]","[2, 1]",964,237.1445,0.9608,12,42.0,greedy,5,opening,False,0.0,0.0,True
1,12,0,"[[6, 5], [5, 4]]","[5, 4]",2006,580.3261,0.9184,12,42.0,greedy,5,opening,False,0.0,0.0,False
1,13,1,"[[0, 3], [1, 2]]","[1, 2]",718,170.9526,0.975,12,42.0,greedy,5,opening,False,0.0,0.0,True
1,14,0,"[[5, 4], [4, 5]]","[4, 5]",780,215.0912,0.9762,12,42.0,greedy,5,opening,False,0.0,0.0,False
1,15,1,"[[1, 2], [2, 3]]","[2, 3]",940,255.537,0.9672,12,42.0,greedy,5,opening,True,81.0,0.0,False
1,16,0,"[[4, 5], [3, 4]]","[3, 4]",540,176.9388,0.9835,12,123.0,greedy,5,opening,False,0.0,0.0,False
1,17,1,"[[2, 3], [4, 5]]","[4, 5]",178,54.4188,0.9565,12,123.0,greedy,5,opening,False,0.0,0.0,False
1,18,0,"[[6, 7], [5, 6]]","[5, 6]",639,182.8628,0.974,12,130.0,greedy,5,opening,False,0.0,0.0,False
1,19,1,"[[4, 5], [6, 7]]","[6, 7]",122,20.3221,0.9702,12,130.0,greedy,5,opening,False,0.0,0.0,False
1,20,0,"[[7, 2], [6, 3]]","[6, 3]",418,84.4741,0.9796,12,142.0,greedy,5,midgame,True,0,0.0,False
1,21,1,"[[5, 0], [7, 2]]","[7, 2]",131,22.0566,0.968,12,142.0,greedy,5,midgame,False,0.0,0.0,False
1,22,0,"[[6, 3], [5, 2]]","[5, 2]",637,148.1352,0.9611,12,154.0,greedy,5,midgame,False,0.0,0.0,False
1,23,1,"[[1, 4], [2, 3]]","[2, 3]",799,215.2967,0.9756,12,154.0,greedy,5,midgame,False,0.0,0.0,True
1,24,0,"[[7, 6], [6, 5]]","[6, 5]",892,202.9495,0.9564,12,154.0,greedy,5,midgame,False,0.0,0.0,False
1,25,1,"[[2, 1], [3, 0]]","[3, 0]",1526,365.1543,0.9627,12,154.0,greedy,5,midgame,False,0.0,0.0,True
1,26,0,"[[5, 2], [4, 3]]","[4, 3]",427,102.4296,0.9792,12,154.0,greedy,5,midgame,False,0.0,0.0,False
1,27,1,"[[2, 3], [3, 4]]","[3, 4]",492,105.978,0.9867,12,154.0,greedy,5,midgame,False,0.0,0.0,True
1,28,0,"[[4, 3], [2, 5]]","[2, 5]",45,11.8613,0.989,12,154.0,greedy,5,midgame,False,0.0,0.0,False
1,29,1,"[[1, 6], [3, 4]]","[3, 4]",180,30.5998,0.9561,3,154.0,greedy,5,midgame,False,0.0,0.0,False
1,30,0,"[[6, 5], [5, 4]]","[5, 4]",226,49.8292,0.9816,3,229.0,greedy,5,midgame,True,0,0.0,False
1,31,1,"[[6, 7], [7, 6]]","[7, 6]",863,150.4982,0.9766,3,229.0,greedy,5,midgame,False,0.0,0.0,False
1,32,0,"[[5, 4], [4, 3]]","[4, 3]",313,63.0198,0.9809,3,229.0,greedy,5,midgame,False,0.0,0.0,False
1,33,1,"[[3, 4], [5, 2]]","[5, 2]",7,0.6492,0.9983,3,229.0,greedy,5,midgame,False,0.0,0.0,False
1,34,0,"[[7, 4], [6, 5]]","[6, 5]",6,0.5474,0.9993,3,237.0,greedy,5,midgame,False,0.0,0.0,False
1,35,1,"[[7, 6], [5, 4]]","[5, 4]",2,0.1297,0.9995,3,237.0,greedy,5,midgame,True,108.0,0.0,False
2,0,0,"[[6, 1], [5, 0]]","[5, 0]",1373,421.5388,0.9521,0,0,greedy,5,opening,False,0,0.0,False
2,1,1,"[[1, 0], [2, 1]]","[2, 1]",711,178.0462,0.9752,0,0,greedy,5,opening,False,0.0,0.0,True
2,2,0,"[[6, 3], [5, 2]]","[5, 2]",1201,395.9091,0.9633,0,1.0,greedy,5,opening,False,0.0,0.0,False
2,3,1,"[[0, 1], [1, 0]]","[1, 0]",808,280.0355,0.9753,0,1.0,greedy,5,opening,False,0.0,0.0,True
2,4,0,"[[5, 2], [4, 3]]","[4, 3]",1697,491.7331,0.9586,0,1.0,greedy,5,opening,False,0.0,0.0,False
2,5,1,"[[2, 1], [3, 2]]","[3, 2]",455,141.8788,0.9841,0,1.0,greedy,5,opening,True,24.0,0.0,True
2,6,0,"[[4, 3], [2, 1]]","[2, 1]",89,31.1995,0.9783,0,25.0,greedy,5,opening,False,0.0,0.0,False
2,7,1,"[[1, 0], [3, 2]]","[3, 2]",162,39.7327,0.9802,12,25.0,greedy,5,opening,False,0.0,0.0,True
2,8,0,"[[5, 0], [4, 1]]","[4, 1]",768,216.1269,0.9766,12,34.0,greedy,5,opening,False,0.0,0.0,False
2,9,1,"[[3, 2], [5, 0]]","[5, 0]",178,36.5419,0.9565,12,34.0,greedy,5,opening,False,0.0,0.0,False
2,10,0,"[[7, 0], [6, 1]]","[6, 1]",2950,808.4395,0.8971,12,42.0,greedy,5,opening,True,0,0.0,False
2,11,1,"[[1, 2], [2, 1]]","[2, 1]",964,237.7036,0.9608,12,42.0,greedy,5,opening,False,0.0,0.0,True
2,12,0,"[[6, 5], [5, 4]]","[5, 4]",2006,564.9991,0.9184,12,42.0,greedy,5,opening,False,0.0,0.0,False
2,13,1,"[[0, 3], [1, 2]]","[1, 2]",718,178.6485,0.975,12,42.0,greedy,5,opening,False,0.0,0.0,True
2,14,0,"[[5, 4], [4, 5]]","[4, 5]",780,216.8272,0.9762,12,42.0,greedy,5,opening,False,0.0,0.0,False
2,15,1,"[[1, 2], [2, 3]]","[2, 3]",940,281.3945,0.9672,12,42.0,greedy,5,opening,True,81.0,0.0,False
2,16,0,"[[4, 5], [3, 4]]","[3, 4]",540,156.7004,0.9835,12,123.0,greedy,5,opening,False,0.0,0.0,False
2,17,1,"[[2, 3], [4, 5]]","[4, 5]",178,35.7056,0.9565,12,123.0,greedy,5,opening,False,0.0,0.0,False
2,18,0,"[[6, 7], [5, 6]]","[5, 6]",639,174.3946,0.974,12,130.0,greedy,5,opening,False,0.0,0.0,False
2,19,1,"[[4, 5], [6, 7]]","[6, 7]",122,27.8237,0.9702,12,130.0,greedy,5,opening,False,0.0,0.0,False
2,20,0,"[[7, 2], [6, 3]]","[6, 3]",418,114.4879,0.9796,12,142.0,greedy,5,midgame,True,0,0.0,False
2,21,1,"[[5, 0], [7, 2]]","[7, 2]",131,25.2583,0.968,12,142.0,greedy,5,midgame,False,0.0,0.0,False
2,22,0,"[[6, 3], [5, 2]]","[5, 2]",637,207.1736,0.9611,12,154.0,greedy,5,midgame,False,0.0,0.0,False
2,23,1,"[[1, 4], [2, 3]]","[2, 3]",799,195.5149,0.9756,12,154.0,greedy,5,midgame,False,0.0,0.0,True
2,24,0,"[[7, 6], [6, 5]]","[6, 5]",892,202.7068,0.9564,12,154.0,greedy,5,midgame,False,0.0,0.0,False
2,25,1,"[[2, 1], [3, 0]]","[3, 0]",1526,356.936,0.9627,12,154.0,greedy,5,midgame,False,0.0,0.0,True
2,26,0,"[[5, 2], [4, 3]]","[4, 3]",427,82.2611,0.9792,12,154.0,greedy,5,midgame,False,0.0,0.0,False
2,27,1,"[[2, 3], [3, 4]]","[3, 4]",492,119.1876,0.9867,12,154.0,greedy,5,midgame,False,0.0,0.0,True
2,28,0,"[[4, 3], [2, 5]]","[2, 5]",45,10.8888,0.989,12,154.0,greedy,5,midgame,False,0.0,0.0,False
2,29,1,"[[1, 6], [3, 4]]","[3, 4]",180,39.6442,0.9561,3,154.0,greedy,5,midgame,False,0.0,0.0,False
2,30,0,"[[6, 5], [5, 4]]","[5, 4]",226,57.2529,0.9816,3,229.0,greedy,5,midgame,True,0,0.0,False
2,31,1,"[[6, 7], [7, 6]]","[7, 6]",863,154.6524,0.9766,3,229.0,greedy,5,midgame,False,0.0,0.0,False
2,32,0,"[[5, 4], [4, 3]]","[4, 3]",313,81.5437,0.9809,3,229.0,greedy,5,midgame,False,0.0,0.0,False
2,33,1,"[[3, 4], [5, 2]]","[5, 2]",7,1.0414,0.9983,3,229.0,greedy,5,midgame,False,0.0,0.0,False
2,34,0,"[[7, 4], [6, 5]]","[6, 5]",6,0.6874,0.9993,3,237.0,greedy,5,midgame,False,0.0,0.0,False
2,35,1,"[[7, 6], [5, 4]]","[5, 4]",2,0.248,0.9995,3,237.0,greedy,5,midgame,True,108.0,0.0,False
3,0,0,"[[6, 1], [5, 0]]","[5, 0]",1373,395.3927,0.9521,0,0,greedy,5,opening,False,0,0.0,False
3,1,1,"[[1, 0], [2, 1]]","[2, 1]",711,216.4655,0.9752,0,0,greedy,5,opening,False,0.0,0.0,True
3,2,0,"[[6, 3], [5, 2]]","[5, 2]",1201,375.7954,0.9633,0,1.0,greedy,5,opening,False,0.0,0.0,False
3,3,1,"[[0, 1], [1, 0]]","[1, 0]",808,266.2904,0.9753,0,1.0,greedy,5,opening,False,0.0,0.0,True
3,4,0,"[[5, 2], [4, 3]]","[4, 3]",1697,498.0335,0.9586,0,1.0,greedy,5,opening,False,0.0,0.0,False
3,5,1,"[[2, 1], [3, 2]]","[3, 2]",455,128.0994,0.9841,0,1.0,greedy,5,opening,True,24.0,0.0,True
3,6,0,"[[4, 3], [2, 1]]","[2, 1]",89,19.9902,0.9783,0,25.0,greedy,5,opening,False,0.0,0.0,False
3,7,1,"[[1, 0], [3, 2]]","[3, 2]",162,38.0075,0.9802,12,25.0,greedy,5,opening,False,0.0,0.0,True
3,8,0,"[[5, 0], [4, 1]]","[4, 1]",768,204.7644,0.9766,12,34.0,greedy,5,opening,False,0.0,0.0,False
3,9,1,"[[3, 2], [5, 0]]","[5, 0]",178,53.7753,0.9565,12,34.0,greedy,5,opening,False,0.0,0.0,False
3,10,0,"[[7, 0], [6, 1]]","[6, 1]",2950,849.6368,0.8971,12,42.0,greedy,5,opening,True,0,0.0,False
3,11,1,"[[1, 2], [2, 1]]","[2, 1]",964,244.0972,0.9608,12,42.0,greedy,5,opening,False,0.0,0.0,True
3,12,0,"[[6, 5], [5, 4]]","[5, 4]",2006,543.5944,0.9184,12,42.0,greedy,5,opening,False,0.0,0.0,False
3,13,1,"[[0, 3], [1, 2]]","[1, 2]",718,194.6914,0.975,12,42.0,greedy,5,opening,False,0.0,0.0,True
3,14,0,"[[5, 4], [4, 5]]","[4, 5]",780,221.0226,0.9762,12,42.0,greedy,5,opening,False,0.0,0.0,False
3,15,1,"[[1, 2], [2, 3]]","[2, 3]",940,244.3824,0.9672,12,42.0,greedy,5,opening,True,81.0,0.0,False
3,16,0,"[[4, 5], [3, 4]]","[3, 4]",540,179.5886,0.9835,12,123.0,greedy,5,opening,False,0.0,0.0,False
3,17,1,"[[2, 3], [4, 5]]","[4, 5]",178,40.1962,0.9565,12,123.0,greedy,5,opening,False,0.0,0.0,False
3,18,0,"[[6, 7], [5, 6]]","[5, 6]",639,155.3001,0.974,12,130.0,greedy,5,opening,False,0.0,0.0,False
3,19,1,"[[4, 5], [6, 7]]","[6, 7]",122,20.4308,0.9702,12,130.0,greedy,5,opening,False,0.0,0.0,False
3,20,0,"[[7, 2], [6, 3]]","[6, 3]",418,84.9032,0.9796,12,142.0,greedy,5,midgame,True,0,0.0,False
3,21,1,"[[5, 0], [7, 2]]","[7, 2]",131,36.2613,0.968,12,142.0,greedy,5,midgame,False,0.0,0.0,False
3,22,0,"[[6, 3], [5, 2]]","[5, 2]",637,159.5681,0.9611,12,154.0,greedy,5,midgame,False,0.0,0.0,False
3,23,1,"[[1, 4], [2, 3]]","[2, 3]",799,199.1816,0.9756,12,154.0,greedy,5,midgame,False,0.0,0.0,True
3,24,0,"[[7, 6], [6, 5]]","[6, 5]",892,201.7426,0.9564,12,154.0,greedy,5,midgame,False,0.0,0.0,False
3,25,1,"[[2, 1], [3, 0]]","[3, 0]",1526,395.155,0.9627,12,154.0,greedy,5,midgame,False,0.0,0.0,True
3,26,0,"[[5, 2], [4, 3]]","[4, 3]",427,93.8692,0.9792,12,154.0,greedy,5,midgame,False,0.0,0.0,False
3,27,1,"[[2, 3], [3, 4]]","[3, 4]",492,104.0246,0.9867,12,154.0,greedy,5,midgame,False,0.0,0.0,True
3,28,0,"[[4, 3], [2, 5]]","[2, 5]",45,6.2966,0.989,12,154.0,greedy,5,midgame,False,0.0,0.0,False
3,29,1,"[[1, 6], [3, 4]]","[3, 4]",180,43.3173,0.9561,3,154.0,greedy,5,midgame,False,0.0,0.0,False
3,30,0,"[[6, 5], [5, 4]]","[5, 4]",226,50.6036,0.9816,3,229.0,greedy,5,midgame,True,0,0.0,False
3,31,1,"[[6, 7], [7, 6]]","[7, 6]",863,165.7326,0.9766,3,229.0,greedy,5,midgame,False,0.0,0.0,False
3,32,0,"[[5, 4], [4, 3]]","[4, 3]",313,79.0627,0.9809,3,229.0,greedy,5,midgame,False,0.0,0.0,False
3,33,1,"[[3, 4], [5, 2]]","[5, 2]",7,0.6511,0.9983,3,229.0,greedy,5,midgame,False,0.0,0.0,False
3,34,0,"[[7, 4], [6, 5]]","[6, 5]",6,0.9158,0.9993,3,237.0,greedy,5,midgame,False,0.0,0.0,False
3,35,1,"[[7, 6], [5, 4]]","[5, 4]",2,0.129,0.9995,3,237.0,greedy,5,midgame,True,108.0,0.0,False
4,0,0,"[[6, 1], [5, 0]]","[5, 0]",1373,507.4458,0.9521,0,0,greedy,5,opening,False,0,0.0,False
4,1,1,"[[1, 0], [2, 1]]","[2, 1]",711,271.4822,0.9752,0,0,greedy,5,opening,False,0.0,0.0,True
4,2,0,"[[6, 3], [5, 2]]","[5, 2]",1201,410.8279,0.9633,0,1.0,greedy,5,opening,False,0.0,0.0,False
4,3,1,"[[0, 1], [1, 0]]","[1, 0]",808,244.9763,0.9753,0,1.0,greedy,5,opening,False,0.0,0.0,True
4,4,0,"[[5, 2], [4, 3]]","[4, 3]",1697,546.1502,0.9586,0,1.0,greedy,5,opening,False,0.0,0.0,False
4,5,1,"[[2, 1], [3, 2]]","[3, 2]",455,121.3746,0.9841,0,1.0,greedy,5,opening,True,24.0,0.0,True
4,6,0,"[[4, 3], [2, 1]]","[2, 1]",89,28.883,0.9783,0,25.0,greedy,5,opening,False,0.0,0.0,False
4,7,1,"[[1, 0], [3, 2]]","[3, 2]",162,41.9374,0.9802,12,25.0,greedy,5,opening,False,0.0,0.0,True
4,8,0,"[[5, 0], [4, 1]]","[4, 1]",768,190.2082,0.9766,12,34.0,greedy,5,opening,False,0.0,0.0,False
4,9,1,"[[3, 2], [5, 0]]","[5, 0]",178,37.2441,0.9565,12,34.0,greedy,5,opening,False,0.0,0.0,False
4,10,0,"[[7, 0], [6, 1]]","[6, 1]",2950,918.2808,0.8971,12,42.0,greedy,5,opening,True,0,0.0,False
4,11,1,"[[1, 2], [2, 1]]","[2, 1]",964,245.6472,0.9608,12,42.0,greedy,5,opening,False,0.0,0.0,True
4,12,0,"[[6, 5], [5, 4]]","[5, 4]",2006,556.205,0.9184,12,42.0,greedy,5,opening,False,0.0,0.0,False
4,13,1,"[[0, 3], [1, 2]]","[1, 2]",718,181.1192,0.975,12,42.0,greedy,5,opening,False,0.0,0.0,True
4,14,0,"[[5, 4], [4, 5]]","[4, 5]",780,209.3179,0.9762,12,42.0,greedy,5,opening,False,0.0,0.0,False
4,15,1,"[[1, 2], [2, 3]]","[2, 3]",940,255.1448,0.9672,12,42.0,greedy,5,opening,True,81.0,0.0,False
4,16,0,"[[4, 5], [3, 4]]","[3, 4]",540,131.2687,0.9835,12,123.0,greedy,5,opening,False,0.0,0.0,False
4,17,1,"[[2, 3], [4, 5]]","[4, 5]",178,53.0701,0.9565,12,123.0,greedy,5,opening,False,0.0,0.0,False
4,18,0,"[[6, 7], [5, 6]]","[5, 6]",639,182.7376,0.974,12,130.0,greedy,5,opening,False,0.0,0.0,False
4,19,1,"[[4, 5], [6, 7]]","[6, 7]",122,33.4625,0.9702,12,130.0,greedy,5,opening,False,0.0,0.0,False
4,20,0,"[[7, 2], [6, 3]]","[6, 3]",418,103.1773,0.9796,12,142.0,greedy,5,midgame,True,0,0.0,False
4,21,1,"[[5, 0], [7, 2]]","[7, 2]",131,27.9417,0.968,12,142.0,greedy,5,midgame,False,0.0,0.0,False
4,22,0,"[[6, 3], [5, 2]]","[5, 2]",637,153.6322,0.9611,12,154.0,greedy,5,midgame,False,0.0,0.0,False
4,23,1,"[[1, 4], [2, 3]]","[2, 3]",799,170.5935,0.9756,12,154.0,greedy,5,midgame,False,0.0,0.0,True
4,24,0,"[[7, 6], [6, 5]]","[6, 5]",892,204.6623,0.9564,12,154.0,greedy,5,midgame,False,0.0,0.0,False
4,25,1,"[[2, 1], [3, 0]]","[3, 0]",1526,384.0802,0.9627,12,154.0,greedy,5,midgame,False,0.0,0.0,True
4,26,0,"[[5, 2], [4, 3]]","[4, 3]",427,85.4042,0.9792,12,154.0,greedy,5,midgame,False,0.0,0.0,False
4,27,1,"[[2, 3], [3, 4]]","[3, 4]",492,94.6238,0.9867,12,154.0,greedy,5,midgame,False,0.0,0.0,True
4,28,0,"[[4, 3], [2, 5]]","[2, 5]",45,12.3177,0.989,12,154.0,greedy,5,midgame,False,0.0,0.0,False
4,29,1,"[[1, 6], [3, 4]]","[3, 4]",180,31.5216,0.9561,3,154.0,greedy,5,midgame,False,0.0,0.0,False
4,30,0,"[[6, 5], [5, 4]]","[5, 4]",226,62.5839,0.9816,3,229.0,greedy,5,midgame,True,0,0.0,False
4,31,1,"[[6, 7], [7, 6]]","[7, 6]",863,159.5621,0.9766,3,229.0,greedy,5,midgame,False,0.0,0.0,False
4,32,0,"[[5, 4], [4, 3]]","[4, 3]",313,77.3909,0.9809,3,229.0,greedy,5,midgame,False,0.0,0.0,False
4,33,1,"[[3, 4], [5, 2]]","[5, 2]",7,1.2162,0.9983,3,229.0,greedy,5,midgame,False,0.0,0.0,False
4,34,0,"[[7, 4], [6, 5]]","[6, 5]",6,1.0211,0.9993,3,237.0,greedy,5,midgame,False,0.0,0.0,False
4,35,1,"[[7, 6], [5, 4]]","[5, 4]",2,0.1314,0.9995,3,237.0,greedy,5,midgame,True,108.0,0.0,False
5,0,0,"[[6, 1], [5, 0]]","[5, 0]",1373,461.7162,0.9521,0,0,greedy,5,opening,False,0,0.0,False
5,1,1,"[[1, 0], [2, 1]]","[2, 1]",711,321.722,0.9752,0,0,greedy,5,opening,False,0.0,0.0,True
5,2,0,"[[6, 3], [5, 2]]","[5, 2]",1201,373.6064,0.9633,0,1.0,greedy,5,opening,False,0.0,0.0,False
5,3,1,"[[0, 1], [1, 0]]","[1, 0]",808,266.0725,0.9753,0,1.0,greedy,5,opening,False,0.0,0.0,True
5,4,0,"[[5, 2], [4, 3]]","[4, 3]",1697,509.9275,0.9586,0,1.0,greedy,5,opening,False,0.0,0.0,False
5,5,1,"[[2, 1], [3, 2]]","[3, 2]",455,141.2642,0.9841,0,1.0,greedy,5,opening,True,24.0,0.0,True
5,6,0,"[[4, 3], [2, 1]]","[2, 1]",89,20.4127,0.9783,0,25.0,greedy,5,opening,False,0.0,0.0,False
5,7,1,"[[1, 0], [3, 2]]","[3, 2]",162,39.0394,0.9802,12,25.0,greedy,5,opening,False,0.0,0.0,True
5,8,0,"[[5, 0], [4, 1]]","[4, 1]",768,212.0245,0.9766,12,34.0,greedy,5,opening,False,0.0,0.0,False
5,9,1,"[[3, 2], [5, 0]]","[5, 0]",178,54.7094,0.9565,12,34.0,greedy,5,opening,False,0.0,0.0,False
5,10,0,"[[7, 0], [6, 1]]","[6, 1]",2950,864.521,0.8971,12,42.0,greedy,5,opening,True,0,0.0,False
5,11,1,"[[1, 2], [2, 1]]","[2, 1]",964,243.7615,0.9608,12,42.0,greedy,5,opening,False,0.0,0.0,True
5,12,0,"[[6, 5], [5, 4]]","[5, 4]",2006,521.4381,0.9184,12,42.0,greedy,5,opening,False,0.0,0.0,False
5,13,1,"[[0, 3], [1, 2]]","[1, 2]",718,160.1207,0.975,12,42.0,greedy,5,opening,False,0.0,0.0,True
5,14,0,"[[5, 4], [4, 5]]","[4, 5]",780,242.8703,0.9762,12,42.0,greedy,5,opening,False,0.0,0.0,False
5,15,1,"[[1, 2], [2, 3]]","[2, 3]",940,223.989,0.9672,12,42.0,greedy,5,opening,True,81.0,0.0,False
5,16,0,"[[4, 5], [3, 4]]","[3, 4]",540,163.2836,0.9835,12,123.0,greedy,5,opening,False,0.0,0.0,False
5,17,1,"[[2, 3], [4, 5]]","[4, 5]",178,48.4598,0.9565,12,123.0,greedy,5,opening,False,0.0,0.0,False
5,18,0,"[[6, 7], [5, 6]]","[5, 6]",639,171.814,0.974,12,130.0,greedy,5,opening,False,0.0,0.0,False
5,19,1,"[[4, 5], [6, 7]]","[6, 7]",122,27.9109,0.9702,12,130.0,greedy,5,opening,False,0.0,0.0,False
5,20,0,"[[7, 2], [6, 3]]","[6, 3]",418,108.0742,0.9796,12,142.0,greedy,5,midgame,True,0,0.0,False
5,21,1,"[[5, 0], [7, 2]]","[7, 2]",131,24.1239,0.968,12,142.0,greedy,5,midgame,False,0.0,0.0,False
5,22,0,"[[6, 3], [5, 2]]","[5, 2]",637,169.7819,0.9611,12,154.0,greedy,5,midgame,False,0.0,0.0,False
5,23,1,"[[1, 4], [2, 3]]","[2, 3]",799,185.0719,0.9756,12,154.0,greedy,5,midgame,False,0.0,0.0,True
5,24,0,"[[7, 6], [6, 5]]","[6, 5]",892,208.7369,0.9564,12,154.0,greedy,5,midgame,False,0.0,0.0,False
5,25,1,"[[2, 1], [3, 0]]","[3, 0]",1526,356.9574,0.9627,12,154.0,greedy,5,midgame,False,0.0,0.0,True
5,26,0,"[[5, 2], [4, 3]]","[4, 3]",427,86.4458,0.9792,12,154.0,greedy,5,midgame,False,0.0,0.0,False
5,27,1,"[[2, 3], [3, 4]]","[3, 4]",492,91.2437,0.9867,12,154.0,greedy,5,midgame,False,0.0,0.0,True
5,28,0,"[[4, 3], [2, 5]]","[2, 5]",45,8.1117,0.989,12,154.0,greedy,5,midgame,False,0.0,0.0,False
5,29,1,"[[1, 6], [3, 4]]","[3, 4]",180,40.5619,0.9561,3,154.0,greedy,5,midgame,False,0.0,0.0,False
5,30,0,"[[6, 5], [5, 4]]","[5, 4]",226,49.772,0.9816,3,229.0,greedy,5,midgame,True,0,0.0,False
5,31,1,"[[6, 7], [7, 6]]","[7, 6]",863,145.4947,0.9766,3,229.0,greedy,5,midgame,False,0.0,0.0,False
5,32,0,"[[5, 4], [4, 3]]","[4, 3]",313,50.3423,0.9809,3,229.0,greedy,5,midgame,False,0.0,0.0,False
5,33,1,"[[3, 4], [5, 2]]","[5, 2]",7,1.2083,0.9983,3,229.0,greedy,5,midgame,False,0.0,0.0,False
5,34,0,"[[7, 4], [6, 5]]","[6, 5]",6,1.0135,0.9993,3,237.0,greedy,5,midgame,False,0.0,0.0,False
5,35,1,"[[7, 6], [5, 4]]","[5, 4]",2,0.2522,0.9995,3,237.0,greedy,5,midgame,True,108.0,0.0,False
6,0,0,"[[6, 1], [5, 0]]","[5, 0]",1373,398.6266,0.9521,0,0,greedy,5,opening,False,0,0.0,False
6,1,1,"[[1, 0], [2, 1]]","[2, 1]",711,228.5447,0.9752,0,0,greedy,5,opening,False,0.0,0.0,True
6,2,0,"[[6, 3], [5, 2]]","[5, 2]",1201,370.0447,0.9633,0,1.0,greedy,5,opening,False,0.0,0.0,False
6,3,1,"[[0, 1], [1, 0]]","[1, 0]",808,225.2815,0.9753,0,1.0,greedy,5,opening,False,0.0,0.0,True
6,4,0,"[[5, 2], [4, 3]]","[4, 3]",1697,537.9281,0.9586,0,1.0,greedy,5,opening,False,0.0,0.0,False
6,5,1,"[[2, 1], [3, 2]]","[3, 2]",455,111.4297,0.9841,0,1.0,greedy,5,opening,True,24.0,0.0,True
6,6,0,"[[4, 3], [2, 1]]","[2, 1]",89,19.0527,0.9783,0,25.0,greedy,5,opening,False,0.0,0.0,False
6,7,1,"[[1, 0], [3, 2]]","[3, 2]",162,38.8997,0.9802,12,25.0,greedy,5,opening,False,0.0,0.0,True
6,8,0,"[[5, 0], [4, 1]]","[4, 1]",768,196.219,0.9766,12,34.0,greedy,5,opening,False,0.0,0.0,False
6,9,1,"[[3, 2], [5, 0]]","[5, 0]",178,55.4149,0.9565,12,34.0,greedy,5,opening,False,0.0,0.0,False
6,10,0,"[[7, 0], [6, 1]]","[6, 1]",2950,803.6072,0.8971,12,42.0,greedy,5,opening,True,0,0.0,False
6,11,1,"[[1, 2], [2, 1]]","[2, 1]",964,225.8673,0.9608,12,42.0,greedy,5,opening,False,0.0,0.0,True
6,12,0,"[[6, 5], [5, 4]]","[5, 4]",2006,615.7627,0.9184,12,42.0,greedy,5,opening,False,0.0,0.0,False
6,13,1,"[[0, 3], [1, 2]]","[1, 2]",718,181.9932,0.975,12,42.0,greedy,5,opening,False,0.0,0.0,True
6,14,0,"[[5, 4], [4, 5]]","[4, 5]",780,202.0972,0.9762,12,42.0,greedy,5,opening,False,0.0,0.0,False
6,15,1,"[[1, 2], [2, 3]]","[2, 3]",940,331.6007,0.9672,12,42.0,greedy,5,opening,True,81.0,0.0,False
6,16,0,"[[4, 5], [3, 4]]","[3, 4]",540,142.0853,0.9835,12,123.0,greedy,5,opening,False,0.0,0.0,False
6,17,1,"[[2, 3], [4, 5]]","[4, 5]",178,50.0102,0.9565,12,123.0,greedy,5,opening,False,0.0,0.0,False
6,18,0,"[[6, 7], [5, 6]]","[5, 6]",639,175.4916,0.974,12,130.0,greedy,5,opening,False,0.0,0.0,False
6,19,1,"[[4, 5], [6, 7]]","[6, 7]",122,20.7698,0.9702,12,130.0,greedy,5,opening,False,0.0,0.0,False
6,20,0,"[[7, 2], [6, 3]]","[6, 3]",418,98.1548,0.9796,12,142.0,greedy,5,midgame,True,0,0.0,False
6,21,1,"[[5, 0], [7, 2]]","[7, 2]",131,20.8812,0.968,12,142.0,greedy,5,midgame,False,0.0,0.0,False
6,22,0,"[[6, 3], [5, 2]]","[5, 2]",637,126.6534,0.9611,12,154.0,greedy,5,midgame,False,0.0,0.0,False
6,23,1,"[[1, 4], [2, 3]]","[2, 3]",799,215.9774,0.9756,12,154.0,greedy,5,midgame,False,0.0,0.0,True
6,24,0,"[[7, 6], [6, 5]]","[6, 5]",892,211.6008,0.9564,12,154.0,greedy,5,midgame,False,0.0,0.0,False
6,25,1,"[[2, 1], [3, 0]]","[3, 0]",1526,410.4548,0.9627,12,154.0,greedy,5,midgame,False,0.0,0.0,True
6,26,0,"[[5, 2], [4, 3]]","[4, 3]",427,88.3625,0.9792,12,154.0,greedy,5,midgame,False,0.0,0.0,False
6,27,1,"[[2, 3], [3, 4]]","[3, 4]",492,88.2146,0.9867,12,154.0,greedy,5,midgame,False,0.0,0.0,True
6,28,0,"[[4, 3], [2, 5]]","[2, 5]",45,16.325,0.989,12,154.0,greedy,5,midgame,False,0.0,0.0,False
6,29,1,"[[1, 6], [3, 4]]","[3, 4]",180,31.6565,0.9561,3,154.0,greedy,5,midgame,False,0.0,0.0,False
6,30,0,"[[6, 5], [5, 4]]","[5, 4]",226,44.5094,0.9816,3,229.0,greedy,5,midgame,True,0,0.0,False
6,31,1,"[[6, 7], [7, 6]]","[7, 6]",863,177.9165,0.9766,3,229.0,greedy,5,midgame,False,0.0,0.0,False
6,32,0,"[[5, 4], [4, 3]]","[4, 3]",313,70.1082,0.9809,3,229.0,greedy,5,midgame,False,0.0,0.0,False
6,33,1,"[[3, 4], [5, 2]]","[5, 2]",7,0.649,0.9983,3,229.0,greedy,5,midgame,False,0.0,0.0,False
6,34,0,"[[7, 4], [6, 5]]","[6, 5]",6,0.9186,0.9993,3,237.0,greedy,5,midgame,False,0.0,0.0,False
6,35,1,"[[7, 6], [5, 4]]","[5, 4]",2,0.2534,0.9995,3,237.0,greedy,5,midgame,True,108.0,0.0,False
7,0,0,"[[6, 1], [5, 0]]","[5, 0]",1373,483.2118,0.9521,0,0,greedy,5,opening,False,0,0.0,False
7,1,1,"[[1, 0], [2, 1]]","[2, 1]",711,241.5442,0.9752,0,0,greedy,5,opening,False,0.0,0.0,True
7,2,0,"[[6, 3], [5, 2]]","[5, 2]",1201,388.4168,0.9633,0,1.0,greedy,5,opening,False,0.0,0.0,False
7,3,1,"[[0, 1], [1, 0]]","[1, 0]",808,235.6539,0.9753,0,1.0,greedy,5,opening,False,0.0,0.0,True
7,4,0,"[[5, 2], [4, 3]]","[4, 3]",1697,484.0772,0.9586,0,1.0,greedy,5,opening,False,0.0,0.0,False
7,5,1,"[[2, 1], [3, 2]]","[3, 2]",455,142.8709,0.9841,0,1.0,greedy,5,opening,True,24.0,0.0,True
7,6,0,"[[4, 3], [2, 1]]","[2, 1]",89,24.0257,0.9783,0,25.0,greedy,5,opening,False,0.0,0.0,False
7,7,1,"[[1, 0], [3, 2]]","[3, 2]",162,48.0213,0.9802,12,25.0,greedy,5,opening,False,0.0,0.0,True
7,8,0,"[[5, 0], [4, 1]]","[4, 1]",768,215.6765,0.9766,12,34.0,greedy,5,opening,False,0.0,0.0,False
7,9,1,"[[3, 2], [5, 0]]","[5, 0]",178,53.4933,0.9565,12,34.0,greedy,5,opening,False,0.0,0.0,False
7,10,0,"[[7, 0], [6, 1]]","[6, 1]",2950,811.1486,0.8971,12,42.0,greedy,5,opening,True,0,0.0,False
7,11,1,"[[1, 2], [2, 1]]","[2, 1]",964,247.7398,0.9608,12,42.0,greedy,5,opening,False,0.0,0.0,True
7,12,0,"[[6, 5], [5, 4]]","[5, 4]",2006,518.9438,0.9184,12,42.0,greedy,5,opening,False,0.0,0.0,False
7,13,1,"[[0, 3], [1, 2]]","[1, 2]",718,202.6699,0.975,12,42.0,greedy,5,opening,False,0.0,0.0,True
7,14,0,"[[5, 4], [4, 5]]","[4, 5]",780,231.5223,0.9762,12,42.0,greedy,5,opening,False,0.0,0.0,False
7,15,1,"[[1, 2], [2, 3]]","[2, 3]",940,262.5344,0.9672,12,42.0,greedy,5,opening,True,81.0,0.0,False
7,16,0,"[[4, 5], [3, 4]]","[3, 4]",540,145.9429,0.9835,12,123.0,greedy,5,opening,False,0.0,0.0,False
7,17,1,"[[2, 3], [4, 5]]","[4, 5]",178,47.2589,0.9565,12,123.0,greedy,5,opening,False,0.0,0.0,False
7,18,0,"[[6, 7], [5, 6]]","[5, 6]",639,189.4138,0.974,12,130.0,greedy,5,opening,False,0.0,0.0,False
7,19,1,"[[4, 5], [6, 7]]","[6, 7]",122,31.5382,0.9702,12,130.0,greedy,5,opening,False,0.0,0.0,False
7,20,0,"[[7, 2], [6, 3]]","[6, 3]",418,104.8529,0.9796,12,142.0,greedy,5,midgame,True,0,0.0,False
7,21,1,"[[5, 0], [7, 2]]","[7, 2]",131,41.6431,0.968,12,142.0,greedy,5,midgame,False,0.0,0.0,False
7,22,0,"[[6, 3], [5, 2]]","[5, 2]",637,151.4924,0.9611,12,154.0,greedy,5,midgame,False,0.0,0.0,False
7,23,1,"[[1, 4], [2, 3]]","[2, 3]",799,188.2687,0.9756,12,154.0,greedy,5,midgame,False,0.0,0.0,True
7,24,0,"[[7, 6], [6, 5]]","[6, 5]",892,212.5556,0.9564,12,154.0,greedy,5,midgame,False,0.0,0.0,False
7,25,1,"[[2, 1], [3, 0]]","[3, 0]",1526,403.6932,0.9627,12,154.0,greedy,5,midgame,False,0.0,0.0,True
7,26,0,"[[5, 2], [4, 3]]","[4, 3]",427,106.7636,0.9792,12,154.0,greedy,5,midgame,False,0.0,0.0,False
7,27,1,"[[2, 3], [3, 4]]","[3, 4]",492,97.7287,0.9867,12,154.0,greedy,5,midgame,False,0.0,0.0,True
7,28,0,"[[4, 3], [2, 5]]","[2, 5]",45,12.2063,0.989,12,154.0,greedy,5,midgame,False,0.0,0.0,False
7,29,1,"[[1, 6], [3, 4]]","[3, 4]",180,32.088,0.9561,3,154.0,greedy,5,midgame,False,0.0,0.0,False
7,30,0,"[[6, 5], [5, 4]]","[5, 4]",226,40.5729,0.9816,3,229.0,greedy,5,midgame,True,0,0.0,False
7,31,1,"[[6, 7], [7, 6]]","[7, 6]",863,158.3767,0.9766,3,229.0,greedy,5,midgame,False,0.0,0.0,False
7,32,0,"[[5, 4], [4, 3]]","[4, 3]",313,64.5294,0.9809,3,229.0,greedy,5,midgame,False,0.0,0.0,False
7,33,1,"[[3, 4], [5, 2]]","[5, 2]",7,0.6518,0.9983,3,229.0,greedy,5,midgame,False,0.0,0.0,False
7,34,0,"[[7, 4], [6, 5]]","[6, 5]",6,0.5436,0.9993,3,237.0,greedy,5,midgame,False,0.0,0.0,False
7,35,1,"[[7, 6], [5, 4]]","[5, 4]",2,0.2487,0.9995,3,237.0,greedy,5,midgame,True,108.0,0.0,False
8,0,0,"[[6, 1], [5, 0]]","[5, 0]",1373,428.026,0.9521,0,0,greedy,5,opening,False,0,0.0,False
8,1,1,"[[1, 0], [2, 1]]","[2, 1]",711,245.2321,0.9752,0,0,greedy,5,opening,False,0.0,0.0,True
8,2,0,"[[6, 3], [5, 2]]","[5, 2]",1201,359.0391,0.9633,0,1.0,greedy,5,opening,False,0.0,0.0,False
8,3,1,"[[0, 1], [1, 0]]","[1, 0]",808,253.7885,0.9753,0,1.0,greedy,5,opening,False,0.0,0.0,True
8,4,0,"[[5, 2], [4, 3]]","[4, 3]",1697,526.4776,0.9586,0,1.0,greedy,5,opening,False,0.0,0.0,False
8,5,1,"[[2, 1], [3, 2]]","[3, 2]",455,102.0033,0.9841,0,1.0,greedy,5,opening,True,24.0,0.0,True
8,6,0,"[[4, 3], [2, 1]]","[2, 1]",89,25.7723,0.9783,0,25.0,greedy,5,opening,False,0.0,0.0,False
8,7,1,"[[1, 0], [3, 2]]","[3, 2]",162,30.3853,0.9802,12,25.0,greedy,5,opening,False,0.0,0.0,True
8,8,0,"[[5, 0], [4, 1]]","[4, 1]",768,196.3482,0.9766,12,34.0,greedy,5,opening,False,0.0,0.0,False
8,9,1,"[[3, 2], [5, 0]]","[5, 0]",178,50.9977,0.9565,12,34.0,greedy,5,opening,False,0.0,0.0,False
8,10,0,"[[7, 0], [6, 1]]","[6, 1]",2950,836.478,0.8971,12,42.0,greedy,5,opening,True,0,0.0,False
8,11,1,"[[1, 2], [2, 1]]","[2, 1]",964,250.2866,0.9608,12,42.0,greedy,5,opening,False,0.0,0.0,True
8,12,0,"[[6, 5], [5, 4]]","[5, 4]",2006,563.1464,0.9184,12,42.0,greedy,5,opening,False,0.0,0.0,False
8,13,1,"[[0, 3], [1, 2]]","[1, 2]",718,204.6249,0.975,12,42.0,greedy,5,opening,False,0.0,0.0,True
8,14,0,"[[5, 4], [4, 5]]","[4, 5]",780,208.2508,0.9762,12,42.0,greedy,5,opening,False,0.0,0.0,False
8,15,1,"[[1, 2], [2, 3]]","[2, 3]",940,243.52,0.9672,12,42.0,greedy,5,opening,True,81.0,0.0,False
8,16,0,"[[4, 5], [3, 4]]","[3, 4]",540,149.4236,0.9835,12,123.0,greedy,5,opening,False,0.0,0.0,False
8,17,1,"[[2, 3], [4, 5]]","[4, 5]",178,32.7082,0.9565,12,123.0,greedy,5,opening,False,0.0,0.0,False
8,18,0,"[[6, 7], [5, 6]]","[5, 6]",639,159.2674,0.974,12,130.0,greedy,5,opening,False,0.0,0.0,False
8,19,1,"[[4, 5], [6, 7]]","[6, 7]",122,28.4567,0.9702,12,130.0,greedy,5,opening,False,0.0,0.0,False
8,20,0,"[[7, 2], [6, 3]]","[6, 3]",418,100.5375,0.9796,12,142.0,greedy,5,midgame,True,0,0.0,False
8,21,1,"[[5, 0], [7, 2]]","[7, 2]",131,23.3316,0.968,12,142.0,greedy,5,midgame,False,0.0,0.0,False
8,22,0,"[[6, 3], [5, 2]]","[5, 2]",637,159.337,0.9611,12,154.0,greedy,5,midgame,False,0.0,0.0,False
8,23,1,"[[1, 4], [2, 3]]","[2, 3]",799,207.1955,0.9756,12,154.0,greedy,5,midgame,False,0.0,0.0,True
8,24,0,"[[7, 6], [6, 5]]","[6, 5]",892,230.5274,0.9564,12,154.0,greedy,5,midgame,False,0.0,0.0,False
8,25,1,"[[2, 1], [3, 0]]","[3, 0]",1526,369.7698,0.9627,12,154.0,greedy,5,midgame,False,0.0,0.0,True
8,26,0,"[[5, 2], [4, 3]]","[4, 3]",427,92.0539,0.9792,12,154.0,greedy,5,midgame,False,0.0,0.0,False
8,27,1,"[[2, 3], [3, 4]]","[3, 4]",492,94.6181,0.9867,12,154.0,greedy,5,midgame,False,0.0,0.0,True
8,28,0,"[[4, 3], [2, 5]]","[2, 5]",45,8.0342,0.989,12,154.0,greedy,5,midgame,False,0.0,0.0,False
8,29,1,"[[1, 6], [3, 4]]","[3, 4]",180,26.2678,0.9561,3,154.0,greedy,5,midgame,False,0.0,0.0,False
8,30,0,"[[6, 5], [5, 4]]","[5, 4]",226,56.7603,0.9816,3,229.0,greedy,5,midgame,True,0,0.0,False
8,31,1,"[[6, 7], [7, 6]]","[7, 6]",863,179.0085,0.9766,3,229.0,greedy,5,midgame,False,0.0,0.0,False
8,32,0,"[[5, 4], [4, 3]]","[4, 3]",313,64.9223,0.9809,3,229.0,greedy,5,midgame,False,0.0,0.0,False
8,33,1,"[[3, 4], [5, 2]]","[5, 2]",7,0.6557,0.9983,3,229.0,greedy,5,midgame,False,0.0,0.0,False
8,34,0,"[[7, 4], [6, 5]]","[6, 5]",6,0.5436,0.9993,3,237.0,greedy,5,midgame,False,0.0,0.0,False
8,35,1,"[[7, 6], [5, 4]]","[5, 4]",2,0.1287,0.9995,3,237.0,greedy,5,midgame,True,108.0,0.0,False
9,0,0,"[[6, 1], [5, 0]]","[5, 0]",1373,473.2203,0.9521,0,0,greedy,5,opening,False,0,0.0,False
9,1,1,"[[1, 0], [2, 1]]","[2, 1]",711,215.7691,0.9752,0,0,greedy,5,opening,False,0.0,0.0,True
9,2,0,"[[6, 3], [5, 2]]","[5, 2]",1201,414.8607,0.9633,0,1.0,greedy,5,opening,False,0.0,0.0,False
9,3,1,"[[0, 1], [1, 0]]","[1, 0]",808,238.066,0.9753,0,1.0,greedy,5,opening,False,0.0,0.0,True
9,4,0,"[[5, 2], [4, 3]]","[4, 3]",1697,520.6118,0.9586,0,1.0,greedy,5,opening,False,0.0,0.0,False
9,5,1,"[[2, 1], [3, 2]]","[3, 2]",455,129.9276,0.9841,0,1.0,greedy,5,opening,True,24.0,0.0,True
9,6,0,"[[4, 3], [2, 1]]","[2, 1]",89,29.8114,0.9783,0,25.0,greedy,5,opening,False,0.0,0.0,False
9,7,1,"[[1, 0], [3, 2]]","[3, 2]",162,41.0733,0.9802,12,25.0,greedy,5,opening,False,0.0,0.0,True
9,8,0,"[[5, 0], [4, 1]]","[4, 1]",768,203.3455,0.9766,12,34.0,greedy,5,opening,False,0.0,0.0,False
9,9,1,"[[3, 2], [5, 0]]","[5, 0]",178,45.5658,0.9565,12,34.0,greedy,5,opening,False,0.0,0.0,False
9,10,0,"[[7, 0], [6, 1]]","[6, 1]",2950,821.9049,0.8971,12,42.0,greedy,5,opening,True,0,0.0,False
9,11,1,"[[1, 2], [2, 1]]","[2, 1]",964,223.9497,0.9608,12,42.0,greedy,5,opening,False,0.0,0.0,True
9,12,0,"[[6, 5], [5, 4]]","[5, 4]",2006,570.5495,0.9184,12,42.0,greedy,5,opening,False,0.0,0.0,False
9,13,1,"[[0, 3], [1, 2]]","[1, 2]",718,194.5982,0.975,12,42.0,greedy,5,opening,False,0.0,0.0,True
9,14,0,"[[5, 4], [4, 5]]","[4, 5]",780,228.5142,0.9762,12,42.0,greedy,5,opening,False,0.0,0.0,False
9,15,1,"[[1, 2], [2, 3]]","[2, 3]",940,242.363,0.9672,12,42.0,greedy,5,opening,True,81.0,0.0,False
9,16,0,"[[4, 5], [3, 4]]","[3, 4]",540,210.9599,0.9835,12,123.0,greedy,5,opening,False,0.0,0.0,False
9,17,1,"[[2, 3], [4, 5]]","[4, 5]",178,45.2991,0.9565,12,123.0,greedy,5,opening,False,0.0,0.0,False
9,18,0,"[[6, 7], [5, 6]]","[5, 6]",639,182.06,0.974,12,130.0,greedy,5,opening,False,0.0,0.0,False
9,19,1,"[[4, 5], [6, 7]]","[6, 7]",122,32.8407,0.9702,12,130.0,greedy,5,opening,False,0.0,0.0,False
9,20,0,"[[7, 2], [6, 3]]","[6, 3]",418,103.6663,0.9796,12,142.0,greedy,5,midgame,True,0,0.0,False
9,21,1,"[[5, 0], [7, 2]]","[7, 2]",131,30.8959,0.968,12,142.0,greedy,5,midgame,False,0.0,0.0,False
9,22,0,"[[6, 3], [5, 2]]","[5, 2]",637,163.8765,0.9611,12,154.0,greedy,5,midgame,False,0.0,0.0,False
9,23,1,"[[1, 4], [2, 3]]","[2, 3]",799,189.3201,0.9756,12,154.0,greedy,5,midgame,False,0.0,0.0,True
9,24,0,"[[7, 6], [6, 5]]","[6, 5]",892,208.9632,0.9564,12,154.0,greedy,5,midgame,False,0.0,0.0,False
9,25,1,"[[2, 1], [3, 0]]","[3, 0]",1526,375.2677,0.9627,12,154.0,greedy,5,midgame,False,0.0,0.0,True
9,26,0,"[[5, 2], [4, 3]]","[4, 3]",427,107.8713,0.9792,12,154.0,greedy,5,midgame,False,0.0,0.0,False
9,27,1,"[[2, 3], [3, 4]]","[3, 4]",492,94.6004,0.9867,12,154.0,greedy,5,midgame,False,0.0,0.0,True
9,28,0,"[[4, 3], [2, 5]]","[2, 5]",45,6.4757,0.989,12,154.0,greedy,5,midgame,False,0.0,0.0,False
9,29,1,"[[1, 6], [3, 4]]","[3, 4]",180,28.4367,0.9561,3,154.0,greedy,5,midgame,False,0.0,0.0,False
9,30,0,"[[6, 5], [5, 4]]","[5, 4]",226,41.5742,0.9816,3,229.0,greedy,5,midgame,True,0,0.0,False
9,31,1,"[[6, 7], [7, 6]]","[7, 6]",863,162.1759,0.9766,3,229.0,greedy,5,midgame,False,0.0,0.0,False
9,32,0,"[[5, 4], [4, 3]]","[4, 3]",313,64.6546,0.9809,3,229.0,greedy,5,midgame,False,0.0,0.0,False
9,33,1,"[[3, 4], [5, 2]]","[5, 2]",7,0.6468,0.9983,3,229.0,greedy,5,midgame,False,0.0,0.0,False
9,34,0,"[[7, 4], [6, 5]]","[6, 5]",6,0.5472,0.9993,3,237.0,greedy,5,midgame,False,0.0,0.0,False
9,35,1,"[[7, 6], [5, 4]]","[5, 4]",2,0.1304,0.9995,3,237.0,greedy,5,midgame,True,108.0,0.0,False
10,0,0,"[[6, 1], [5, 0]]","[5, 0]",1373,465.3215,0.9521,0,0,greedy,5,opening,False,0,0.0,False
10,1,1,"[[1, 0], [2, 1]]","[2, 1]",711,200.371,0.9752,0,0,greedy,5,opening,False,0.0,0.0,True
10,2,0,"[[6, 3], [5, 2]]","[5, 2]",1201,368.6774,0.9633,0,1.0,greedy,5,opening,False,0.0,0.0,False
10,3,1,"[[0, 1], [1, 0]]","[1, 0]",808,290.7648,0.9753,0,1.0,greedy,5,opening,False,0.0,0.0,True
10,4,0,"[[5, 2], [4, 3]]","[4, 3]",1697,559.2332,0.9586,0,1.0,greedy,5,opening,False,0.0,0.0,False
10,5,1,"[[2, 1], [3, 2]]","[3, 2]",455,112.5159,0.9841,0,1.0,greedy,5,opening,True,24.0,0.0,True
10,6,0,"[[4, 3], [2, 1]]","[2, 1]",89,24.3394,0.9783,0,25.0,greedy,5,opening,False,0.0,0.0,False
10,7,1,"[[1, 0], [3, 2]]","[3, 2]",162,58.4815,0.9802,12,25.0,greedy,5,opening,False,0.0,0.0,True
10,8,0,"[[5, 0], [4, 1]]","[4, 1]",768,234.2093,0.9766,12,34.0,greedy,5,opening,False,0.0,0.0,False
10,9,1,"[[3, 2], [5, 0]]","[5, 0]",178,46.1504,0.9565,12,34.0,greedy,5,opening,False,0.0,0.0,False
10,10,0,"[[7, 0], [6, 1]]","[6, 1]",2950,812.9973,0.8971,12,42.0,greedy,5,opening,True,0,0.0,False
10,11,1,"[[1, 2], [2, 1]]","[2, 1]",964,261.5488,0.9608,12,42.0,greedy,5,opening,False,0.0,0.0,True
10,12,0,"[[6, 5], [5, 4]]","[5, 4]",2006,524.4045,0.9184,12,42.0,greedy,5,opening,False,0.0,0.0,False
10,13,1,"[[0, 3], [1, 2]]","[1, 2]",718,208.9026,0.975,12,42.0,greedy,5,opening,False,0.0,0.0,True
10,14,0,"[[5, 4], [4, 5]]","[4, 5]",780,223.9821,0.9762,12,42.0,greedy,5,opening,False,0.0,0.0,False
10,15,1,"[[1, 2], [2, 3]]","[2, 3]",940,229.1949,0.9672,12,42.0,greedy,5,opening,True,81.0,0.0,False
10,16,0,"[[4, 5], [3, 4]]","[3, 4]",540,144.551,0.9835,12,123.0,greedy,5,opening,False,0.0,0.0,False
10,17,1,"[[2, 3], [4, 5]]","[4, 5]",178,41.6741,0.9565,12,123.0,greedy,5,opening,False,0.0,0.0,False
10,18,0,"[[6, 7], [5, 6]]","[5, 6]",639,169.3354,0.974,12,130.0,greedy,5,opening,False,0.0,0.0,False
10,19,1,"[[4, 5], [6, 7]]","[6, 7]",122,32.8236,0.9702,12,130.0,greedy,5,opening,False,0.0,0.0,False
10,20,0,"[[7, 2], [6, 3]]","[6, 3]",418,104.629,0.9796,12,142.0,greedy,5,midgame,True,0,0.0,False
10,21,1,"[[5, 0], [7, 2]]","[7, 2]",131,34.1341,0.968,12,142.0,greedy,5,midgame,False,0.0,0.0,False
10,22,0,"[[6, 3], [5, 2]]","[5, 2]",637,173.9891,0.9611,12,154.0,greedy,5,midgame,False,0.0,0.0,False
10,23,1,"[[1, 4], [2, 3]]","[2, 3]",799,173.7735,0.9756,12,154.0,greedy,5,midgame,False,0.0,0.0,True
10,24,0,"[[7, 6], [6, 5]]","[6, 5]",892,209.7578,0.9564,12,154.0,greedy,5,midgame,False,0.0,0.0,False
10,25,1,"[[2, 1], [3, 0]]","[3, 0]",1526,390.4493,0.9627,12,154.0,greedy,5,midgame,False,0.0,0.0,True
10,26,0,"[[5, 2], [4, 3]]","[4, 3]",427,111.3117,0.9792,12,154.0,greedy,5,midgame,False,0.0,0.0,False
10,27,1,"[[2, 3], [3, 4]]","[3, 4]",492,112.4654,0.9867,12,154.0,greedy,5,midgame,False,0.0,0.0,True
10,28,0,"[[4, 3], [2, 5]]","[2, 5]",45,7.6323,0.989,12,154.0,greedy,5,midgame,False,0.0,0.0,False
10,29,1,"[[1, 6], [3, 4]]","[3, 4]",180,33.5612,0.9561,3,154.0,greedy,5,midgame,False,0.0,0.0,False
10,30,0,"[[6, 5], [5, 4]]","[5, 4]",226,47.4727,0.9816,3,229.0,greedy,5,midgame,True,0,0.0,False
10,31,1,"[[6, 7], [7, 6]]","[7, 6]",863,153.1878,0.9766,3,229.0,greedy,5,midgame,False,0.0,0.0,False
10,32,0,"[[5, 4], [4, 3]]","[4, 3]",313,55.4559,0.9809,3,229.0,greedy,5,midgame,False,0.0,0.0,False
10,33,1,"[[3, 4], [5, 2]]","[5, 2]",7,0.6485,0.9983,3,229.0,greedy,5,midgame,False,0.0,0.0,False
10,34,0,"[[7, 4], [6, 5]]","[6, 5]",6,0.541,0.9993,3,237.0,greedy,5,midgame,False,0.0,0.0,False
10,35,1,"[[7, 6], [5, 4]]","[5, 4]",2,0.1597,0.9995,3,237.0,greedy,5,midgame,True,108.0,0.0,False
11,0,0,"[[6, 1], [5, 0]]","[5, 0]",1373,444.9379,0.9521,0,0,greedy,5,opening,False,0,0.0,False
11,1,1,"[[1, 0], [2, 1]]","[2, 1]",711,237.5038,0.9752,0,0,greedy,5,opening,False,0.0,0.0,True
11,2,0,"[[6, 3], [5, 2]]","[5, 2]",1201,348.4001,0.9633,0,1.0,greedy,5,opening,False,0.0,0.0,False
11,3,1,"[[0, 1], [1, 0]]","[1, 0]",808,258.0693,0.9753,0,1.0,greedy,5,opening,False,0.0,0.0,True
11,4,0,"[[5, 2], [4, 3]]","[4, 3]",1697,580.9038,0.9586,0,1.0,greedy,5,opening,False,0.0,0.0,False
11,5,1,"[[2, 1], [3, 2]]","[3, 2]",455,122.3171,0.9841,0,1.0,greedy,5,opening,True,24.0,0.0,True
11,6,0,"[[4, 3], [2, 1]]","[2, 1]",89,27.0672,0.9783,0,25.0,greedy,5,opening,False,0.0,0.0,False
11,7,1,"[[1, 0], [3, 2]]","[3, 2]",162,47.2116,0.9802,12,25.0,greedy,5,opening,False,0.0,0.0,True
11,8,0,"[[5, 0], [4, 1]]","[4, 1]",768,188.8158,0.9766,12,34.0,greedy,5,opening,False,0.0,0.0,False
11,9,1,"[[3, 2], [5, 0]]","[5, 0]",178,41.033,0.9565,12,34.0,greedy,5,opening,False,0.0,0.0,False
11,10,0,"[[7, 0], [6, 1]]","[6, 1]",2950,795.0687,0.8971,12,42.0,greedy,5,opening,True,0,0.0,False
11,11,1,"[[1, 2], [2, 1]]","[2, 1]",964,219.7137,0.9608,12,42.0,greedy,5,opening,False,0.0,0.0,True
11,12,0,"[[6, 5], [5, 4]]","[5, 4]",2006,548.6307,0.9184,12,42.0,greedy,5,opening,False,0.0,0.0,False
11,13,1,"[[0, 3], [1, 2]]","[1, 2]",718,179.4052,0.975,12,42.0,greedy,5,opening,False,0.0,0.0,True
11,14,0,"[[5, 4], [4, 5]]","[4, 5]",780,207.5901,0.9762,12,42.0,greedy,5,opening,False,0.0,0.0,False
11,15,1,"[[1, 2], [2, 3]]","[2, 3]",940,241.2486,0.9672,12,42.0,greedy,5,opening,True,81.0,0.0,False
11,16,0,"[[4, 5], [3, 4]]","[3, 4]",540,119.2031,0.9835,12,123.0,greedy,5,opening,False,0.0,0.0,False
11,17,1,"[[2, 3], [4, 5]]","[4, 5]",178,43.6726,0.9565,12,123.0,greedy,5,opening,False,0.0,0.0,False
11,18,0,"[[6, 7], [5, 6]]","[5, 6]",639,171.1521,0.974,12,130.0,greedy,5,opening,False,0.0,0.0,False
11,19,1,"[[4, 5], [6, 7]]","[6, 7]",122,30.2722,0.9702,12,130.0,greedy,5,opening,False,0.0,0.0,False
11,20,0,"[[7, 2], [6, 3]]","[6, 3]",418,100.934,0.9796,12,142.0,greedy,5,midgame,True,0,0.0,False
11,21,1,"[[5, 0], [7, 2]]","[7, 2]",131,29.2804,0.968,12,142.0,greedy,5,midgame,False,0.0,0.0,False
11,22,0,"[[6, 3], [5, 2]]","[5, 2]",637,142.2305,0.9611,12,154.0,greedy,5,midgame,False,0.0,0.0,False
11,23,1,"[[1, 4], [2, 3]]","[2, 3]",799,207.5663,0.9756,12,154.0,greedy,5,midgame,False,0.0,0.0,True
11,24,0,"[[7, 6], [6, 5]]","[6, 5]",892,238.6587,0.9564,12,154.0,greedy,5,midgame,False,0.0,0.0,False
11,25,1,"[[2, 1], [3, 0]]","[3, 0]",1526,474.6277,0.9627,12,154.0,greedy,5,midgame,False,0.0,0.0,True
11,26,0,"[[5, 2], [4, 3]]","[4, 3]",427,85.3465,0.9792,12,154.0,greedy,5,midgame,False,0.0,0.0,False
11,27,1,"[[2, 3], [3, 4]]","[3, 4]",492,89.2227,0.9867,12,154.0,greedy,5,midgame,False,0.0,0.0,True
11,28,0,"[[4, 3], [2, 5]]","[2, 5]",45,7.1452,0.989,12,154.0,greedy,5,midgame,False,0.0,0.0,False
11,29,1,"[[1, 6], [3, 4]]","[3, 4]",180,32.047,0.9561,3,154.0,greedy,5,midgame,False,0.0,0.0,False
11,30,0,"[[6, 5], [5, 4]]","[5, 4]",226,40.9689,0.9816,3,229.0,greedy,5,midgame,True,0,0.0,False
11,31,1,"[[6, 7], [7, 6]]","[7, 6]",863,174.3,0.9766,3,229.0,greedy,5,midgame,False,0.0,0.0,False
11,32,0,"[[5, 4], [4, 3]]","[4, 3]",313,76.3309,0.9809,3,229.0,greedy,5,midgame,False,0.0,0.0,False
11,33,1,"[[3, 4], [5, 2]]","[5, 2]",7,0.6881,0.9983,3,229.0,greedy,5,midgame,False,0.0,0.0,False
11,34,0,"[[7, 4], [6, 5]]","[6, 5]",6,1.0161,0.9993,3,237.0,greedy,5,midgame,False,0.0,0.0,False
11,35,1,"[[7, 6], [5, 4]]","[5, 4]",2,0.253,0.9995,3,237.0,greedy,5,midgame,True,108.0,0.0,False
12,0,0,"[[6, 1], [5, 0]]","[5, 0]",1373,423.6376,0.9521,0,0,greedy,5,opening,False,0,0.0,False
12,1,1,"[[1, 0], [2, 1]]","[2, 1]",711,213.7744,0.9752,0,0,greedy,5,opening,False,0.0,0.0,True
12,2,0,"[[6, 3], [5, 2]]","[5, 2]",1201,428.3755,0.9633,0,1.0,greedy,5,opening,False,0.0,0.0,False
12,3,1,"[[0, 1], [1, 0]]","[1, 0]",808,225.1997,0.9753,0,1.0,greedy,5,opening,False,0.0,0.0,True
12,4,0,"[[5, 2], [4, 3]]","[4, 3]",1697,525.0971,0.9586,0,1.0,greedy,5,opening,False,0.0,0.0,False
12,5,1,"[[2, 1], [3, 2]]","[3, 2]",455,140.7506,0.9841,0,1.0,greedy,5,opening,True,24.0,0.0,True
12,6,0,"[[4, 3], [2, 1]]","[2, 1]",89,27.3199,0.9783,0,25.0,greedy,5,opening,False,0.0,0.0,False
12,7,1,"[[1, 0], [3, 2]]","[3, 2]",162,32.2974,0.9802,12,25.0,greedy,5,opening,False,0.0,0.0,True
12,8,0,"[[5, 0], [4, 1]]","[4, 1]",768,203.505,0.9766,12,34.0,greedy,5,opening,False,0.0,0.0,False
12,9,1,"[[3, 2], [5, 0]]","[5, 0]",178,44.2965,0.9565,12,34.0,greedy,5,opening,False,0.0,0.0,False
12,10,0,"[[7, 0], [6, 1]]","[6, 1]",2950,915.915,0.8971,12,42.0,greedy,5,opening,True,0,0.0,False
12,11,1,"[[1, 2], [2, 1]]","[2, 1]",964,212.5413,0.9608,12,42.0,greedy,5,opening,False,0.0,0.0,True
12,12,0,"[[6, 5], [5, 4]]","[5, 4]",2006,545.2261,0.9184,12,42.0,greedy,5,opening,False,0.0,0.0,False
12,13,1,"[[0, 3], [1, 2]]","[1, 2]",718,173.2607,0.975,12,42.0,greedy,5,opening,False,0.0,0.0,True
12,14,0,"[[5, 4], [4, 5]]","[4, 5]",780,223.1116,0.9762,12,42.0,greedy,5,opening,False,0.0,0.0,False
12,15,1,"[[1, 2], [2, 3]]","[2, 3]",940,334.964,0.9672,12,42.0,greedy,5,opening,True,81.0,0.0,False
12,16,0,"[[4, 5], [3, 4]]","[3, 4]",540,239.058,0.9835,12,123.0,greedy,5,opening,False,0.0,0.0,False
12,17,1,"[[2, 3], [4, 5]]","[4, 5]",178,46.7851,0.9565,12,123.0,greedy,5,opening,False,0.0,0.0,False
12,18,0,"[[6, 7], [5, 6]]","[5, 6]",639,230.5629,0.974,12,130.0,greedy,5,opening,False,0.0,0.0,False
12,19,1,"[[4, 5], [6, 7]]","[6, 7]",122,26.8888,0.9702,12,130.0,greedy,5,opening,False,0.0,0.0,False
12,20,0,"[[7, 2], [6, 3]]","[6, 3]",418,115.5055,0.9796,12,142.0,greedy,5,midgame,True,0,0.0,False
12,21,1,"[[5, 0], [7, 2]]","[7, 2]",131,36.1898,0.968,12,142.0,greedy,5,midgame,False,0.0,0.0,False
12,22,0,"[[6, 3], [5, 2]]","[5, 2]",637,155.7086,0.9611,12,154.0,greedy,5,midgame,False,0.0,0.0,False
12,23,1,"[[1, 4], [2, 3]]","[2, 3]",799,188.067,0.9756,12,154.0,greedy,5,midgame,False,0.0,0.0,True
12,24,0,"[[7, 6], [6, 5]]","[6, 5]",892,211.6563,0.9564,12,154.0,greedy,5,midgame,False,0.0,0.0,False
12,25,1,"[[2, 1], [3, 0]]","[3, 0]",1526,352.9775,0.9627,12,154.0,greedy,5,midgame,False,0.0,0.0,True
12,26,0,"[[5, 2], [4, 3]]","[4, 3]",427,101.3534,0.9792,12,154.0,greedy,5,midgame,False,0.0,0.0,False
12,27,1,"[[2, 3], [3, 4]]","[3, 4]",492,104.0928,0.9867,12,154.0,greedy,5,midgame,False,0.0,0.0,True
12,28,0,"[[4, 3], [2, 5]]","[2, 5]",45,13.633,0.989,12,154.0,greedy,5,midgame,False,0.0,0.0,False
12,29,1,"[[1, 6], [3, 4]]","[3, 4]",180,45.9099,0.9561,3,154.0,greedy,5,midgame,False,0.0,0.0,False
12,30,0,"[[6, 5], [5, 4]]","[5, 4]",226,47.2612,0.9816,3,229.0,greedy,5,midgame,True,0,0.0,False
12,31,1,"[[6, 7], [7, 6]]","[7, 6]",863,138.3624,0.9766,3,229.0,greedy,5,midgame,False,0.0,0.0,False
12,32,0,"[[5, 4], [4, 3]]","[4, 3]",313,89.7527,0.9809,3,229.0,greedy,5,midgame,False,0.0,0.0,False
12,33,1,"[[3, 4], [5, 2]]","[5, 2]",7,0.6478,0.9983,3,229.0,greedy,5,midgame,False,0.0,0.0,False
12,34,0,"[[7, 4], [6, 5]]","[6, 5]",6,0.5405,0.9993,3,237.0,greedy,5,midgame,False,0.0,0.0,False
12,35,1,"[[7, 6], [5, 4]]","[5, 4]",2,0.1307,0.9995,3,237.0,greedy,5,midgame,True,108.0,0.0,False
13,0,0,"[[6, 1], [5, 0]]","[5, 0]",1373,400.2285,0.9521,0,0,greedy,5,opening,False,0,0.0,False
13,1,1,"[[1, 0], [2, 1]]","[2, 1]",711,215.713,0.9752,0,0,greedy,5,opening,False,0.0,0.0,True
13,2,0,"[[6, 3], [5, 2]]","[5, 2]",1201,378.0777,0.9633,0,1.0,greedy,5,opening,False,0.0,0.0,False
13,3,1,"[[0, 1], [1, 0]]","[1, 0]",808,261.7922,0.9753,0,1.0,greedy,5,opening,False,0.0,0.0,True
13,4,0,"[[5, 2], [4, 3]]","[4, 3]",1697,491.6816,0.9586,0,1.0,greedy,5,opening,False,0.0,0.0,False
13,5,1,"[[2, 1], [3, 2]]","[3, 2]",455,130.116,0.9841,0,1.0,greedy,5,opening,True,24.0,0.0,True
13,6,0,"[[4, 3], [2, 1]]","[2, 1]",89,27.5433,0.9783,0,25.0,greedy,5,opening,False,0.0,0.0,False
13,7,1,"[[1, 0], [3, 2]]","[3, 2]",162,45.8014,0.9802,12,25.0,greedy,5,opening,False,0.0,0.0,True
13,8,0,"[[5, 0], [4, 1]]","[4, 1]",768,235.7712,0.9766,12,34.0,greedy,5,opening,False,0.0,0.0,False
13,9,1,"[[3, 2], [5, 0]]","[5, 0]",178,40.5567,0.9565,12,34.0,greedy,5,opening,False,0.0,0.0,False
13,10,0,"[[7, 0], [6, 1]]","[6, 1]",2950,782.6905,0.8971,12,42.0,greedy,5,opening,True,0,0.0,False
13,11,1,"[[1, 2], [2, 1]]","[2, 1]",964,233.427,0.9608,12,42.0,greedy,5,opening,False,0.0,0.0,True
13,12,0,"[[6, 5], [5, 4]]","[5, 4]",2006,552.9287,0.9184,12,42.0,greedy,5,opening,False,0.0,0.0,False
13,13,1,"[[0, 3], [1, 2]]","[1, 2]",718,261.6446,0.975,12,42.0,greedy,5,opening,False,0.0,0.0,True
13,14,0,"[[5, 4], [4, 5]]","[4, 5]",780,223.1293,0.9762,12,42.0,greedy,5,opening,False,0.0,0.0,False
13,15,1,"[[1, 2], [2, 3]]","[2, 3]",940,245.9986,0.9672,12,42.0,greedy,5,opening,True,81.0,0.0,False
13,16,0,"[[4, 5], [3, 4]]","[3, 4]",540,144.9986,0.9835,12,123.0,greedy,5,opening,False,0.0,0.0,False
13,17,1,"[[2, 3], [4, 5]]","[4, 5]",178,40.2582,0.9565,12,123.0,greedy,5,opening,False,0.0,0.0,False
13,18,0,"[[6, 7], [5, 6]]","[5, 6]",639,165.1802,0.974,12,130.0,greedy,5,opening,False,0.0,0.0,False
13,19,1,"[[4, 5], [6, 7]]","[6, 7]",122,27.8847,0.9702,12,130.0,greedy,5,opening,False,0.0,0.0,False
13,20,0,"[[7, 2], [6, 3]]","[6, 3]",418,93.1001,0.9796,12,142.0,greedy,5,midgame,True,0,0.0,False
13,21,1,"[[5, 0], [7, 2]]","[7, 2]",131,20.8149,0.968,12,142.0,greedy,5,midgame,False,0.0,0.0,False
13,22,0,"[[6, 3], [5, 2]]","[5, 2]",637,173.1534,0.9611,12,154.0,greedy,5,midgame,False,0.0,0.0,False
13,23,1,"[[1, 4], [2, 3]]","[2, 3]",799,174.9074,0.9756,12,154.0,greedy,5,midgame,False,0.0,0.0,True
13,24,0,"[[7, 6], [6, 5]]","[6, 5]",892,210.6285,0.9564,12,154.0,greedy,5,midgame,False,0.0,0.0,False
13,25,1,"[[2, 1], [3, 0]]","[3, 0]",1526,407.9521,0.9627,12,154.0,greedy,5,midgame,False,0.0,0.0,True
13,26,0,"[[5, 2], [4, 3]]","[4, 3]",427,106.2746,0.9792,12,154.0,greedy,5,midgame,False,0.0,0.0,False
13,27,1,"[[2, 3], [3, 4]]","[3, 4]",492,104.7037,0.9867,12,154.0,greedy,5,midgame,False,0.0,0.0,True
13,28,0,"[[4, 3], [2, 5]]","[2, 5]",45,7.9432,0.989,12,154.0,greedy,5,midgame,False,0.0,0.0,False
13,29,1,"[[1, 6], [3, 4]]","[3, 4]",180,24.7817,0.9561,3,154.0,greedy,5,midgame,False,0.0,0.0,False
13,30,0,"[[6, 5], [5, 4]]","[5, 4]",226,47.4412,0.9816,3,229.0,greedy,5,midgame,True,0,0.0,False
13,31,1,"[[6, 7], [7, 6]]","[7, 6]",863,143.7898,0.9766,3,229.0,greedy,5,midgame,False,0.0,0.0,False
13,32,0,"[[5, 4], [4, 3]]","[4, 3]",313,70.1938,0.9809,3,229.0,greedy,5,midgame,False,0.0,0.0,False
13,33,1,"[[3, 4], [5, 2]]","[5, 2]",7,1.2026,0.9983,3,229.0,greedy,5,midgame,False,0.0,0.0,False
13,34,0,"[[7, 4], [6, 5]]","[6, 5]",6,1.0114,0.9993,3,237.0,greedy,5,midgame,False,0.0,0.0,False
13,35,1,"[[7, 6], [5, 4]]","[5, 4]",2,0.2456,0.9995,3,237.0,greedy,5,midgame,True,108.0,0.0,False
14,0,0,"[[6, 1], [5, 0]]","[5, 0]",1373,422.586,0.9521,0,0,greedy,5,opening,False,0,0.0,False
14,1,1,"[[1, 0], [2, 1]]","[2, 1]",711,230.4749,0.9752,0,0,greedy,5,opening,False,0.0,0.0,True
14,2,0,"[[6, 3], [5, 2]]","[5, 2]",1201,377.8615,0.9633,0,1.0,greedy,5,opening,False,0.0,0.0,False
14,3,1,"[[0, 1], [1, 0]]","[1, 0]",808,246.4159,0.9753,0,1.0,greedy,5,opening,False,0.0,0.0,True
14,4,0,"[[5, 2], [4, 3]]","[4, 3]",1697,582.5031,0.9586,0,1.0,greedy,5,opening,False,0.0,0.0,False
14,5,1,"[[2, 1], [3, 2]]","[3, 2]",455,133.3313,0.9841,0,1.0,greedy,5,opening,True,24.0,0.0,True
14,6,0,"[[4, 3], [2, 1]]","[2, 1]",89,18.9221,0.9783,0,25.0,greedy,5,opening,False,0.0,0.0,False
14,7,1,"[[1, 0], [3, 2]]","[3, 2]",162,31.2095,0.9802,12,25.0,greedy,5,opening,False,0.0,0.0,True
14,8,0,"[[5, 0], [4, 1]]","[4, 1]",768,215.3034,0.9766,12,34.0,greedy,5,opening,False,0.0,0.0,False
14,9,1,"[[3, 2], [5, 0]]","[5, 0]",178,34.7879,0.9565,12,34.0,greedy,5,opening,False,0.0,0.0,False
14,10,0,"[[7, 0], [6, 1]]","[6, 1]",2950,1064.0864,0.8971,12,42.0,greedy,5,opening,True,0,0.0,False
14,11,1,"[[1, 2], [2, 1]]","[2, 1]",964,274.8537,0.9608,12,42.0,greedy,5,opening,False,0.0,0.0,True
14,12,0,"[[6, 5], [5, 4]]","[5, 4]",2006,747.7353,0.9184,12,42.0,greedy,5,opening,False,0.0,0.0,False
14,13,1,"[[0, 3], [1, 2]]","[1, 2]",718,215.4751,0.975,12,42.0,greedy,5,opening,False,0.0,0.0,True
14,14,0,"[[5, 4], [4, 5]]","[4, 5]",780,196.7144,0.9762,12,42.0,greedy,5,opening,False,0.0,0.0,False
14,15,1,"[[1, 2], [2, 3]]","[2, 3]",940,252.4109,0.9672,12,42.0,greedy,5,opening,True,81.0,0.0,False
14,16,0,"[[4, 5], [3, 4]]","[3, 4]",540,149.5199,0.9835,12,123.0,greedy,5,opening,False,0.0,0.0,False
14,17,1,"[[2, 3], [4, 5]]","[4, 5]",178,52.2175,0.9565,12,123.0,greedy,5,opening,False,0.0,0.0,False
14,18,0,"[[6, 7], [5, 6]]","[5, 6]",639,169.7605,0.974,12,130.0,greedy,5,opening,False,0.0,0.0,False
14,19,1,"[[4, 5], [6, 7]]","[6, 7]",122,33.4325,0.9702,12,130.0,greedy,5,opening,False,0.0,0.0,False
14,20,0,"[[7, 2], [6, 3]]","[6, 3]",418,106.9381,0.9796,12,142.0,greedy,5,midgame,True,0,0.0,False
14,21,1,"[[5, 0], [7, 2]]","[7, 2]",131,40.3678,0.968,12,142.0,greedy,5,midgame,False,0.0,0.0,False
14,22,0,"[[6, 3], [5, 2]]","[5, 2]",637,143.9669,0.9611,12,154.0,greedy,5,midgame,False,0.0,0.0,False
14,23,1,"[[1, 4], [2, 3]]","[2, 3]",799,185.1475,0.9756,12,154.0,greedy,5,midgame,False,0.0,0.0,True
14,24,0,"[[7, 6], [6, 5]]","[6, 5]",892,216.7425,0.9564,12,154.0,greedy,5,midgame,False,0.0,0.0,False
14,25,1,"[[2, 1], [3, 0]]","[3, 0]",1526,409.8885,0.9627,12,154.0,greedy,5,midgame,False,0.0,0.0,True
14,26,0,"[[5, 2], [4, 3]]","[4, 3]",427,110.3783,0.9792,12,154.0,greedy,5,midgame,False,0.0,0.0,False
14,27,1,"[[2, 3], [3, 4]]","[3, 4]",492,89.103,0.9867,12,154.0,greedy,5,midgame,False,0.0,0.0,True
14,28,0,"[[4, 3], [2, 5]]","[2, 5]",45,9.62,0.989,12,154.0,greedy,5,midgame,False,0.0,0.0,False
14,29,1,"[[1, 6], [3, 4]]","[3, 4]",180,23.4392,0.9561,3,154.0,greedy,5,midgame,False,0.0,0.0,False
14,30,0,"[[6, 5], [5, 4]]","[5, 4]",226,52.6195,0.9816,3,229.0,greedy,5,midgame,True,0,0.0,False
14,31,1,"[[6, 7], [7, 6]]","[7, 6]",863,158.8709,0.9766,3,229.0,greedy,5,midgame,False,0.0,0.0,False
14,32,0,"[[5, 4], [4, 3]]","[4, 3]",313,77.1818,0.9809,3,229.0,greedy,5,midgame,False,0.0,0.0,False
14,33,1,"[[3, 4], [5, 2]]","[5, 2]",7,0.6578,0.9983,3,229.0,greedy,5,midgame,False,0.0,0.0,False
14,34,0,"[[7, 4], [6, 5]]","[6, 5]",6,0.55,0.9993,3,237.0,greedy,5,midgame,False,0.0,0.0,False
14,35,1,"[[7, 6], [5, 4]]","[5, 4]",2,0.1287,0.9995,3,237.0,greedy,5,midgame,True,108.0,0.0,False
15,0,0,"[[6, 1], [5, 0]]","[5, 0]",1373,446.7402,0.9521,0,0,greedy,5,opening,False,0,0.0,False
15,1,1,"[[1, 0], [2, 1]]","[2, 1]",711,210.12,0.9752,0,0,greedy,5,opening,False,0.0,0.0,True
15,2,0,"[[6, 3], [5, 2]]","[5, 2]",1201,390.486,0.9633,0,1.0,greedy,5,opening,False,0.0,0.0,False
15,3,1,"[[0, 1], [1, 0]]","[1, 0]",808,246.4669,0.9753,0,1.0,greedy,5,opening,False,0.0,0.0,True
15,4,0,"[[5, 2], [4, 3]]","[4, 3]",1697,571.2078,0.9586,0,1.0,greedy,5,opening,False,0.0,0.0,False
15,5,1,"[[2, 1], [3, 2]]","[3, 2]",455,136.3025,0.9841,0,1.0,greedy,5,opening,True,24.0,0.0,True
15,6,0,"[[4, 3], [2, 1]]","[2, 1]",89,20.1166,0.9783,0,25.0,greedy,5,opening,False,0.0,0.0,False
15,7,1,"[[1, 0], [3, 2]]","[3, 2]",162,30.596,0.9802,12,25.0,greedy,5,opening,False,0.0,0.0,True
15,8,0,"[[5, 0], [4, 1]]","[4, 1]",768,193.8117,0.9766,12,34.0,greedy,5,opening,False,0.0,0.0,False
15,9,1,"[[3, 2], [5, 0]]","[5, 0]",178,47.4555,0.9565,12,34.0,greedy,5,opening,False,0.0,0.0,False
15,10,0,"[[7, 0], [6, 1]]","[6, 1]",2950,817.1797,0.8971,12,42.0,greedy,5,opening,True,0,0.0,False
15,11,1,"[[1, 2], [2, 1]]","[2, 1]",964,218.7145,0.9608,12,42.0,greedy,5,opening,False,0.0,0.0,True
15,12,0,"[[6, 5], [5, 4]]","[5, 4]",2006,547.1854,0.9184,12,42.0,greedy,5,opening,False,0.0,0.0,False
15,13,1,"[[0, 3], [1, 2]]","[1, 2]",718,200.6395,0.975,12,42.0,greedy,5,opening,False,0.0,0.0,True
15,14,0,"[[5, 4], [4, 5]]","[4, 5]",780,258.2963,0.9762,12,42.0,greedy,5,opening,False,0.0,0.0,False
15,15,1,"[[1, 2], [2, 3]]","[2, 3]",940,241.9202,0.9672,12,42.0,greedy,5,opening,True,81.0,0.0,False
15,16,0,"[[4, 5], [3, 4]]","[3, 4]",540,166.2269,0.9835,12,123.0,greedy,5,opening,False,0.0,0.0,False
15,17,1,"[[2, 3], [4, 5]]","[4, 5]",178,39.5851,0.9565,12,123.0,greedy,5,opening,False,0.0,0.0,False
15,18,0,"[[6, 7], [5, 6]]","[5, 6]",639,162.1699,0.974,12,130.0,greedy,5,opening,False,0.0,0.0,False
15,19,1,"[[4, 5], [6, 7]]","[6, 7]",122,20.5045,0.9702,12,130.0,greedy,5,opening,False,0.0,0.0,False
15,20,0,"[[7, 2], [6, 3]]","[6, 3]",418,103.7257,0.9796,12,142.0,greedy,5,midgame,True,0,0.0,False
15,21,1,"[[5, 0], [7, 2]]","[7, 2]",131,26.3176,0.968,12,142.0,greedy,5,midgame,False,0.0,0.0,False
15,22,0,"[[6, 3], [5, 2]]","[5, 2]",637,158.468,0.9611,12,154.0,greedy,5,midgame,False,0.0,0.0,False
15,23,1,"[[1, 4], [2, 3]]","[2, 3]",799,208.2264,0.9756,12,154.0,greedy,5,midgame,False,0.0,0.0,True
15,24,0,"[[7, 6], [6, 5]]","[6, 5]",892,217.9184,0.9564,12,154.0,greedy,5,midgame,False,0.0,0.0,False
15,25,1,"[[2, 1], [3, 0]]","[3, 0]",1526,382.3397,0.9627,12,154.0,greedy,5,midgame,False,0.0,0.0,True
15,26,0,"[[5, 2], [4, 3]]","[4, 3]",427,99.8681,0.9792,12,154.0,greedy,5,midgame,False,0.0,0.0,False
15,27,1,"[[2, 3], [3, 4]]","[3, 4]",492,118.8486,0.9867,12,154.0,greedy,5,midgame,False,0.0,0.0,True
15,28,0,"[[4, 3], [2, 5]]","[2, 5]",45,14.3547,0.989,12,154.0,greedy,5,midgame,False,0.0,0.0,False
15,29,1,"[[1, 6], [3, 4]]","[3, 4]",180,41.6105,0.9561,3,154.0,greedy,5,midgame,False,0.0,0.0,False
15,30,0,"[[6, 5], [5, 4]]","[5, 4]",226,54.1127,0.9816,3,229.0,greedy,5,midgame,True,0,0.0,False
15,31,1,"[[6, 7], [7, 6]]","[7, 6]",863,184.8924,0.9766,3,229.0,greedy,5,midgame,False,0.0,0.0,False
15,32,0,"[[5, 4], [4, 3]]","[4, 3]",313,91.7399,0.9809,3,229.0,greedy,5,midgame,False,0.0,0.0,False
15,33,1,"[[3, 4], [5, 2]]","[5, 2]",7,1.2255,0.9983,3,229.0,greedy,5,midgame,False,0.0,0.0,False
15,34,0,"[[7, 4], [6, 5]]","[6, 5]",6,1.019,0.9993,3,237.0,greedy,5,midgame,False,0.0,0.0,False
15,35,1,"[[7, 6], [5, 4]]","[5, 4]",2,0.2649,0.9995,3,237.0,greedy,5,midgame,True,108.0,0.0,False
16,0,0,"[[6, 1], [5, 0]]","[5, 0]",1373,423.1074,0.9521,0,0,greedy,5,opening,False,0,0.0,False
16,1,1,"[[1, 0], [2, 1]]","[2, 1]",711,214.3838,0.9752,0,0,greedy,5,opening,False,0.0,0.0,True
16,2,0,"[[6, 3], [5, 2]]","[5, 2]",1201,342.0045,0.9633,0,1.0,greedy,5,opening,False,0.0,0.0,False
16,3,1,"[[0, 1], [1, 0]]","[1, 0]",808,259.3639,0.9753,0,1.0,greedy,5,opening,False,0.0,0.0,True
16,4,0,"[[5, 2], [4, 3]]","[4, 3]",1697,572.1197,0.9586,0,1.0,greedy,5,opening,False,0.0,0.0,False
16,5,1,"[[2, 1], [3, 2]]","[3, 2]",455,132.8712,0.9841,0,1.0,greedy,5,opening,True,24.0,0.0,True
16,6,0,"[[4, 3], [2, 1]]","[2, 1]",89,20.8306,0.9783,0,25.0,greedy,5,opening,False,0.0,0.0,False
16,7,1,"[[1, 0], [3, 2]]","[3, 2]",162,38.707,0.9802,12,25.0,greedy,5,opening,False,0.0,0.0,True
16,8,0,"[[5, 0], [4, 1]]","[4, 1]",768,232.3234,0.9766,12,34.0,greedy,5,opening,False,0.0,0.0,False
16,9,1,"[[3, 2], [5, 0]]","[5, 0]",178,41.2524,0.9565,12,34.0,greedy,5,opening,False,0.0,0.0,False
16,10,0,"[[7, 0], [6, 1]]","[6, 1]",2950,798.2531,0.8971,12,42.0,greedy,5,opening,True,0,0.0,False
16,11,1,"[[1, 2], [2, 1]]","[2, 1]",964,212.7838,0.9608,12,42.0,greedy,5,opening,False,0.0,0.0,True
16,12,0,"[[6, 5], [5, 4]]","[5, 4]",2006,564.0938,0.9184,12,42.0,greedy,5,opening,False,0.0,0.0,False
16,13,1,"[[0, 3], [1, 2]]","[1, 2]",718,174.8915,0.975,12,42.0,greedy,5,opening,False,0.0,0.0,True
16,14,0,"[[5, 4], [4, 5]]","[4, 5]",780,211.226,0.9762,12,42.0,greedy,5,opening,False,0.0,0.0,False
16,15,1,"[[1, 2], [2, 3]]","[2, 3]",940,257.8764,0.9672,12,42.0,greedy,5,opening,True,81.0,0.0,False
16,16,0,"[[4, 5], [3, 4]]","[3, 4]",540,134.6068,0.9835,12,123.0,greedy,5,opening,False,0.0,0.0,False
16,17,1,"[[2, 3], [4, 5]]","[4, 5]",178,46.4349,0.9565,12,123.0,greedy,5,opening,False,0.0,0.0,False
16,18,0,"[[6, 7], [5, 6]]","[5, 6]",639,210.5927,0.974,12,130.0,greedy,5,opening,False,0.0,0.0,False
16,19,1,"[[4, 5], [6, 7]]","[6, 7]",122,26.5839,0.9702,12,130.0,greedy,5,opening,False,0.0,0.0,False
16,20,0,"[[7, 2], [6, 3]]","[6, 3]",418,107.9962,0.9796,12,142.0,greedy,5,midgame,True,0,0.0,False
16,21,1,"[[5, 0], [7, 2]]","[7, 2]",131,23.6037,0.968,12,142.0,greedy,5,midgame,False,0.0,0.0,False
16,22,0,"[[6, 3], [5, 2]]","[5, 2]",637,139.1363,0.9611,12,154.0,greedy,5,midgame,False,0.0,0.0,False
16,23,1,"[[1, 4], [2, 3]]","[2, 3]",799,198.1902,0.9756,12,154.0,greedy,5,midgame,False,0.0,0.0,True
16,24,0,"[[7, 6], [6, 5]]","[6, 5]",892,246.7265,0.9564,12,154.0,greedy,5,midgame,False,0.0,0.0,False
16,25,1,"[[2, 1], [3, 0]]","[3, 0]",1526,357.224,0.9627,12,154.0,greedy,5,midgame,False,0.0,0.0,True
16,26,0,"[[5, 2], [4, 3]]","[4, 3]",427,109.0655,0.9792,12,154.0,greedy,5,midgame,False,0.0,0.0,False
16,27,1,"[[2, 3], [3, 4]]","[3, 4]",492,112.8819,0.9867,12,154.0,greedy,5,midgame,False,0.0,0.0,True
16,28,0,"[[4, 3], [2, 5]]","[2, 5]",45,7.4213,0.989,12,154.0,greedy,5,midgame,False,0.0,0.0,False
16,29,1,"[[1, 6], [3, 4]]","[3, 4]",180,33.3998,0.9561,3,154.0,greedy,5,midgame,False,0.0,0.0,False
16,30,0,"[[6, 5], [5, 4]]","[5, 4]",226,53.267,0.9816,3,229.0,greedy,5,midgame,True,0,0.0,False
16,31,1,"[[6, 7], [7, 6]]","[7, 6]",863,156.9304,0.9766,3,229.0,greedy,5,midgame,False,0.0,0.0,False
16,32,0,"[[5, 4], [4, 3]]","[4, 3]",313,63.0715,0.9809,3,229.0,greedy,5,midgame,False,0.0,0.0,False
16,33,1,"[[3, 4], [5, 2]]","[5, 2]",7,0.7746,0.9983,3,229.0,greedy,5,midgame,False,0.0,0.0,False
16,34,0,"[[7, 4], [6, 5]]","[6, 5]",6,0.9713,0.9993,3,237.0,greedy,5,midgame,False,0.0,0.0,False
16,35,1,"[[7, 6], [5, 4]]","[5, 4]",2,0.2456,0.9995,3,237.0,greedy,5,midgame,True,108.0,0.0,False
17,0,0,"[[6, 1], [5, 0]]","[5, 0]",1373,425.5941,0.9521,0,0,greedy,5,opening,False,0,0.0,False
17,1,1,"[[1, 0], [2, 1]]","[2, 1]",711,209.6589,0.9752,0,0,greedy,5,opening,False,0.0,0.0,True
17,2,0,"[[6, 3], [5, 2]]","[5, 2]",1201,373.8182,0.9633,0,1.0,greedy,5,opening,False,0.0,0.0,False
17,3,1,"[[0, 1], [1, 0]]","[1, 0]",808,251.6317,0.9753,0,1.0,greedy,5,opening,False,0.0,0.0,True
17,4,0,"[[5, 2], [4, 3]]","[4, 3]",1697,531.002,0.9586,0,1.0,greedy,5,opening,False,0.0,0.0,False
17,5,1,"[[2, 1], [3, 2]]","[3, 2]",455,120.5506,0.9841,0,1.0,greedy,5,opening,True,24.0,0.0,True
17,6,0,"[[4, 3], [2, 1]]","[2, 1]",89,22.3804,0.9783,0,25.0,greedy,5,opening,False,0.0,0.0,False
17,7,1,"[[1, 0], [3, 2]]","[3, 2]",162,46.051,0.9802,12,25.0,greedy,5,opening,False,0.0,0.0,True
17,8,0,"[[5, 0], [4, 1]]","[4, 1]",768,240.0968,0.9766,12,34.0,greedy,5,opening,False,0.0,0.0,False
17,9,1,"[[3, 2], [5, 0]]","[5, 0]",178,52.7754,0.9565,12,34.0,greedy,5,opening,False,0.0,0.0,False
17,10,0,"[[7, 0], [6, 1]]","[6, 1]",2950,820.5068,0.8971,12,42.0,greedy,5,opening,True,0,0.0,False
17,11,1,"[[1, 2], [2, 1]]","[2, 1]",964,243.6132,0.9608,12,42.0,greedy,5,opening,False,0.0,0.0,True
17,12,0,"[[6, 5], [5, 4]]","[5, 4]",2006,511.8878,0.9184,12,42.0,greedy,5,opening,False,0.0,0.0,False
17,13,1,"[[0, 3], [1, 2]]","[1, 2]",718,179.8849,0.975,12,42.0,greedy,5,opening,False,0.0,0.0,True
17,14,0,"[[5, 4], [4, 5]]","[4, 5]",780,259.902,0.9762,12,42.0,greedy,5,opening,False,0.0,0.0,False
17,15,1,"[[1, 2], [2, 3]]","[2, 3]",940,241.7295,0.9672,12,42.0,greedy,5,opening,True,81.0,0.0,False
17,16,0,"[[4, 5], [3, 4]]","[3, 4]",540,130.0755,0.9835,12,123.0,greedy,5,opening,False,0.0,0.0,False
17,17,1,"[[2, 3], [4, 5]]","[4, 5]",178,37.2059,0.9565,12,123.0,greedy,5,opening,False,0.0,0.0,False
17,18,0,"[[6, 7], [5, 6]]","[5, 6]",639,158.9491,0.974,12,130.0,greedy,5,opening,False,0.0,0.0,False
17,19,1,"[[4, 5], [6, 7]]","[6, 7]",122,28.9896,0.9702,12,130.0,greedy,5,opening,False,0.0,0.0,False
17,20,0,"[[7, 2], [6, 3]]","[6, 3]",418,111.4209,0.9796,12,142.0,greedy,5,midgame,True,0,0.0,False
17,21,1,"[[5, 0], [7, 2]]","[7, 2]",131,24.3385,0.968,12,142.0,greedy,5,midgame,False,0.0,0.0,False
17,22,0,"[[6, 3], [5, 2]]","[5, 2]",637,181.1399,0.9611,12,154.0,greedy,5,midgame,False,0.0,0.0,False
17,23,1,"[[1, 4], [2, 3]]","[2, 3]",799,209.4569,0.9756,12,154.0,greedy,5,midgame,False,0.0,0.0,True
17,24,0,"[[7, 6], [6, 5]]","[6, 5]",892,223.0661,0.9564,12,154.0,greedy,5,midgame,False,0.0,0.0,False
17,25,1,"[[2, 1], [3, 0]]","[3, 0]",1526,424.6681,0.9627,12,154.0,greedy,5,midgame,False,0.0,0.0,True
17,26,0,"[[5, 2], [4, 3]]","[4, 3]",427,124.3815,0.9792,12,154.0,greedy,5,midgame,False,0.0,0.0,False
17,27,1,"[[2, 3], [3, 4]]","[3, 4]",492,126.6859,0.9867,12,154.0,greedy,5,midgame,False,0.0,0.0,True
17,28,0,"[[4, 3], [2, 5]]","[2, 5]",45,9.4068,0.989,12,154.0,greedy,5,midgame,False,0.0,0.0,False
17,29,1,"[[1, 6], [3, 4]]","[3, 4]",180,34.6086,0.9561,3,154.0,greedy,5,midgame,False,0.0,0.0,False
17,30,0,"[[6, 5], [5, 4]]","[5, 4]",226,48.8317,0.9816,3,229.0,greedy,5,midgame,True,0,0.0,False
17,31,1,"[[6, 7], [7, 6]]","[7, 6]",863,188.3094,0.9766,3,229.0,greedy,5,midgame,False,0.0,0.0,False
17,32,0,"[[5, 4], [4, 3]]","[4, 3]",313,118.1393,0.9809,3,229.0,greedy,5,midgame,False,0.0,0.0,False
17,33,1,"[[3, 4], [5, 2]]","[5, 2]",7,2.4452,0.9983,3,229.0,greedy,5,midgame,False,0.0,0.0,False
17,34,0,"[[7, 4], [6, 5]]","[6, 5]",6,1.8148,0.9993,3,237.0,greedy,5,midgame,False,0.0,0.0,False
17,35,1,"[[7, 6], [5, 4]]","[5, 4]",2,0.3836,0.9995,3,237.0,greedy,5,midgame,True,108.0,0.0,False
18,0,0,"[[6, 1], [5, 0]]","[5, 0]",1373,600.8117,0.9521,0,0,greedy,5,opening,False,0,0.0,False
18,1,1,"[[1, 0], [2, 1]]","[2, 1]",711,330.0414,0.9752,0,0,greedy,5,opening,False,0.0,0.0,True
18,2,0,"[[6, 3], [5, 2]]","[5, 2]",1201,385.417,0.9633,0,1.0,greedy,5,opening,False,0.0,0.0,False
18,3,1,"[[0, 1], [1, 0]]","[1, 0]",808,283.2522,0.9753,0,1.0,greedy,5,opening,False,0.0,0.0,True
18,4,0,"[[5, 2], [4, 3]]","[4, 3]",1697,546.6383,0.9586,0,1.0,greedy,5,opening,False,0.0,0.0,False
18,5,1,"[[2, 1], [3, 2]]","[3, 2]",455,165.36,0.9841,0,1.0,greedy,5,opening,True,24.0,0.0,True
18,6,0,"[[4, 3], [2, 1]]","[2, 1]",89,23.864,0.9783,0,25.0,greedy,5,opening,False,0.0,0.0,False
18,7,1,"[[1, 0], [3, 2]]","[3, 2]",162,36.8316,0.9802,12,25.0,greedy,5,opening,False,0.0,0.0,True
18,8,0,"[[5, 0], [4, 1]]","[4, 1]",768,242.4507,0.9766,12,34.0,greedy,5,opening,False,0.0,0.0,False
18,9,1,"[[3, 2], [5, 0]]","[5, 0]",178,72.1209,0.9565,12,34.0,greedy,5,opening,False,0.0,0.0,False
18,10,0,"[[7, 0], [6, 1]]","[6, 1]",2950,821.4562,0.8971,12,42.0,greedy,5,opening,True,0,0.0,False
18,11,1,"[[1, 2], [2, 1]]","[2, 1]",964,236.7136,0.9608,12,42.0,greedy,5,opening,False,0.0,0.0,True
18,12,0,"[[6, 5], [5, 4]]","[5, 4]",2006,544.9123,0.9184,12,42.0,greedy,5,opening,False,0.0,0.0,False
18,13,1,"[[0, 3], [1, 2]]","[1, 2]",718,193.3904,0.975,12,42.0,greedy,5,opening,False,0.0,0.0,True
18,14,0,"[[5, 4], [4, 5]]","[4, 5]",780,215.7123,0.9762,12,42.0,greedy,5,opening,False,0.0,0.0,False
18,15,1,"[[1, 2], [2, 3]]","[2, 3]",940,240.7362,0.9672,12,42.0,greedy,5,opening,True,81.0,0.0,False
18,16,0,"[[4, 5], [3, 4]]","[3, 4]",540,151.8097,0.9835,12,123.0,greedy,5,opening,False,0.0,0.0,False
18,17,1,"[[2, 3], [4, 5]]","[4, 5]",178,46.7379,0.9565,12,123.0,greedy,5,opening,False,0.0,0.0,False
18,18,0,"[[6, 7], [5, 6]]","[5, 6]",639,194.2081,0.974,12,130.0,greedy,5,opening,False,0.0,0.0,False
18,19,1,"[[4, 5], [6, 7]]","[6, 7]",122,32.9213,0.9702,12,130.0,greedy,5,opening,False,0.0,0.0,False
18,20,0,"[[7, 2], [6, 3]]","[6, 3]",418,108.228,0.9796,12,142.0,greedy,5,midgame,True,0,0.0,False
18,21,1,"[[5, 0], [7, 2]]","[7, 2]",131,22.4831,0.968,12,142.0,greedy,5,midgame,False,0.0,0.0,False
18,22,0,"[[6, 3], [5, 2]]","[5, 2]",637,149.3328,0.9611,12,154.0,greedy,5,midgame,False,0.0,0.0,False
18,23,1,"[[1, 4], [2, 3]]","[2, 3]",799,199.6493,0.9756,12,154.0,greedy,5,midgame,False,0.0,0.0,True
18,24,0,"[[7, 6], [6, 5]]","[6, 5]",892,204.5968,0.9564,12,154.0,greedy,5,midgame,False,0.0,0.0,False
18,25,1,"[[2, 1], [3, 0]]","[3, 0]",1526,356.8869,0.9627,12,154.0,greedy,5,midgame,False,0.0,0.0,True
18,26,0,"[[5, 2], [4, 3]]","[4, 3]",427,107.0852,0.9792,12,154.0,greedy,5,midgame,False,0.0,0.0,False
18,27,1,"[[2, 3], [3, 4]]","[3, 4]",492,87.0039,0.9867,12,154.0,greedy,5,midgame,False,0.0,0.0,True
18,28,0,"[[4, 3], [2, 5]]","[2, 5]",45,7.53,0.989,12,154.0,greedy,5,midgame,False,0.0,0.0,False
18,29,1,"[[1, 6], [3, 4]]","[3, 4]",180,23.556,0.9561,3,154.0,greedy,5,midgame,False,0.0,0.0,False
18,30,0,"[[6, 5], [5, 4]]","[5, 4]",226,54.2178,0.9816,3,229.0,greedy,5,midgame,True,0,0.0,False
18,31,1,"[[6, 7], [7, 6]]","[7, 6]",863,157.2783,0.9766,3,229.0,greedy,5,midgame,False,0.0,0.0,False
18,32,0,"[[5, 4], [4, 3]]","[4, 3]",313,49.2949,0.9809,3,229.0,greedy,5,midgame,False,0.0,0.0,False
18,33,1,"[[3, 4], [5, 2]]","[5, 2]",7,0.6466,0.9983,3,229.0,greedy,5,midgame,False,0.0,0.0,False
18,34,0,"[[7, 4], [6, 5]]","[6, 5]",6,0.8206,0.9993,3,237.0,greedy,5,midgame,False,0.0,0.0,False
18,35,1,"[[7, 6], [5, 4]]","[5, 4]",2,0.134,0.9995,3,237.0,greedy,5,midgame,True,108.0,0.0,False
19,0,0,"[[6, 1], [5, 0]]","[5, 0]",1373,377.65,0.9521,0,0,greedy,5,opening,False,0,0.0,False
19,1,1,"[[1, 0], [2, 1]]","[2, 1]",711,229.7876,0.9752,0,0,greedy,5,opening,False,0.0,0.0,True
19,2,0,"[[6, 3], [5, 2]]","[5, 2]",1201,354.7647,0.9633,0,1.0,greedy,5,opening,False,0.0,0.0,False
19,3,1,"[[0, 1], [1, 0]]","[1, 0]",808,238.0195,0.9753,0,1.0,greedy,5,opening,False,0.0,0.0,True
19,4,0,"[[5, 2], [4, 3]]","[4, 3]",1697,576.3812,0.9586,0,1.0,greedy,5,opening,False,0.0,0.0,False
19,5,1,"[[2, 1], [3, 2]]","[3, 2]",455,127.063,0.9841,0,1.0,greedy,5,opening,True,24.0,0.0,True
19,6,0,"[[4, 3], [2, 1]]","[2, 1]",89,28.4696,0.9783,0,25.0,greedy,5,opening,False,0.0,0.0,False
19,7,1,"[[1, 0], [3, 2]]","[3, 2]",162,40.1876,0.9802,12,25.0,greedy,5,opening,False,0.0,0.0,True
19,8,0,"[[5, 0], [4, 1]]","[4, 1]",768,190.9027,0.9766,12,34.0,greedy,5,opening,False,0.0,0.0,False
19,9,1,"[[3, 2], [5, 0]]","[5, 0]",178,34.8542,0.9565,12,34.0,greedy,5,opening,False,0.0,0.0,False
19,10,0,"[[7, 0], [6, 1]]","[6, 1]",2950,762.8176,0.8971,12,42.0,greedy,5,opening,True,0,0.0,False
19,11,1,"[[1, 2], [2, 1]]","[2, 1]",964,213.4438,0.9608,12,42.0,greedy,5,opening,False,0.0,0.0,True
19,12,0,"[[6, 5], [5, 4]]","[5, 4]",2006,608.829,0.9184,12,42.0,greedy,5,opening,False,0.0,0.0,False
19,13,1,"[[0, 3], [1, 2]]","[1, 2]",718,178.6499,0.975,12,42.0,greedy,5,opening,False,0.0,0.0,True
19,14,0,"[[5, 4], [4, 5]]","[4, 5]",780,223.2945,0.9762,12,42.0,greedy,5,opening,False,0.0,0.0,False
19,15,1,"[[1, 2], [2, 3]]","[2, 3]",940,221.1301,0.9672,12,42.0,greedy,5,opening,True,81.0,0.0,False
19,16,0,"[[4, 5], [3, 4]]","[3, 4]",540,168.7708,0.9835,12,123.0,greedy,5,opening,False,0.0,0.0,False
19,17,1,"[[2, 3], [4, 5]]","[4, 5]",178,42.4285,0.9565,12,123.0,greedy,5,opening,False,0.0,0.0,False
19,18,0,"[[6, 7], [5, 6]]","[5, 6]",639,147.1107,0.974,12,130.0,greedy,5,opening,False,0.0,0.0,False
19,19,1,"[[4, 5], [6, 7]]","[6, 7]",122,24.1385,0.9702,12,130.0,greedy,5,opening,False,0.0,0.0,False
19,20,0,"[[7, 2], [6, 3]]","[6, 3]",418,102.2365,0.9796,12,142.0,greedy,5,midgame,True,0,0.0,False
19,21,1,"[[5, 0], [7, 2]]","[7, 2]",131,32.0981,0.968,12,142.0,greedy,5,midgame,False,0.0,0.0,False
19,22,0,"[[6, 3], [5, 2]]","[5, 2]",637,170.0816,0.9611,12,154.0,greedy,5,midgame,False,0.0,0.0,False
19,23,1,"[[1, 4], [2, 3]]","[2, 3]",799,185.8921,0.9756,12,154.0,greedy,5,midgame,False,0.0,0.0,True
19,24,0,"[[7, 6], [6, 5]]","[6, 5]",892,236.4757,0.9564,12,154.0,greedy,5,midgame,False,0.0,0.0,False
19,25,1,"[[2, 1], [3, 0]]","[3, 0]",1526,368.0067,0.9627,12,154.0,greedy,5,midgame,False,0.0,0.0,True
19,26,0,"[[5, 2], [4, 3]]","[4, 3]",427,88.8193,0.9792,12,154.0,greedy,5,midgame,False,0.0,0.0,False
19,27,1,"[[2, 3], [3, 4]]","[3, 4]",492,102.3979,0.9867,12,154.0,greedy,5,midgame,False,0.0,0.0,True
19,28,0,"[[4, 3], [2, 5]]","[2, 5]",45,8.5471,0.989,12,154.0,greedy,5,midgame,False,0.0,0.0,False
19,29,1,"[[1, 6], [3, 4]]","[3, 4]",180,30.1859,0.9561,3,154.0,greedy,5,midgame,False,0.0,0.0,False
19,30,0,"[[6, 5], [5, 4]]","[5, 4]",226,45.006,0.9816,3,229.0,greedy,5,midgame,True,0,0.0,False
19,31,1,"[[6, 7], [7, 6]]","[7, 6]",863,168.5028,0.9766,3,229.0,greedy,5,midgame,False,0.0,0.0,False
19,32,0,"[[5, 4], [4, 3]]","[4, 3]",313,79.3948,0.9809,3,229.0,greedy,5,midgame,False,0.0,0.0,False
19,33,1,"[[3, 4], [5, 2]]","[5, 2]",7,1.255,0.9983,3,229.0,greedy,5,midgame,False,0.0,0.0,False
19,34,0,"[[7, 4], [6, 5]]","[6, 5]",6,1.0145,0.9993,3,237.0,greedy,5,midgame,False,0.0,0.0,False
19,35,1,"[[7, 6], [5, 4]]","[5, 4]",2,0.2487,0.9995,3,237.0,greedy,5,midgame,True,108.0,0.0,False
20,0,0,"[[6, 1], [5, 0]]","[5, 0]",1373,437.6717,0.9521,0,0,greedy,5,opening,False,0,0.0,False
20,1,1,"[[1, 0], [2, 1]]","[2, 1]",711,199.7609,0.9752,0,0,greedy,5,opening,False,0.0,0.0,True
20,2,0,"[[6, 3], [5, 2]]","[5, 2]",1201,398.5395,0.9633,0,1.0,greedy,5,opening,False,0.0,0.0,False
20,3,1,"[[0, 1], [1, 0]]","[1, 0]",808,264.4086,0.9753,0,1.0,greedy,5,opening,False,0.0,0.0,True
20,4,0,"[[5, 2], [4, 3]]","[4, 3]",1697,476.4984,0.9586,0,1.0,greedy,5,opening,False,0.0,0.0,False
20,5,1,"[[2, 1], [3, 2]]","[3, 2]",455,138.8035,0.9841,0,1.0,greedy,5,opening,True,24.0,0.0,True
20,6,0,"[[4, 3], [2, 1]]","[2, 1]",89,18.5442,0.9783,0,25.0,greedy,5,opening,False,0.0,0.0,False
20,7,1,"[[1, 0], [3, 2]]","[3, 2]",162,47.3905,0.9802,12,25.0,greedy,5,opening,False,0.0,0.0,True
20,8,0,"[[5, 0], [4, 1]]","[4, 1]",768,239.8841,0.9766,12,34.0,greedy,5,opening,False,0.0,0.0,False
20,9,1,"[[3, 2], [5, 0]]","[5, 0]",178,44.4338,0.9565,12,34.0,greedy,5,opening,False,0.0,0.0,False
20,10,0,"[[7, 0], [6, 1]]","[6, 1]",2950,857.909,0.8971,12,42.0,greedy,5,opening,True,0,0.0,False
20,11,1,"[[1, 2], [2, 1]]","[2, 1]",964,210.7291,0.9608,12,42.0,greedy,5,opening,False,0.0,0.0,True
20,12,0,"[[6, 5], [5, 4]]","[5, 4]",2006,510.5355,0.9184,12,42.0,greedy,5,opening,False,0.0,0.0,False
20,13,1,"[[0, 3], [1, 2]]","[1, 2]",718,200.0406,0.975,12,42.0,greedy,5,opening,False,0.0,0.0,True
20,14,0,"[[5, 4], [4, 5]]","[4, 5]",780,254.797,0.9762,12,42.0,greedy,5,opening,False,0.0,0.0,False
20,15,1,"[[1, 2], [2, 3]]","[2, 3]",940,214.53,0.9672,12,42.0,greedy,5,opening,True,81.0,0.0,False
20,16,0,"[[4, 5], [3, 4]]","[3, 4]",540,155.3597,0.9835,12,123.0,greedy,5,opening,False,0.0,0.0,False
20,17,1,"[[2, 3], [4, 5]]","[4, 5]",178,45.5685,0.9565,12,123.0,greedy,5,opening,False,0.0,0.0,False
20,18,0,"[[6, 7], [5, 6]]","[5, 6]",639,182.1809,0.974,12,130.0,greedy,5,opening,False,0.0,0.0,False
20,19,1,"[[4, 5], [6, 7]]","[6, 7]",122,31.0194,0.9702,12,130.0,greedy,5,opening,False,0.0,0.0,False
20,20,0,"[[7, 2], [6, 3]]","[6, 3]",418,107.0383,0.9796,12,142.0,greedy,5,midgame,True,0,0.0,False
20,21,1,"[[5, 0], [7, 2]]","[7, 2]",131,25.2681,0.968,12,142.0,greedy,5,midgame,False,0.0,0.0,False
20,22,0,"[[6, 3], [5, 2]]","[5, 2]",637,156.9712,0.9611,12,154.0,greedy,5,midgame,False,0.0,0.0,False
20,23,1,"[[1, 4], [2, 3]]","[2, 3]",799,187.0415,0.9756,12,154.0,greedy,5,midgame,False,0.0,0.0,True
20,24,0,"[[7, 6], [6, 5]]","[6, 5]",892,204.5679,0.9564,12,154.0,greedy,5,midgame,False,0.0,0.0,False
20,25,1,"[[2, 1], [3, 0]]","[3, 0]",1526,374.5654,0.9627,12,154.0,greedy,5,midgame,False,0.0,0.0,True
20,26,0,"[[5, 2], [4, 3]]","[4, 3]",427,101.8345,0.9792,12,154.0,greedy,5,midgame,False,0.0,0.0,False
20,27,1,"[[2, 3], [3, 4]]","[3, 4]",492,130.672,0.9867,12,154.0,greedy,5,midgame,False,0.0,0.0,True
20,28,0,"[[4, 3], [2, 5]]","[2, 5]",45,10.0832,0.989,12,154.0,greedy,5,midgame,False,0.0,0.0,False
20,29,1,"[[1, 6], [3, 4]]","[3, 4]",180,33.6549,0.9561,3,154.0,greedy,5,midgame,False,0.0,0.0,False
20,30,0,"[[6, 5], [5, 4]]","[5, 4]",226,42.7132,0.9816,3,229.0,greedy,5,midgame,True,0,0.0,False
20,31,1,"[[6, 7], [7, 6]]","[7, 6]",863,145.5548,0.9766,3,229.0,greedy,5,midgame,False,0.0,0.0,False
20,32,0,"[[5, 4], [4, 3]]","[4, 3]",313,60.0243,0.9809,3,229.0,greedy,5,midgame,False,0.0,0.0,False
20,33,1,"[[3, 4], [5, 2]]","[5, 2]",7,0.6404,0.9983,3,229.0,greedy,5,midgame,False,0.0,0.0,False
20,34,0,"[[7, 4], [6, 5]]","[6, 5]",6,0.895,0.9993,3,237.0,greedy,5,midgame,False,0.0,0.0,False
20,35,1,"[[7, 6], [5, 4]]","[5, 4]",2,0.1295,0.9995,3,237.0,greedy,5,midgame,True,108.0,0.0,False
21,0,0,"[[6, 1], [5, 0]]","[5, 0]",1373,408.0119,0.9521,0,0,greedy,5,opening,False,0,0.0,False
21,1,1,"[[1, 0], [2, 1]]","[2, 1]",711,224.9086,0.9752,0,0,greedy,5,opening,False,0.0,0.0,True
21,2,0,"[[6, 3], [5, 2]]","[5, 2]",1201,378.14,0.9633,0,1.0,greedy,5,opening,False,0.0,0.0,False
21,3,1,"[[0, 1], [1, 0]]","[1, 0]",808,202.4813,0.9753,0,1.0,greedy,5,opening,False,0.0,0.0,True
21,4,0,"[[5, 2], [4, 3]]","[4, 3]",1697,529.7935,0.9586,0,1.0,greedy,5,opening,False,0.0,0.0,False
21,5,1,"[[2, 1], [3, 2]]","[3, 2]",455,121.7351,0.9841,0,1.0,greedy,5,opening,True,24.0,0.0,True
21,6,0,"[[4, 3], [2, 1]]","[2, 1]",89,23.7606,0.9783,0,25.0,greedy,5,opening,False,0.0,0.0,False
21,7,1,"[[1, 0], [3, 2]]","[3, 2]",162,40.252,0.9802,12,25.0,greedy,5,opening,False,0.0,0.0,True
21,8,0,"[[5, 0], [4, 1]]","[4, 1]",768,205.4811,0.9766,12,34.0,greedy,5,opening,False,0.0,0.0,False
21,9,1,"[[3, 2], [5, 0]]","[5, 0]",178,39.4402,0.9565,12,34.0,greedy,5,opening,False,0.0,0.0,False
21,10,0,"[[7, 0], [6, 1]]","[6, 1]",2950,876.8115,0.8971,12,42.0,greedy,5,opening,True,0,0.0,False
21,11,1,"[[1, 2], [2, 1]]","[2, 1]",964,230.4332,0.9608,12,42.0,greedy,5,opening,False,0.0,0.0,True
21,12,0,"[[6, 5], [5, 4]]","[5, 4]",2006,565.6395,0.9184,12,42.0,greedy,5,opening,False,0.0,0.0,False
21,13,1,"[[0, 3], [1, 2]]","[1, 2]",718,180.0919,0.975,12,42.0,greedy,5,opening,False,0.0,0.0,True
21,14,0,"[[5, 4], [4, 5]]","[4, 5]",780,239.4631,0.9762,12,42.0,greedy,5,opening,False,0.0,0.0,False
21,15,1,"[[1, 2], [2, 3]]","[2, 3]",940,246.5687,0.9672,12,42.0,greedy,5,opening,True,81.0,0.0,False
21,16,0,"[[4, 5], [3, 4]]","[3, 4]",540,169.2584,0.9835,12,123.0,greedy,5,opening,False,0.0,0.0,False
21,17,1,"[[2, 3], [4, 5]]","[4, 5]",178,45.4397,0.9565,12,123.0,greedy,5,opening,False,0.0,0.0,False
21,18,0,"[[6, 7], [5, 6]]","[5, 6]",639,166.5444,0.974,12,130.0,greedy,5,opening,False,0.0,0.0,False
21,19,1,"[[4, 5], [6, 7]]","[6, 7]",122,27.8995,0.9702,12,130.0,greedy,5,opening,False,0.0,0.0,False
21,20,0,"[[7, 2], [6, 3]]","[6, 3]",418,103.3838,0.9796,12,142.0,greedy,5,midgame,True,0,0.0,False
21,21,1,"[[5, 0], [7, 2]]","[7, 2]",131,20.8263,0.968,12,142.0,greedy,5,midgame,False,0.0,0.0,False
21,22,0,"[[6, 3], [5, 2]]","[5, 2]",637,170.2604,0.9611,12,154.0,greedy,5,midgame,False,0.0,0.0,False
21,23,1,"[[1, 4], [2, 3]]","[2, 3]",799,229.4312,0.9756,12,154.0,greedy,5,midgame,False,0.0,0.0,True
21,24,0,"[[7, 6], [6, 5]]","[6, 5]",892,228.8911,0.9564,12,154.0,greedy,5,midgame,False,0.0,0.0,False
21,25,1,"[[2, 1], [3, 0]]","[3, 0]",1526,358.1533,0.9627,12,154.0,greedy,5,midgame,False,0.0,0.0,True
21,26,0,"[[5, 2], [4, 3]]","[4, 3]",427,96.0338,0.9792,12,154.0,greedy,5,midgame,False,0.0,0.0,False
21,27,1,"[[2, 3], [3, 4]]","[3, 4]",492,95.7985,0.9867,12,154.0,greedy,5,midgame,False,0.0,0.0,True
21,28,0,"[[4, 3], [2, 5]]","[2, 5]",45,10.9031,0.989,12,154.0,greedy,5,midgame,False,0.0,0.0,False
21,29,1,"[[1, 6], [3, 4]]","[3, 4]",180,46.8538,0.9561,3,154.0,greedy,5,midgame,False,0.0,0.0,False
21,30,0,"[[6, 5], [5, 4]]","[5, 4]",226,48.9089,0.9816,3,229.0,greedy,5,midgame,True,0,0.0,False
21,31,1,"[[6, 7], [7, 6]]","[7, 6]",863,180.9931,0.9766,3,229.0,greedy,5,midgame,False,0.0,0.0,False
21,32,0,"[[5, 4], [4, 3]]","[4, 3]",313,78.9514,0.9809,3,229.0,greedy,5,midgame,False,0.0,0.0,False
21,33,1,"[[3, 4], [5, 2]]","[5, 2]",7,0.6707,0.9983,3,229.0,greedy,5,midgame,False,0.0,0.0,False
21,34,0,"[[7, 4], [6, 5]]","[6, 5]",6,0.5577,0.9993,3,237.0,greedy,5,midgame,False,0.0,0.0,False
21,35,1,"[[7, 6], [5, 4]]","[5, 4]",2,0.1321,0.9995,3,237.0,greedy,5,midgame,True,108.0,0.0,False
22,0,0,"[[6, 1], [5, 0]]","[5, 0]",1373,397.0752,0.9521,0,0,greedy,5,opening,False,0,0.0,False
22,1,1,"[[1, 0], [2, 1]]","[2, 1]",711,207.7055,0.9752,0,0,greedy,5,opening,False,0.0,0.0,True
22,2,0,"[[6, 3], [5, 2]]","[5, 2]",1201,372.5772,0.9633,0,1.0,greedy,5,opening,False,0.0,0.0,False
22,3,1,"[[0, 1], [1, 0]]","[1, 0]",808,258.8136,0.9753,0,1.0,greedy,5,opening,False,0.0,0.0,True
22,4,0,"[[5, 2], [4, 3]]","[4, 3]",1697,565.1176,0.9586,0,1.0,greedy,5,opening,False,0.0,0.0,False
22,5,1,"[[2, 1], [3, 2]]","[3, 2]",455,128.1426,0.9841,0,1.0,greedy,5,opening,True,24.0,0.0,True
22,6,0,"[[4, 3], [2, 1]]","[2, 1]",89,30.9694,0.9783,0,25.0,greedy,5,opening,False,0.0,0.0,False
22,7,1,"[[1, 0], [3, 2]]","[3, 2]",162,46.7844,0.9802,12,25.0,greedy,5,opening,False,0.0,0.0,True
22,8,0,"[[5, 0], [4, 1]]","[4, 1]",768,193.8789,0.9766,12,34.0,greedy,5,opening,False,0.0,0.0,False
22,9,1,"[[3, 2], [5, 0]]","[5, 0]",178,35.5067,0.9565,12,34.0,greedy,5,opening,False,0.0,0.0,False
22,10,0,"[[7, 0], [6, 1]]","[6, 1]",2950,807.9507,0.8971,12,42.0,greedy,5,opening,True,0,0.0,False
22,11,1,"[[1, 2], [2, 1]]","[2, 1]",964,236.3679,0.9608,12,42.0,greedy,5,opening,False,0.0,0.0,True
22,12,0,"[[6, 5], [5, 4]]","[5, 4]",2006,570.859,0.9184,12,42.0,greedy,5,opening,False,0.0,0.0,False
22,13,1,"[[0, 3], [1, 2]]","[1, 2]",718,175.4355,0.975,12,42.0,greedy,5,opening,False,0.0,0.0,True
22,14,0,"[[5, 4], [4, 5]]","[4, 5]",780,214.165,0.9762,12,42.0,greedy,5,opening,False,0.0,0.0,False
22,15,1,"[[1, 2], [2, 3]]","[2, 3]",940,254.4875,0.9672,12,42.0,greedy,5,opening,True,81.0,0.0,False
22,16,0,"[[4, 5], [3, 4]]","[3, 4]",540,207.4521,0.9835,12,123.0,greedy,5,opening,False,0.0,0.0,False
22,17,1,"[[2, 3], [4, 5]]","[4, 5]",178,59.2322,0.9565,12,123.0,greedy,5,opening,False,0.0,0.0,False
22,18,0,"[[6, 7], [5, 6]]","[5, 6]",639,181.319,0.974,12,130.0,greedy,5,opening,False,0.0,0.0,False
22,19,1,"[[4, 5], [6, 7]]","[6, 7]",122,33.1459,0.9702,12,130.0,greedy,5,opening,False,0.0,0.0,False
22,20,0,"[[7, 2], [6, 3]]","[6, 3]",418,96.287,0.9796,12,142.0,greedy,5,midgame,True,0,0.0,False
22,21,1,"[[5, 0], [7, 2]]","[7, 2]",131,22.9909,0.968,12,142.0,greedy,5,midgame,False,0.0,0.0,False
22,22,0,"[[6, 3], [5, 2]]","[5, 2]",637,162.4157,0.9611,12,154.0,greedy,5,midgame,False,0.0,0.0,False
22,23,1,"[[1, 4], [2, 3]]","[2, 3]",799,171.329,0.9756,12,154.0,greedy,5,midgame,False,0.0,0.0,True
22,24,0,"[[7, 6], [6, 5]]","[6, 5]",892,230.7224,0.9564,12,154.0,greedy,5,midgame,False,0.0,0.0,False
22,25,1,"[[2, 1], [3, 0]]","[3, 0]",1526,350.0412,0.9627,12,154.0,greedy,5,midgame,False,0.0,0.0,True
22,26,0,"[[5, 2], [4, 3]]","[4, 3]",427,100.7347,0.9792,12,154.0,greedy,5,midgame,False,0.0,0.0,False
22,27,1,"[[2, 3], [3, 4]]","[3, 4]",492,98.6485,0.9867,12,154.0,greedy,5,midgame,False,0.0,0.0,True
22,28,0,"[[4, 3], [2, 5]]","[2, 5]",45,8.3239,0.989,12,154.0,greedy,5,midgame,False,0.0,0.0,False
22,29,1,"[[1, 6], [3, 4]]","[3, 4]",180,30.8917,0.9561,3,154.0,greedy,5,midgame,False,0.0,0.0,False
22,30,0,"[[6, 5], [5, 4]]","[5, 4]",226,36.2332,0.9816,3,229.0,greedy,5,midgame,True,0,0.0,False
22,31,1,"[[6, 7], [7, 6]]","[7, 6]",863,158.6514,0.9766,3,229.0,greedy,5,midgame,False,0.0,0.0,False
22,32,0,"[[5, 4], [4, 3]]","[4, 3]",313,65.6314,0.9809,3,229.0,greedy,5,midgame,False,0.0,0.0,False
22,33,1,"[[3, 4], [5, 2]]","[5, 2]",7,0.8385,0.9983,3,229.0,greedy,5,midgame,False,0.0,0.0,False
22,34,0,"[[7, 4], [6, 5]]","[6, 5]",6,1.0407,0.9993,3,237.0,greedy,5,midgame,False,0.0,0.0,False
22,35,1,"[[7, 6], [5, 4]]","[5, 4]",2,0.2527,0.9995,3,237.0,greedy,5,midgame,True,108.0,0.0,False
23,0,0,"[[6, 1], [5, 0]]","[5, 0]",1373,407.1927,0.9521,0,0,greedy,5,opening,False,0,0.0,False
23,1,1,"[[1, 0], [2, 1]]","[2, 1]",711,221.0388,0.9752,0,0,greedy,5,opening,False,0.0,0.0,True
23,2,0,"[[6, 3], [5, 2]]","[5, 2]",1201,351.2399,0.9633,0,1.0,greedy,5,opening,False,0.0,0.0,False
23,3,1,"[[0, 1], [1, 0]]","[1, 0]",808,239.938,0.9753,0,1.0,greedy,5,opening,False,0.0,0.0,True
23,4,0,"[[5, 2], [4, 3]]","[4, 3]",1697,560.3335,0.9586,0,1.0,greedy,5,opening,False,0.0,0.0,False
23,5,1,"[[2, 1], [3, 2]]","[3, 2]",455,119.1185,0.9841,0,1.0,greedy,5,opening,True,24.0,0.0,True
23,6,0,"[[4, 3], [2, 1]]","[2, 1]",89,18.6996,0.9783,0,25.0,greedy,5,opening,False,0.0,0.0,False
23,7,1,"[[1, 0], [3, 2]]","[3, 2]",162,35.2914,0.9802,12,25.0,greedy,5,opening,False,0.0,0.0,True
23,8,0,"[[5, 0], [4, 1]]","[4, 1]",768,231.539,0.9766,12,34.0,greedy,5,opening,False,0.0,0.0,False
23,9,1,"[[3, 2], [5, 0]]","[5, 0]",178,48.0058,0.9565,12,34.0,greedy,5,opening,False,0.0,0.0,False
23,10,0,"[[7, 0], [6, 1]]","[6, 1]",2950,855.8867,0.8971,12,42.0,greedy,5,opening,True,0,0.0,False
23,11,1,"[[1, 2], [2, 1]]","[2, 1]",964,260.2146,0.9608,12,42.0,greedy,5,opening,False,0.0,0.0,True
23,12,0,"[[6, 5], [5, 4]]","[5, 4]",2006,745.5242,0.9184,12,42.0,greedy,5,opening,False,0.0,0.0,False
23,13,1,"[[0, 3], [1, 2]]","[1, 2]",718,217.4654,0.975,12,42.0,greedy,5,opening,False,0.0,0.0,True
23,14,0,"[[5, 4], [4, 5]]","[4, 5]",780,265.4276,0.9762,12,42.0,greedy,5,opening,False,0.0,0.0,False
23,15,1,"[[1, 2], [2, 3]]","[2, 3]",940,271.5857,0.9672,12,42.0,greedy,5,opening,True,81.0,0.0,False
23,16,0,"[[4, 5], [3, 4]]","[3, 4]",540,126.6754,0.9835,12,123.0,greedy,5,opening,False,0.0,0.0,False
23,17,1,"[[2, 3], [4, 5]]","[4, 5]",178,41.9052,0.9565,12,123.0,greedy,5,opening,False,0.0,0.0,False
23,18,0,"[[6, 7], [5, 6]]","[5, 6]",639,195.3442,0.974,12,130.0,greedy,5,opening,False,0.0,0.0,False
23,19,1,"[[4, 5], [6, 7]]","[6, 7]",122,29.9308,0.9702,12,130.0,greedy,5,opening,False,0.0,0.0,False
23,20,0,"[[7, 2], [6, 3]]","[6, 3]",418,101.7039,0.9796,12,142.0,greedy,5,midgame,True,0,0.0,False
23,21,1,"[[5, 0], [7, 2]]","[7, 2]",131,25.6243,0.968,12,142.0,greedy,5,midgame,False,0.0,0.0,False
23,22,0,"[[6, 3], [5, 2]]","[5, 2]",637,151.3712,0.9611,12,154.0,greedy,5,midgame,False,0.0,0.0,False
23,23,1,"[[1, 4], [2, 3]]","[2, 3]",799,178.5822,0.9756,12,154.0,greedy,5,midgame,False,0.0,0.0,True
23,24,0,"[[7, 6], [6, 5]]","[6, 5]",892,227.2329,0.9564,12,154.0,greedy,5,midgame,False,0.0,0.0,False
23,25,1,"[[2, 1], [3, 0]]","[3, 0]",1526,383.0824,0.9627,12,154.0,greedy,5,midgame,False,0.0,0.0,True
23,26,0,"[[5, 2], [4, 3]]","[4, 3]",427,82.5288,0.9792,12,154.0,greedy,5,midgame,False,0.0,0.0,False
23,27,1,"[[2, 3], [3, 4]]","[3, 4]",492,106.5192,0.9867,12,154.0,greedy,5,midgame,False,0.0,0.0,True
23,28,0,"[[4, 3], [2, 5]]","[2, 5]",45,7.261,0.989,12,154.0,greedy,5,midgame,False,0.0,0.0,False
23,29,1,"[[1, 6], [3, 4]]","[3, 4]",180,26.185,0.9561,3,154.0,greedy,5,midgame,False,0.0,0.0,False
23,30,0,"[[6, 5], [5, 4]]","[5, 4]",226,46.4344,0.9816,3,229.0,greedy,5,midgame,True,0,0.0,False
23,31,1,"[[6, 7], [7, 6]]","[7, 6]",863,156.0085,0.9766,3,229.0,greedy,5,midgame,False,0.0,0.0,False
23,32,0,"[[5, 4], [4, 3]]","[4, 3]",313,57.0803,0.9809,3,229.0,greedy,5,midgame,False,0.0,0.0,False
23,33,1,"[[3, 4], [5, 2]]","[5, 2]",7,0.6564,0.9983,3,229.0,greedy,5,midgame,False,0.0,0.0,False
23,34,0,"[[7, 4], [6, 5]]","[6, 5]",6,0.5481,0.9993,3,237.0,greedy,5,midgame,False,0.0,0.0,False
23,35,1,"[[7, 6], [5, 4]]","[5, 4]",2,0.1287,0.9995,3,237.0,greedy,5,midgame,True,108.0,0.0,False
24,0,0,"[[6, 1], [5, 0]]","[5, 0]",1373,431.427,0.9521,0,0,greedy,5,opening,False,0,0.0,False
24,1,1,"[[1, 0], [2, 1]]","[2, 1]",711,235.2419,0.9752,0,0,greedy,5,opening,False,0.0,0.0,True
24,2,0,"[[6, 3], [5, 2]]","[5, 2]",1201,396.9474,0.9633,0,1.0,greedy,5,opening,False,0.0,0.0,False
24,3,1,"[[0, 1], [1, 0]]","[1, 0]",808,239.2869,0.9753,0,1.0,greedy,5,opening,False,0.0,0.0,True
24,4,0,"[[5, 2], [4, 3]]","[4, 3]",1697,573.411,0.9586,0,1.0,greedy,5,opening,False,0.0,0.0,False
24,5,1,"[[2, 1], [3, 2]]","[3, 2]",455,148.2739,0.9841,0,1.0,greedy,5,opening,True,24.0,0.0,True
24,6,0,"[[4, 3], [2, 1]]","[2, 1]",89,20.2417,0.9783,0,25.0,greedy,5,opening,False,0.0,0.0,False
24,7,1,"[[1, 0], [3, 2]]","[3, 2]",162,37.8952,0.9802,12,25.0,greedy,5,opening,False,0.0,0.0,True
24,8,0,"[[5, 0], [4, 1]]","[4, 1]",768,226.3203,0.9766,12,34.0,greedy,5,opening,False,0.0,0.0,False
24,9,1,"[[3, 2], [5, 0]]","[5, 0]",178,54.8403,0.9565,12,34.0,greedy,5,opening,False,0.0,0.0,False
24,10,0,"[[7, 0], [6, 1]]","[6, 1]",2950,797.0057,0.8971,12,42.0,greedy,5,opening,True,0,0.0,False
24,11,1,"[[1, 2], [2, 1]]","[2, 1]",964,233.0949,0.9608,12,42.0,greedy,5,opening,False,0.0,0.0,True
24,12,0,"[[6, 5], [5, 4]]","[5, 4]",2006,529.8386,0.9184,12,42.0,greedy,5,opening,False,0.0,0.0,False
24,13,1,"[[0, 3], [1, 2]]","[1, 2]",718,178.4871,0.975,12,42.0,greedy,5,opening,False,0.0,0.0,True
24,14,0,"[[5, 4], [4, 5]]","[4, 5]",780,228.142,0.9762,12,42.0,greedy,5,opening,False,0.0,0.0,False
24,15,1,"[[1, 2], [2, 3]]","[2, 3]",940,226.2325,0.9672,12,42.0,greedy,5,opening,True,81.0,0.0,False
24,16,0,"[[4, 5], [3, 4]]","[3, 4]",540,169.4858,0.9835,12,123.0,greedy,5,opening,False,0.0,0.0,False
24,17,1,"[[2, 3], [4, 5]]","[4, 5]",178,52.4802,0.9565,12,123.0,greedy,5,opening,False,0.0,0.0,False
24,18,0,"[[6, 7], [5, 6]]","[5, 6]",639,164.8209,0.974,12,130.0,greedy,5,opening,False,0.0,0.0,False
24,19,1,"[[4, 5], [6, 7]]","[6, 7]",122,24.6842,0.9702,12,130.0,greedy,5,opening,False,0.0,0.0,False
24,20,0,"[[7, 2], [6, 3]]","[6, 3]",418,101.9154,0.9796,12,142.0,greedy,5,midgame,True,0,0.0,False
24,21,1,"[[5, 0], [7, 2]]","[7, 2]",131,34.5981,0.968,12,142.0,greedy,5,midgame,False,0.0,0.0,False
24,22,0,"[[6, 3], [5, 2]]","[5, 2]",637,157.6302,0.9611,12,154.0,greedy,5,midgame,False,0.0,0.0,False
24,23,1,"[[1, 4], [2, 3]]","[2, 3]",799,195.8933,0.9756,12,154.0,greedy,5,midgame,False,0.0,0.0,True
24,24,0,"[[7, 6], [6, 5]]","[6, 5]",892,238.6122,0.9564,12,154.0,greedy,5,midgame,False,0.0,0.0,False
24,25,1,"[[2, 1], [3, 0]]","[3, 0]",1526,364.5101,0.9627,12,154.0,greedy,5,midgame,False,0.0,0.0,True
24,26,0,"[[5, 2], [4, 3]]","[4, 3]",427,98.3977,0.9792,12,154.0,greedy,5,midgame,False,0.0,0.0,False
24,27,1,"[[2, 3], [3, 4]]","[3, 4]",492,98.757,0.9867,12,154.0,greedy,5,midgame,False,0.0,0.0,True
24,28,0,"[[4, 3], [2, 5]]","[2, 5]",45,8.0462,0.989,12,154.0,greedy,5,midgame,False,0.0,0.0,False
24,29,1,"[[1, 6], [3, 4]]","[3, 4]",180,37.0014,0.9561,3,154.0,greedy,5,midgame,False,0.0,0.0,False
24,30,0,"[[6, 5], [5, 4]]","[5, 4]",226,56.6928,0.9816,3,229.0,greedy,5,midgame,True,0,0.0,False
24,31,1,"[[6, 7], [7, 6]]","[7, 6]",863,169.5411,0.9766,3,229.0,greedy,5,midgame,False,0.0,0.0,False
24,32,0,"[[5, 4], [4, 3]]","[4, 3]",313,86.6961,0.9809,3,229.0,greedy,5,midgame,False,0.0,0.0,False
24,33,1,"[[3, 4], [5, 2]]","[5, 2]",7,1.8699,0.9983,3,229.0,greedy,5,midgame,False,0.0,0.0,False
24,34,0,"[[7, 4], [6, 5]]","[6, 5]",6,2.7013,0.9993,3,237.0,greedy,5,midgame,False,0.0,0.0,False
24,35,1,"[[7, 6], [5, 4]]","[5, 4]",2,0.3409,0.9995,3,237.0,greedy,5,midgame,True,108.0,0.0,False
25,0,0,"[[6, 1], [5, 0]]","[5, 0]",1373,453.3229,0.9521,0,0,greedy,5,opening,False,0,0.0,False
25,1,1,"[[1, 0], [2, 1]]","[2, 1]",711,226.011,0.9752,0,0,greedy,5,opening,False,0.0,0.0,True
25,2,0,"[[6, 3], [5, 2]]","[5, 2]",1201,379.0402,0.9633,0,1.0,greedy,5,opening,False,0.0,0.0,False
25,3,1,"[[0, 1], [1, 0]]","[1, 0]",808,236.9044,0.9753,0,1.0,greedy,5,opening,False,0.0,0.0,True
25,4,0,"[[5, 2], [4, 3]]","[4, 3]",1697,559.5152,0.9586,0,1.0,greedy,5,opening,False,0.0,0.0,False
25,5,1,"[[2, 1], [3, 2]]","[3, 2]",455,118.1781,0.9841,0,1.0,greedy,5,opening,True,24.0,0.0,True
25,6,0,"[[4, 3], [2, 1]]","[2, 1]",89,23.8502,0.9783,0,25.0,greedy,5,opening,False,0.0,0.0,False
25,7,1,"[[1, 0], [3, 2]]","[3, 2]",162,48.5394,0.9802,12,25.0,greedy,5,opening,False,0.0,0.0,True
25,8,0,"[[5, 0], [4, 1]]","[4, 1]",768,199.3344,0.9766,12,34.0,greedy,5,opening,False,0.0,0.0,False
25,9,1,"[[3, 2], [5, 0]]","[5, 0]",178,54.8389,0.9565,12,34.0,greedy,5,opening,False,0.0,0.0,False
25,10,0,"[[7, 0], [6, 1]]","[6, 1]",2950,795.9399,0.8971,12,42.0,greedy,5,opening,True,0,0.0,False
25,11,1,"[[1, 2], [2, 1]]","[2, 1]",964,221.71,0.9608,12,42.0,greedy,5,opening,False,0.0,0.0,True
25,12,0,"[[6, 5], [5, 4]]","[5, 4]",2006,560.8113,0.9184,12,42.0,greedy,5,opening,False,0.0,0.0,False
25,13,1,"[[0, 3], [1, 2]]","[1, 2]",718,177.3789,0.975,12,42.0,greedy,5,opening,False,0.0,0.0,True
25,14,0,"[[5, 4], [4, 5]]","[4, 5]",780,211.3745,0.9762,12,42.0,greedy,5,opening,False,0.0,0.0,False
25,15,1,"[[1, 2], [2, 3]]","[2, 3]",940,271.5786,0.9672,12,42.0,greedy,5,opening,True,81.0,0.0,False
25,16,0,"[[4, 5], [3, 4]]","[3, 4]",540,161.3665,0.9835,12,123.0,greedy,5,opening,False,0.0,0.0,False
25,17,1,"[[2, 3], [4, 5]]","[4, 5]",178,55.7179,0.9565,12,123.0,greedy,5,opening,False,0.0,0.0,False
25,18,0,"[[6, 7], [5, 6]]","[5, 6]",639,169.805,0.974,12,130.0,greedy,5,opening,False,0.0,0.0,False
25,19,1,"[[4, 5], [6, 7]]","[6, 7]",122,31.6198,0.9702,12,130.0,greedy,5,opening,False,0.0,0.0,False
25,20,0,"[[7, 2], [6, 3]]","[6, 3]",418,110.8446,0.9796,12,142.0,greedy,5,midgame,True,0,0.0,False
25,21,1,"[[5, 0], [7, 2]]","[7, 2]",131,20.8001,0.968,12,142.0,greedy,5,midgame,False,0.0,0.0,False
25,22,0,"[[6, 3], [5, 2]]","[5, 2]",637,146.8804,0.9611,12,154.0,greedy,5,midgame,False,0.0,0.0,False
25,23,1,"[[1, 4], [2, 3]]","[2, 3]",799,198.9374,0.9756,12,154.0,greedy,5,midgame,False,0.0,0.0,True
25,24,0,"[[7, 6], [6, 5]]","[6, 5]",892,212.599,0.9564,12,154.0,greedy,5,midgame,False,0.0,0.0,False
25,25,1,"[[2, 1], [3, 0]]","[3, 0]",1526,397.4638,0.9627,12,154.0,greedy,5,midgame,False,0.0,0.0,True
25,26,0,"[[5, 2], [4, 3]]","[4, 3]",427,89.0222,0.9792,12,154.0,greedy,5,midgame,False,0.0,0.0,False
25,27,1,"[[2, 3], [3, 4]]","[3, 4]",492,88.6884,0.9867,12,154.0,greedy,5,midgame,False,0.0,0.0,True
25,28,0,"[[4, 3], [2, 5]]","[2, 5]",45,7.5376,0.989,12,154.0,greedy,5,midgame,False,0.0,0.0,False
25,29,1,"[[1, 6], [3, 4]]","[3, 4]",180,27.7734,0.9561,3,154.0,greedy,5,midgame,False,0.0,0.0,False
25,30,0,"[[6, 5], [5, 4]]","[5, 4]",226,50.6747,0.9816,3,229.0,greedy,5,midgame,True,0,0.0,False
25,31,1,"[[6, 7], [7, 6]]","[7, 6]",863,157.4485,0.9766,3,229.0,greedy,5,midgame,False,0.0,0.0,False
25,32,0,"[[5, 4], [4, 3]]","[4, 3]",313,59.046,0.9809,3,229.0,greedy,5,midgame,False,0.0,0.0,False
25,33,1,"[[3, 4], [5, 2]]","[5, 2]",7,1.3323,0.9983,3,229.0,greedy,5,midgame,False,0.0,0.0,False
25,34,0,"[[7, 4], [6, 5]]","[6, 5]",6,0.5562,0.9993,3,237.0,greedy,5,midgame,False,0.0,0.0,False
25,35,1,"[[7, 6], [5, 4]]","[5, 4]",2,0.1333,0.9995,3,237.0,greedy,5,midgame,True,108.0,0.0,False
26,0,0,"[[6, 1], [5, 0]]","[5, 0]",1373,384.2371,0.9521,0,0,greedy,5,opening,False,0,0.0,False
26,1,1,"[[1, 0], [2, 1]]","[2, 1]",711,214.5922,0.9752,0,0,greedy,5,opening,False,0.0,0.0,True
26,2,0,"[[6, 3], [5, 2]]","[5, 2]",1201,341.2142,0.9633,0,1.0,greedy,5,opening,False,0.0,0.0,False
26,3,1,"[[0, 1], [1, 0]]","[1, 0]",808,280.5371,0.9753,0,1.0,greedy,5,opening,False,0.0,0.0,True
26,4,0,"[[5, 2], [4, 3]]","[4, 3]",1697,485.9722,0.9586,0,1.0,greedy,5,opening,False,0.0,0.0,False
26,5,1,"[[2, 1], [3, 2]]","[3, 2]",455,129.0259,0.9841,0,1.0,greedy,5,opening,True,24.0,0.0,True
26,6,0,"[[4, 3], [2, 1]]","[2, 1]",89,22.965,0.9783,0,25.0,greedy,5,opening,False,0.0,0.0,False
26,7,1,"[[1, 0], [3, 2]]","[3, 2]",162,33.3695,0.9802,12,25.0,greedy,5,opening,False,0.0,0.0,True
26,8,0,"[[5, 0], [4, 1]]","[4, 1]",768,228.3452,0.9766,12,34.0,greedy,5,opening,False,0.0,0.0,False
26,9,1,"[[3, 2], [5, 0]]","[5, 0]",178,54.2943,0.9565,12,34.0,greedy,5,opening,False,0.0,0.0,False
26,10,0,"[[7, 0], [6, 1]]","[6, 1]",2950,812.5145,0.8971,12,42.0,greedy,5,opening,True,0,0.0,False
26,11,1,"[[1, 2], [2, 1]]","[2, 1]",964,256.161,0.9608,12,42.0,greedy,5,opening,False,0.0,0.0,True
26,12,0,"[[6, 5], [5, 4]]","[5, 4]",2006,538.4512,0.9184,12,42.0,greedy,5,opening,False,0.0,0.0,False
26,13,1,"[[0, 3], [1, 2]]","[1, 2]",718,186.5506,0.975,12,42.0,greedy,5,opening,False,0.0,0.0,True
26,14,0,"[[5, 4], [4, 5]]","[4, 5]",780,246.2161,0.9762,12,42.0,greedy,5,opening,False,0.0,0.0,False
26,15,1,"[[1, 2], [2, 3]]","[2, 3]",940,280.519,0.9672,12,42.0,greedy,5,opening,True,81.0,0.0,False
26,16,0,"[[4, 5], [3, 4]]","[3, 4]",540,150.1551,0.9835,12,123.0,greedy,5,opening,False,0.0,0.0,False
26,17,1,"[[2, 3], [4, 5]]","[4, 5]",178,42.5382,0.9565,12,123.0,greedy,5,opening,False,0.0,0.0,False
26,18,0,"[[6, 7], [5, 6]]","[5, 6]",639,169.641,0.974,12,130.0,greedy,5,opening,False,0.0,0.0,False
26,19,1,"[[4, 5], [6, 7]]","[6, 7]",122,22.049,0.9702,12,130.0,greedy,5,opening,False,0.0,0.0,False
26,20,0,"[[7, 2], [6, 3]]","[6, 3]",418,104.7773,0.9796,12,142.0,greedy,5,midgame,True,0,0.0,False
26,21,1,"[[5, 0], [7, 2]]","[7, 2]",131,35.4092,0.968,12,142.0,greedy,5,midgame,False,0.0,0.0,False
26,22,0,"[[6, 3], [5, 2]]","[5, 2]",637,151.607,0.9611,12,154.0,greedy,5,midgame,False,0.0,0.0,False
26,23,1,"[[1, 4], [2, 3]]","[2, 3]",799,210.1038,0.9756,12,154.0,greedy,5,midgame,False,0.0,0.0,True
26,24,0,"[[7, 6], [6, 5]]","[6, 5]",892,196.5377,0.9564,12,154.0,greedy,5,midgame,False,0.0,0.0,False
26,25,1,"[[2, 1], [3, 0]]","[3, 0]",1526,338.661,0.9627,12,154.0,greedy,5,midgame,False,0.0,0.0,True
26,26,0,"[[5, 2], [4, 3]]","[4, 3]",427,86.2992,0.9792,12,154.0,greedy,5,midgame,False,0.0,0.0,False
26,27,1,"[[2, 3], [3, 4]]","[3, 4]",492,94.5628,0.9867,12,154.0,greedy,5,midgame,False,0.0,0.0,True
26,28,0,"[[4, 3], [2, 5]]","[2, 5]",45,11.796,0.989,12,154.0,greedy,5,midgame,False,0.0,0.0,False
26,29,1,"[[1, 6], [3, 4]]","[3, 4]",180,40.8971,0.9561,3,154.0,greedy,5,midgame,False,0.0,0.0,False
26,30,0,"[[6, 5], [5, 4]]","[5, 4]",226,53.2193,0.9816,3,229.0,greedy,5,midgame,True,0,0.0,False
26,31,1,"[[6, 7], [7, 6]]","[7, 6]",863,176.6939,0.9766,3,229.0,greedy,5,midgame,False,0.0,0.0,False
26,32,0,"[[5, 4], [4, 3]]","[4, 3]",313,77.2073,0.9809,3,229.0,greedy,5,midgame,False,0.0,0.0,False
26,33,1,"[[3, 4], [5, 2]]","[5, 2]",7,0.6487,0.9983,3,229.0,greedy,5,midgame,False,0.0,0.0,False
26,34,0,"[[7, 4], [6, 5]]","[6, 5]",6,0.9558,0.9993,3,237.0,greedy,5,midgame,False,0.0,0.0,False
26,35,1,"[[7, 6], [5, 4]]","[5, 4]",2,0.2508,0.9995,3,237.0,greedy,5,midgame,True,108.0,0.0,False
27,0,0,"[[6, 1], [5, 0]]","[5, 0]",1373,384.1319,0.9521,0,0,greedy,5,opening,False,0,0.0,False
27,1,1,"[[1, 0], [2, 1]]","[2, 1]",711,222.5204,0.9752,0,0,greedy,5,opening,False,0.0,0.0,True
27,2,0,"[[6, 3], [5, 2]]","[5, 2]",1201,390.2526,0.9633,0,1.0,greedy,5,opening,False,0.0,0.0,False
27,3,1,"[[0, 1], [1, 0]]","[1, 0]",808,216.5732,0.9753,0,1.0,greedy,5,opening,False,0.0,0.0,True
27,4,0,"[[5, 2], [4, 3]]","[4, 3]",1697,490.509,0.9586,0,1.0,greedy,5,opening,False,0.0,0.0,False
27,5,1,"[[2, 1], [3, 2]]","[3, 2]",455,144.1178,0.9841,0,1.0,greedy,5,opening,True,24.0,0.0,True
27,6,0,"[[4, 3], [2, 1]]","[2, 1]",89,32.8839,0.9783,0,25.0,greedy,5,opening,False,0.0,0.0,False
27,7,1,"[[1, 0], [3, 2]]","[3, 2]",162,46.4821,0.9802,12,25.0,greedy,5,opening,False,0.0,0.0,True
27,8,0,"[[5, 0], [4, 1]]","[4, 1]",768,234.2899,0.9766,12,34.0,greedy,5,opening,False,0.0,0.0,False
27,9,1,"[[3, 2], [5, 0]]","[5, 0]",178,39.8445,0.9565,12,34.0,greedy,5,opening,False,0.0,0.0,False
27,10,0,"[[7, 0], [6, 1]]","[6, 1]",2950,825.1245,0.8971,12,42.0,greedy,5,opening,True,0,0.0,False
27,11,1,"[[1, 2], [2, 1]]","[2, 1]",964,248.0001,0.9608,12,42.0,greedy,5,opening,False,0.0,0.0,True
27,12,0,"[[6, 5], [5, 4]]","[5, 4]",2006,558.3107,0.9184,12,42.0,greedy,5,opening,False,0.0,0.0,False
27,13,1,"[[0, 3], [1, 2]]","[1, 2]",718,174.6311,0.975,12,42.0,greedy,5,opening,False,0.0,0.0,True
27,14,0,"[[5, 4], [4, 5]]","[4, 5]",780,204.7036,0.9762,12,42.0,greedy,5,opening,False,0.0,0.0,False
27,15,1,"[[1, 2], [2, 3]]","[2, 3]",940,226.1345,0.9672,12,42.0,greedy,5,opening,True,81.0,0.0,False
27,16,0,"[[4, 5], [3, 4]]","[3, 4]",540,163.6574,0.9835,12,123.0,greedy,5,opening,False,0.0,0.0,False
27,17,1,"[[2, 3], [4, 5]]","[4, 5]",178,54.0395,0.9565,12,123.0,greedy,5,opening,False,0.0,0.0,False
27,18,0,"[[6, 7], [5, 6]]","[5, 6]",639,173.8689,0.974,12,130.0,greedy,5,opening,False,0.0,0.0,False
27,19,1,"[[4, 5], [6, 7]]","[6, 7]",122,34.5387,0.9702,12,130.0,greedy,5,opening,False,0.0,0.0,False
27,20,0,"[[7, 2], [6, 3]]","[6, 3]",418,105.0677,0.9796,12,142.0,greedy,5,midgame,True,0,0.0,False
27,21,1,"[[5, 0], [7, 2]]","[7, 2]",131,49.9671,0.968,12,142.0,greedy,5,midgame,False,0.0,0.0,False
27,22,0,"[[6, 3], [5, 2]]","[5, 2]",637,162.4062,0.9611,12,154.0,greedy,5,midgame,False,0.0,0.0,False
27,23,1,"[[1, 4], [2, 3]]","[2, 3]",799,183.4884,0.9756,12,154.0,greedy,5,midgame,False,0.0,0.0,True
27,24,0,"[[7, 6], [6, 5]]","[6, 5]",892,212.2011,0.9564,12,154.0,greedy,5,midgame,False,0.0,0.0,False
27,25,1,"[[2, 1], [3, 0]]","[3, 0]",1526,376.7962,0.9627,12,154.0,greedy,5,midgame,False,0.0,0.0,True
27,26,0,"[[5, 2], [4, 3]]","[4, 3]",427,99.8969,0.9792,12,154.0,greedy,5,midgame,False,0.0,0.0,False
27,27,1,"[[2, 3], [3, 4]]","[3, 4]",492,91.3255,0.9867,12,154.0,greedy,5,midgame,False,0.0,0.0,True
27,28,0,"[[4, 3], [2, 5]]","[2, 5]",45,8.2524,0.989,12,154.0,greedy,5,midgame,False,0.0,0.0,False
27,29,1,"[[1, 6], [3, 4]]","[3, 4]",180,31.3888,0.9561,3,154.0,greedy,5,midgame,False,0.0,0.0,False
27,30,0,"[[6, 5], [5, 4]]","[5, 4]",226,52.8314,0.9816,3,229.0,greedy,5,midgame,True,0,0.0,False
27,31,1,"[[6, 7], [7, 6]]","[7, 6]",863,153.0595,0.9766,3,229.0,greedy,5,midgame,False,0.0,0.0,False
27,32,0,"[[5, 4], [4, 3]]","[4, 3]",313,57.3206,0.9809,3,229.0,greedy,5,midgame,False,0.0,0.0,False
27,33,1,"[[3, 4], [5, 2]]","[5, 2]",7,0.6542,0.9983,3,229.0,greedy,5,midgame,False,0.0,0.0,False
27,34,0,"[[7, 4], [6, 5]]","[6, 5]",6,0.5436,0.9993,3,237.0,greedy,5,midgame,False,0.0,0.0,False
27,35,1,"[[7, 6], [5, 4]]","[5, 4]",2,0.1328,0.9995,3,237.0,greedy,5,midgame,True,108.0,0.0,False
28,0,0,"[[6, 1], [5, 0]]","[5, 0]",1373,415.3571,0.9521,0,0,greedy,5,opening,False,0,0.0,False
28,1,1,"[[1, 0], [2, 1]]","[2, 1]",711,223.0194,0.9752,0,0,greedy,5,opening,False,0.0,0.0,True
28,2,0,"[[6, 3], [5, 2]]","[5, 2]",1201,340.5812,0.9633,0,1.0,greedy,5,opening,False,0.0,0.0,False
28,3,1,"[[0, 1], [1, 0]]","[1, 0]",808,284.2314,0.9753,0,1.0,greedy,5,opening,False,0.0,0.0,True
28,4,0,"[[5, 2], [4, 3]]","[4, 3]",1697,531.1248,0.9586,0,1.0,greedy,5,opening,False,0.0,0.0,False
28,5,1,"[[2, 1], [3, 2]]","[3, 2]",455,130.0085,0.9841,0,1.0,greedy,5,opening,True,24.0,0.0,True
28,6,0,"[[4, 3], [2, 1]]","[2, 1]",89,21.7891,0.9783,0,25.0,greedy,5,opening,False,0.0,0.0,False
28,7,1,"[[1, 0], [3, 2]]","[3, 2]",162,35.954,0.9802,12,25.0,greedy,5,opening,False,0.0,0.0,True
28,8,0,"[[5, 0], [4, 1]]","[4, 1]",768,231.693,0.9766,12,34.0,greedy,5,opening,False,0.0,0.0,False
28,9,1,"[[3, 2], [5, 0]]","[5, 0]",178,144.9611,0.9565,12,34.0,greedy,5,opening,False,0.0,0.0,False
28,10,0,"[[7, 0], [6, 1]]","[6, 1]",2950,863.2965,0.8971,12,42.0,greedy,5,opening,True,0,0.0,False
28,11,1,"[[1, 2], [2, 1]]","[2, 1]",964,234.9346,0.9608,12,42.0,greedy,5,opening,False,0.0,0.0,True
28,12,0,"[[6, 5], [5, 4]]","[5, 4]",2006,523.0699,0.9184,12,42.0,greedy,5,opening,False,0.0,0.0,False
28,13,1,"[[0, 3], [1, 2]]","[1, 2]",718,194.1142,0.975,12,42.0,greedy,5,opening,False,0.0,0.0,True
28,14,0,"[[5, 4], [4, 5]]","[4, 5]",780,215.7865,0.9762,12,42.0,greedy,5,opening,False,0.0,0.0,False
28,15,1,"[[1, 2], [2, 3]]","[2, 3]",940,240.0713,0.9672,12,42.0,greedy,5,opening,True,81.0,0.0,False
28,16,0,"[[4, 5], [3, 4]]","[3, 4]",540,142.2138,0.9835,12,123.0,greedy,5,opening,False,0.0,0.0,False
28,17,1,"[[2, 3], [4, 5]]","[4, 5]",178,45.3863,0.9565,12,123.0,greedy,5,opening,False,0.0,0.0,False
28,18,0,"[[6, 7], [5, 6]]","[5, 6]",639,175.0665,0.974,12,130.0,greedy,5,opening,False,0.0,0.0,False
28,19,1,"[[4, 5], [6, 7]]","[6, 7]",122,27.2827,0.9702,12,130.0,greedy,5,opening,False,0.0,0.0,False
28,20,0,"[[7, 2], [6, 3]]","[6, 3]",418,108.8312,0.9796,12,142.0,greedy,5,midgame,True,0,0.0,False
28,21,1,"[[5, 0], [7, 2]]","[7, 2]",131,19.7628,0.968,12,142.0,greedy,5,midgame,False,0.0,0.0,False
28,22,0,"[[6, 3], [5, 2]]","[5, 2]",637,155.7415,0.9611,12,154.0,greedy,5,midgame,False,0.0,0.0,False
28,23,1,"[[1, 4], [2, 3]]","[2, 3]",799,205.9088,0.9756,12,154.0,greedy,5,midgame,False,0.0,0.0,True
28,24,0,"[[7, 6], [6, 5]]","[6, 5]",892,191.4873,0.9564,12,154.0,greedy,5,midgame,False,0.0,0.0,False
28,25,1,"[[2, 1], [3, 0]]","[3, 0]",1526,399.0841,0.9627,12,154.0,greedy,5,midgame,False,0.0,0.0,True
28,26,0,"[[5, 2], [4, 3]]","[4, 3]",427,112.8769,0.9792,12,154.0,greedy,5,midgame,False,0.0,0.0,False
28,27,1,"[[2, 3], [3, 4]]","[3, 4]",492,110.6722,0.9867,12,154.0,greedy,5,midgame,False,0.0,0.0,True
28,28,0,"[[4, 3], [2, 5]]","[2, 5]",45,8.1968,0.989,12,154.0,greedy,5,midgame,False,0.0,0.0,False
28,29,1,"[[1, 6], [3, 4]]","[3, 4]",180,28.4209,0.9561,3,154.0,greedy,5,midgame,False,0.0,0.0,False
28,30,0,"[[6, 5], [5, 4]]","[5, 4]",226,39.386,0.9816,3,229.0,greedy,5,midgame,True,0,0.0,False
28,31,1,"[[6, 7], [7, 6]]","[7, 6]",863,160.1572,0.9766,3,229.0,greedy,5,midgame,False,0.0,0.0,False
28,32,0,"[[5, 4], [4, 3]]","[4, 3]",313,49.8736,0.9809,3,229.0,greedy,5,midgame,False,0.0,0.0,False
28,33,1,"[[3, 4], [5, 2]]","[5, 2]",7,0.6454,0.9983,3,229.0,greedy,5,midgame,False,0.0,0.0,False
28,34,0,"[[7, 4], [6, 5]]","[6, 5]",6,0.5395,0.9993,3,237.0,greedy,5,midgame,False,0.0,0.0,False
28,35,1,"[[7, 6], [5, 4]]","[5, 4]",2,0.1287,0.9995,3,237.0,greedy,5,midgame,True,108.0,0.0,False
29,0,0,"[[6, 1], [5, 0]]","[5, 0]",1373,399.0359,0.9521,0,0,greedy,5,opening,False,0,0.0,False
29,1,1,"[[1, 0], [2, 1]]","[2, 1]",711,238.528,0.9752,0,0,greedy,5,opening,False,0.0,0.0,True
29,2,0,"[[6, 3], [5, 2]]","[5, 2]",1201,362.5333,0.9633,0,1.0,greedy,5,opening,False,0.0,0.0,False
29,3,1,"[[0, 1], [1, 0]]","[1, 0]",808,241.9231,0.9753,0,1.0,greedy,5,opening,False,0.0,0.0,True
29,4,0,"[[5, 2], [4, 3]]","[4, 3]",1697,518.2486,0.9586,0,1.0,greedy,5,opening,False,0.0,0.0,False
29,5,1,"[[2, 1], [3, 2]]","[3, 2]",455,119.2498,0.9841,0,1.0,greedy,5,opening,True,24.0,0.0,True
29,6,0,"[[4, 3], [2, 1]]","[2, 1]",89,32.2082,0.9783,0,25.0,greedy,5,opening,False,0.0,0.0,False
29,7,1,"[[1, 0], [3, 2]]","[3, 2]",162,30.9162,0.9802,12,25.0,greedy,5,opening,False,0.0,0.0,True
29,8,0,"[[5, 0], [4, 1]]","[4, 1]",768,198.4484,0.9766,12,34.0,greedy,5,opening,False,0.0,0.0,False
29,9,1,"[[3, 2], [5, 0]]","[5, 0]",178,46.0746,0.9565,12,34.0,greedy,5,opening,False,0.0,0.0,False
29,10,0,"[[7, 0], [6, 1]]","[6, 1]",2950,791.8718,0.8971,12,42.0,greedy,5,opening,True,0,0.0,False
29,11,1,"[[1, 2], [2, 1]]","[2, 1]",964,247.2453,0.9608,12,42.0,greedy,5,opening,False,0.0,0.0,True
29,12,0,"[[6, 5], [5, 4]]","[5, 4]",2006,593.1427,0.9184,12,42.0,greedy,5,opening,False,0.0,0.0,False
29,13,1,"[[0, 3], [1, 2]]","[1, 2]",718,189.4114,0.975,12,42.0,greedy,5,opening,False,0.0,0.0,True
29,14,0,"[[5, 4], [4, 5]]","[4, 5]",780,221.2479,0.9762,12,42.0,greedy,5,opening,False,0.0,0.0,False
29,15,1,"[[1, 2], [2, 3]]","[2, 3]",940,223.8955,0.9672,12,42.0,greedy,5,opening,True,81.0,0.0,False
29,16,0,"[[4, 5], [3, 4]]","[3, 4]",540,141.8602,0.9835,12,123.0,greedy,5,opening,False,0.0,0.0,False
29,17,1,"[[2, 3], [4, 5]]","[4, 5]",178,56.6692,0.9565,12,123.0,greedy,5,opening,False,0.0,0.0,False
29,18,0,"[[6, 7], [5, 6]]","[5, 6]",639,147.4473,0.974,12,130.0,greedy,5,opening,False,0.0,0.0,False
29,19,1,"[[4, 5], [6, 7]]","[6, 7]",122,23.4954,0.9702,12,130.0,greedy,5,opening,False,0.0,0.0,False
29,20,0,"[[7, 2], [6, 3]]","[6, 3]",418,107.5578,0.9796,12,142.0,greedy,5,midgame,True,0,0.0,False
29,21,1,"[[5, 0], [7, 2]]","[7, 2]",131,21.4076,0.968,12,142.0,greedy,5,midgame,False,0.0,0.0,False
29,22,0,"[[6, 3], [5, 2]]","[5, 2]",637,139.7893,0.9611,12,154.0,greedy,5,midgame,False,0.0,0.0,False
29,23,1,"[[1, 4], [2, 3]]","[2, 3]",799,179.6374,0.9756,12,154.0,greedy,5,midgame,False,0.0,0.0,True
29,24,0,"[[7, 6], [6, 5]]","[6, 5]",892,236.367,0.9564,12,154.0,greedy,5,midgame,False,0.0,0.0,False
29,25,1,"[[2, 1], [3, 0]]","[3, 0]",1526,391.2492,0.9627,12,154.0,greedy,5,midgame,False,0.0,0.0,True
29,26,0,"[[5, 2], [4, 3]]","[4, 3]",427,104.9347,0.9792,12,154.0,greedy,5,midgame,False,0.0,0.0,False
29,27,1,"[[2, 3], [3, 4]]","[3, 4]",492,83.9396,0.9867,12,154.0,greedy,5,midgame,False,0.0,0.0,True
29,28,0,"[[4, 3], [2, 5]]","[2, 5]",45,8.0645,0.989,12,154.0,greedy,5,midgame,False,0.0,0.0,False
29,29,1,"[[1, 6], [3, 4]]","[3, 4]",180,25.043,0.9561,3,154.0,greedy,5,midgame,False,0.0,0.0,False
29,30,0,"[[6, 5], [5, 4]]","[5, 4]",226,44.9305,0.9816,3,229.0,greedy,5,midgame,True,0,0.0,False
29,31,1,"[[6, 7], [7, 6]]","[7, 6]",863,172.5383,0.9766,3,229.0,greedy,5,midgame,False,0.0,0.0,False
29,32,0,"[[5, 4], [4, 3]]","[4, 3]",313,59.9186,0.9809,3,229.0,greedy,5,midgame,False,0.0,0.0,False
29,33,1,"[[3, 4], [5, 2]]","[5, 2]",7,1.2088,0.9983,3,229.0,greedy,5,midgame,False,0.0,0.0,False
29,34,0,"[[7, 4], [6, 5]]","[6, 5]",6,1.0135,0.9993,3,237.0,greedy,5,midgame,False,0.0,0.0,False
29,35,1,"[[7, 6], [5, 4]]","[5, 4]",2,0.2456,0.9995,3,237.0,greedy,5,midgame,True,108.0,0.0,False
30,0,0,"[[6, 1], [5, 0]]","[5, 0]",1373,463.1431,0.9521,0,0,greedy,5,opening,False,0,0.0,False
30,1,1,"[[1, 0], [2, 1]]","[2, 1]",711,193.8269,0.9752,0,0,greedy,5,opening,False,0.0,0.0,True
30,2,0,"[[6, 3], [5, 2]]","[5, 2]",1201,364.2864,0.9633,0,1.0,greedy,5,opening,False,0.0,0.0,False
30,3,1,"[[0, 1], [1, 0]]","[1, 0]",808,259.7637,0.9753,0,1.0,greedy,5,opening,False,0.0,0.0,True
30,4,0,"[[5, 2], [4, 3]]","[4, 3]",1697,529.8102,0.9586,0,1.0,greedy,5,opening,False,0.0,0.0,False
30,5,1,"[[2, 1], [3, 2]]","[3, 2]",455,117.6414,0.9841,0,1.0,greedy,5,opening,True,24.0,0.0,True
30,6,0,"[[4, 3], [2, 1]]","[2, 1]",89,19.1419,0.9783,0,25.0,greedy,5,opening,False,0.0,0.0,False
30,7,1,"[[1, 0], [3, 2]]","[3, 2]",162,33.2398,0.9802,12,25.0,greedy,5,opening,False,0.0,0.0,True
30,8,0,"[[5, 0], [4, 1]]","[4, 1]",768,222.086,0.9766,12,34.0,greedy,5,opening,False,0.0,0.0,False
30,9,1,"[[3, 2], [5, 0]]","[5, 0]",178,39.5124,0.9565,12,34.0,greedy,5,opening,False,0.0,0.0,False
30,10,0,"[[7, 0], [6, 1]]","[6, 1]",2950,823.2992,0.8971,12,42.0,greedy,5,opening,True,0,0.0,False
30,11,1,"[[1, 2], [2, 1]]","[2, 1]",964,246.4769,0.9608,12,42.0,greedy,5,opening,False,0.0,0.0,True
30,12,0,"[[6, 5], [5, 4]]","[5, 4]",2006,565.4316,0.9184,12,42.0,greedy,5,opening,False,0.0,0.0,False
30,13,1,"[[0, 3], [1, 2]]","[1, 2]",718,170.2805,0.975,12,42.0,greedy,5,opening,False,0.0,0.0,True
30,14,0,"[[5, 4], [4, 5]]","[4, 5]",780,263.0999,0.9762,12,42.0,greedy,5,opening,False,0.0,0.0,False
30,15,1,"[[1, 2], [2, 3]]","[2, 3]",940,267.0898,0.9672,12,42.0,greedy,5,opening,True,81.0,0.0,False
30,16,0,"[[4, 5], [3, 4]]","[3, 4]",540,148.9596,0.9835,12,123.0,greedy,5,opening,False,0.0,0.0,False
30,17,1,"[[2, 3], [4, 5]]","[4, 5]",178,35.3229,0.9565,12,123.0,greedy,5,opening,False,0.0,0.0,False
30,18,0,"[[6, 7], [5, 6]]","[5, 6]",639,168.633,0.974,12,130.0,greedy,5,opening,False,0.0,0.0,False
30,19,1,"[[4, 5], [6, 7]]","[6, 7]",122,24.3886,0.9702,12,130.0,greedy,5,opening,False,0.0,0.0,False
30,20,0,"[[7, 2], [6, 3]]","[6, 3]",418,119.2024,0.9796,12,142.0,greedy,5,midgame,True,0,0.0,False
30,21,1,"[[5, 0], [7, 2]]","[7, 2]",131,25.4893,0.968,12,142.0,greedy,5,midgame,False,0.0,0.0,False
30,22,0,"[[6, 3], [5, 2]]","[5, 2]",637,168.3643,0.9611,12,154.0,greedy,5,midgame,False,0.0,0.0,False
30,23,1,"[[1, 4], [2, 3]]","[2, 3]",799,210.1669,0.9756,12,154.0,greedy,5,midgame,False,0.0,0.0,True
30,24,0,"[[7, 6], [6, 5]]","[6, 5]",892,208.3242,0.9564,12,154.0,greedy,5,midgame,False,0.0,0.0,False
30,25,1,"[[2, 1], [3, 0]]","[3, 0]",1526,358.5846,0.9627,12,154.0,greedy,5,midgame,False,0.0,0.0,True
30,26,0,"[[5, 2], [4, 3]]","[4, 3]",427,112.5193,0.9792,12,154.0,greedy,5,midgame,False,0.0,0.0,False
30,27,1,"[[2, 3], [3, 4]]","[3, 4]",492,95.6092,0.9867,12,154.0,greedy,5,midgame,False,0.0,0.0,True
30,28,0,"[[4, 3], [2, 5]]","[2, 5]",45,6.2883,0.989,12,154.0,greedy,5,midgame,False,0.0,0.0,False
30,29,1,"[[1, 6], [3, 4]]","[3, 4]",180,30.0641,0.9561,3,154.0,greedy,5,midgame,False,0.0,0.0,False
30,30,0,"[[6, 5], [5, 4]]","[5, 4]",226,41.9679,0.9816,3,229.0,greedy,5,midgame,True,0,0.0,False
30,31,1,"[[6, 7], [7, 6]]","[7, 6]",863,145.7002,0.9766,3,229.0,greedy,5,midgame,False,0.0,0.0,False
30,32,0,"[[5, 4], [4, 3]]","[4, 3]",313,70.7104,0.9809,3,229.0,greedy,5,midgame,False,0.0,0.0,False
30,33,1,"[[3, 4], [5, 2]]","[5, 2]",7,0.6523,0.9983,3,229.0,greedy,5,midgame,False,0.0,0.0,False
30,34,0,"[[7, 4], [6, 5]]","[6, 5]",6,0.5465,0.9993,3,237.0,greedy,5,midgame,False,0.0,0.0,False
30,35,1,"[[7, 6], [5, 4]]","[5, 4]",2,0.128,0.9995,3,237.0,greedy,5,midgame,True,108.0,0.0,False
31,0,0,"[[6, 1], [5, 0]]","[5, 0]",1373,383.9939,0.9521,0,0,greedy,5,opening,False,0,0.0,False
31,1,1,"[[1, 0], [2, 1]]","[2, 1]",711,220.5217,0.9752,0,0,greedy,5,opening,False,0.0,0.0,True
31,2,0,"[[6, 3], [5, 2]]","[5, 2]",1201,356.046,0.9633,0,1.0,greedy,5,opening,False,0.0,0.0,False
31,3,1,"[[0, 1], [1, 0]]","[1, 0]",808,242.3654,0.9753,0,1.0,greedy,5,opening,False,0.0,0.0,True
31,4,0,"[[5, 2], [4, 3]]","[4, 3]",1697,526.5694,0.9586,0,1.0,greedy,5,opening,False,0.0,0.0,False
31,5,1,"[[2, 1], [3, 2]]","[3, 2]",455,148.7751,0.9841,0,1.0,greedy,5,opening,True,24.0,0.0,True
31,6,0,"[[4, 3], [2, 1]]","[2, 1]",89,29.2904,0.9783,0,25.0,greedy,5,opening,False,0.0,0.0,False
31,7,1,"[[1, 0], [3, 2]]","[3, 2]",162,54.3051,0.9802,12,25.0,greedy,5,opening,False,0.0,0.0,True
31,8,0,"[[5, 0], [4, 1]]","[4, 1]",768,211.7853,0.9766,12,34.0,greedy,5,opening,False,0.0,0.0,False
31,9,1,"[[3, 2], [5, 0]]","[5, 0]",178,45.68,0.9565,12,34.0,greedy,5,opening,False,0.0,0.0,False
31,10,0,"[[7, 0], [6, 1]]","[6, 1]",2950,803.3719,0.8971,12,42.0,greedy,5,opening,True,0,0.0,False
31,11,1,"[[1, 2], [2, 1]]","[2, 1]",964,237.741,0.9608,12,42.0,greedy,5,opening,False,0.0,0.0,True
31,12,0,"[[6, 5], [5, 4]]","[5, 4]",2006,566.7653,0.9184,12,42.0,greedy,5,opening,False,0.0,0.0,False
31,13,1,"[[0, 3], [1, 2]]","[1, 2]",718,179.6699,0.975,12,42.0,greedy,5,opening,False,0.0,0.0,True
31,14,0,"[[5, 4], [4, 5]]","[4, 5]",780,204.5538,0.9762,12,42.0,greedy,5,opening,False,0.0,0.0,False
31,15,1,"[[1, 2], [2, 3]]","[2, 3]",940,277.7889,0.9672,12,42.0,greedy,5,opening,True,81.0,0.0,False
31,16,0,"[[4, 5], [3, 4]]","[3, 4]",540,159.693,0.9835,12,123.0,greedy,5,opening,False,0.0,0.0,False
31,17,1,"[[2, 3], [4, 5]]","[4, 5]",178,37.9639,0.9565,12,123.0,greedy,5,opening,False,0.0,0.0,False
31,18,0,"[[6, 7], [5, 6]]","[5, 6]",639,156.3938,0.974,12,130.0,greedy,5,opening,False,0.0,0.0,False
31,19,1,"[[4, 5], [6, 7]]","[6, 7]",122,27.0185,0.9702,12,130.0,greedy,5,opening,False,0.0,0.0,False
31,20,0,"[[7, 2], [6, 3]]","[6, 3]",418,109.5562,0.9796,12,142.0,greedy,5,midgame,True,0,0.0,False
31,21,1,"[[5, 0], [7, 2]]","[7, 2]",131,20.9053,0.968,12,142.0,greedy,5,midgame,False,0.0,0.0,False
31,22,0,"[[6, 3], [5, 2]]","[5, 2]",637,141.8254,0.9611,12,154.0,greedy,5,midgame,False,0.0,0.0,False
31,23,1,"[[1, 4], [2, 3]]","[2, 3]",799,157.2104,0.9756,12,154.0,greedy,5,midgame,False,0.0,0.0,True
31,24,0,"[[7, 6], [6, 5]]","[6, 5]",892,251.3163,0.9564,12,154.0,greedy,5,midgame,False,0.0,0.0,False
31,25,1,"[[2, 1], [3, 0]]","[3, 0]",1526,408.2119,0.9627,12,154.0,greedy,5,midgame,False,0.0,0.0,True
31,26,0,"[[5, 2], [4, 3]]","[4, 3]",427,133.4002,0.9792,12,154.0,greedy,5,midgame,False,0.0,0.0,False
31,27,1,"[[2, 3], [3, 4]]","[3, 4]",492,131.2563,0.9867,12,154.0,greedy,5,midgame,False,0.0,0.0,True
31,28,0,"[[4, 3], [2, 5]]","[2, 5]",45,10.3459,0.989,12,154.0,greedy,5,midgame,False,0.0,0.0,False
31,29,1,"[[1, 6], [3, 4]]","[3, 4]",180,28.6098,0.9561,3,154.0,greedy,5,midgame,False,0.0,0.0,False
31,30,0,"[[6, 5], [5, 4]]","[5, 4]",226,69.8044,0.9816,3,229.0,greedy,5,midgame,True,0,0.0,False
31,31,1,"[[6, 7], [7, 6]]","[7, 6]",863,180.2495,0.9766,3,229.0,greedy,5,midgame,False,0.0,0.0,False
31,32,0,"[[5, 4], [4, 3]]","[4, 3]",313,70.3707,0.9809,3,229.0,greedy,5,midgame,False,0.0,0.0,False
31,33,1,"[[3, 4], [5, 2]]","[5, 2]",7,0.6509,0.9983,3,229.0,greedy,5,midgame,False,0.0,0.0,False
31,34,0,"[[7, 4], [6, 5]]","[6, 5]",6,0.5455,0.9993,3,237.0,greedy,5,midgame,False,0.0,0.0,False
31,35,1,"[[7, 6], [5, 4]]","[5, 4]",2,0.1285,0.9995,3,237.0,greedy,5,midgame,True,108.0,0.0,False
32,0,0,"[[6, 1], [5, 0]]","[5, 0]",1373,408.586,0.9521,0,0,greedy,5,opening,False,0,0.0,False
32,1,1,"[[1, 0], [2, 1]]","[2, 1]",711,193.6197,0.9752,0,0,greedy,5,opening,False,0.0,0.0,True
32,2,0,"[[6, 3], [5, 2]]","[5, 2]",1201,377.2438,0.9633,0,1.0,greedy,5,opening,False,0.0,0.0,False
32,3,1,"[[0, 1], [1, 0]]","[1, 0]",808,237.9737,0.9753,0,1.0,greedy,5,opening,False,0.0,0.0,True
32,4,0,"[[5, 2], [4, 3]]","[4, 3]",1697,542.9964,0.9586,0,1.0,greedy,5,opening,False,0.0,0.0,False
32,5,1,"[[2, 1], [3, 2]]","[3, 2]",455,132.4532,0.9841,0,1.0,greedy,5,opening,True,24.0,0.0,True
32,6,0,"[[4, 3], [2, 1]]","[2, 1]",89,26.7618,0.9783,0,25.0,greedy,5,opening,False,0.0,0.0,False
32,7,1,"[[1, 0], [3, 2]]","[3, 2]",162,40.0698,0.9802,12,25.0,greedy,5,opening,False,0.0,0.0,True
32,8,0,"[[5, 0], [4, 1]]","[4, 1]",768,220.7334,0.9766,12,34.0,greedy,5,opening,False,0.0,0.0,False
32,9,1,"[[3, 2], [5, 0]]","[5, 0]",178,51.4772,0.9565,12,34.0,greedy,5,opening,False,0.0,0.0,False
32,10,0,"[[7, 0], [6, 1]]","[6, 1]",2950,813.6711,0.8971,12,42.0,greedy,5,opening,True,0,0.0,False
32,11,1,"[[1, 2], [2, 1]]","[2, 1]",964,223.1987,0.9608,12,42.0,greedy,5,opening,False,0.0,0.0,True
32,12,0,"[[6, 5], [5, 4]]","[5, 4]",2006,551.3434,0.9184,12,42.0,greedy,5,opening,False,0.0,0.0,False
32,13,1,"[[0, 3], [1, 2]]","[1, 2]",718,196.3301,0.975,12,42.0,greedy,5,opening,False,0.0,0.0,True
32,14,0,"[[5, 4], [4, 5]]","[4, 5]",780,207.8319,0.9762,12,42.0,greedy,5,opening,False,0.0,0.0,False
32,15,1,"[[1, 2], [2, 3]]","[2, 3]",940,241.5807,0.9672,12,42.0,greedy,5,opening,True,81.0,0.0,False
32,16,0,"[[4, 5], [3, 4]]","[3, 4]",540,170.7287,0.9835,12,123.0,greedy,5,opening,False,0.0,0.0,False
32,17,1,"[[2, 3], [4, 5]]","[4, 5]",178,46.6189,0.9565,12,123.0,greedy,5,opening,False,0.0,0.0,False
32,18,0,"[[6, 7], [5, 6]]","[5, 6]",639,157.2857,0.974,12,130.0,greedy,5,opening,False,0.0,0.0,False
32,19,1,"[[4, 5], [6, 7]]","[6, 7]",122,32.2678,0.9702,12,130.0,greedy,5,opening,False,0.0,0.0,False
32,20,0,"[[7, 2], [6, 3]]","[6, 3]",418,106.1816,0.9796,12,142.0,greedy,5,midgame,True,0,0.0,False
32,21,1,"[[5, 0], [7, 2]]","[7, 2]",131,30.1588,0.968,12,142.0,greedy,5,midgame,False,0.0,0.0,False
32,22,0,"[[6, 3], [5, 2]]","[5, 2]",637,153.0569,0.9611,12,154.0,greedy,5,midgame,False,0.0,0.0,False
32,23,1,"[[1, 4], [2, 3]]","[2, 3]",799,189.2729,0.9756,12,154.0,greedy,5,midgame,False,0.0,0.0,True
32,24,0,"[[7, 6], [6, 5]]","[6, 5]",892,211.4086,0.9564,12,154.0,greedy,5,midgame,False,0.0,0.0,False
32,25,1,"[[2, 1], [3, 0]]","[3, 0]",1526,386.6482,0.9627,12,154.0,greedy,5,midgame,False,0.0,0.0,True
32,26,0,"[[5, 2], [4, 3]]","[4, 3]",427,109.9837,0.9792,12,154.0,greedy,5,midgame,False,0.0,0.0,False
32,27,1,"[[2, 3], [3, 4]]","[3, 4]",492,98.3465,0.9867,12,154.0,greedy,5,midgame,False,0.0,0.0,True
32,28,0,"[[4, 3], [2, 5]]","[2, 5]",45,10.7958,0.989,12,154.0,greedy,5,midgame,False,0.0,0.0,False
32,29,1,"[[1, 6], [3, 4]]","[3, 4]",180,24.277,0.9561,3,154.0,greedy,5,midgame,False,0.0,0.0,False
32,30,0,"[[6, 5], [5, 4]]","[5, 4]",226,39.6888,0.9816,3,229.0,greedy,5,midgame,True,0,0.0,False
32,31,1,"[[6, 7], [7, 6]]","[7, 6]",863,145.7121,0.9766,3,229.0,greedy,5,midgame,False,0.0,0.0,False
32,32,0,"[[5, 4], [4, 3]]","[4, 3]",313,63.1063,0.9809,3,229.0,greedy,5,midgame,False,0.0,0.0,False
32,33,1,"[[3, 4], [5, 2]]","[5, 2]",7,0.6456,0.9983,3,229.0,greedy,5,midgame,False,0.0,0.0,False
32,34,0,"[[7, 4], [6, 5]]","[6, 5]",6,0.5414,0.9993,3,237.0,greedy,5,midgame,False,0.0,0.0,False
32,35,1,"[[7, 6], [5, 4]]","[5, 4]",2,0.1292,0.9995,3,237.0,greedy,5,midgame,True,108.0,0.0,False
33,0,0,"[[6, 1], [5, 0]]","[5, 0]",1373,418.9618,0.9521,0,0,greedy,5,opening,False,0,0.0,False
33,1,1,"[[1, 0], [2, 1]]","[2, 1]",711,211.7133,0.9752,0,0,greedy,5,opening,False,0.0,0.0,True
33,2,0,"[[6, 3], [5, 2]]","[5, 2]",1201,386.9493,0.9633,0,1.0,greedy,5,opening,False,0.0,0.0,False
33,3,1,"[[0, 1], [1, 0]]","[1, 0]",808,255.3291,0.9753,0,1.0,greedy,5,opening,False,0.0,0.0,True
33,4,0,"[[5, 2], [4, 3]]","[4, 3]",1697,552.2923,0.9586,0,1.0,greedy,5,opening,False,0.0,0.0,False
33,5,1,"[[2, 1], [3, 2]]","[3, 2]",455,138.4614,0.9841,0,1.0,greedy,5,opening,True,24.0,0.0,True
33,6,0,"[[4, 3], [2, 1]]","[2, 1]",89,17.8857,0.9783,0,25.0,greedy,5,opening,False,0.0,0.0,False
33,7,1,"[[1, 0], [3, 2]]","[3, 2]",162,35.6371,0.9802,12,25.0,greedy,5,opening,False,0.0,0.0,True
33,8,0,"[[5, 0], [4, 1]]","[4, 1]",768,223.0942,0.9766,12,34.0,greedy,5,opening,False,0.0,0.0,False
33,9,1,"[[3, 2], [5, 0]]","[5, 0]",178,47.0064,0.9565,12,34.0,greedy,5,opening,False,0.0,0.0,False
33,10,0,"[[7, 0], [6, 1]]","[6, 1]",2950,772.3057,0.8971,12,42.0,greedy,5,opening,True,0,0.0,False
33,11,1,"[[1, 2], [2, 1]]","[2, 1]",964,239.0096,0.9608,12,42.0,greedy,5,opening,False,0.0,0.0,True
33,12,0,"[[6, 5], [5, 4]]","[5, 4]",2006,537.4477,0.9184,12,42.0,greedy,5,opening,False,0.0,0.0,False
33,13,1,"[[0, 3], [1, 2]]","[1, 2]",718,195.014,0.975,12,42.0,greedy,5,opening,False,0.0,0.0,True
33,14,0,"[[5, 4], [4, 5]]","[4, 5]",780,214.2806,0.9762,12,42.0,greedy,5,opening,False,0.0,0.0,False
33,15,1,"[[1, 2], [2, 3]]","[2, 3]",940,270.5808,0.9672,12,42.0,greedy,5,opening,True,81.0,0.0,False
33,16,0,"[[4, 5], [3, 4]]","[3, 4]",540,153.8713,0.9835,12,123.0,greedy,5,opening,False,0.0,0.0,False
33,17,1,"[[2, 3], [4, 5]]","[4, 5]",178,49.6562,0.9565,12,123.0,greedy,5,opening,False,0.0,0.0,False
33,18,0,"[[6, 7], [5, 6]]","[5, 6]",639,144.8901,0.974,12,130.0,greedy,5,opening,False,0.0,0.0,False
33,19,1,"[[4, 5], [6, 7]]","[6, 7]",122,39.4073,0.9702,12,130.0,greedy,5,opening,False,0.0,0.0,False
33,20,0,"[[7, 2], [6, 3]]","[6, 3]",418,101.5711,0.9796,12,142.0,greedy,5,midgame,True,0,0.0,False
33,21,1,"[[5, 0], [7, 2]]","[7, 2]",131,25.0916,0.968,12,142.0,greedy,5,midgame,False,0.0,0.0,False
33,22,0,"[[6, 3], [5, 2]]","[5, 2]",637,157.8519,0.9611,12,154.0,greedy,5,midgame,False,0.0,0.0,False
33,23,1,"[[1, 4], [2, 3]]","[2, 3]",799,209.6486,0.9756,12,154.0,greedy,5,midgame,False,0.0,0.0,True
33,24,0,"[[7, 6], [6, 5]]","[6, 5]",892,207.1495,0.9564,12,154.0,greedy,5,midgame,False,0.0,0.0,False
33,25,1,"[[2, 1], [3, 0]]","[3, 0]",1526,369.5729,0.9627,12,154.0,greedy,5,midgame,False,0.0,0.0,True
33,26,0,"[[5, 2], [4, 3]]","[4, 3]",427,84.8331,0.9792,12,154.0,greedy,5,midgame,False,0.0,0.0,False
33,27,1,"[[2, 3], [3, 4]]","[3, 4]",492,85.4013,0.9867,12,154.0,greedy,5,midgame,False,0.0,0.0,True
33,28,0,"[[4, 3], [2, 5]]","[2, 5]",45,7.9603,0.989,12,154.0,greedy,5,midgame,False,0.0,0.0,False
33,29,1,"[[1, 6], [3, 4]]","[3, 4]",180,29.5489,0.9561,3,154.0,greedy,5,midgame,False,0.0,0.0,False
33,30,0,"[[6, 5], [5, 4]]","[5, 4]",226,39.1328,0.9816,3,229.0,greedy,5,midgame,True,0,0.0,False
33,31,1,"[[6, 7], [7, 6]]","[7, 6]",863,165.6187,0.9766,3,229.0,greedy,5,midgame,False,0.0,0.0,False
33,32,0,"[[5, 4], [4, 3]]","[4, 3]",313,71.6031,0.9809,3,229.0,greedy,5,midgame,False,0.0,0.0,False
33,33,1,"[[3, 4], [5, 2]]","[5, 2]",7,0.6633,0.9983,3,229.0,greedy,5,midgame,False,0.0,0.0,False
33,34,0,"[[7, 4], [6, 5]]","[6, 5]",6,0.5457,0.9993,3,237.0,greedy,5,midgame,False,0.0,0.0,False
33,35,1,"[[7, 6], [5, 4]]","[5, 4]",2,0.1302,0.9995,3,237.0,greedy,5,midgame,True,108.0,0.0,False
34,0,0,"[[6, 1], [5, 0]]","[5, 0]",1373,391.4683,0.9521,0,0,greedy,5,opening,False,0,0.0,False
34,1,1,"[[1, 0], [2, 1]]","[2, 1]",711,218.6499,0.9752,0,0,greedy,5,opening,False,0.0,0.0,True
34,2,0,"[[6, 3], [5, 2]]","[5, 2]",1201,417.5987,0.9633,0,1.0,greedy,5,opening,False,0.0,0.0,False
34,3,1,"[[0, 1], [1, 0]]","[1, 0]",808,283.699,0.9753,0,1.0,greedy,5,opening,False,0.0,0.0,True
34,4,0,"[[5, 2], [4, 3]]","[4, 3]",1697,531.5471,0.9586,0,1.0,greedy,5,opening,False,0.0,0.0,False
34,5,1,"[[2, 1], [3, 2]]","[3, 2]",455,137.0747,0.9841,0,1.0,greedy,5,opening,True,24.0,0.0,True
34,6,0,"[[4, 3], [2, 1]]","[2, 1]",89,23.1824,0.9783,0,25.0,greedy,5,opening,False,0.0,0.0,False
34,7,1,"[[1, 0], [3, 2]]","[3, 2]",162,37.3709,0.9802,12,25.0,greedy,5,opening,False,0.0,0.0,True
34,8,0,"[[5, 0], [4, 1]]","[4, 1]",768,204.4659,0.9766,12,34.0,greedy,5,opening,False,0.0,0.0,False
34,9,1,"[[3, 2], [5, 0]]","[5, 0]",178,48.3835,0.9565,12,34.0,greedy,5,opening,False,0.0,0.0,False
34,10,0,"[[7, 0], [6, 1]]","[6, 1]",2950,821.6946,0.8971,12,42.0,greedy,5,opening,True,0,0.0,False
34,11,1,"[[1, 2], [2, 1]]","[2, 1]",964,223.7275,0.9608,12,42.0,greedy,5,opening,False,0.0,0.0,True
34,12,0,"[[6, 5], [5, 4]]","[5, 4]",2006,569.7997,0.9184,12,42.0,greedy,5,opening,False,0.0,0.0,False
34,13,1,"[[0, 3], [1, 2]]","[1, 2]",718,185.9012,0.975,12,42.0,greedy,5,opening,False,0.0,0.0,True
34,14,0,"[[5, 4], [4, 5]]","[4, 5]",780,206.7993,0.9762,12,42.0,greedy,5,opening,False,0.0,0.0,False
34,15,1,"[[1, 2], [2, 3]]","[2, 3]",940,226.6397,0.9672,12,42.0,greedy,5,opening,True,81.0,0.0,False
34,16,0,"[[4, 5], [3, 4]]","[3, 4]",540,160.0273,0.9835,12,123.0,greedy,5,opening,False,0.0,0.0,False
34,17,1,"[[2, 3], [4, 5]]","[4, 5]",178,52.0101,0.9565,12,123.0,greedy,5,opening,False,0.0,0.0,False
34,18,0,"[[6, 7], [5, 6]]","[5, 6]",639,189.7333,0.974,12,130.0,greedy,5,opening,False,0.0,0.0,False
34,19,1,"[[4, 5], [6, 7]]","[6, 7]",122,20.0157,0.9702,12,130.0,greedy,5,opening,False,0.0,0.0,False
34,20,0,"[[7, 2], [6, 3]]","[6, 3]",418,92.1526,0.9796,12,142.0,greedy,5,midgame,True,0,0.0,False
34,21,1,"[[5, 0], [7, 2]]","[7, 2]",131,36.7651,0.968,12,142.0,greedy,5,midgame,False,0.0,0.0,False
34,22,0,"[[6, 3], [5, 2]]","[5, 2]",637,144.6874,0.9611,12,154.0,greedy,5,midgame,False,0.0,0.0,False
34,23,1,"[[1, 4], [2, 3]]","[2, 3]",799,193.9132,0.9756,12,154.0,greedy,5,midgame,False,0.0,0.0,True
34,24,0,"[[7, 6], [6, 5]]","[6, 5]",892,227.5846,0.9564,12,154.0,greedy,5,midgame,False,0.0,0.0,False
34,25,1,"[[2, 1], [3, 0]]","[3, 0]",1526,408.35,0.9627,12,154.0,greedy,5,midgame,False,0.0,0.0,True
34,26,0,"[[5, 2], [4, 3]]","[4, 3]",427,90.271,0.9792,12,154.0,greedy,5,midgame,False,0.0,0.0,False
34,27,1,"[[2, 3], [3, 4]]","[3, 4]",492,96.6401,0.9867,12,154.0,greedy,5,midgame,False,0.0,0.0,True
34,28,0,"[[4, 3], [2, 5]]","[2, 5]",45,11.4353,0.989,12,154.0,greedy,5,midgame,False,0.0,0.0,False
34,29,1,"[[1, 6], [3, 4]]","[3, 4]",180,33.0138,0.9561,3,154.0,greedy,5,midgame,False,0.0,0.0,False
34,30,0,"[[6, 5], [5, 4]]","[5, 4]",226,48.017,0.9816,3,229.0,greedy,5,midgame,True,0,0.0,False
34,31,1,"[[6, 7], [7, 6]]","[7, 6]",863,152.3561,0.9766,3,229.0,greedy,5,midgame,False,0.0,0.0,False
34,32,0,"[[5, 4], [4, 3]]","[4, 3]",313,74.1916,0.9809,3,229.0,greedy,5,midgame,False,0.0,0.0,False
34,33,1,"[[3, 4], [5, 2]]","[5, 2]",7,1.2059,0.9983,3,229.0,greedy,5,midgame,False,0.0,0.0,False
34,34,0,"[[7, 4], [6, 5]]","[6, 5]",6,0.5467,0.9993,3,237.0,greedy,5,midgame,False,0.0,0.0,False
34,35,1,"[[7, 6], [5, 4]]","[5, 4]",2,0.2458,0.9995,3,237.0,greedy,5,midgame,True,108.0,0.0,False
35,0,0,"[[6, 1], [5, 0]]","[5, 0]",1373,423.9864,0.9521,0,0,greedy,5,opening,False,0,0.0,False
35,1,1,"[[1, 0], [2, 1]]","[2, 1]",711,229.5237,0.9752,0,0,greedy,5,opening,False,0.0,0.0,True
35,2,0,"[[6, 3], [5, 2]]","[5, 2]",1201,383.945,0.9633,0,1.0,greedy,5,opening,False,0.0,0.0,False
35,3,1,"[[0, 1], [1, 0]]","[1, 0]",808,263.4232,0.9753,0,1.0,greedy,5,opening,False,0.0,0.0,True
35,4,0,"[[5, 2], [4, 3]]","[4, 3]",1697,535.1253,0.9586,0,1.0,greedy,5,opening,False,0.0,0.0,False
35,5,1,"[[2, 1], [3, 2]]","[3, 2]",455,148.1991,0.9841,0,1.0,greedy,5,opening,True,24.0,0.0,True
35,6,0,"[[4, 3], [2, 1]]","[2, 1]",89,20.6378,0.9783,0,25.0,greedy,5,opening,False,0.0,0.0,False
35,7,1,"[[1, 0], [3, 2]]","[3, 2]",162,38.7728,0.9802,12,25.0,greedy,5,opening,False,0.0,0.0,True
35,8,0,"[[5, 0], [4, 1]]","[4, 1]",768,211.4389,0.9766,12,34.0,greedy,5,opening,False,0.0,0.0,False
35,9,1,"[[3, 2], [5, 0]]","[5, 0]",178,39.8052,0.9565,12,34.0,greedy,5,opening,False,0.0,0.0,False
35,10,0,"[[7, 0], [6, 1]]","[6, 1]",2950,824.9738,0.8971,12,42.0,greedy,5,opening,True,0,0.0,False
35,11,1,"[[1, 2], [2, 1]]","[2, 1]",964,255.8091,0.9608,12,42.0,greedy,5,opening,False,0.0,0.0,True
35,12,0,"[[6, 5], [5, 4]]","[5, 4]",2006,523.2468,0.9184,12,42.0,greedy,5,opening,False,0.0,0.0,False
35,13,1,"[[0, 3], [1, 2]]","[1, 2]",718,183.0344,0.975,12,42.0,greedy,5,opening,False,0.0,0.0,True
35,14,0,"[[5, 4], [4, 5]]","[4, 5]",780,249.2707,0.9762,12,42.0,greedy,5,opening,False,0.0,0.0,False
35,15,1,"[[1, 2], [2, 3]]","[2, 3]",940,230.0353,0.9672,12,42.0,greedy,5,opening,True,81.0,0.0,False
35,16,0,"[[4, 5], [3, 4]]","[3, 4]",540,164.4444,0.9835,12,123.0,greedy,5,opening,False,0.0,0.0,False
35,17,1,"[[2, 3], [4, 5]]","[4, 5]",178,43.1764,0.9565,12,123.0,greedy,5,opening,False,0.0,0.0,False
35,18,0,"[[6, 7], [5, 6]]","[5, 6]",639,167.7861,0.974,12,130.0,greedy,5,opening,False,0.0,0.0,False
35,19,1,"[[4, 5], [6, 7]]","[6, 7]",122,25.794,0.9702,12,130.0,greedy,5,opening,False,0.0,0.0,False
35,20,0,"[[7, 2], [6, 3]]","[6, 3]",418,100.4081,0.9796,12,142.0,greedy,5,midgame,True,0,0.0,False
35,21,1,"[[5, 0], [7, 2]]","[7, 2]",131,32.4981,0.968,12,142.0,greedy,5,midgame,False,0.0,0.0,False
35,22,0,"[[6, 3], [5, 2]]","[5, 2]",637,173.7213,0.9611,12,154.0,greedy,5,midgame,False,0.0,0.0,False
35,23,1,"[[1, 4], [2, 3]]","[2, 3]",799,205.8599,0.9756,12,154.0,greedy,5,midgame,False,0.0,0.0,True
35,24,0,"[[7, 6], [6, 5]]","[6, 5]",892,207.5377,0.9564,12,154.0,greedy,5,midgame,False,0.0,0.0,False
35,25,1,"[[2, 1], [3, 0]]","[3, 0]",1526,361.1052,0.9627,12,154.0,greedy,5,midgame,False,0.0,0.0,True
35,26,0,"[[5, 2], [4, 3]]","[4, 3]",427,110.2672,0.9792,12,154.0,greedy,5,midgame,False,0.0,0.0,False
35,27,1,"[[2, 3], [3, 4]]","[3, 4]",492,115.4895,0.9867,12,154.0,greedy,5,midgame,False,0.0,0.0,True
35,28,0,"[[4, 3], [2, 5]]","[2, 5]",45,6.7985,0.989,12,154.0,greedy,5,midgame,False,0.0,0.0,False
35,29,1,"[[1, 6], [3, 4]]","[3, 4]",180,40.1447,0.9561,3,154.0,greedy,5,midgame,False,0.0,0.0,False
35,30,0,"[[6, 5], [5, 4]]","[5, 4]",226,46.9077,0.9816,3,229.0,greedy,5,midgame,True,0,0.0,False
35,31,1,"[[6, 7], [7, 6]]","[7, 6]",863,147.9542,0.9766,3,229.0,greedy,5,midgame,False,0.0,0.0,False
35,32,0,"[[5, 4], [4, 3]]","[4, 3]",313,50.6234,0.9809,3,229.0,greedy,5,midgame,False,0.0,0.0,False
35,33,1,"[[3, 4], [5, 2]]","[5, 2]",7,0.6497,0.9983,3,229.0,greedy,5,midgame,False,0.0,0.0,False
35,34,0,"[[7, 4], [6, 5]]","[6, 5]",6,0.6452,0.9993,3,237.0,greedy,5,midgame,False,0.0,0.0,False
35,35,1,"[[7, 6], [5, 4]]","[5, 4]",2,0.2346,0.9995,3,237.0,greedy,5,midgame,True,108.0,0.0,False
36,0,0,"[[6, 1], [5, 0]]","[5, 0]",1373,417.3613,0.9521,0,0,greedy,5,opening,False,0,0.0,False
36,1,1,"[[1, 0], [2, 1]]","[2, 1]",711,218.8056,0.9752,0,0,greedy,5,opening,False,0.0,0.0,True
36,2,0,"[[6, 3], [5, 2]]","[5, 2]",1201,385.6945,0.9633,0,1.0,greedy,5,opening,False,0.0,0.0,False
36,3,1,"[[0, 1], [1, 0]]","[1, 0]",808,233.953,0.9753,0,1.0,greedy,5,opening,False,0.0,0.0,True
36,4,0,"[[5, 2], [4, 3]]","[4, 3]",1697,574.5909,0.9586,0,1.0,greedy,5,opening,False,0.0,0.0,False
36,5,1,"[[2, 1], [3, 2]]","[3, 2]",455,122.6327,0.9841,0,1.0,greedy,5,opening,True,24.0,0.0,True
36,6,0,"[[4, 3], [2, 1]]","[2, 1]",89,27.2434,0.9783,0,25.0,greedy,5,opening,False,0.0,0.0,False
36,7,1,"[[1, 0], [3, 2]]","[3, 2]",162,34.3285,0.9802,12,25.0,greedy,5,opening,False,0.0,0.0,True
36,8,0,"[[5, 0], [4, 1]]","[4, 1]",768,219.491,0.9766,12,34.0,greedy,5,opening,False,0.0,0.0,False
36,9,1,"[[3, 2], [5, 0]]","[5, 0]",178,50.6523,0.9565,12,34.0,greedy,5,opening,False,0.0,0.0,False
36,10,0,"[[7, 0], [6, 1]]","[6, 1]",2950,838.4838,0.8971,12,42.0,greedy,5,opening,True,0,0.0,False
36,11,1,"[[1, 2], [2, 1]]","[2, 1]",964,238.2762,0.9608,12,42.0,greedy,5,opening,False,0.0,0.0,True
36,12,0,"[[6, 5], [5, 4]]","[5, 4]",2006,568.4078,0.9184,12,42.0,greedy,5,opening,False,0.0,0.0,False
36,13,1,"[[0, 3], [1, 2]]","[1, 2]",718,192.4901,0.975,12,42.0,greedy,5,opening,False,0.0,0.0,True
36,14,0,"[[5, 4], [4, 5]]","[4, 5]",780,219.6176,0.9762,12,42.0,greedy,5,opening,False,0.0,0.0,False
36,15,1,"[[1, 2], [2, 3]]","[2, 3]",940,232.327,0.9672,12,42.0,greedy,5,opening,True,81.0,0.0,False
36,16,0,"[[4, 5], [3, 4]]","[3, 4]",540,174.6781,0.9835,12,123.0,greedy,5,opening,False,0.0,0.0,False
36,17,1,"[[2, 3], [4, 5]]","[4, 5]",178,46.6785,0.9565,12,123.0,greedy,5,opening,False,0.0,0.0,False
36,18,0,"[[6, 7], [5, 6]]","[5, 6]",639,154.8142,0.974,12,130.0,greedy,5,opening,False,0.0,0.0,False
36,19,1,"[[4, 5], [6, 7]]","[6, 7]",122,27.5347,0.9702,12,130.0,greedy,5,opening,False,0.0,0.0,False
36,20,0,"[[7, 2], [6, 3]]","[6, 3]",418,99.2742,0.9796,12,142.0,greedy,5,midgame,True,0,0.0,False
36,21,1,"[[5, 0], [7, 2]]","[7, 2]",131,21.9805,0.968,12,142.0,greedy,5,midgame,False,0.0,0.0,False
36,22,0,"[[6, 3], [5, 2]]","[5, 2]",637,152.5631,0.9611,12,154.0,greedy,5,midgame,False,0.0,0.0,False
36,23,1,"[[1, 4], [2, 3]]","[2, 3]",799,209.132,0.9756,12,154.0,greedy,5,midgame,False,0.0,0.0,True
36,24,0,"[[7, 6], [6, 5]]","[6, 5]",892,219.059,0.9564,12,154.0,greedy,5,midgame,False,0.0,0.0,False
36,25,1,"[[2, 1], [3, 0]]","[3, 0]",1526,362.1268,0.9627,12,154.0,greedy,5,midgame,False,0.0,0.0,True
36,26,0,"[[5, 2], [4, 3]]","[4, 3]",427,112.3567,0.9792,12,154.0,greedy,5,midgame,False,0.0,0.0,False
36,27,1,"[[2, 3], [3, 4]]","[3, 4]",492,91.7447,0.9867,12,154.0,greedy,5,midgame,False,0.0,0.0,True
36,28,0,"[[4, 3], [2, 5]]","[2, 5]",45,9.0413,0.989,12,154.0,greedy,5,midgame,False,0.0,0.0,False
36,29,1,"[[1, 6], [3, 4]]","[3, 4]",180,30.2041,0.9561,3,154.0,greedy,5,midgame,False,0.0,0.0,False
36,30,0,"[[6, 5], [5, 4]]","[5, 4]",226,42.8619,0.9816,3,229.0,greedy,5,midgame,True,0,0.0,False
36,31,1,"[[6, 7], [7, 6]]","[7, 6]",863,149.5659,0.9766,3,229.0,greedy,5,midgame,False,0.0,0.0,False
36,32,0,"[[5, 4], [4, 3]]","[4, 3]",313,59.2427,0.9809,3,229.0,greedy,5,midgame,False,0.0,0.0,False
36,33,1,"[[3, 4], [5, 2]]","[5, 2]",7,1.2193,0.9983,3,229.0,greedy,5,midgame,False,0.0,0.0,False
36,34,0,"[[7, 4], [6, 5]]","[6, 5]",6,1.019,0.9993,3,237.0,greedy,5,midgame,False,0.0,0.0,False
36,35,1,"[[7, 6], [5, 4]]","[5, 4]",2,0.2465,0.9995,3,237.0,greedy,5,midgame,True,108.0,0.0,False
37,0,0,"[[6, 1], [5, 0]]","[5, 0]",1373,379.6659,0.9521,0,0,greedy,5,opening,False,0,0.0,False
37,1,1,"[[1, 0], [2, 1]]","[2, 1]",711,188.472,0.9752,0,0,greedy,5,opening,False,0.0,0.0,True
37,2,0,"[[6, 3], [5, 2]]","[5, 2]",1201,388.685,0.9633,0,1.0,greedy,5,opening,False,0.0,0.0,False
37,3,1,"[[0, 1], [1, 0]]","[1, 0]",808,288.9726,0.9753,0,1.0,greedy,5,opening,False,0.0,0.0,True
37,4,0,"[[5, 2], [4, 3]]","[4, 3]",1697,524.7512,0.9586,0,1.0,greedy,5,opening,False,0.0,0.0,False
37,5,1,"[[2, 1], [3, 2]]","[3, 2]",455,126.3349,0.9841,0,1.0,greedy,5,opening,True,24.0,0.0,True
37,6,0,"[[4, 3], [2, 1]]","[2, 1]",89,26.8888,0.9783,0,25.0,greedy,5,opening,False,0.0,0.0,False
37,7,1,"[[1, 0], [3, 2]]","[3, 2]",162,43.2503,0.9802,12,25.0,greedy,5,opening,False,0.0,0.0,True
37,8,0,"[[5, 0], [4, 1]]","[4, 1]",768,201.0143,0.9766,12,34.0,greedy,5,opening,False,0.0,0.0,False
37,9,1,"[[3, 2], [5, 0]]","[5, 0]",178,40.0982,0.9565,12,34.0,greedy,5,opening,False,0.0,0.0,False
37,10,0,"[[7, 0], [6, 1]]","[6, 1]",2950,793.2467,0.8971,12,42.0,greedy,5,opening,True,0,0.0,False
37,11,1,"[[1, 2], [2, 1]]","[2, 1]",964,263.7844,0.9608,12,42.0,greedy,5,opening,False,0.0,0.0,True
37,12,0,"[[6, 5], [5, 4]]","[5, 4]",2006,588.5665,0.9184,12,42.0,greedy,5,opening,False,0.0,0.0,False
37,13,1,"[[0, 3], [1, 2]]","[1, 2]",718,202.8465,0.975,12,42.0,greedy,5,opening,False,0.0,0.0,True
37,14,0,"[[5, 4], [4, 5]]","[4, 5]",780,243.7115,0.9762,12,42.0,greedy,5,opening,False,0.0,0.0,False
37,15,1,"[[1, 2], [2, 3]]","[2, 3]",940,256.3152,0.9672,12,42.0,greedy,5,opening,True,81.0,0.0,False
37,16,0,"[[4, 5], [3, 4]]","[3, 4]",540,130.0786,0.9835,12,123.0,greedy,5,opening,False,0.0,0.0,False
37,17,1,"[[2, 3], [4, 5]]","[4, 5]",178,41.4557,0.9565,12,123.0,greedy,5,opening,False,0.0,0.0,False
37,18,0,"[[6, 7], [5, 6]]","[5, 6]",639,190.5148,0.974,12,130.0,greedy,5,opening,False,0.0,0.0,False
37,19,1,"[[4, 5], [6, 7]]","[6, 7]",122,20.4885,0.9702,12,130.0,greedy,5,opening,False,0.0,0.0,False
37,20,0,"[[7, 2], [6, 3]]","[6, 3]",418,118.8717,0.9796,12,142.0,greedy,5,midgame,True,0,0.0,False
37,21,1,"[[5, 0], [7, 2]]","[7, 2]",131,32.1243,0.968,12,142.0,greedy,5,midgame,False,0.0,0.0,False
37,22,0,"[[6, 3], [5, 2]]","[5, 2]",637,147.0575,0.9611,12,154.0,greedy,5,midgame,False,0.0,0.0,False
37,23,1,"[[1, 4], [2, 3]]","[2, 3]",799,197.5627,0.9756,12,154.0,greedy,5,midgame,False,0.0,0.0,True
37,24,0,"[[7, 6], [6, 5]]","[6, 5]",892,212.6241,0.9564,12,154.0,greedy,5,midgame,False,0.0,0.0,False
37,25,1,"[[2, 1], [3, 0]]","[3, 0]",1526,367.7552,0.9627,12,154.0,greedy,5,midgame,False,0.0,0.0,True
37,26,0,"[[5, 2], [4, 3]]","[4, 3]",427,108.5484,0.9792,12,154.0,greedy,5,midgame,False,0.0,0.0,False
37,27,1,"[[2, 3], [3, 4]]","[3, 4]",492,108.2373,0.9867,12,154.0,greedy,5,midgame,False,0.0,0.0,True
37,28,0,"[[4, 3], [2, 5]]","[2, 5]",45,6.2876,0.989,12,154.0,greedy,5,midgame,False,0.0,0.0,False
37,29,1,"[[1, 6], [3, 4]]","[3, 4]",180,25.9347,0.9561,3,154.0,greedy,5,midgame,False,0.0,0.0,False
37,30,0,"[[6, 5], [5, 4]]","[5, 4]",226,36.5276,0.9816,3,229.0,greedy,5,midgame,True,0,0.0,False
37,31,1,"[[6, 7], [7, 6]]","[7, 6]",863,154.8879,0.9766,3,229.0,greedy,5,midgame,False,0.0,0.0,False
37,32,0,"[[5, 4], [4, 3]]","[4, 3]",313,75.1078,0.9809,3,229.0,greedy,5,midgame,False,0.0,0.0,False
37,33,1,"[[3, 4], [5, 2]]","[5, 2]",7,0.648,0.9983,3,229.0,greedy,5,midgame,False,0.0,0.0,False
37,34,0,"[[7, 4], [6, 5]]","[6, 5]",6,0.5426,0.9993,3,237.0,greedy,5,midgame,False,0.0,0.0,False
37,35,1,"[[7, 6], [5, 4]]","[5, 4]",2,0.1287,0.9995,3,237.0,greedy,5,midgame,True,108.0,0.0,False
38,0,0,"[[6, 1], [5, 0]]","[5, 0]",1373,447.8862,0.9521,0,0,greedy,5,opening,False,0,0.0,False
38,1,1,"[[1, 0], [2, 1]]","[2, 1]",711,215.7195,0.9752,0,0,greedy,5,opening,False,0.0,0.0,True
38,2,0,"[[6, 3], [5, 2]]","[5, 2]",1201,375.9332,0.9633,0,1.0,greedy,5,opening,False,0.0,0.0,False
38,3,1,"[[0, 1], [1, 0]]","[1, 0]",808,266.2511,0.9753,0,1.0,greedy,5,opening,False,0.0,0.0,True
38,4,0,"[[5, 2], [4, 3]]","[4, 3]",1697,514.7901,0.9586,0,1.0,greedy,5,opening,False,0.0,0.0,False
38,5,1,"[[2, 1], [3, 2]]","[3, 2]",455,134.1786,0.9841,0,1.0,greedy,5,opening,True,24.0,0.0,True
38,6,0,"[[4, 3], [2, 1]]","[2, 1]",89,22.2011,0.9783,0,25.0,greedy,5,opening,False,0.0,0.0,False
38,7,1,"[[1, 0], [3, 2]]","[3, 2]",162,44.8127,0.9802,12,25.0,greedy,5,opening,False,0.0,0.0,True
38,8,0,"[[5, 0], [4, 1]]","[4, 1]",768,203.2504,0.9766,12,34.0,greedy,5,opening,False,0.0,0.0,False
38,9,1,"[[3, 2], [5, 0]]","[5, 0]",178,40.8812,0.9565,12,34.0,greedy,5,opening,False,0.0,0.0,False
38,10,0,"[[7, 0], [6, 1]]","[6, 1]",2950,828.5365,0.8971,12,42.0,greedy,5,opening,True,0,0.0,False
38,11,1,"[[1, 2], [2, 1]]","[2, 1]",964,239.6388,0.9608,12,42.0,greedy,5,opening,False,0.0,0.0,True
38,12,0,"[[6, 5], [5, 4]]","[5, 4]",2006,585.9292,0.9184,12,42.0,greedy,5,opening,False,0.0,0.0,False
38,13,1,"[[0, 3], [1, 2]]","[1, 2]",718,176.1787,0.975,12,42.0,greedy,5,opening,False,0.0,0.0,True
38,14,0,"[[5, 4], [4, 5]]","[4, 5]",780,215.7073,0.9762,12,42.0,greedy,5,opening,False,0.0,0.0,False
38,15,1,"[[1, 2], [2, 3]]","[2, 3]",940,286.0911,0.9672,12,42.0,greedy,5,opening,True,81.0,0.0,False
38,16,0,"[[4, 5], [3, 4]]","[3, 4]",540,195.4684,0.9835,12,123.0,greedy,5,opening,False,0.0,0.0,False
38,17,1,"[[2, 3], [4, 5]]","[4, 5]",178,47.5888,0.9565,12,123.0,greedy,5,opening,False,0.0,0.0,False
38,18,0,"[[6, 7], [5, 6]]","[5, 6]",639,173.4259,0.974,12,130.0,greedy,5,opening,False,0.0,0.0,False
38,19,1,"[[4, 5], [6, 7]]","[6, 7]",122,26.3426,0.9702,12,130.0,greedy,5,opening,False,0.0,0.0,False
38,20,0,"[[7, 2], [6, 3]]","[6, 3]",418,113.1549,0.9796,12,142.0,greedy,5,midgame,True,0,0.0,False
38,21,1,"[[5, 0], [7, 2]]","[7, 2]",131,25.5969,0.968,12,142.0,greedy,5,midgame,False,0.0,0.0,False
38,22,0,"[[6, 3], [5, 2]]","[5, 2]",637,179.5056,0.9611,12,154.0,greedy,5,midgame,False,0.0,0.0,False
38,23,1,"[[1, 4], [2, 3]]","[2, 3]",799,206.4948,0.9756,12,154.0,greedy,5,midgame,False,0.0,0.0,True
38,24,0,"[[7, 6], [6, 5]]","[6, 5]",892,201.087,0.9564,12,154.0,greedy,5,midgame,False,0.0,0.0,False
38,25,1,"[[2, 1], [3, 0]]","[3, 0]",1526,356.8974,0.9627,12,154.0,greedy,5,midgame,False,0.0,0.0,True
38,26,0,"[[5, 2], [4, 3]]","[4, 3]",427,113.9061,0.9792,12,154.0,greedy,5,midgame,False,0.0,0.0,False
38,27,1,"[[2, 3], [3, 4]]","[3, 4]",492,123.9069,0.9867,12,154.0,greedy,5,midgame,False,0.0,0.0,True
38,28,0,"[[4, 3], [2, 5]]","[2, 5]",45,7.4613,0.989,12,154.0,greedy,5,midgame,False,0.0,0.0,False
38,29,1,"[[1, 6], [3, 4]]","[3, 4]",180,29.5022,0.9561,3,154.0,greedy,5,midgame,False,0.0,0.0,False
38,30,0,"[[6, 5], [5, 4]]","[5, 4]",226,56.4866,0.9816,3,229.0,greedy,5,midgame,True,0,0.0,False
38,31,1,"[[6, 7], [7, 6]]","[7, 6]",863,172.3962,0.9766,3,229.0,greedy,5,midgame,False,0.0,0.0,False
38,32,0,"[[5, 4], [4, 3]]","[4, 3]",313,56.9243,0.9809,3,229.0,greedy,5,midgame,False,0.0,0.0,False
38,33,1,"[[3, 4], [5, 2]]","[5, 2]",7,0.6466,0.9983,3,229.0,greedy,5,midgame,False,0.0,0.0,False
38,34,0,"[[7, 4], [6, 5]]","[6, 5]",6,0.5376,0.9993,3,237.0,greedy,5,midgame,False,0.0,0.0,False
38,35,1,"[[7, 6], [5, 4]]","[5, 4]",2,0.1283,0.9995,3,237.0,greedy,5,midgame,True,108.0,0.0,False
39,0,0,"[[6, 1], [5, 0]]","[5, 0]",1373,382.581,0.9521,0,0,greedy,5,opening,False,0,0.0,False
39,1,1,"[[1, 0], [2, 1]]","[2, 1]",711,202.8723,0.9752,0,0,greedy,5,opening,False,0.0,0.0,True
39,2,0,"[[6, 3], [5, 2]]","[5, 2]",1201,387.5721,0.9633,0,1.0,greedy,5,opening,False,0.0,0.0,False
39,3,1,"[[0, 1], [1, 0]]","[1, 0]",808,240.9477,0.9753,0,1.0,greedy,5,opening,False,0.0,0.0,True
39,4,0,"[[5, 2], [4, 3]]","[4, 3]",1697,515.6491,0.9586,0,1.0,greedy,5,opening,False,0.0,0.0,False
39,5,1,"[[2, 1], [3, 2]]","[3, 2]",455,143.1923,0.9841,0,1.0,greedy,5,opening,True,24.0,0.0,True
39,6,0,"[[4, 3], [2, 1]]","[2, 1]",89,29.9082,0.9783,0,25.0,greedy,5,opening,False,0.0,0.0,False
39,7,1,"[[1, 0], [3, 2]]","[3, 2]",162,36.1538,0.9802,12,25.0,greedy,5,opening,False,0.0,0.0,True
39,8,0,"[[5, 0], [4, 1]]","[4, 1]",768,199.199,0.9766,12,34.0,greedy,5,opening,False,0.0,0.0,False
39,9,1,"[[3, 2], [5, 0]]","[5, 0]",178,35.8856,0.9565,12,34.0,greedy,5,opening,False,0.0,0.0,False
39,10,0,"[[7, 0], [6, 1]]","[6, 1]",2950,785.099,0.8971,12,42.0,greedy,5,opening,True,0,0.0,False
39,11,1,"[[1, 2], [2, 1]]","[2, 1]",964,214.7467,0.9608,12,42.0,greedy,5,opening,False,0.0,0.0,True
39,12,0,"[[6, 5], [5, 4]]","[5, 4]",2006,625.9596,0.9184,12,42.0,greedy,5,opening,False,0.0,0.0,False
39,13,1,"[[0, 3], [1, 2]]","[1, 2]",718,203.7759,0.975,12,42.0,greedy,5,opening,False,0.0,0.0,True
39,14,0,"[[5, 4], [4, 5]]","[4, 5]",780,205.4429,0.9762,12,42.0,greedy,5,opening,False,0.0,0.0,False
39,15,1,"[[1, 2], [2, 3]]","[2, 3]",940,236.588,0.9672,12,42.0,greedy,5,opening,True,81.0,0.0,False
39,16,0,"[[4, 5], [3, 4]]","[3, 4]",540,184.1035,0.9835,12,123.0,greedy,5,opening,False,0.0,0.0,False
39,17,1,"[[2, 3], [4, 5]]","[4, 5]",178,54.0807,0.9565,12,123.0,greedy,5,opening,False,0.0,0.0,False
39,18,0,"[[6, 7], [5, 6]]","[5, 6]",639,186.7535,0.974,12,130.0,greedy,5,opening,False,0.0,0.0,False
39,19,1,"[[4, 5], [6, 7]]","[6, 7]",122,24.8556,0.9702,12,130.0,greedy,5,opening,False,0.0,0.0,False
39,20,0,"[[7, 2], [6, 3]]","[6, 3]",418,102.9003,0.9796,12,142.0,greedy,5,midgame,True,0,0.0,False
39,21,1,"[[5, 0], [7, 2]]","[7, 2]",131,24.6365,0.968,12,142.0,greedy,5,midgame,False,0.0,0.0,False
39,22,0,"[[6, 3], [5, 2]]","[5, 2]",637,171.3827,0.9611,12,154.0,greedy,5,midgame,False,0.0,0.0,False
39,23,1,"[[1, 4], [2, 3]]","[2, 3]",799,189.4042,0.9756,12,154.0,greedy,5,midgame,False,0.0,0.0,True
39,24,0,"[[7, 6], [6, 5]]","[6, 5]",892,324.7964,0.9564,12,154.0,greedy,5,midgame,False,0.0,0.0,False
39,25,1,"[[2, 1], [3, 0]]","[3, 0]",1526,421.6809,0.9627,12,154.0,greedy,5,midgame,False,0.0,0.0,True
39,26,0,"[[5, 2], [4, 3]]","[4, 3]",427,116.5547,0.9792,12,154.0,greedy,5,midgame,False,0.0,0.0,False
39,27,1,"[[2, 3], [3, 4]]","[3, 4]",492,95.948,0.9867,12,154.0,greedy,5,midgame,False,0.0,0.0,True
39,28,0,"[[4, 3], [2, 5]]","[2, 5]",45,6.84,0.989,12,154.0,greedy,5,midgame,False,0.0,0.0,False
39,29,1,"[[1, 6], [3, 4]]","[3, 4]",180,35.356,0.9561,3,154.0,greedy,5,midgame,False,0.0,0.0,False
39,30,0,"[[6, 5], [5, 4]]","[5, 4]",226,41.8184,0.9816,3,229.0,greedy,5,midgame,True,0,0.0,False
39,31,1,"[[6, 7], [7, 6]]","[7, 6]",863,168.0727,0.9766,3,229.0,greedy,5,midgame,False,0.0,0.0,False
39,32,0,"[[5, 4], [4, 3]]","[4, 3]",313,64.8994,0.9809,3,229.0,greedy,5,midgame,False,0.0,0.0,False
39,33,1,"[[3, 4], [5, 2]]","[5, 2]",7,2.2776,0.9983,3,229.0,greedy,5,midgame,False,0.0,0.0,False
39,34,0,"[[7, 4], [6, 5]]","[6, 5]",6,0.6258,0.9993,3,237.0,greedy,5,midgame,False,0.0,0.0,False
39,35,1,"[[7, 6], [5, 4]]","[5, 4]",2,0.1302,0.9995,3,237.0,greedy,5,midgame,True,108.0,0.0,False
40,0,0,"[[6, 1], [5, 0]]","[5, 0]",1373,428.0603,0.9521,0,0,greedy,5,opening,False,0,0.0,False
40,1,1,"[[1, 0], [2, 1]]","[2, 1]",711,218.3404,0.9752,0,0,greedy,5,opening,False,0.0,0.0,True
40,2,0,"[[6, 3], [5, 2]]","[5, 2]",1201,374.7609,0.9633,0,1.0,greedy,5,opening,False,0.0,0.0,False
40,3,1,"[[0, 1], [1, 0]]","[1, 0]",808,251.4012,0.9753,0,1.0,greedy,5,opening,False,0.0,0.0,True
40,4,0,"[[5, 2], [4, 3]]","[4, 3]",1697,500.4494,0.9586,0,1.0,greedy,5,opening,False,0.0,0.0,False
40,5,1,"[[2, 1], [3, 2]]","[3, 2]",455,139.0555,0.9841,0,1.0,greedy,5,opening,True,24.0,0.0,True
40,6,0,"[[4, 3], [2, 1]]","[2, 1]",89,17.8149,0.9783,0,25.0,greedy,5,opening,False,0.0,0.0,False
40,7,1,"[[1, 0], [3, 2]]","[3, 2]",162,35.5957,0.9802,12,25.0,greedy,5,opening,False,0.0,0.0,True
40,8,0,"[[5, 0], [4, 1]]","[4, 1]",768,201.9973,0.9766,12,34.0,greedy,5,opening,False,0.0,0.0,False
40,9,1,"[[3, 2], [5, 0]]","[5, 0]",178,46.9019,0.9565,12,34.0,greedy,5,opening,False,0.0,0.0,False
40,10,0,"[[7, 0], [6, 1]]","[6, 1]",2950,806.4499,0.8971,12,42.0,greedy,5,opening,True,0,0.0,False
40,11,1,"[[1, 2], [2, 1]]","[2, 1]",964,241.003,0.9608,12,42.0,greedy,5,opening,False,0.0,0.0,True
40,12,0,"[[6, 5], [5, 4]]","[5, 4]",2006,552.4175,0.9184,12,42.0,greedy,5,opening,False,0.0,0.0,False
40,13,1,"[[0, 3], [1, 2]]","[1, 2]",718,184.2,0.975,12,42.0,greedy,5,opening,False,0.0,0.0,True
40,14,0,"[[5, 4], [4, 5]]","[4, 5]",780,209.549,0.9762,12,42.0,greedy,5,opening,False,0.0,0.0,False
40,15,1,"[[1, 2], [2, 3]]","[2, 3]",940,255.5587,0.9672,12,42.0,greedy,5,opening,True,81.0,0.0,False
40,16,0,"[[4, 5], [3, 4]]","[3, 4]",540,144.6195,0.9835,12,123.0,greedy,5,opening,False,0.0,0.0,False
40,17,1,"[[2, 3], [4, 5]]","[4, 5]",178,35.744,0.9565,12,123.0,greedy,5,opening,False,0.0,0.0,False
40,18,0,"[[6, 7], [5, 6]]","[5, 6]",639,168.2825,0.974,12,130.0,greedy,5,opening,False,0.0,0.0,False
40,19,1,"[[4, 5], [6, 7]]","[6, 7]",122,35.0363,0.9702,12,130.0,greedy,5,opening,False,0.0,0.0,False
40,20,0,"[[7, 2], [6, 3]]","[6, 3]",418,107.5444,0.9796,12,142.0,greedy,5,midgame,True,0,0.0,False
40,21,1,"[[5, 0], [7, 2]]","[7, 2]",131,29.9399,0.968,12,142.0,greedy,5,midgame,False,0.0,0.0,False
40,22,0,"[[6, 3], [5, 2]]","[5, 2]",637,149.7257,0.9611,12,154.0,greedy,5,midgame,False,0.0,0.0,False
40,23,1,"[[1, 4], [2, 3]]","[2, 3]",799,200.875,0.9756,12,154.0,greedy,5,midgame,False,0.0,0.0,True
40,24,0,"[[7, 6], [6, 5]]","[6, 5]",892,206.5413,0.9564,12,154.0,greedy,5,midgame,False,0.0,0.0,False
40,25,1,"[[2, 1], [3, 0]]","[3, 0]",1526,384.5515,0.9627,12,154.0,greedy,5,midgame,False,0.0,0.0,True
40,26,0,"[[5, 2], [4, 3]]","[4, 3]",427,111.4476,0.9792,12,154.0,greedy,5,midgame,False,0.0,0.0,False
40,27,1,"[[2, 3], [3, 4]]","[3, 4]",492,103.0846,0.9867,12,154.0,greedy,5,midgame,False,0.0,0.0,True
40,28,0,"[[4, 3], [2, 5]]","[2, 5]",45,10.2825,0.989,12,154.0,greedy,5,midgame,False,0.0,0.0,False
40,29,1,"[[1, 6], [3, 4]]","[3, 4]",180,28.4023,0.9561,3,154.0,greedy,5,midgame,False,0.0,0.0,False
40,30,0,"[[6, 5], [5, 4]]","[5, 4]",226,44.8182,0.9816,3,229.0,greedy,5,midgame,True,0,0.0,False
40,31,1,"[[6, 7], [7, 6]]","[7, 6]",863,144.9776,0.9766,3,229.0,greedy,5,midgame,False,0.0,0.0,False
40,32,0,"[[5, 4], [4, 3]]","[4, 3]",313,54.4441,0.9809,3,229.0,greedy,5,midgame,False,0.0,0.0,False
40,33,1,"[[3, 4], [5, 2]]","[5, 2]",7,1.2109,0.9983,3,229.0,greedy,5,midgame,False,0.0,0.0,False
40,34,0,"[[7, 4], [6, 5]]","[6, 5]",6,1.0166,0.9993,3,237.0,greedy,5,midgame,False,0.0,0.0,False
40,35,1,"[[7, 6], [5, 4]]","[5, 4]",2,0.2937,0.9995,3,237.0,greedy,5,midgame,True,108.0,0.0,False
41,0,0,"[[6, 1], [5, 0]]","[5, 0]",1373,413.2078,0.9521,0,0,greedy,5,opening,False,0,0.0,False
41,1,1,"[[1, 0], [2, 1]]","[2, 1]",711,242.7356,0.9752,0,0,greedy,5,opening,False,0.0,0.0,True
41,2,0,"[[6, 3], [5, 2]]","[5, 2]",1201,379.1771,0.9633,0,1.0,greedy,5,opening,False,0.0,0.0,False
41,3,1,"[[0, 1], [1, 0]]","[1, 0]",808,269.7628,0.9753,0,1.0,greedy,5,opening,False,0.0,0.0,True
41,4,0,"[[5, 2], [4, 3]]","[4, 3]",1697,537.2097,0.9586,0,1.0,greedy,5,opening,False,0.0,0.0,False
41,5,1,"[[2, 1], [3, 2]]","[3, 2]",455,123.5681,0.9841,0,1.0,greedy,5,opening,True,24.0,0.0,True
41,6,0,"[[4, 3], [2, 1]]","[2, 1]",89,24.9319,0.9783,0,25.0,greedy,5,opening,False,0.0,0.0,False
41,7,1,"[[1, 0], [3, 2]]","[3, 2]",162,34.2038,0.9802,12,25.0,greedy,5,opening,False,0.0,0.0,True
41,8,0,"[[5, 0], [4, 1]]","[4, 1]",768,244.1967,0.9766,12,34.0,greedy,5,opening,False,0.0,0.0,False
41,9,1,"[[3, 2], [5, 0]]","[5, 0]",178,42.4631,0.9565,12,34.0,greedy,5,opening,False,0.0,0.0,False
41,10,0,"[[7, 0], [6, 1]]","[6, 1]",2950,791.1353,0.8971,12,42.0,greedy,5,opening,True,0,0.0,False
41,11,1,"[[1, 2], [2, 1]]","[2, 1]",964,211.225,0.9608,12,42.0,greedy,5,opening,False,0.0,0.0,True
41,12,0,"[[6, 5], [5, 4]]","[5, 4]",2006,624.2349,0.9184,12,42.0,greedy,5,opening,False,0.0,0.0,False
41,13,1,"[[0, 3], [1, 2]]","[1, 2]",718,279.4781,0.975,12,42.0,greedy,5,opening,False,0.0,0.0,True
41,14,0,"[[5, 4], [4, 5]]","[4, 5]",780,251.4167,0.9762,12,42.0,greedy,5,opening,False,0.0,0.0,False
41,15,1,"[[1, 2], [2, 3]]","[2, 3]",940,248.4701,0.9672,12,42.0,greedy,5,opening,True,81.0,0.0,False
41,16,0,"[[4, 5], [3, 4]]","[3, 4]",540,165.3507,0.9835,12,123.0,greedy,5,opening,False,0.0,0.0,False
41,17,1,"[[2, 3], [4, 5]]","[4, 5]",178,49.9911,0.9565,12,123.0,greedy,5,opening,False,0.0,0.0,False
41,18,0,"[[6, 7], [5, 6]]","[5, 6]",639,346.0693,0.974,12,130.0,greedy,5,opening,False,0.0,0.0,False
41,19,1,"[[4, 5], [6, 7]]","[6, 7]",122,35.2092,0.9702,12,130.0,greedy,5,opening,False,0.0,0.0,False
41,20,0,"[[7, 2], [6, 3]]","[6, 3]",418,109.0066,0.9796,12,142.0,greedy,5,midgame,True,0,0.0,False
41,21,1,"[[5, 0], [7, 2]]","[7, 2]",131,25.9306,0.968,12,142.0,greedy,5,midgame,False,0.0,0.0,False
41,22,0,"[[6, 3], [5, 2]]","[5, 2]",637,150.7285,0.9611,12,154.0,greedy,5,midgame,False,0.0,0.0,False
41,23,1,"[[1, 4], [2, 3]]","[2, 3]",799,267.0276,0.9756,12,154.0,greedy,5,midgame,False,0.0,0.0,True
41,24,0,"[[7, 6], [6, 5]]","[6, 5]",892,195.307,0.9564,12,154.0,greedy,5,midgame,False,0.0,0.0,False
41,25,1,"[[2, 1], [3, 0]]","[3, 0]",1526,502.5258,0.9627,12,154.0,greedy,5,midgame,False,0.0,0.0,True
41,26,0,"[[5, 2], [4, 3]]","[4, 3]",427,113.414,0.9792,12,154.0,greedy,5,midgame,False,0.0,0.0,False
41,27,1,"[[2, 3], [3, 4]]","[3, 4]",492,95.1626,0.9867,12,154.0,greedy,5,midgame,False,0.0,0.0,True
41,28,0,"[[4, 3], [2, 5]]","[2, 5]",45,8.4503,0.989,12,154.0,greedy,5,midgame,False,0.0,0.0,False
41,29,1,"[[1, 6], [3, 4]]","[3, 4]",180,23.8867,0.9561,3,154.0,greedy,5,midgame,False,0.0,0.0,False
41,30,0,"[[6, 5], [5, 4]]","[5, 4]",226,55.6891,0.9816,3,229.0,greedy,5,midgame,True,0,0.0,False
41,31,1,"[[6, 7], [7, 6]]","[7, 6]",863,141.7952,0.9766,3,229.0,greedy,5,midgame,False,0.0,0.0,False
41,32,0,"[[5, 4], [4, 3]]","[4, 3]",313,55.0504,0.9809,3,229.0,greedy,5,midgame,False,0.0,0.0,False
41,33,1,"[[3, 4], [5, 2]]","[5, 2]",7,1.2565,0.9983,3,229.0,greedy,5,midgame,False,0.0,0.0,False
41,34,0,"[[7, 4], [6, 5]]","[6, 5]",6,1.0309,0.9993,3,237.0,greedy,5,midgame,False,0.0,0.0,False
41,35,1,"[[7, 6], [5, 4]]","[5, 4]",2,0.2458,0.9995,3,237.0,greedy,5,midgame,True,108.0,0.0,False
42,0,0,"[[6, 1], [5, 0]]","[5, 0]",1373,412.1292,0.9521,0,0,greedy,5,opening,False,0,0.0,False
42,1,1,"[[1, 0], [2, 1]]","[2, 1]",711,335.4001,0.9752,0,0,greedy,5,opening,False,0.0,0.0,True
42,2,0,"[[6, 3], [5, 2]]","[5, 2]",1201,363.5979,0.9633,0,1.0,greedy,5,opening,False,0.0,0.0,False
42,3,1,"[[0, 1], [1, 0]]","[1, 0]",808,281.2259,0.9753,0,1.0,greedy,5,opening,False,0.0,0.0,True
42,4,0,"[[5, 2], [4, 3]]","[4, 3]",1697,529.2258,0.9586,0,1.0,greedy,5,opening,False,0.0,0.0,False
42,5,1,"[[2, 1], [3, 2]]","[3, 2]",455,134.053,0.9841,0,1.0,greedy,5,opening,True,24.0,0.0,True
42,6,0,"[[4, 3], [2, 1]]","[2, 1]",89,20.6482,0.9783,0,25.0,greedy,5,opening,False,0.0,0.0,False
42,7,1,"[[1, 0], [3, 2]]","[3, 2]",162,42.0232,0.9802,12,25.0,greedy,5,opening,False,0.0,0.0,True
42,8,0,"[[5, 0], [4, 1]]","[4, 1]",768,217.181,0.9766,12,34.0,greedy,5,opening,False,0.0,0.0,False
42,9,1,"[[3, 2], [5, 0]]","[5, 0]",178,48.9318,0.9565,12,34.0,greedy,5,opening,False,0.0,0.0,False
42,10,0,"[[7, 0], [6, 1]]","[6, 1]",2950,810.8962,0.8971,12,42.0,greedy,5,opening,True,0,0.0,False
42,11,1,"[[1, 2], [2, 1]]","[2, 1]",964,283.8047,0.9608,12,42.0,greedy,5,opening,False,0.0,0.0,True
42,12,0,"[[6, 5], [5, 4]]","[5, 4]",2006,590.5867,0.9184,12,42.0,greedy,5,opening,False,0.0,0.0,False
42,13,1,"[[0, 3], [1, 2]]","[1, 2]",718,164.0408,0.975,12,42.0,greedy,5,opening,False,0.0,0.0,True
42,14,0,"[[5, 4], [4, 5]]","[4, 5]",780,234.2546,0.9762,12,42.0,greedy,5,opening,False,0.0,0.0,False
42,15,1,"[[1, 2], [2, 3]]","[2, 3]",940,243.2139,0.9672,12,42.0,greedy,5,opening,True,81.0,0.0,False
42,16,0,"[[4, 5], [3, 4]]","[3, 4]",540,157.6946,0.9835,12,123.0,greedy,5,opening,False,0.0,0.0,False
42,17,1,"[[2, 3], [4, 5]]","[4, 5]",178,44.409,0.9565,12,123.0,greedy,5,opening,False,0.0,0.0,False
42,18,0,"[[6, 7], [5, 6]]","[5, 6]",639,170.404,0.974,12,130.0,greedy,5,opening,False,0.0,0.0,False
42,19,1,"[[4, 5], [6, 7]]","[6, 7]",122,26.3977,0.9702,12,130.0,greedy,5,opening,False,0.0,0.0,False
42,20,0,"[[7, 2], [6, 3]]","[6, 3]",418,99.2336,0.9796,12,142.0,greedy,5,midgame,True,0,0.0,False
42,21,1,"[[5, 0], [7, 2]]","[7, 2]",131,33.8488,0.968,12,142.0,greedy,5,midgame,False,0.0,0.0,False
42,22,0,"[[6, 3], [5, 2]]","[5, 2]",637,196.1856,0.9611,12,154.0,greedy,5,midgame,False,0.0,0.0,False
42,23,1,"[[1, 4], [2, 3]]","[2, 3]",799,202.3964,0.9756,12,154.0,greedy,5,midgame,False,0.0,0.0,True
42,24,0,"[[7, 6], [6, 5]]","[6, 5]",892,227.5586,0.9564,12,154.0,greedy,5,midgame,False,0.0,0.0,False
42,25,1,"[[2, 1], [3, 0]]","[3, 0]",1526,327.4758,0.9627,12,154.0,greedy,5,midgame,False,0.0,0.0,True
42,26,0,"[[5, 2], [4, 3]]","[4, 3]",427,102.1791,0.9792,12,154.0,greedy,5,midgame,False,0.0,0.0,False
42,27,1,"[[2, 3], [3, 4]]","[3, 4]",492,103.75,0.9867,12,154.0,greedy,5,midgame,False,0.0,0.0,True
42,28,0,"[[4, 3], [2, 5]]","[2, 5]",45,9.9497,0.989,12,154.0,greedy,5,midgame,False,0.0,0.0,False
42,29,1,"[[1, 6], [3, 4]]","[3, 4]",180,31.3489,0.9561,3,154.0,greedy,5,midgame,False,0.0,0.0,False
42,30,0,"[[6, 5], [5, 4]]","[5, 4]",226,56.7133,0.9816,3,229.0,greedy,5,midgame,True,0,0.0,False
42,31,1,"[[6, 7], [7, 6]]","[7, 6]",863,175.8671,0.9766,3,229.0,greedy,5,midgame,False,0.0,0.0,False
42,32,0,"[[5, 4], [4, 3]]","[4, 3]",313,64.9784,0.9809,3,229.0,greedy,5,midgame,False,0.0,0.0,False
42,33,1,"[[3, 4], [5, 2]]","[5, 2]",7,0.6495,0.9983,3,229.0,greedy,5,midgame,False,0.0,0.0,False
42,34,0,"[[7, 4], [6, 5]]","[6, 5]",6,0.5419,0.9993,3,237.0,greedy,5,midgame,False,0.0,0.0,False
42,35,1,"[[7, 6], [5, 4]]","[5, 4]",2,0.1318,0.9995,3,237.0,greedy,5,midgame,True,108.0,0.0,False
43,0,0,"[[6, 1], [5, 0]]","[5, 0]",1373,391.2158,0.9521,0,0,greedy,5,opening,False,0,0.0,False
43,1,1,"[[1, 0], [2, 1]]","[2, 1]",711,234.5746,0.9752,0,0,greedy,5,opening,False,0.0,0.0,True
43,2,0,"[[6, 3], [5, 2]]","[5, 2]",1201,446.7318,0.9633,0,1.0,greedy,5,opening,False,0.0,0.0,False
43,3,1,"[[0, 1], [1, 0]]","[1, 0]",808,266.8169,0.9753,0,1.0,greedy,5,opening,False,0.0,0.0,True
43,4,0,"[[5, 2], [4, 3]]","[4, 3]",1697,538.0003,0.9586,0,1.0,greedy,5,opening,False,0.0,0.0,False
43,5,1,"[[2, 1], [3, 2]]","[3, 2]",455,128.504,0.9841,0,1.0,greedy,5,opening,True,24.0,0.0,True
43,6,0,"[[4, 3], [2, 1]]","[2, 1]",89,20.4587,0.9783,0,25.0,greedy,5,opening,False,0.0,0.0,False
43,7,1,"[[1, 0], [3, 2]]","[3, 2]",162,35.1744,0.9802,12,25.0,greedy,5,opening,False,0.0,0.0,True
43,8,0,"[[5, 0], [4, 1]]","[4, 1]",768,189.4014,0.9766,12,34.0,greedy,5,opening,False,0.0,0.0,False
43,9,1,"[[3, 2], [5, 0]]","[5, 0]",178,36.0518,0.9565,12,34.0,greedy,5,opening,False,0.0,0.0,False
43,10,0,"[[7, 0], [6, 1]]","[6, 1]",2950,852.8676,0.8971,12,42.0,greedy,5,opening,True,0,0.0,False
43,11,1,"[[1, 2], [2, 1]]","[2, 1]",964,249.9814,0.9608,12,42.0,greedy,5,opening,False,0.0,0.0,True
43,12,0,"[[6, 5], [5, 4]]","[5, 4]",2006,545.7439,0.9184,12,42.0,greedy,5,opening,False,0.0,0.0,False
43,13,1,"[[0, 3], [1, 2]]","[1, 2]",718,180.162,0.975,12,42.0,greedy,5,opening,False,0.0,0.0,True
43,14,0,"[[5, 4], [4, 5]]","[4, 5]",780,213.613,0.9762,12,42.0,greedy,5,opening,False,0.0,0.0,False
43,15,1,"[[1, 2], [2, 3]]","[2, 3]",940,259.3889,0.9672,12,42.0,greedy,5,opening,True,81.0,0.0,False
43,16,0,"[[4, 5], [3, 4]]","[3, 4]",540,153.5978,0.9835,12,123.0,greedy,5,opening,False,0.0,0.0,False
43,17,1,"[[2, 3], [4, 5]]","[4, 5]",178,46.2427,0.9565,12,123.0,greedy,5,opening,False,0.0,0.0,False
43,18,0,"[[6, 7], [5, 6]]","[5, 6]",639,163.343,0.974,12,130.0,greedy,5,opening,False,0.0,0.0,False
43,19,1,"[[4, 5], [6, 7]]","[6, 7]",122,32.3522,0.9702,12,130.0,greedy,5,opening,False,0.0,0.0,False
43,20,0,"[[7, 2], [6, 3]]","[6, 3]",418,93.5218,0.9796,12,142.0,greedy,5,midgame,True,0,0.0,False
43,21,1,"[[5, 0], [7, 2]]","[7, 2]",131,21.651,0.968,12,142.0,greedy,5,midgame,False,0.0,0.0,False
43,22,0,"[[6, 3], [5, 2]]","[5, 2]",637,144.4762,0.9611,12,154.0,greedy,5,midgame,False,0.0,0.0,False
43,23,1,"[[1, 4], [2, 3]]","[2, 3]",799,181.812,0.9756,12,154.0,greedy,5,midgame,False,0.0,0.0,True
43,24,0,"[[7, 6], [6, 5]]","[6, 5]",892,251.2722,0.9564,12,154.0,greedy,5,midgame,False,0.0,0.0,False
43,25,1,"[[2, 1], [3, 0]]","[3, 0]",1526,383.2333,0.9627,12,154.0,greedy,5,midgame,False,0.0,0.0,True
43,26,0,"[[5, 2], [4, 3]]","[4, 3]",427,104.3949,0.9792,12,154.0,greedy,5,midgame,False,0.0,0.0,False
43,27,1,"[[2, 3], [3, 4]]","[3, 4]",492,89.2391,0.9867,12,154.0,greedy,5,midgame,False,0.0,0.0,True
43,28,0,"[[4, 3], [2, 5]]","[2, 5]",45,6.335,0.989,12,154.0,greedy,5,midgame,False,0.0,0.0,False
43,29,1,"[[1, 6], [3, 4]]","[3, 4]",180,36.5796,0.9561,3,154.0,greedy,5,midgame,False,0.0,0.0,False
43,30,0,"[[6, 5], [5, 4]]","[5, 4]",226,44.7721,0.9816,3,229.0,greedy,5,midgame,True,0,0.0,False
43,31,1,"[[6, 7], [7, 6]]","[7, 6]",863,150.491,0.9766,3,229.0,greedy,5,midgame,False,0.0,0.0,False
43,32,0,"[[5, 4], [4, 3]]","[4, 3]",313,89.5705,0.9809,3,229.0,greedy,5,midgame,False,0.0,0.0,False
43,33,1,"[[3, 4], [5, 2]]","[5, 2]",7,1.039,0.9983,3,229.0,greedy,5,midgame,False,0.0,0.0,False
43,34,0,"[[7, 4], [6, 5]]","[6, 5]",6,0.7455,0.9993,3,237.0,greedy,5,midgame,False,0.0,0.0,False
43,35,1,"[[7, 6], [5, 4]]","[5, 4]",2,0.2496,0.9995,3,237.0,greedy,5,midgame,True,108.0,0.0,False
44,0,0,"[[6, 1], [5, 0]]","[5, 0]",1373,410.146,0.9521,0,0,greedy,5,opening,False,0,0.0,False
44,1,1,"[[1, 0], [2, 1]]","[2, 1]",711,190.2306,0.9752,0,0,greedy,5,opening,False,0.0,0.0,True
44,2,0,"[[6, 3], [5, 2]]","[5, 2]",1201,361.3648,0.9633,0,1.0,greedy,5,opening,False,0.0,0.0,False
44,3,1,"[[0, 1], [1, 0]]","[1, 0]",808,270.4563,0.9753,0,1.0,greedy,5,opening,False,0.0,0.0,True
44,4,0,"[[5, 2], [4, 3]]","[4, 3]",1697,474.3135,0.9586,0,1.0,greedy,5,opening,False,0.0,0.0,False
44,5,1,"[[2, 1], [3, 2]]","[3, 2]",455,128.5179,0.9841,0,1.0,greedy,5,opening,True,24.0,0.0,True
44,6,0,"[[4, 3], [2, 1]]","[2, 1]",89,19.613,0.9783,0,25.0,greedy,5,opening,False,0.0,0.0,False
44,7,1,"[[1, 0], [3, 2]]","[3, 2]",162,36.5794,0.9802,12,25.0,greedy,5,opening,False,0.0,0.0,True
44,8,0,"[[5, 0], [4, 1]]","[4, 1]",768,242.1815,0.9766,12,34.0,greedy,5,opening,False,0.0,0.0,False
44,9,1,"[[3, 2], [5, 0]]","[5, 0]",178,44.4634,0.9565,12,34.0,greedy,5,opening,False,0.0,0.0,False
44,10,0,"[[7, 0], [6, 1]]","[6, 1]",2950,712.9188,0.8971,12,42.0,greedy,5,opening,True,0,0.0,False
44,11,1,"[[1, 2], [2, 1]]","[2, 1]",964,275.0466,0.9608,12,42.0,greedy,5,opening,False,0.0,0.0,True
44,12,0,"[[6, 5], [5, 4]]","[5, 4]",2006,542.6655,0.9184,12,42.0,greedy,5,opening,False,0.0,0.0,False
44,13,1,"[[0, 3], [1, 2]]","[1, 2]",718,191.1199,0.975,12,42.0,greedy,5,opening,False,0.0,0.0,True
44,14,0,"[[5, 4], [4, 5]]","[4, 5]",780,257.8423,0.9762,12,42.0,greedy,5,opening,False,0.0,0.0,False
44,15,1,"[[1, 2], [2, 3]]","[2, 3]",940,248.1279,0.9672,12,42.0,greedy,5,opening,True,81.0,0.0,False
44,16,0,"[[4, 5], [3, 4]]","[3, 4]",540,174.0656,0.9835,12,123.0,greedy,5,opening,False,0.0,0.0,False
44,17,1,"[[2, 3], [4, 5]]","[4, 5]",178,46.4065,0.9565,12,123.0,greedy,5,opening,False,0.0,0.0,False
44,18,0,"[[6, 7], [5, 6]]","[5, 6]",639,165.1673,0.974,12,130.0,greedy,5,opening,False,0.0,0.0,False
44,19,1,"[[4, 5], [6, 7]]","[6, 7]",122,34.7247,0.9702,12,130.0,greedy,5,opening,False,0.0,0.0,False
44,20,0,"[[7, 2], [6, 3]]","[6, 3]",418,101.3868,0.9796,12,142.0,greedy,5,midgame,True,0,0.0,False
44,21,1,"[[5, 0], [7, 2]]","[7, 2]",131,26.0851,0.968,12,142.0,greedy,5,midgame,False,0.0,0.0,False
44,22,0,"[[6, 3], [5, 2]]","[5, 2]",637,160.0959,0.9611,12,154.0,greedy,5,midgame,False,0.0,0.0,False
44,23,1,"[[1, 4], [2, 3]]","[2, 3]",799,194.6332,0.9756,12,154.0,greedy,5,midgame,False,0.0,0.0,True
44,24,0,"[[7, 6], [6, 5]]","[6, 5]",892,219.6467,0.9564,12,154.0,greedy,5,midgame,False,0.0,0.0,False
44,25,1,"[[2, 1], [3, 0]]","[3, 0]",1526,382.8187,0.9627,12,154.0,greedy,5,midgame,False,0.0,0.0,True
44,26,0,"[[5, 2], [4, 3]]","[4, 3]",427,117.4467,0.9792,12,154.0,greedy,5,midgame,False,0.0,0.0,False
44,27,1,"[[2, 3], [3, 4]]","[3, 4]",492,101.8305,0.9867,12,154.0,greedy,5,midgame,False,0.0,0.0,True
44,28,0,"[[4, 3], [2, 5]]","[2, 5]",45,9.4521,0.989,12,154.0,greedy,5,midgame,False,0.0,0.0,False
44,29,1,"[[1, 6], [3, 4]]","[3, 4]",180,36.5715,0.9561,3,154.0,greedy,5,midgame,False,0.0,0.0,False
44,30,0,"[[6, 5], [5, 4]]","[5, 4]",226,49.3739,0.9816,3,229.0,greedy,5,midgame,True,0,0.0,False
44,31,1,"[[6, 7], [7, 6]]","[7, 6]",863,147.9969,0.9766,3,229.0,greedy,5,midgame,False,0.0,0.0,False
44,32,0,"[[5, 4], [4, 3]]","[4, 3]",313,57.2646,0.9809,3,229.0,greedy,5,midgame,False,0.0,0.0,False
44,33,1,"[[3, 4], [5, 2]]","[5, 2]",7,1.564,0.9983,3,229.0,greedy,5,midgame,False,0.0,0.0,False
44,34,0,"[[7, 4], [6, 5]]","[6, 5]",6,0.8101,0.9993,3,237.0,greedy,5,midgame,False,0.0,0.0,False
44,35,1,"[[7, 6], [5, 4]]","[5, 4]",2,0.1311,0.9995,3,237.0,greedy,5,midgame,True,108.0,0.0,False
45,0,0,"[[6, 1], [5, 0]]","[5, 0]",1373,428.3638,0.9521,0,0,greedy,5,opening,False,0,0.0,False
45,1,1,"[[1, 0], [2, 1]]","[2, 1]",711,218.9171,0.9752,0,0,greedy,5,opening,False,0.0,0.0,True
45,2,0,"[[6, 3], [5, 2]]","[5, 2]",1201,362.0262,0.9633,0,1.0,greedy,5,opening,False,0.0,0.0,False
45,3,1,"[[0, 1], [1, 0]]","[1, 0]",808,256.4056,0.9753,0,1.0,greedy,5,opening,False,0.0,0.0,True
45,4,0,"[[5, 2], [4, 3]]","[4, 3]",1697,578.31,0.9586,0,1.0,greedy,5,opening,False,0.0,0.0,False
45,5,1,"[[2, 1], [3, 2]]","[3, 2]",455,121.5661,0.9841,0,1.0,greedy,5,opening,True,24.0,0.0,True
45,6,0,"[[4, 3], [2, 1]]","[2, 1]",89,30.9582,0.9783,0,25.0,greedy,5,opening,False,0.0,0.0,False
45,7,1,"[[1, 0], [3, 2]]","[3, 2]",162,33.3333,0.9802,12,25.0,greedy,5,opening,False,0.0,0.0,True
45,8,0,"[[5, 0], [4, 1]]","[4, 1]",768,196.5017,0.9766,12,34.0,greedy,5,opening,False,0.0,0.0,False
45,9,1,"[[3, 2], [5, 0]]","[5, 0]",178,46.1597,0.9565,12,34.0,greedy,5,opening,False,0.0,0.0,False
45,10,0,"[[7, 0], [6, 1]]","[6, 1]",2950,803.1311,0.8971,12,42.0,greedy,5,opening,True,0,0.0,False
45,11,1,"[[1, 2], [2, 1]]","[2, 1]",964,233.2013,0.9608,12,42.0,greedy,5,opening,False,0.0,0.0,True
45,12,0,"[[6, 5], [5, 4]]","[5, 4]",2006,591.7394,0.9184,12,42.0,greedy,5,opening,False,0.0,0.0,False
45,13,1,"[[0, 3], [1, 2]]","[1, 2]",718,193.2821,0.975,12,42.0,greedy,5,opening,False,0.0,0.0,True
45,14,0,"[[5, 4], [4, 5]]","[4, 5]",780,206.748,0.9762,12,42.0,greedy,5,opening,False,0.0,0.0,False
45,15,1,"[[1, 2], [2, 3]]","[2, 3]",940,285.0263,0.9672,12,42.0,greedy,5,opening,True,81.0,0.0,False
45,16,0,"[[4, 5], [3, 4]]","[3, 4]",540,214.6478,0.9835,12,123.0,greedy,5,opening,False,0.0,0.0,False
45,17,1,"[[2, 3], [4, 5]]","[4, 5]",178,43.4742,0.9565,12,123.0,greedy,5,opening,False,0.0,0.0,False
45,18,0,"[[6, 7], [5, 6]]","[5, 6]",639,158.0584,0.974,12,130.0,greedy,5,opening,False,0.0,0.0,False
45,19,1,"[[4, 5], [6, 7]]","[6, 7]",122,34.5871,0.9702,12,130.0,greedy,5,opening,False,0.0,0.0,False
45,20,0,"[[7, 2], [6, 3]]","[6, 3]",418,88.217,0.9796,12,142.0,greedy,5,midgame,True,0,0.0,False
45,21,1,"[[5, 0], [7, 2]]","[7, 2]",131,21.0075,0.968,12,142.0,greedy,5,midgame,False,0.0,0.0,False
45,22,0,"[[6, 3], [5, 2]]","[5, 2]",637,172.2102,0.9611,12,154.0,greedy,5,midgame,False,0.0,0.0,False
45,23,1,"[[1, 4], [2, 3]]","[2, 3]",799,236.7947,0.9756,12,154.0,greedy,5,midgame,False,0.0,0.0,True
45,24,0,"[[7, 6], [6, 5]]","[6, 5]",892,219.3,0.9564,12,154.0,greedy,5,midgame,False,0.0,0.0,False
45,25,1,"[[2, 1], [3, 0]]","[3, 0]",1526,349.5388,0.9627,12,154.0,greedy,5,midgame,False,0.0,0.0,True
45,26,0,"[[5, 2], [4, 3]]","[4, 3]",427,101.095,0.9792,12,154.0,greedy,5,midgame,False,0.0,0.0,False
45,27,1,"[[2, 3], [3, 4]]","[3, 4]",492,77.4839,0.9867,12,154.0,greedy,5,midgame,False,0.0,0.0,True
45,28,0,"[[4, 3], [2, 5]]","[2, 5]",45,10.5596,0.989,12,154.0,greedy,5,midgame,False,0.0,0.0,False
45,29,1,"[[1, 6], [3, 4]]","[3, 4]",180,29.6414,0.9561,3,154.0,greedy,5,midgame,False,0.0,0.0,False
45,30,0,"[[6, 5], [5, 4]]","[5, 4]",226,59.7563,0.9816,3,229.0,greedy,5,midgame,True,0,0.0,False
45,31,1,"[[6, 7], [7, 6]]","[7, 6]",863,154.52,0.9766,3,229.0,greedy,5,midgame,False,0.0,0.0,False
45,32,0,"[[5, 4], [4, 3]]","[4, 3]",313,76.8654,0.9809,3,229.0,greedy,5,midgame,False,0.0,0.0,False
45,33,1,"[[3, 4], [5, 2]]","[5, 2]",7,0.6437,0.9983,3,229.0,greedy,5,midgame,False,0.0,0.0,False
45,34,0,"[[7, 4], [6, 5]]","[6, 5]",6,0.5434,0.9993,3,237.0,greedy,5,midgame,False,0.0,0.0,False
45,35,1,"[[7, 6], [5, 4]]","[5, 4]",2,0.1276,0.9995,3,237.0,greedy,5,midgame,True,108.0,0.0,False
46,0,0,"[[6, 1], [5, 0]]","[5, 0]",1373,408.6149,0.9521,0,0,greedy,5,opening,False,0,0.0,False
46,1,1,"[[1, 0], [2, 1]]","[2, 1]",711,214.433,0.9752,0,0,greedy,5,opening,False,0.0,0.0,True
46,2,0,"[[6, 3], [5, 2]]","[5, 2]",1201,398.0734,0.9633,0,1.0,greedy,5,opening,False,0.0,0.0,False
46,3,1,"[[0, 1], [1, 0]]","[1, 0]",808,236.5754,0.9753,0,1.0,greedy,5,opening,False,0.0,0.0,True
46,4,0,"[[5, 2], [4, 3]]","[4, 3]",1697,519.1526,0.9586,0,1.0,greedy,5,opening,False,0.0,0.0,False
46,5,1,"[[2, 1], [3, 2]]","[3, 2]",455,135.5805,0.9841,0,1.0,greedy,5,opening,True,24.0,0.0,True
46,6,0,"[[4, 3], [2, 1]]","[2, 1]",89,28.6498,0.9783,0,25.0,greedy,5,opening,False,0.0,0.0,False
46,7,1,"[[1, 0], [3, 2]]","[3, 2]",162,43.9546,0.9802,12,25.0,greedy,5,opening,False,0.0,0.0,True
46,8,0,"[[5, 0], [4, 1]]","[4, 1]",768,179.3635,0.9766,12,34.0,greedy,5,opening,False,0.0,0.0,False
46,9,1,"[[3, 2], [5, 0]]","[5, 0]",178,55.5024,0.9565,12,34.0,greedy,5,opening,False,0.0,0.0,False
46,10,0,"[[7, 0], [6, 1]]","[6, 1]",2950,813.0696,0.8971,12,42.0,greedy,5,opening,True,0,0.0,False
46,11,1,"[[1, 2], [2, 1]]","[2, 1]",964,246.5227,0.9608,12,42.0,greedy,5,opening,False,0.0,0.0,True
46,12,0,"[[6, 5], [5, 4]]","[5, 4]",2006,549.7627,0.9184,12,42.0,greedy,5,opening,False,0.0,0.0,False
46,13,1,"[[0, 3], [1, 2]]","[1, 2]",718,223.0008,0.975,12,42.0,greedy,5,opening,False,0.0,0.0,True
46,14,0,"[[5, 4], [4, 5]]","[4, 5]",780,243.2985,0.9762,12,42.0,greedy,5,opening,False,0.0,0.0,False
46,15,1,"[[1, 2], [2, 3]]","[2, 3]",940,247.7555,0.9672,12,42.0,greedy,5,opening,True,81.0,0.0,False
46,16,0,"[[4, 5], [3, 4]]","[3, 4]",540,145.8268,0.9835,12,123.0,greedy,5,opening,False,0.0,0.0,False
46,17,1,"[[2, 3], [4, 5]]","[4, 5]",178,40.4105,0.9565,12,123.0,greedy,5,opening,False,0.0,0.0,False
46,18,0,"[[6, 7], [5, 6]]","[5, 6]",639,194.5112,0.974,12,130.0,greedy,5,opening,False,0.0,0.0,False
46,19,1,"[[4, 5], [6, 7]]","[6, 7]",122,32.5496,0.9702,12,130.0,greedy,5,opening,False,0.0,0.0,False
46,20,0,"[[7, 2], [6, 3]]","[6, 3]",418,116.8935,0.9796,12,142.0,greedy,5,midgame,True,0,0.0,False
46,21,1,"[[5, 0], [7, 2]]","[7, 2]",131,24.0309,0.968,12,142.0,greedy,5,midgame,False,0.0,0.0,False
46,22,0,"[[6, 3], [5, 2]]","[5, 2]",637,144.2475,0.9611,12,154.0,greedy,5,midgame,False,0.0,0.0,False
46,23,1,"[[1, 4], [2, 3]]","[2, 3]",799,198.4634,0.9756,12,154.0,greedy,5,midgame,False,0.0,0.0,True
46,24,0,"[[7, 6], [6, 5]]","[6, 5]",892,198.4429,0.9564,12,154.0,greedy,5,midgame,False,0.0,0.0,False
46,25,1,"[[2, 1], [3, 0]]","[3, 0]",1526,385.8261,0.9627,12,154.0,greedy,5,midgame,False,0.0,0.0,True
46,26,0,"[[5, 2], [4, 3]]","[4, 3]",427,105.545,0.9792,12,154.0,greedy,5,midgame,False,0.0,0.0,False
46,27,1,"[[2, 3], [3, 4]]","[3, 4]",492,92.0429,0.9867,12,154.0,greedy,5,midgame,False,0.0,0.0,True
46,28,0,"[[4, 3], [2, 5]]","[2, 5]",45,10.6757,0.989,12,154.0,greedy,5,midgame,False,0.0,0.0,False
46,29,1,"[[1, 6], [3, 4]]","[3, 4]",180,36.309,0.9561,3,154.0,greedy,5,midgame,False,0.0,0.0,False
46,30,0,"[[6, 5], [5, 4]]","[5, 4]",226,47.8921,0.9816,3,229.0,greedy,5,midgame,True,0,0.0,False
46,31,1,"[[6, 7], [7, 6]]","[7, 6]",863,122.9956,0.9766,3,229.0,greedy,5,midgame,False,0.0,0.0,False
46,32,0,"[[5, 4], [4, 3]]","[4, 3]",313,68.3794,0.9809,3,229.0,greedy,5,midgame,False,0.0,0.0,False
46,33,1,"[[3, 4], [5, 2]]","[5, 2]",7,1.724,0.9983,3,229.0,greedy,5,midgame,False,0.0,0.0,False
46,34,0,"[[7, 4], [6, 5]]","[6, 5]",6,0.5517,0.9993,3,237.0,greedy,5,midgame,False,0.0,0.0,False
46,35,1,"[[7, 6], [5, 4]]","[5, 4]",2,0.129,0.9995,3,237.0,greedy,5,midgame,True,108.0,0.0,False
47,0,0,"[[6, 1], [5, 0]]","[5, 0]",1373,447.2127,0.9521,0,0,greedy,5,opening,False,0,0.0,False
47,1,1,"[[1, 0], [2, 1]]","[2, 1]",711,211.6125,0.9752,0,0,greedy,5,opening,False,0.0,0.0,True
47,2,0,"[[6, 3], [5, 2]]","[5, 2]",1201,338.5537,0.9633,0,1.0,greedy,5,opening,False,0.0,0.0,False
47,3,1,"[[0, 1], [1, 0]]","[1, 0]",808,242.1741,0.9753,0,1.0,greedy,5,opening,False,0.0,0.0,True
47,4,0,"[[5, 2], [4, 3]]","[4, 3]",1697,544.6708,0.9586,0,1.0,greedy,5,opening,False,0.0,0.0,False
47,5,1,"[[2, 1], [3, 2]]","[3, 2]",455,119.4386,0.9841,0,1.0,greedy,5,opening,True,24.0,0.0,True
47,6,0,"[[4, 3], [2, 1]]","[2, 1]",89,19.5506,0.9783,0,25.0,greedy,5,opening,False,0.0,0.0,False
47,7,1,"[[1, 0], [3, 2]]","[3, 2]",162,29.7158,0.9802,12,25.0,greedy,5,opening,False,0.0,0.0,True
47,8,0,"[[5, 0], [4, 1]]","[4, 1]",768,197.016,0.9766,12,34.0,greedy,5,opening,False,0.0,0.0,False
47,9,1,"[[3, 2], [5, 0]]","[5, 0]",178,40.6611,0.9565,12,34.0,greedy,5,opening,False,0.0,0.0,False
47,10,0,"[[7, 0], [6, 1]]","[6, 1]",2950,814.7593,0.8971,12,42.0,greedy,5,opening,True,0,0.0,False
47,11,1,"[[1, 2], [2, 1]]","[2, 1]",964,257.5767,0.9608,12,42.0,greedy,5,opening,False,0.0,0.0,True
47,12,0,"[[6, 5], [5, 4]]","[5, 4]",2006,549.5167,0.9184,12,42.0,greedy,5,opening,False,0.0,0.0,False
47,13,1,"[[0, 3], [1, 2]]","[1, 2]",718,182.0569,0.975,12,42.0,greedy,5,opening,False,0.0,0.0,True
47,14,0,"[[5, 4], [4, 5]]","[4, 5]",780,243.3448,0.9762,12,42.0,greedy,5,opening,False,0.0,0.0,False
47,15,1,"[[1, 2], [2, 3]]","[2, 3]",940,253.1917,0.9672,12,42.0,greedy,5,opening,True,81.0,0.0,False
47,16,0,"[[4, 5], [3, 4]]","[3, 4]",540,153.0504,0.9835,12,123.0,greedy,5,opening,False,0.0,0.0,False
47,17,1,"[[2, 3], [4, 5]]","[4, 5]",178,39.0613,0.9565,12,123.0,greedy,5,opening,False,0.0,0.0,False
47,18,0,"[[6, 7], [5, 6]]","[5, 6]",639,156.9912,0.974,12,130.0,greedy,5,opening,False,0.0,0.0,False
47,19,1,"[[4, 5], [6, 7]]","[6, 7]",122,28.9631,0.9702,12,130.0,greedy,5,opening,False,0.0,0.0,False
47,20,0,"[[7, 2], [6, 3]]","[6, 3]",418,103.677,0.9796,12,142.0,greedy,5,midgame,True,0,0.0,False
47,21,1,"[[5, 0], [7, 2]]","[7, 2]",131,30.4036,0.968,12,142.0,greedy,5,midgame,False,0.0,0.0,False
47,22,0,"[[6, 3], [5, 2]]","[5, 2]",637,147.2595,0.9611,12,154.0,greedy,5,midgame,False,0.0,0.0,False
47,23,1,"[[1, 4], [2, 3]]","[2, 3]",799,222.6593,0.9756,12,154.0,greedy,5,midgame,False,0.0,0.0,True
47,24,0,"[[7, 6], [6, 5]]","[6, 5]",892,209.9111,0.9564,12,154.0,greedy,5,midgame,False,0.0,0.0,False
47,25,1,"[[2, 1], [3, 0]]","[3, 0]",1526,344.6043,0.9627,12,154.0,greedy,5,midgame,False,0.0,0.0,True
47,26,0,"[[5, 2], [4, 3]]","[4, 3]",427,96.9114,0.9792,12,154.0,greedy,5,midgame,False,0.0,0.0,False
47,27,1,"[[2, 3], [3, 4]]","[3, 4]",492,104.0761,0.9867,12,154.0,greedy,5,midgame,False,0.0,0.0,True
47,28,0,"[[4, 3], [2, 5]]","[2, 5]",45,11.6439,0.989,12,154.0,greedy,5,midgame,False,0.0,0.0,False
47,29,1,"[[1, 6], [3, 4]]","[3, 4]",180,44.1582,0.9561,3,154.0,greedy,5,midgame,False,0.0,0.0,False
47,30,0,"[[6, 5], [5, 4]]","[5, 4]",226,48.9039,0.9816,3,229.0,greedy,5,midgame,True,0,0.0,False
47,31,1,"[[6, 7], [7, 6]]","[7, 6]",863,168.3295,0.9766,3,229.0,greedy,5,midgame,False,0.0,0.0,False
47,32,0,"[[5, 4], [4, 3]]","[4, 3]",313,67.1046,0.9809,3,229.0,greedy,5,midgame,False,0.0,0.0,False
47,33,1,"[[3, 4], [5, 2]]","[5, 2]",7,0.8886,0.9983,3,229.0,greedy,5,midgame,False,0.0,0.0,False
47,34,0,"[[7, 4], [6, 5]]","[6, 5]",6,0.5496,0.9993,3,237.0,greedy,5,midgame,False,0.0,0.0,False
47,35,1,"[[7, 6], [5, 4]]","[5, 4]",2,0.1297,0.9995,3,237.0,greedy,5,midgame,True,108.0,0.0,False
48,0,0,"[[6, 1], [5, 0]]","[5, 0]",1373,409.6105,0.9521,0,0,greedy,5,opening,False,0,0.0,False
48,1,1,"[[1, 0], [2, 1]]","[2, 1]",711,196.8081,0.9752,0,0,greedy,5,opening,False,0.0,0.0,True
48,2,0,"[[6, 3], [5, 2]]","[5, 2]",1201,376.8971,0.9633,0,1.0,greedy,5,opening,False,0.0,0.0,False
48,3,1,"[[0, 1], [1, 0]]","[1, 0]",808,243.6969,0.9753,0,1.0,greedy,5,opening,False,0.0,0.0,True
48,4,0,"[[5, 2], [4, 3]]","[4, 3]",1697,544.6415,0.9586,0,1.0,greedy,5,opening,False,0.0,0.0,False
48,5,1,"[[2, 1], [3, 2]]","[3, 2]",455,153.8124,0.9841,0,1.0,greedy,5,opening,True,24.0,0.0,True
48,6,0,"[[4, 3], [2, 1]]","[2, 1]",89,21.0228,0.9783,0,25.0,greedy,5,opening,False,0.0,0.0,False
48,7,1,"[[1, 0], [3, 2]]","[3, 2]",162,47.3354,0.9802,12,25.0,greedy,5,opening,False,0.0,0.0,True
48,8,0,"[[5, 0], [4, 1]]","[4, 1]",768,210.7685,0.9766,12,34.0,greedy,5,opening,False,0.0,0.0,False
48,9,1,"[[3, 2], [5, 0]]","[5, 0]",178,40.4122,0.9565,12,34.0,greedy,5,opening,False,0.0,0.0,False
48,10,0,"[[7, 0], [6, 1]]","[6, 1]",2950,811.5399,0.8971,12,42.0,greedy,5,opening,True,0,0.0,False
48,11,1,"[[1, 2], [2, 1]]","[2, 1]",964,219.2171,0.9608,12,42.0,greedy,5,opening,False,0.0,0.0,True
48,12,0,"[[6, 5], [5, 4]]","[5, 4]",2006,572.1042,0.9184,12,42.0,greedy,5,opening,False,0.0,0.0,False
48,13,1,"[[0, 3], [1, 2]]","[1, 2]",718,184.4103,0.975,12,42.0,greedy,5,opening,False,0.0,0.0,True
48,14,0,"[[5, 4], [4, 5]]","[4, 5]",780,199.6074,0.9762,12,42.0,greedy,5,opening,False,0.0,0.0,False
48,15,1,"[[1, 2], [2, 3]]","[2, 3]",940,239.2943,0.9672,12,42.0,greedy,5,opening,True,81.0,0.0,False
48,16,0,"[[4, 5], [3, 4]]","[3, 4]",540,131.4819,0.9835,12,123.0,greedy,5,opening,False,0.0,0.0,False
48,17,1,"[[2, 3], [4, 5]]","[4, 5]",178,46.006,0.9565,12,123.0,greedy,5,opening,False,0.0,0.0,False
48,18,0,"[[6, 7], [5, 6]]","[5, 6]",639,188.8318,0.974,12,130.0,greedy,5,opening,False,0.0,0.0,False
48,19,1,"[[4, 5], [6, 7]]","[6, 7]",122,31.9073,0.9702,12,130.0,greedy,5,opening,False,0.0,0.0,False
48,20,0,"[[7, 2], [6, 3]]","[6, 3]",418,113.806,0.9796,12,142.0,greedy,5,midgame,True,0,0.0,False
48,21,1,"[[5, 0], [7, 2]]","[7, 2]",131,26.1583,0.968,12,142.0,greedy,5,midgame,False,0.0,0.0,False
48,22,0,"[[6, 3], [5, 2]]","[5, 2]",637,157.8598,0.9611,12,154.0,greedy,5,midgame,False,0.0,0.0,False
48,23,1,"[[1, 4], [2, 3]]","[2, 3]",799,167.4473,0.9756,12,154.0,greedy,5,midgame,False,0.0,0.0,True
48,24,0,"[[7, 6], [6, 5]]","[6, 5]",892,219.0447,0.9564,12,154.0,greedy,5,midgame,False,0.0,0.0,False
48,25,1,"[[2, 1], [3, 0]]","[3, 0]",1526,384.1043,0.9627,12,154.0,greedy,5,midgame,False,0.0,0.0,True
48,26,0,"[[5, 2], [4, 3]]","[4, 3]",427,83.4372,0.9792,12,154.0,greedy,5,midgame,False,0.0,0.0,False
48,27,1,"[[2, 3], [3, 4]]","[3, 4]",492,104.9681,0.9867,12,154.0,greedy,5,midgame,False,0.0,0.0,True
48,28,0,"[[4, 3], [2, 5]]","[2, 5]",45,6.7787,0.989,12,154.0,greedy,5,midgame,False,0.0,0.0,False
48,29,1,"[[1, 6], [3, 4]]","[3, 4]",180,30.2863,0.9561,3,154.0,greedy,5,midgame,False,0.0,0.0,False
48,30,0,"[[6, 5], [5, 4]]","[5, 4]",226,45.8162,0.9816,3,229.0,greedy,5,midgame,True,0,0.0,False
48,31,1,"[[6, 7], [7, 6]]","[7, 6]",863,143.09,0.9766,3,229.0,greedy,5,midgame,False,0.0,0.0,False
48,32,0,"[[5, 4], [4, 3]]","[4, 3]",313,58.8062,0.9809,3,229.0,greedy,5,midgame,False,0.0,0.0,False
48,33,1,"[[3, 4], [5, 2]]","[5, 2]",7,1.2121,0.9983,3,229.0,greedy,5,midgame,False,0.0,0.0,False
48,34,0,"[[7, 4], [6, 5]]","[6, 5]",6,1.0166,0.9993,3,237.0,greedy,5,midgame,False,0.0,0.0,False
48,35,1,"[[7, 6], [5, 4]]","[5, 4]",2,0.2518,0.9995,3,237.0,greedy,5,midgame,True,108.0,0.0,False
49,0,0,"[[6, 1], [5, 0]]","[5, 0]",1373,433.5744,0.9521,0,0,greedy,5,opening,False,0,0.0,False
49,1,1,"[[1, 0], [2, 1]]","[2, 1]",711,218.5147,0.9752,0,0,greedy,5,opening,False,0.0,0.0,True
49,2,0,"[[6, 3], [5, 2]]","[5, 2]",1201,360.4667,0.9633,0,1.0,greedy,5,opening,False,0.0,0.0,False
49,3,1,"[[0, 1], [1, 0]]","[1, 0]",808,255.6698,0.9753,0,1.0,greedy,5,opening,False,0.0,0.0,True
49,4,0,"[[5, 2], [4, 3]]","[4, 3]",1697,616.982,0.9586,0,1.0,greedy,5,opening,False,0.0,0.0,False
49,5,1,"[[2, 1], [3, 2]]","[3, 2]",455,124.1395,0.9841,0,1.0,greedy,5,opening,True,24.0,0.0,True
49,6,0,"[[4, 3], [2, 1]]","[2, 1]",89,22.3756,0.9783,0,25.0,greedy,5,opening,False,0.0,0.0,False
49,7,1,"[[1, 0], [3, 2]]","[3, 2]",162,39.4232,0.9802,12,25.0,greedy,5,opening,False,0.0,0.0,True
49,8,0,"[[5, 0], [4, 1]]","[4, 1]",768,212.9536,0.9766,12,34.0,greedy,5,opening,False,0.0,0.0,False
49,9,1,"[[3, 2], [5, 0]]","[5, 0]",178,55.6986,0.9565,12,34.0,greedy,5,opening,False,0.0,0.0,False
49,10,0,"[[7, 0], [6, 1]]","[6, 1]",2950,792.8488,0.8971,12,42.0,greedy,5,opening,True,0,0.0,False
49,11,1,"[[1, 2], [2, 1]]","[2, 1]",964,259.2137,0.9608,12,42.0,greedy,5,opening,False,0.0,0.0,True
49,12,0,"[[6, 5], [5, 4]]","[5, 4]",2006,538.3797,0.9184,12,42.0,greedy,5,opening,False,0.0,0.0,False
49,13,1,"[[0, 3], [1, 2]]","[1, 2]",718,167.9265,0.975,12,42.0,greedy,5,opening,False,0.0,0.0,True
49,14,0,"[[5, 4], [4, 5]]","[4, 5]",780,219.0354,0.9762,12,42.0,greedy,5,opening,False,0.0,0.0,False
49,15,1,"[[1, 2], [2, 3]]","[2, 3]",940,247.6001,0.9672,12,42.0,greedy,5,opening,True,81.0,0.0,False
49,16,0,"[[4, 5], [3, 4]]","[3, 4]",540,159.3764,0.9835,12,123.0,greedy,5,opening,False,0.0,0.0,False
49,17,1,"[[2, 3], [4, 5]]","[4, 5]",178,38.862,0.9565,12,123.0,greedy,5,opening,False,0.0,0.0,False
49,18,0,"[[6, 7], [5, 6]]","[5, 6]",639,183.5186,0.974,12,130.0,greedy,5,opening,False,0.0,0.0,False
49,19,1,"[[4, 5], [6, 7]]","[6, 7]",122,26.2563,0.9702,12,130.0,greedy,5,opening,False,0.0,0.0,False
49,20,0,"[[7, 2], [6, 3]]","[6, 3]",418,103.04,0.9796,12,142.0,greedy,5,midgame,True,0,0.0,False
49,21,1,"[[5, 0], [7, 2]]","[7, 2]",131,34.7154,0.968,12,142.0,greedy,5,midgame,False,0.0,0.0,False
49,22,0,"[[6, 3], [5, 2]]","[5, 2]",637,144.5496,0.9611,12,154.0,greedy,5,midgame,False,0.0,0.0,False
49,23,1,"[[1, 4], [2, 3]]","[2, 3]",799,231.6406,0.9756,12,154.0,greedy,5,midgame,False,0.0,0.0,True
49,24,0,"[[7, 6], [6, 5]]","[6, 5]",892,201.1795,0.9564,12,154.0,greedy,5,midgame,False,0.0,0.0,False
49,25,1,"[[2, 1], [3, 0]]","[3, 0]",1526,329.7648,0.9627,12,154.0,greedy,5,midgame,False,0.0,0.0,True
49,26,0,"[[5, 2], [4, 3]]","[4, 3]",427,114.2402,0.9792,12,154.0,greedy,5,midgame,False,0.0,0.0,False
49,27,1,"[[2, 3], [3, 4]]","[3, 4]",492,108.6276,0.9867,12,154.0,greedy,5,midgame,False,0.0,0.0,True
49,28,0,"[[4, 3], [2, 5]]","[2, 5]",45,11.7455,0.989,12,154.0,greedy,5,midgame,False,0.0,0.0,False
49,29,1,"[[1, 6], [3, 4]]","[3, 4]",180,28.7008,0.9561,3,154.0,greedy,5,midgame,False,0.0,0.0,False
49,30,0,"[[6, 5], [5, 4]]","[5, 4]",226,55.5589,0.9816,3,229.0,greedy,5,midgame,True,0,0.0,False
49,31,1,"[[6, 7], [7, 6]]","[7, 6]",863,175.4875,0.9766,3,229.0,greedy,5,midgame,False,0.0,0.0,False
49,32,0,"[[5, 4], [4, 3]]","[4, 3]",313,56.4511,0.9809,3,229.0,greedy,5,midgame,False,0.0,0.0,False
49,33,1,"[[3, 4], [5, 2]]","[5, 2]",7,1.2143,0.9983,3,229.0,greedy,5,midgame,False,0.0,0.0,False
49,34,0,"[[7, 4], [6, 5]]","[6, 5]",6,1.0178,0.9993,3,237.0,greedy,5,midgame,False,0.0,0.0,False
49,35,1,"[[7, 6], [5, 4]]","[5, 4]",2,0.2465,0.9995,3,237.0,greedy,5,midgame,True,108.0,0.0,False
