game,turn,player,move,land_square,nodes,time_ms,pruning_ratio,score_p0,score_p1,heuristic,depth,game_phase,suboptimal,score_deviation,score_loss,operator_blind
0,0,0,"[[6, 1], [5, 0]]","[5, 0]",8,5.2555,0.0,0,0,greedy,1,opening,False,0,0.0,False
0,1,1,"[[1, 0], [2, 1]]","[2, 1]",8,2.635,0.0,0,0,greedy,1,opening,False,0.0,0.0,True
0,2,0,"[[5, 0], [4, 1]]","[4, 1]",9,3.7925,0.0,0,1.0,greedy,1,opening,False,0.0,0.0,False
0,3,1,"[[0, 1], [1, 0]]","[1, 0]",9,6.4127,0.0,0,1.0,greedy,1,opening,False,0.0,0.0,True
0,4,0,"[[4, 1], [3, 2]]","[3, 2]",10,1.9202,0.0,0,1.0,greedy,1,opening,False,0.0,0.0,False
0,5,1,"[[2, 1], [4, 3]]","[4, 3]",2,0.3035,0.0,0,1.0,greedy,1,opening,True,0.0,0.0,False
0,6,0,"[[6, 3], [5, 2]]","[5, 2]",8,3.3493,0.0,0,1.0,greedy,1,opening,False,0.0,0.0,False
0,7,1,"[[4, 3], [6, 1]]","[6, 1]",2,1.1008,0.0,0,1.0,greedy,1,opening,False,0.0,0.0,False
0,8,0,"[[7, 0], [5, 2]]","[5, 2]",3,0.7277,0.0,0,13.0,greedy,1,opening,False,0.0,0.0,True
0,9,1,"[[1, 0], [2, 1]]","[2, 1]",8,1.4706,0.0,16,13.0,greedy,1,opening,False,0.0,0.0,True
0,10,0,"[[5, 2], [4, 1]]","[4, 1]",9,2.7053,0.0,16,14.0,greedy,1,opening,True,0,0.0,False
0,11,1,"[[1, 2], [2, 3]]","[2, 3]",8,2.3346,0.0,16,14.0,greedy,1,opening,False,0.0,0.0,False
0,12,0,"[[4, 1], [3, 2]]","[3, 2]",9,1.8148,0.0,16,183.0,greedy,1,opening,False,0.0,0.0,False
0,13,1,"[[2, 1], [4, 3]]","[4, 3]",3,0.3605,0.0,16,183.0,greedy,1,opening,False,0.0,0.0,True
0,14,0,"[[6, 5], [5, 4]]","[5, 4]",7,1.1108,0.0,16,215.0,greedy,1,opening,False,0.0,0.0,False
0,15,1,"[[4, 3], [6, 5]]","[6, 5]",2,0.3784,0.0,16,215.0,greedy,1,opening,True,6.0,0.0,False
0,16,0,"[[7, 4], [5, 6]]","[5, 6]",3,0.3374,0.0,16,221.0,greedy,1,opening,False,0.0,0.0,True
0,17,1,"[[0, 3], [1, 2]]","[1, 2]",7,0.885,0.0,64,221.0,greedy,1,opening,False,0.0,0.0,True
0,18,0,"[[5, 6], [4, 5]]","[4, 5]",6,1.4739,0.0,64,221.0,greedy,1,opening,False,0.0,0.0,False
0,19,1,"[[1, 2], [2, 1]]","[2, 1]",7,2.3575,0.0,64,221.0,greedy,1,opening,False,0.0,0.0,True
0,20,0,"[[4, 5], [3, 4]]","[3, 4]",7,1.8983,0.0,64,221.0,greedy,1,midgame,True,0,0.0,False
0,21,1,"[[2, 3], [4, 5]]","[4, 5]",2,0.1633,0.0,64,221.0,greedy,1,midgame,False,0.0,0.0,False
0,22,0,"[[6, 7], [5, 6]]","[5, 6]",5,1.2665,0.0,64,228.0,greedy,1,midgame,False,0.0,0.0,False
0,23,1,"[[4, 5], [6, 7]]","[6, 7]",2,0.2854,0.0,64,228.0,greedy,1,midgame,False,0.0,0.0,False
0,24,0,"[[7, 2], [6, 1]]","[6, 1]",4,0.8211,0.0,64,244.0,greedy,1,midgame,False,0.0,0.0,False
0,25,1,"[[1, 4], [2, 3]]","[2, 3]",7,0.9,0.0,64,244.0,greedy,1,midgame,True,0.0,0.0,True
0,26,0,"[[6, 1], [5, 0]]","[5, 0]",4,0.8199,0.0,64,244.0,greedy,1,midgame,False,0.0,0.0,False
0,27,1,"[[0, 5], [1, 4]]","[1, 4]",8,1.2739,0.0,64,244.0,greedy,1,midgame,False,0.0,0.0,True
0,28,0,"[[5, 0], [4, 1]]","[4, 1]",3,0.9444,0.0,64,244.0,greedy,1,midgame,False,0.0,0.0,False
0,29,1,"[[1, 4], [2, 5]]","[2, 5]",8,1.3731,0.0,64,244.0,greedy,1,midgame,False,0.0,0.0,True
0,30,0,"[[4, 1], [3, 2]]","[3, 2]",4,0.5865,0.0,64,244.0,greedy,1,midgame,True,0,0.0,False
0,31,1,"[[2, 1], [4, 3]]","[4, 3]",3,0.2556,0.0,64,244.0,greedy,1,midgame,False,0.0,0.0,True
0,32,0,"[[7, 6], [6, 5]]","[6, 5]",2,0.1523,0.0,64,289.0,greedy,1,midgame,False,0.0,0.0,False
0,33,1,"[[6, 7], [7, 6]]","[7, 6]",9,1.4319,0.0,64,289.0,greedy,1,midgame,False,0.0,0.0,True
0,34,0,"[[6, 5], [5, 4]]","[5, 4]",3,0.3507,0.0,64,289.0,greedy,1,midgame,False,0.0,0.0,False
0,35,1,"[[4, 3], [6, 5]]","[6, 5]",2,0.1273,0.0,64,289.0,greedy,1,midgame,True,2.0,0.0,False
1,0,0,"[[6, 1], [5, 0]]","[5, 0]",8,1.406,0.0,0,0,greedy,1,opening,False,0,0.0,False
1,1,1,"[[1, 0], [2, 1]]","[2, 1]",8,1.3885,0.0,0,0,greedy,1,opening,False,0.0,0.0,True
1,2,0,"[[5, 0], [4, 1]]","[4, 1]",9,1.5888,0.0,0,1.0,greedy,1,opening,False,0.0,0.0,False
1,3,1,"[[0, 1], [1, 0]]","[1, 0]",9,2.3093,0.0,0,1.0,greedy,1,opening,False,0.0,0.0,True
1,4,0,"[[4, 1], [3, 2]]","[3, 2]",10,3.468,0.0,0,1.0,greedy,1,opening,False,0.0,0.0,False
1,5,1,"[[2, 1], [4, 3]]","[4, 3]",2,0.4134,0.0,0,1.0,greedy,1,opening,True,0.0,0.0,False
1,6,0,"[[6, 3], [5, 2]]","[5, 2]",8,2.8203,0.0,0,1.0,greedy,1,opening,False,0.0,0.0,False
1,7,1,"[[4, 3], [6, 1]]","[6, 1]",2,0.9055,0.0,0,1.0,greedy,1,opening,False,0.0,0.0,False
1,8,0,"[[7, 0], [5, 2]]","[5, 2]",3,0.9685,0.0,0,13.0,greedy,1,opening,False,0.0,0.0,True
1,9,1,"[[1, 0], [2, 1]]","[2, 1]",8,1.24,0.0,16,13.0,greedy,1,opening,False,0.0,0.0,True
1,10,0,"[[5, 2], [4, 1]]","[4, 1]",9,1.4551,0.0,16,14.0,greedy,1,opening,True,0,0.0,False
1,11,1,"[[1, 2], [2, 3]]","[2, 3]",8,1.3173,0.0,16,14.0,greedy,1,opening,False,0.0,0.0,False
1,12,0,"[[4, 1], [3, 2]]","[3, 2]",9,1.6384,0.0,16,183.0,greedy,1,opening,False,0.0,0.0,False
1,13,1,"[[2, 1], [4, 3]]","[4, 3]",3,0.3624,0.0,16,183.0,greedy,1,opening,False,0.0,0.0,True
1,14,0,"[[6, 5], [5, 4]]","[5, 4]",7,1.1401,0.0,16,215.0,greedy,1,opening,False,0.0,0.0,False
1,15,1,"[[4, 3], [6, 5]]","[6, 5]",2,0.5918,0.0,16,215.0,greedy,1,opening,True,6.0,0.0,False
1,16,0,"[[7, 4], [5, 6]]","[5, 6]",3,0.9856,0.0,16,221.0,greedy,1,opening,False,0.0,0.0,True
1,17,1,"[[0, 3], [1, 2]]","[1, 2]",7,1.7238,0.0,64,221.0,greedy,1,opening,False,0.0,0.0,True
1,18,0,"[[5, 6], [4, 5]]","[4, 5]",6,0.7765,0.0,64,221.0,greedy,1,opening,False,0.0,0.0,False
1,19,1,"[[1, 2], [2, 1]]","[2, 1]",7,0.9737,0.0,64,221.0,greedy,1,opening,False,0.0,0.0,True
1,20,0,"[[4, 5], [3, 4]]","[3, 4]",7,1.0018,0.0,64,221.0,greedy,1,midgame,True,0,0.0,False
1,21,1,"[[2, 3], [4, 5]]","[4, 5]",2,0.1621,0.0,64,221.0,greedy,1,midgame,False,0.0,0.0,False
1,22,0,"[[6, 7], [5, 6]]","[5, 6]",5,0.6766,0.0,64,228.0,greedy,1,midgame,False,0.0,0.0,False
1,23,1,"[[4, 5], [6, 7]]","[6, 7]",2,0.1507,0.0,64,228.0,greedy,1,midgame,False,0.0,0.0,False
1,24,0,"[[7, 2], [6, 1]]","[6, 1]",4,0.4306,0.0,64,244.0,greedy,1,midgame,False,0.0,0.0,False
1,25,1,"[[1, 4], [2, 3]]","[2, 3]",7,0.7591,0.0,64,244.0,greedy,1,midgame,True,0.0,0.0,True
1,26,0,"[[6, 1], [5, 0]]","[5, 0]",4,0.4258,0.0,64,244.0,greedy,1,midgame,False,0.0,0.0,False
1,27,1,"[[0, 5], [1, 4]]","[1, 4]",8,0.8705,0.0,64,244.0,greedy,1,midgame,False,0.0,0.0,True
1,28,0,"[[5, 0], [4, 1]]","[4, 1]",3,0.7315,0.0,64,244.0,greedy,1,midgame,False,0.0,0.0,False
1,29,1,"[[1, 4], [2, 5]]","[2, 5]",8,1.8172,0.0,64,244.0,greedy,1,midgame,False,0.0,0.0,True
1,30,0,"[[4, 1], [3, 2]]","[3, 2]",4,1.0984,0.0,64,244.0,greedy,1,midgame,True,0,0.0,False
1,31,1,"[[2, 1], [4, 3]]","[4, 3]",3,0.4876,0.0,64,244.0,greedy,1,midgame,False,0.0,0.0,True
1,32,0,"[[7, 6], [6, 5]]","[6, 5]",2,0.2911,0.0,64,289.0,greedy,1,midgame,False,0.0,0.0,False
1,33,1,"[[6, 7], [7, 6]]","[7, 6]",9,1.6632,0.0,64,289.0,greedy,1,midgame,False,0.0,0.0,True
1,34,0,"[[6, 5], [5, 4]]","[5, 4]",3,0.4158,0.0,64,289.0,greedy,1,midgame,False,0.0,0.0,False
1,35,1,"[[4, 3], [6, 5]]","[6, 5]",2,0.2482,0.0,64,289.0,greedy,1,midgame,True,2.0,0.0,False
2,0,0,"[[6, 1], [5, 0]]","[5, 0]",8,2.6305,0.0,0,0,greedy,1,opening,False,0,0.0,False
2,1,1,"[[1, 0], [2, 1]]","[2, 1]",8,2.7468,0.0,0,0,greedy,1,opening,False,0.0,0.0,True
2,2,0,"[[5, 0], [4, 1]]","[4, 1]",9,3.0117,0.0,0,1.0,greedy,1,opening,False,0.0,0.0,False
2,3,1,"[[0, 1], [1, 0]]","[1, 0]",9,2.6312,0.0,0,1.0,greedy,1,opening,False,0.0,0.0,True
2,4,0,"[[4, 1], [3, 2]]","[3, 2]",10,4.0712,0.0,0,1.0,greedy,1,opening,False,0.0,0.0,False
2,5,1,"[[2, 1], [4, 3]]","[4, 3]",2,0.2251,0.0,0,1.0,greedy,1,opening,True,0.0,0.0,False
2,6,0,"[[6, 3], [5, 2]]","[5, 2]",8,1.5738,0.0,0,1.0,greedy,1,opening,False,0.0,0.0,False
2,7,1,"[[4, 3], [6, 1]]","[6, 1]",2,0.4399,0.0,0,1.0,greedy,1,opening,False,0.0,0.0,False
2,8,0,"[[7, 0], [5, 2]]","[5, 2]",3,0.3905,0.0,0,13.0,greedy,1,opening,False,0.0,0.0,True
2,9,1,"[[1, 0], [2, 1]]","[2, 1]",8,1.2124,0.0,16,13.0,greedy,1,opening,False,0.0,0.0,True
2,10,0,"[[5, 2], [4, 1]]","[4, 1]",9,1.4052,0.0,16,14.0,greedy,1,opening,True,0,0.0,False
2,11,1,"[[1, 2], [2, 3]]","[2, 3]",8,1.3146,0.0,16,14.0,greedy,1,opening,False,0.0,0.0,False
2,12,0,"[[4, 1], [3, 2]]","[3, 2]",9,4.3662,0.0,16,183.0,greedy,1,opening,False,0.0,0.0,False
2,13,1,"[[2, 1], [4, 3]]","[4, 3]",3,0.6926,0.0,16,183.0,greedy,1,opening,False,0.0,0.0,True
2,14,0,"[[6, 5], [5, 4]]","[5, 4]",7,1.3912,0.0,16,215.0,greedy,1,opening,False,0.0,0.0,False
2,15,1,"[[4, 3], [6, 5]]","[6, 5]",2,0.4823,0.0,16,215.0,greedy,1,opening,True,6.0,0.0,False
2,16,0,"[[7, 4], [5, 6]]","[5, 6]",3,0.6366,0.0,16,221.0,greedy,1,opening,False,0.0,0.0,True
2,17,1,"[[0, 3], [1, 2]]","[1, 2]",7,1.7576,0.0,64,221.0,greedy,1,opening,False,0.0,0.0,True
2,18,0,"[[5, 6], [4, 5]]","[4, 5]",6,2.4197,0.0,64,221.0,greedy,1,opening,False,0.0,0.0,False
2,19,1,"[[1, 2], [2, 1]]","[2, 1]",7,1.054,0.0,64,221.0,greedy,1,opening,False,0.0,0.0,True
2,20,0,"[[4, 5], [3, 4]]","[3, 4]",7,1.0118,0.0,64,221.0,greedy,1,midgame,True,0,0.0,False
2,21,1,"[[2, 3], [4, 5]]","[4, 5]",2,0.181,0.0,64,221.0,greedy,1,midgame,False,0.0,0.0,False
2,22,0,"[[6, 7], [5, 6]]","[5, 6]",5,1.2681,0.0,64,228.0,greedy,1,midgame,False,0.0,0.0,False
2,23,1,"[[4, 5], [6, 7]]","[6, 7]",2,0.2828,0.0,64,228.0,greedy,1,midgame,False,0.0,0.0,False
2,24,0,"[[7, 2], [6, 1]]","[6, 1]",4,0.8132,0.0,64,244.0,greedy,1,midgame,False,0.0,0.0,False
2,25,1,"[[1, 4], [2, 3]]","[2, 3]",7,1.6727,0.0,64,244.0,greedy,1,midgame,True,0.0,0.0,True
2,26,0,"[[6, 1], [5, 0]]","[5, 0]",4,0.4253,0.0,64,244.0,greedy,1,midgame,False,0.0,0.0,False
2,27,1,"[[0, 5], [1, 4]]","[1, 4]",8,1.9026,0.0,64,244.0,greedy,1,midgame,False,0.0,0.0,True
2,28,0,"[[5, 0], [4, 1]]","[4, 1]",3,0.3037,0.0,64,244.0,greedy,1,midgame,False,0.0,0.0,False
2,29,1,"[[1, 4], [2, 5]]","[2, 5]",8,0.9596,0.0,64,244.0,greedy,1,midgame,False,0.0,0.0,True
2,30,0,"[[4, 1], [3, 2]]","[3, 2]",4,0.5891,0.0,64,244.0,greedy,1,midgame,True,0,0.0,False
2,31,1,"[[2, 1], [4, 3]]","[4, 3]",3,0.2573,0.0,64,244.0,greedy,1,midgame,False,0.0,0.0,True
2,32,0,"[[7, 6], [6, 5]]","[6, 5]",2,0.1507,0.0,64,289.0,greedy,1,midgame,False,0.0,0.0,False
2,33,1,"[[6, 7], [7, 6]]","[7, 6]",9,0.9952,0.0,64,289.0,greedy,1,midgame,False,0.0,0.0,True
2,34,0,"[[6, 5], [5, 4]]","[5, 4]",3,0.356,0.0,64,289.0,greedy,1,midgame,False,0.0,0.0,False
2,35,1,"[[4, 3], [6, 5]]","[6, 5]",2,0.1283,0.0,64,289.0,greedy,1,midgame,True,2.0,0.0,False
3,0,0,"[[6, 1], [5, 0]]","[5, 0]",8,1.4036,0.0,0,0,greedy,1,opening,False,0,0.0,False
3,1,1,"[[1, 0], [2, 1]]","[2, 1]",8,1.3921,0.0,0,0,greedy,1,opening,False,0.0,0.0,True
3,2,0,"[[5, 0], [4, 1]]","[4, 1]",9,5.0681,0.0,0,1.0,greedy,1,opening,False,0.0,0.0,False
3,3,1,"[[0, 1], [1, 0]]","[1, 0]",9,4.4792,0.0,0,1.0,greedy,1,opening,False,0.0,0.0,True
3,4,0,"[[4, 1], [3, 2]]","[3, 2]",10,5.3918,0.0,0,1.0,greedy,1,opening,False,0.0,0.0,False
3,5,1,"[[2, 1], [4, 3]]","[4, 3]",2,0.2372,0.0,0,1.0,greedy,1,opening,True,0.0,0.0,False
3,6,0,"[[6, 3], [5, 2]]","[5, 2]",8,1.5764,0.0,0,1.0,greedy,1,opening,False,0.0,0.0,False
3,7,1,"[[4, 3], [6, 1]]","[6, 1]",2,0.4425,0.0,0,1.0,greedy,1,opening,False,0.0,0.0,False
3,8,0,"[[7, 0], [5, 2]]","[5, 2]",3,0.3834,0.0,0,13.0,greedy,1,opening,False,0.0,0.0,True
3,9,1,"[[1, 0], [2, 1]]","[2, 1]",8,1.2081,0.0,16,13.0,greedy,1,opening,False,0.0,0.0,True
3,10,0,"[[5, 2], [4, 1]]","[4, 1]",9,1.4017,0.0,16,14.0,greedy,1,opening,True,0,0.0,False
3,11,1,"[[1, 2], [2, 3]]","[2, 3]",8,2.6944,0.0,16,14.0,greedy,1,opening,False,0.0,0.0,False
3,12,0,"[[4, 1], [3, 2]]","[3, 2]",9,1.8184,0.0,16,183.0,greedy,1,opening,False,0.0,0.0,False
3,13,1,"[[2, 1], [4, 3]]","[4, 3]",3,0.3638,0.0,16,183.0,greedy,1,opening,False,0.0,0.0,True
3,14,0,"[[6, 5], [5, 4]]","[5, 4]",7,1.1175,0.0,16,215.0,greedy,1,opening,False,0.0,0.0,False
3,15,1,"[[4, 3], [6, 5]]","[6, 5]",2,0.3805,0.0,16,215.0,greedy,1,opening,True,6.0,0.0,False
3,16,0,"[[7, 4], [5, 6]]","[5, 6]",3,0.3347,0.0,16,221.0,greedy,1,opening,False,0.0,0.0,True
3,17,1,"[[0, 3], [1, 2]]","[1, 2]",7,1.0917,0.0,64,221.0,greedy,1,opening,False,0.0,0.0,True
3,18,0,"[[5, 6], [4, 5]]","[4, 5]",6,1.4765,0.0,64,221.0,greedy,1,opening,False,0.0,0.0,False
3,19,1,"[[1, 2], [2, 1]]","[2, 1]",7,2.4192,0.0,64,221.0,greedy,1,opening,False,0.0,0.0,True
3,20,0,"[[4, 5], [3, 4]]","[3, 4]",7,1.0107,0.0,64,221.0,greedy,1,midgame,True,0,0.0,False
3,21,1,"[[2, 3], [4, 5]]","[4, 5]",2,0.1731,0.0,64,221.0,greedy,1,midgame,False,0.0,0.0,False
3,22,0,"[[6, 7], [5, 6]]","[5, 6]",5,0.6793,0.0,64,228.0,greedy,1,midgame,False,0.0,0.0,False
3,23,1,"[[4, 5], [6, 7]]","[6, 7]",2,0.1509,0.0,64,228.0,greedy,1,midgame,False,0.0,0.0,False
3,24,0,"[[7, 2], [6, 1]]","[6, 1]",4,0.4272,0.0,64,244.0,greedy,1,midgame,False,0.0,0.0,False
3,25,1,"[[1, 4], [2, 3]]","[2, 3]",7,0.7563,0.0,64,244.0,greedy,1,midgame,True,0.0,0.0,True
3,26,0,"[[6, 1], [5, 0]]","[5, 0]",4,0.428,0.0,64,244.0,greedy,1,midgame,False,0.0,0.0,False
3,27,1,"[[0, 5], [1, 4]]","[1, 4]",8,1.0319,0.0,64,244.0,greedy,1,midgame,False,0.0,0.0,True
3,28,0,"[[5, 0], [4, 1]]","[4, 1]",3,0.2964,0.0,64,244.0,greedy,1,midgame,False,0.0,0.0,False
3,29,1,"[[1, 4], [2, 5]]","[2, 5]",8,0.9649,0.0,64,244.0,greedy,1,midgame,False,0.0,0.0,True
3,30,0,"[[4, 1], [3, 2]]","[3, 2]",4,0.587,0.0,64,244.0,greedy,1,midgame,True,0,0.0,False
3,31,1,"[[2, 1], [4, 3]]","[4, 3]",3,0.2589,0.0,64,244.0,greedy,1,midgame,False,0.0,0.0,True
3,32,0,"[[7, 6], [6, 5]]","[6, 5]",2,0.1493,0.0,64,289.0,greedy,1,midgame,False,0.0,0.0,False
3,33,1,"[[6, 7], [7, 6]]","[7, 6]",9,1.9751,0.0,64,289.0,greedy,1,midgame,False,0.0,0.0,True
3,34,0,"[[6, 5], [5, 4]]","[5, 4]",3,0.6614,0.0,64,289.0,greedy,1,midgame,False,0.0,0.0,False
3,35,1,"[[4, 3], [6, 5]]","[6, 5]",2,0.2465,0.0,64,289.0,greedy,1,midgame,True,2.0,0.0,False
4,0,0,"[[6, 1], [5, 0]]","[5, 0]",8,2.6464,0.0,0,0,greedy,1,opening,False,0,0.0,False
4,1,1,"[[1, 0], [2, 1]]","[2, 1]",8,2.2421,0.0,0,0,greedy,1,opening,False,0.0,0.0,True
4,2,0,"[[5, 0], [4, 1]]","[4, 1]",9,1.5955,0.0,0,1.0,greedy,1,opening,False,0.0,0.0,False
4,3,1,"[[0, 1], [1, 0]]","[1, 0]",9,2.6379,0.0,0,1.0,greedy,1,opening,False,0.0,0.0,True
4,4,0,"[[4, 1], [3, 2]]","[3, 2]",10,3.5703,0.0,0,1.0,greedy,1,opening,False,0.0,0.0,False
4,5,1,"[[2, 1], [4, 3]]","[4, 3]",2,0.2317,0.0,0,1.0,greedy,1,opening,True,0.0,0.0,False
4,6,0,"[[6, 3], [5, 2]]","[5, 2]",8,3.0451,0.0,0,1.0,greedy,1,opening,False,0.0,0.0,False
4,7,1,"[[4, 3], [6, 1]]","[6, 1]",2,0.7887,0.0,0,1.0,greedy,1,opening,False,0.0,0.0,False
4,8,0,"[[7, 0], [5, 2]]","[5, 2]",3,0.715,0.0,0,13.0,greedy,1,opening,False,0.0,0.0,True
4,9,1,"[[1, 0], [2, 1]]","[2, 1]",8,1.7087,0.0,16,13.0,greedy,1,opening,False,0.0,0.0,True
4,10,0,"[[5, 2], [4, 1]]","[4, 1]",9,1.4329,0.0,16,14.0,greedy,1,opening,True,0,0.0,False
4,11,1,"[[1, 2], [2, 3]]","[2, 3]",8,1.3492,0.0,16,14.0,greedy,1,opening,False,0.0,0.0,False
4,12,0,"[[4, 1], [3, 2]]","[3, 2]",9,3.1409,0.0,16,183.0,greedy,1,opening,False,0.0,0.0,False
4,13,1,"[[2, 1], [4, 3]]","[4, 3]",3,0.5827,0.0,16,183.0,greedy,1,opening,False,0.0,0.0,True
4,14,0,"[[6, 5], [5, 4]]","[5, 4]",7,2.672,0.0,16,215.0,greedy,1,opening,False,0.0,0.0,False
4,15,1,"[[4, 3], [6, 5]]","[6, 5]",2,0.4027,0.0,16,215.0,greedy,1,opening,True,6.0,0.0,False
4,16,0,"[[7, 4], [5, 6]]","[5, 6]",3,0.3431,0.0,16,221.0,greedy,1,opening,False,0.0,0.0,True
4,17,1,"[[0, 3], [1, 2]]","[1, 2]",7,0.8812,0.0,64,221.0,greedy,1,opening,False,0.0,0.0,True
4,18,0,"[[5, 6], [4, 5]]","[4, 5]",6,1.2763,0.0,64,221.0,greedy,1,opening,False,0.0,0.0,False
4,19,1,"[[1, 2], [2, 1]]","[2, 1]",7,0.989,0.0,64,221.0,greedy,1,opening,False,0.0,0.0,True
4,20,0,"[[4, 5], [3, 4]]","[3, 4]",7,1.008,0.0,64,221.0,greedy,1,midgame,True,0,0.0,False
4,21,1,"[[2, 3], [4, 5]]","[4, 5]",2,0.1621,0.0,64,221.0,greedy,1,midgame,False,0.0,0.0,False
4,22,0,"[[6, 7], [5, 6]]","[5, 6]",5,0.6733,0.0,64,228.0,greedy,1,midgame,False,0.0,0.0,False
4,23,1,"[[4, 5], [6, 7]]","[6, 7]",2,0.1497,0.0,64,228.0,greedy,1,midgame,False,0.0,0.0,False
4,24,0,"[[7, 2], [6, 1]]","[6, 1]",4,0.4251,0.0,64,244.0,greedy,1,midgame,False,0.0,0.0,False
4,25,1,"[[1, 4], [2, 3]]","[2, 3]",7,0.7567,0.0,64,244.0,greedy,1,midgame,True,0.0,0.0,True
4,26,0,"[[6, 1], [5, 0]]","[5, 0]",4,1.2901,0.0,64,244.0,greedy,1,midgame,False,0.0,0.0,False
4,27,1,"[[0, 5], [1, 4]]","[1, 4]",8,0.886,0.0,64,244.0,greedy,1,midgame,False,0.0,0.0,True
4,28,0,"[[5, 0], [4, 1]]","[4, 1]",3,0.325,0.0,64,244.0,greedy,1,midgame,False,0.0,0.0,False
4,29,1,"[[1, 4], [2, 5]]","[2, 5]",8,1.5895,0.0,64,244.0,greedy,1,midgame,False,0.0,0.0,True
4,30,0,"[[4, 1], [3, 2]]","[3, 2]",4,1.1055,0.0,64,244.0,greedy,1,midgame,True,0,0.0,False
4,31,1,"[[2, 1], [4, 3]]","[4, 3]",3,0.489,0.0,64,244.0,greedy,1,midgame,False,0.0,0.0,True
4,32,0,"[[7, 6], [6, 5]]","[6, 5]",2,0.2866,0.0,64,289.0,greedy,1,midgame,False,0.0,0.0,False
4,33,1,"[[6, 7], [7, 6]]","[7, 6]",9,1.8687,0.0,64,289.0,greedy,1,midgame,False,0.0,0.0,True
4,34,0,"[[6, 5], [5, 4]]","[5, 4]",3,0.6468,0.0,64,289.0,greedy,1,midgame,False,0.0,0.0,False
4,35,1,"[[4, 3], [6, 5]]","[6, 5]",2,0.2429,0.0,64,289.0,greedy,1,midgame,True,2.0,0.0,False
5,0,0,"[[6, 1], [5, 0]]","[5, 0]",8,3.0773,0.0,0,0,greedy,1,opening,False,0,0.0,False
5,1,1,"[[1, 0], [2, 1]]","[2, 1]",8,1.8716,0.0,0,0,greedy,1,opening,False,0.0,0.0,True
5,2,0,"[[5, 0], [4, 1]]","[4, 1]",9,1.5831,0.0,0,1.0,greedy,1,opening,False,0.0,0.0,False
5,3,1,"[[0, 1], [1, 0]]","[1, 0]",9,1.7114,0.0,0,1.0,greedy,1,opening,False,0.0,0.0,True
5,4,0,"[[4, 1], [3, 2]]","[3, 2]",10,1.9073,0.0,0,1.0,greedy,1,opening,False,0.0,0.0,False
5,5,1,"[[2, 1], [4, 3]]","[4, 3]",2,0.2222,0.0,0,1.0,greedy,1,opening,True,0.0,0.0,False
5,6,0,"[[6, 3], [5, 2]]","[5, 2]",8,2.8775,0.0,0,1.0,greedy,1,opening,False,0.0,0.0,False
5,7,1,"[[4, 3], [6, 1]]","[6, 1]",2,0.8025,0.0,0,1.0,greedy,1,opening,False,0.0,0.0,False
5,8,0,"[[7, 0], [5, 2]]","[5, 2]",3,0.7169,0.0,0,13.0,greedy,1,opening,False,0.0,0.0,True
5,9,1,"[[1, 0], [2, 1]]","[2, 1]",8,2.2938,0.0,16,13.0,greedy,1,opening,False,0.0,0.0,True
5,10,0,"[[5, 2], [4, 1]]","[4, 1]",9,2.6124,0.0,16,14.0,greedy,1,opening,True,0,0.0,False
5,11,1,"[[1, 2], [2, 3]]","[2, 3]",8,2.9457,0.0,16,14.0,greedy,1,opening,False,0.0,0.0,False
5,12,0,"[[4, 1], [3, 2]]","[3, 2]",9,3.401,0.0,16,183.0,greedy,1,opening,False,0.0,0.0,False
5,13,1,"[[2, 1], [4, 3]]","[4, 3]",3,0.674,0.0,16,183.0,greedy,1,opening,False,0.0,0.0,True
5,14,0,"[[6, 5], [5, 4]]","[5, 4]",7,2.0976,0.0,16,215.0,greedy,1,opening,False,0.0,0.0,False
5,15,1,"[[4, 3], [6, 5]]","[6, 5]",2,0.6785,0.0,16,215.0,greedy,1,opening,True,6.0,0.0,False
5,16,0,"[[7, 4], [5, 6]]","[5, 6]",3,0.6292,0.0,16,221.0,greedy,1,opening,False,0.0,0.0,True
5,17,1,"[[0, 3], [1, 2]]","[1, 2]",7,2.2519,0.0,64,221.0,greedy,1,opening,False,0.0,0.0,True
5,18,0,"[[5, 6], [4, 5]]","[4, 5]",6,0.7994,0.0,64,221.0,greedy,1,opening,False,0.0,0.0,False
5,19,1,"[[1, 2], [2, 1]]","[2, 1]",7,0.9816,0.0,64,221.0,greedy,1,opening,False,0.0,0.0,True
5,20,0,"[[4, 5], [3, 4]]","[3, 4]",7,0.9964,0.0,64,221.0,greedy,1,midgame,True,0,0.0,False
5,21,1,"[[2, 3], [4, 5]]","[4, 5]",2,0.1717,0.0,64,221.0,greedy,1,midgame,False,0.0,0.0,False
5,22,0,"[[6, 7], [5, 6]]","[5, 6]",5,1.097,0.0,64,228.0,greedy,1,midgame,False,0.0,0.0,False
5,23,1,"[[4, 5], [6, 7]]","[6, 7]",2,0.1521,0.0,64,228.0,greedy,1,midgame,False,0.0,0.0,False
5,24,0,"[[7, 2], [6, 1]]","[6, 1]",4,0.4275,0.0,64,244.0,greedy,1,midgame,False,0.0,0.0,False
5,25,1,"[[1, 4], [2, 3]]","[2, 3]",7,0.7534,0.0,64,244.0,greedy,1,midgame,True,0.0,0.0,True
5,26,0,"[[6, 1], [5, 0]]","[5, 0]",4,0.8762,0.0,64,244.0,greedy,1,midgame,False,0.0,0.0,False
5,27,1,"[[0, 5], [1, 4]]","[1, 4]",8,2.1048,0.0,64,244.0,greedy,1,midgame,False,0.0,0.0,True
5,28,0,"[[5, 0], [4, 1]]","[4, 1]",3,0.3216,0.0,64,244.0,greedy,1,midgame,False,0.0,0.0,False
5,29,1,"[[1, 4], [2, 5]]","[2, 5]",8,0.9882,0.0,64,244.0,greedy,1,midgame,False,0.0,0.0,True
5,30,0,"[[4, 1], [3, 2]]","[3, 2]",4,0.5908,0.0,64,244.0,greedy,1,midgame,True,0,0.0,False
5,31,1,"[[2, 1], [4, 3]]","[4, 3]",3,0.2584,0.0,64,244.0,greedy,1,midgame,False,0.0,0.0,True
5,32,0,"[[7, 6], [6, 5]]","[6, 5]",2,0.1485,0.0,64,289.0,greedy,1,midgame,False,0.0,0.0,False
5,33,1,"[[6, 7], [7, 6]]","[7, 6]",9,0.9851,0.0,64,289.0,greedy,1,midgame,False,0.0,0.0,True
5,34,0,"[[6, 5], [5, 4]]","[5, 4]",3,0.3476,0.0,64,289.0,greedy,1,midgame,False,0.0,0.0,False
5,35,1,"[[4, 3], [6, 5]]","[6, 5]",2,0.1295,0.0,64,289.0,greedy,1,midgame,True,2.0,0.0,False
6,0,0,"[[6, 1], [5, 0]]","[5, 0]",8,1.3919,0.0,0,0,greedy,1,opening,False,0,0.0,False
6,1,1,"[[1, 0], [2, 1]]","[2, 1]",8,1.3893,0.0,0,0,greedy,1,opening,False,0.0,0.0,True
6,2,0,"[[5, 0], [4, 1]]","[4, 1]",9,1.5876,0.0,0,1.0,greedy,1,opening,False,0.0,0.0,False
6,3,1,"[[0, 1], [1, 0]]","[1, 0]",9,3.4728,0.0,0,1.0,greedy,1,opening,False,0.0,0.0,True
6,4,0,"[[4, 1], [3, 2]]","[3, 2]",10,2.7285,0.0,0,1.0,greedy,1,opening,False,0.0,0.0,False
6,5,1,"[[2, 1], [4, 3]]","[4, 3]",2,0.4084,0.0,0,1.0,greedy,1,opening,True,0.0,0.0,False
6,6,0,"[[6, 3], [5, 2]]","[5, 2]",8,2.8343,0.0,0,1.0,greedy,1,opening,False,0.0,0.0,False
6,7,1,"[[4, 3], [6, 1]]","[6, 1]",2,0.8097,0.0,0,1.0,greedy,1,opening,False,0.0,0.0,False
6,8,0,"[[7, 0], [5, 2]]","[5, 2]",3,0.7169,0.0,0,13.0,greedy,1,opening,False,0.0,0.0,True
6,9,1,"[[1, 0], [2, 1]]","[2, 1]",8,2.2902,0.0,16,13.0,greedy,1,opening,False,0.0,0.0,True
6,10,0,"[[5, 2], [4, 1]]","[4, 1]",9,2.6519,0.0,16,14.0,greedy,1,opening,True,0,0.0,False
6,11,1,"[[1, 2], [2, 3]]","[2, 3]",8,2.326,0.0,16,14.0,greedy,1,opening,False,0.0,0.0,False
6,12,0,"[[4, 1], [3, 2]]","[3, 2]",9,2.1996,0.0,16,183.0,greedy,1,opening,False,0.0,0.0,False
6,13,1,"[[2, 1], [4, 3]]","[4, 3]",3,0.3774,0.0,16,183.0,greedy,1,opening,False,0.0,0.0,True
6,14,0,"[[6, 5], [5, 4]]","[5, 4]",7,1.1151,0.0,16,215.0,greedy,1,opening,False,0.0,0.0,False
6,15,1,"[[4, 3], [6, 5]]","[6, 5]",2,0.3877,0.0,16,215.0,greedy,1,opening,True,6.0,0.0,False
6,16,0,"[[7, 4], [5, 6]]","[5, 6]",3,0.3355,0.0,16,221.0,greedy,1,opening,False,0.0,0.0,True
6,17,1,"[[0, 3], [1, 2]]","[1, 2]",7,0.8988,0.0,64,221.0,greedy,1,opening,False,0.0,0.0,True
6,18,0,"[[5, 6], [4, 5]]","[4, 5]",6,0.7696,0.0,64,221.0,greedy,1,opening,False,0.0,0.0,False
6,19,1,"[[1, 2], [2, 1]]","[2, 1]",7,0.9716,0.0,64,221.0,greedy,1,opening,False,0.0,0.0,True
6,20,0,"[[4, 5], [3, 4]]","[3, 4]",7,1.0693,0.0,64,221.0,greedy,1,midgame,True,0,0.0,False
6,21,1,"[[2, 3], [4, 5]]","[4, 5]",2,0.3414,0.0,64,221.0,greedy,1,midgame,False,0.0,0.0,False
6,22,0,"[[6, 7], [5, 6]]","[5, 6]",5,1.3294,0.0,64,228.0,greedy,1,midgame,False,0.0,0.0,False
6,23,1,"[[4, 5], [6, 7]]","[6, 7]",2,0.284,0.0,64,228.0,greedy,1,midgame,False,0.0,0.0,False
6,24,0,"[[7, 2], [6, 1]]","[6, 1]",4,0.8147,0.0,64,244.0,greedy,1,midgame,False,0.0,0.0,False
6,25,1,"[[1, 4], [2, 3]]","[2, 3]",7,1.4358,0.0,64,244.0,greedy,1,midgame,True,0.0,0.0,True
6,26,0,"[[6, 1], [5, 0]]","[5, 0]",4,0.8166,0.0,64,244.0,greedy,1,midgame,False,0.0,0.0,False
6,27,1,"[[0, 5], [1, 4]]","[1, 4]",8,1.6553,0.0,64,244.0,greedy,1,midgame,False,0.0,0.0,True
6,28,0,"[[5, 0], [4, 1]]","[4, 1]",3,0.5682,0.0,64,244.0,greedy,1,midgame,False,0.0,0.0,False
6,29,1,"[[1, 4], [2, 5]]","[2, 5]",8,2.0802,0.0,64,244.0,greedy,1,midgame,False,0.0,0.0,True
6,30,0,"[[4, 1], [3, 2]]","[3, 2]",4,1.1091,0.0,64,244.0,greedy,1,midgame,True,0,0.0,False
6,31,1,"[[2, 1], [4, 3]]","[4, 3]",3,0.5155,0.0,64,244.0,greedy,1,midgame,False,0.0,0.0,True
6,32,0,"[[7, 6], [6, 5]]","[6, 5]",2,0.288,0.0,64,289.0,greedy,1,midgame,False,0.0,0.0,False
6,33,1,"[[6, 7], [7, 6]]","[7, 6]",9,1.8723,0.0,64,289.0,greedy,1,midgame,False,0.0,0.0,True
6,34,0,"[[6, 5], [5, 4]]","[5, 4]",3,0.6523,0.0,64,289.0,greedy,1,midgame,False,0.0,0.0,False
6,35,1,"[[4, 3], [6, 5]]","[6, 5]",2,0.2437,0.0,64,289.0,greedy,1,midgame,True,2.0,0.0,False
7,0,0,"[[6, 1], [5, 0]]","[5, 0]",8,2.7699,0.0,0,0,greedy,1,opening,False,0,0.0,False
7,1,1,"[[1, 0], [2, 1]]","[2, 1]",8,2.5318,0.0,0,0,greedy,1,opening,False,0.0,0.0,True
7,2,0,"[[5, 0], [4, 1]]","[4, 1]",9,1.6007,0.0,0,1.0,greedy,1,opening,False,0.0,0.0,False
7,3,1,"[[0, 1], [1, 0]]","[1, 0]",9,1.7223,0.0,0,1.0,greedy,1,opening,False,0.0,0.0,True
7,4,0,"[[4, 1], [3, 2]]","[3, 2]",10,1.9078,0.0,0,1.0,greedy,1,opening,False,0.0,0.0,False
7,5,1,"[[2, 1], [4, 3]]","[4, 3]",2,0.4168,0.0,0,1.0,greedy,1,opening,True,0.0,0.0,False
7,6,0,"[[6, 3], [5, 2]]","[5, 2]",8,1.6878,0.0,0,1.0,greedy,1,opening,False,0.0,0.0,False
7,7,1,"[[4, 3], [6, 1]]","[6, 1]",2,0.4408,0.0,0,1.0,greedy,1,opening,False,0.0,0.0,False
7,8,0,"[[7, 0], [5, 2]]","[5, 2]",3,0.3812,0.0,0,13.0,greedy,1,opening,False,0.0,0.0,True
7,9,1,"[[1, 0], [2, 1]]","[2, 1]",8,2.1489,0.0,16,13.0,greedy,1,opening,False,0.0,0.0,True
7,10,0,"[[5, 2], [4, 1]]","[4, 1]",9,1.4365,0.0,16,14.0,greedy,1,opening,True,0,0.0,False
7,11,1,"[[1, 2], [2, 3]]","[2, 3]",8,1.3206,0.0,16,14.0,greedy,1,opening,False,0.0,0.0,False
7,12,0,"[[4, 1], [3, 2]]","[3, 2]",9,2.2628,0.0,16,183.0,greedy,1,opening,False,0.0,0.0,False
7,13,1,"[[2, 1], [4, 3]]","[4, 3]",3,0.3643,0.0,16,183.0,greedy,1,opening,False,0.0,0.0,True
7,14,0,"[[6, 5], [5, 4]]","[5, 4]",7,1.1232,0.0,16,215.0,greedy,1,opening,False,0.0,0.0,False
7,15,1,"[[4, 3], [6, 5]]","[6, 5]",2,0.3805,0.0,16,215.0,greedy,1,opening,True,6.0,0.0,False
7,16,0,"[[7, 4], [5, 6]]","[5, 6]",3,0.3378,0.0,16,221.0,greedy,1,opening,False,0.0,0.0,True
7,17,1,"[[0, 3], [1, 2]]","[1, 2]",7,2.218,0.0,64,221.0,greedy,1,opening,False,0.0,0.0,True
7,18,0,"[[5, 6], [4, 5]]","[4, 5]",6,0.7794,0.0,64,221.0,greedy,1,opening,False,0.0,0.0,False
7,19,1,"[[1, 2], [2, 1]]","[2, 1]",7,0.9787,0.0,64,221.0,greedy,1,opening,False,0.0,0.0,True
7,20,0,"[[4, 5], [3, 4]]","[3, 4]",7,1.0035,0.0,64,221.0,greedy,1,midgame,True,0,0.0,False
7,21,1,"[[2, 3], [4, 5]]","[4, 5]",2,0.1647,0.0,64,221.0,greedy,1,midgame,False,0.0,0.0,False
7,22,0,"[[6, 7], [5, 6]]","[5, 6]",5,1.0195,0.0,64,228.0,greedy,1,midgame,False,0.0,0.0,False
7,23,1,"[[4, 5], [6, 7]]","[6, 7]",2,0.288,0.0,64,228.0,greedy,1,midgame,False,0.0,0.0,False
7,24,0,"[[7, 2], [6, 1]]","[6, 1]",4,0.8178,0.0,64,244.0,greedy,1,midgame,False,0.0,0.0,False
7,25,1,"[[1, 4], [2, 3]]","[2, 3]",7,1.4358,0.0,64,244.0,greedy,1,midgame,True,0.0,0.0,True
7,26,0,"[[6, 1], [5, 0]]","[5, 0]",4,1.1528,0.0,64,244.0,greedy,1,midgame,False,0.0,0.0,False
7,27,1,"[[0, 5], [1, 4]]","[1, 4]",8,0.8972,0.0,64,244.0,greedy,1,midgame,False,0.0,0.0,True
7,28,0,"[[5, 0], [4, 1]]","[4, 1]",3,0.2952,0.0,64,244.0,greedy,1,midgame,False,0.0,0.0,False
7,29,1,"[[1, 4], [2, 5]]","[2, 5]",8,0.9658,0.0,64,244.0,greedy,1,midgame,False,0.0,0.0,True
7,30,0,"[[4, 1], [3, 2]]","[3, 2]",4,0.5956,0.0,64,244.0,greedy,1,midgame,True,0,0.0,False
7,31,1,"[[2, 1], [4, 3]]","[4, 3]",3,0.262,0.0,64,244.0,greedy,1,midgame,False,0.0,0.0,True
7,32,0,"[[7, 6], [6, 5]]","[6, 5]",2,0.1493,0.0,64,289.0,greedy,1,midgame,False,0.0,0.0,False
7,33,1,"[[6, 7], [7, 6]]","[7, 6]",9,1.5039,0.0,64,289.0,greedy,1,midgame,False,0.0,0.0,True
7,34,0,"[[6, 5], [5, 4]]","[5, 4]",3,0.3586,0.0,64,289.0,greedy,1,midgame,False,0.0,0.0,False
7,35,1,"[[4, 3], [6, 5]]","[6, 5]",2,0.1314,0.0,64,289.0,greedy,1,midgame,True,2.0,0.0,False
8,0,0,"[[6, 1], [5, 0]]","[5, 0]",8,1.4036,0.0,0,0,greedy,1,opening,False,0,0.0,False
8,1,1,"[[1, 0], [2, 1]]","[2, 1]",8,1.4,0.0,0,0,greedy,1,opening,False,0.0,0.0,True
8,2,0,"[[5, 0], [4, 1]]","[4, 1]",9,2.7912,0.0,0,1.0,greedy,1,opening,False,0.0,0.0,False
8,3,1,"[[0, 1], [1, 0]]","[1, 0]",9,3.2389,0.0,0,1.0,greedy,1,opening,False,0.0,0.0,True
8,4,0,"[[4, 1], [3, 2]]","[3, 2]",10,3.5663,0.0,0,1.0,greedy,1,opening,False,0.0,0.0,False
8,5,1,"[[2, 1], [4, 3]]","[4, 3]",2,0.4144,0.0,0,1.0,greedy,1,opening,True,0.0,0.0,False
8,6,0,"[[6, 3], [5, 2]]","[5, 2]",8,2.2478,0.0,0,1.0,greedy,1,opening,False,0.0,0.0,False
8,7,1,"[[4, 3], [6, 1]]","[6, 1]",2,0.4392,0.0,0,1.0,greedy,1,opening,False,0.0,0.0,False
8,8,0,"[[7, 0], [5, 2]]","[5, 2]",3,0.3793,0.0,0,13.0,greedy,1,opening,False,0.0,0.0,True
8,9,1,"[[1, 0], [2, 1]]","[2, 1]",8,1.2126,0.0,16,13.0,greedy,1,opening,False,0.0,0.0,True
8,10,0,"[[5, 2], [4, 1]]","[4, 1]",9,1.9164,0.0,16,14.0,greedy,1,opening,True,0,0.0,False
8,11,1,"[[1, 2], [2, 3]]","[2, 3]",8,1.3151,0.0,16,14.0,greedy,1,opening,False,0.0,0.0,False
8,12,0,"[[4, 1], [3, 2]]","[3, 2]",9,1.617,0.0,16,183.0,greedy,1,opening,False,0.0,0.0,False
8,13,1,"[[2, 1], [4, 3]]","[4, 3]",3,0.355,0.0,16,183.0,greedy,1,opening,False,0.0,0.0,True
8,14,0,"[[6, 5], [5, 4]]","[5, 4]",7,1.5829,0.0,16,215.0,greedy,1,opening,False,0.0,0.0,False
8,15,1,"[[4, 3], [6, 5]]","[6, 5]",2,0.6826,0.0,16,215.0,greedy,1,opening,True,6.0,0.0,False
8,16,0,"[[7, 4], [5, 6]]","[5, 6]",3,0.6487,0.0,16,221.0,greedy,1,opening,False,0.0,0.0,True
8,17,1,"[[0, 3], [1, 2]]","[1, 2]",7,1.7941,0.0,64,221.0,greedy,1,opening,False,0.0,0.0,True
8,18,0,"[[5, 6], [4, 5]]","[4, 5]",6,1.4651,0.0,64,221.0,greedy,1,opening,False,0.0,0.0,False
8,19,1,"[[1, 2], [2, 1]]","[2, 1]",7,1.8194,0.0,64,221.0,greedy,1,opening,False,0.0,0.0,True
8,20,0,"[[4, 5], [3, 4]]","[3, 4]",7,1.8873,0.0,64,221.0,greedy,1,midgame,True,0,0.0,False
8,21,1,"[[2, 3], [4, 5]]","[4, 5]",2,0.2167,0.0,64,221.0,greedy,1,midgame,False,0.0,0.0,False
8,22,0,"[[6, 7], [5, 6]]","[5, 6]",5,1.265,0.0,64,228.0,greedy,1,midgame,False,0.0,0.0,False
8,23,1,"[[4, 5], [6, 7]]","[6, 7]",2,0.2823,0.0,64,228.0,greedy,1,midgame,False,0.0,0.0,False
8,24,0,"[[7, 2], [6, 1]]","[6, 1]",4,0.8378,0.0,64,244.0,greedy,1,midgame,False,0.0,0.0,False
8,25,1,"[[1, 4], [2, 3]]","[2, 3]",7,1.4403,0.0,64,244.0,greedy,1,midgame,True,0.0,0.0,True
8,26,0,"[[6, 1], [5, 0]]","[5, 0]",4,0.4277,0.0,64,244.0,greedy,1,midgame,False,0.0,0.0,False
8,27,1,"[[0, 5], [1, 4]]","[1, 4]",8,1.6532,0.0,64,244.0,greedy,1,midgame,False,0.0,0.0,True
8,28,0,"[[5, 0], [4, 1]]","[4, 1]",3,0.5646,0.0,64,244.0,greedy,1,midgame,False,0.0,0.0,False
8,29,1,"[[1, 4], [2, 5]]","[2, 5]",8,1.801,0.0,64,244.0,greedy,1,midgame,False,0.0,0.0,True
8,30,0,"[[4, 1], [3, 2]]","[3, 2]",4,0.5887,0.0,64,244.0,greedy,1,midgame,True,0,0.0,False
8,31,1,"[[2, 1], [4, 3]]","[4, 3]",3,0.4852,0.0,64,244.0,greedy,1,midgame,False,0.0,0.0,True
8,32,0,"[[7, 6], [6, 5]]","[6, 5]",2,0.2849,0.0,64,289.0,greedy,1,midgame,False,0.0,0.0,False
8,33,1,"[[6, 7], [7, 6]]","[7, 6]",9,1.8711,0.0,64,289.0,greedy,1,midgame,False,0.0,0.0,True
8,34,0,"[[6, 5], [5, 4]]","[5, 4]",3,0.6464,0.0,64,289.0,greedy,1,midgame,False,0.0,0.0,False
8,35,1,"[[4, 3], [6, 5]]","[6, 5]",2,0.2425,0.0,64,289.0,greedy,1,midgame,True,2.0,0.0,False
9,0,0,"[[6, 1], [5, 0]]","[5, 0]",8,2.6314,0.0,0,0,greedy,1,opening,False,0,0.0,False
9,1,1,"[[1, 0], [2, 1]]","[2, 1]",8,2.6217,0.0,0,0,greedy,1,opening,False,0.0,0.0,True
9,2,0,"[[5, 0], [4, 1]]","[4, 1]",9,3.0591,0.0,0,1.0,greedy,1,opening,False,0.0,0.0,False
9,3,1,"[[0, 1], [1, 0]]","[1, 0]",9,2.3623,0.0,0,1.0,greedy,1,opening,False,0.0,0.0,True
9,4,0,"[[4, 1], [3, 2]]","[3, 2]",10,3.5663,0.0,0,1.0,greedy,1,opening,False,0.0,0.0,False
9,5,1,"[[2, 1], [4, 3]]","[4, 3]",2,0.4139,0.0,0,1.0,greedy,1,opening,True,0.0,0.0,False
9,6,0,"[[6, 3], [5, 2]]","[5, 2]",8,2.9633,0.0,0,1.0,greedy,1,opening,False,0.0,0.0,False
9,7,1,"[[4, 3], [6, 1]]","[6, 1]",2,0.7925,0.0,0,1.0,greedy,1,opening,False,0.0,0.0,False
9,8,0,"[[7, 0], [5, 2]]","[5, 2]",3,0.7212,0.0,0,13.0,greedy,1,opening,False,0.0,0.0,True
9,9,1,"[[1, 0], [2, 1]]","[2, 1]",8,2.2929,0.0,16,13.0,greedy,1,opening,False,0.0,0.0,True
9,10,0,"[[5, 2], [4, 1]]","[4, 1]",9,2.6646,0.0,16,14.0,greedy,1,opening,True,0,0.0,False
9,11,1,"[[1, 2], [2, 3]]","[2, 3]",8,2.5449,0.0,16,14.0,greedy,1,opening,False,0.0,0.0,False
9,12,0,"[[4, 1], [3, 2]]","[3, 2]",9,2.3553,0.0,16,183.0,greedy,1,opening,False,0.0,0.0,False
9,13,1,"[[2, 1], [4, 3]]","[4, 3]",3,0.6726,0.0,16,183.0,greedy,1,opening,False,0.0,0.0,True
9,14,0,"[[6, 5], [5, 4]]","[5, 4]",7,1.5714,0.0,16,215.0,greedy,1,opening,False,0.0,0.0,False
9,15,1,"[[4, 3], [6, 5]]","[6, 5]",2,0.6828,0.0,16,215.0,greedy,1,opening,True,6.0,0.0,False
9,16,0,"[[7, 4], [5, 6]]","[5, 6]",3,0.6354,0.0,16,221.0,greedy,1,opening,False,0.0,0.0,True
9,17,1,"[[0, 3], [1, 2]]","[1, 2]",7,1.1644,0.0,64,221.0,greedy,1,opening,False,0.0,0.0,True
9,18,0,"[[5, 6], [4, 5]]","[4, 5]",6,1.4727,0.0,64,221.0,greedy,1,opening,False,0.0,0.0,False
9,19,1,"[[1, 2], [2, 1]]","[2, 1]",7,1.8287,0.0,64,221.0,greedy,1,opening,False,0.0,0.0,True
9,20,0,"[[4, 5], [3, 4]]","[3, 4]",7,1.8892,0.0,64,221.0,greedy,1,midgame,True,0,0.0,False
9,21,1,"[[2, 3], [4, 5]]","[4, 5]",2,0.3023,0.0,64,221.0,greedy,1,midgame,False,0.0,0.0,False
9,22,0,"[[6, 7], [5, 6]]","[5, 6]",5,1.2665,0.0,64,228.0,greedy,1,midgame,False,0.0,0.0,False
9,23,1,"[[4, 5], [6, 7]]","[6, 7]",2,0.2825,0.0,64,228.0,greedy,1,midgame,False,0.0,0.0,False
9,24,0,"[[7, 2], [6, 1]]","[6, 1]",4,0.8552,0.0,64,244.0,greedy,1,midgame,False,0.0,0.0,False
9,25,1,"[[1, 4], [2, 3]]","[2, 3]",7,1.0622,0.0,64,244.0,greedy,1,midgame,True,0.0,0.0,True
9,26,0,"[[6, 1], [5, 0]]","[5, 0]",4,0.4294,0.0,64,244.0,greedy,1,midgame,False,0.0,0.0,False
9,27,1,"[[0, 5], [1, 4]]","[1, 4]",8,0.8755,0.0,64,244.0,greedy,1,midgame,False,0.0,0.0,True
9,28,0,"[[5, 0], [4, 1]]","[4, 1]",3,0.2925,0.0,64,244.0,greedy,1,midgame,False,0.0,0.0,False
9,29,1,"[[1, 4], [2, 5]]","[2, 5]",8,0.9906,0.0,64,244.0,greedy,1,midgame,False,0.0,0.0,True
9,30,0,"[[4, 1], [3, 2]]","[3, 2]",4,0.5987,0.0,64,244.0,greedy,1,midgame,True,0,0.0,False
9,31,1,"[[2, 1], [4, 3]]","[4, 3]",3,0.263,0.0,64,244.0,greedy,1,midgame,False,0.0,0.0,True
9,32,0,"[[7, 6], [6, 5]]","[6, 5]",2,0.1497,0.0,64,289.0,greedy,1,midgame,False,0.0,0.0,False
9,33,1,"[[6, 7], [7, 6]]","[7, 6]",9,0.9871,0.0,64,289.0,greedy,1,midgame,False,0.0,0.0,True
9,34,0,"[[6, 5], [5, 4]]","[5, 4]",3,0.35,0.0,64,289.0,greedy,1,midgame,False,0.0,0.0,False
9,35,1,"[[4, 3], [6, 5]]","[6, 5]",2,0.129,0.0,64,289.0,greedy,1,midgame,True,2.0,0.0,False
10,0,0,"[[6, 1], [5, 0]]","[5, 0]",8,1.4091,0.0,0,0,greedy,1,opening,False,0,0.0,False
10,1,1,"[[1, 0], [2, 1]]","[2, 1]",8,1.3893,0.0,0,0,greedy,1,opening,False,0.0,0.0,True
10,2,0,"[[5, 0], [4, 1]]","[4, 1]",9,1.7126,0.0,0,1.0,greedy,1,opening,False,0.0,0.0,False
10,3,1,"[[0, 1], [1, 0]]","[1, 0]",9,1.7323,0.0,0,1.0,greedy,1,opening,False,0.0,0.0,True
10,4,0,"[[4, 1], [3, 2]]","[3, 2]",10,1.9083,0.0,0,1.0,greedy,1,opening,False,0.0,0.0,False
10,5,1,"[[2, 1], [4, 3]]","[4, 3]",2,0.2186,0.0,0,1.0,greedy,1,opening,True,0.0,0.0,False
10,6,0,"[[6, 3], [5, 2]]","[5, 2]",8,1.581,0.0,0,1.0,greedy,1,opening,False,0.0,0.0,False
10,7,1,"[[4, 3], [6, 1]]","[6, 1]",2,0.4387,0.0,0,1.0,greedy,1,opening,False,0.0,0.0,False
10,8,0,"[[7, 0], [5, 2]]","[5, 2]",3,0.3812,0.0,0,13.0,greedy,1,opening,False,0.0,0.0,True
10,9,1,"[[1, 0], [2, 1]]","[2, 1]",8,2.6386,0.0,16,13.0,greedy,1,opening,False,0.0,0.0,True
10,10,0,"[[5, 2], [4, 1]]","[4, 1]",9,2.2404,0.0,16,14.0,greedy,1,opening,True,0,0.0,False
10,11,1,"[[1, 2], [2, 3]]","[2, 3]",8,2.4607,0.0,16,14.0,greedy,1,opening,False,0.0,0.0,False
10,12,0,"[[4, 1], [3, 2]]","[3, 2]",9,3.0413,0.0,16,183.0,greedy,1,opening,False,0.0,0.0,False
10,13,1,"[[2, 1], [4, 3]]","[4, 3]",3,0.6974,0.0,16,183.0,greedy,1,opening,False,0.0,0.0,True
10,14,0,"[[6, 5], [5, 4]]","[5, 4]",7,2.105,0.0,16,215.0,greedy,1,opening,False,0.0,0.0,False
10,15,1,"[[4, 3], [6, 5]]","[6, 5]",2,0.6838,0.0,16,215.0,greedy,1,opening,True,6.0,0.0,False
10,16,0,"[[7, 4], [5, 6]]","[5, 6]",3,0.6301,0.0,16,221.0,greedy,1,opening,False,0.0,0.0,True
10,17,1,"[[0, 3], [1, 2]]","[1, 2]",7,1.6668,0.0,64,221.0,greedy,1,opening,False,0.0,0.0,True
10,18,0,"[[5, 6], [4, 5]]","[4, 5]",6,1.5056,0.0,64,221.0,greedy,1,opening,False,0.0,0.0,False
10,19,1,"[[1, 2], [2, 1]]","[2, 1]",7,1.8284,0.0,64,221.0,greedy,1,opening,False,0.0,0.0,True
10,20,0,"[[4, 5], [3, 4]]","[3, 4]",7,1.1435,0.0,64,221.0,greedy,1,midgame,True,0,0.0,False
10,21,1,"[[2, 3], [4, 5]]","[4, 5]",2,0.1628,0.0,64,221.0,greedy,1,midgame,False,0.0,0.0,False
10,22,0,"[[6, 7], [5, 6]]","[5, 6]",5,1.2672,0.0,64,228.0,greedy,1,midgame,False,0.0,0.0,False
10,23,1,"[[4, 5], [6, 7]]","[6, 7]",2,0.2875,0.0,64,228.0,greedy,1,midgame,False,0.0,0.0,False
10,24,0,"[[7, 2], [6, 1]]","[6, 1]",4,0.8202,0.0,64,244.0,greedy,1,midgame,False,0.0,0.0,False
10,25,1,"[[1, 4], [2, 3]]","[2, 3]",7,1.4348,0.0,64,244.0,greedy,1,midgame,True,0.0,0.0,True
10,26,0,"[[6, 1], [5, 0]]","[5, 0]",4,1.8239,0.0,64,244.0,greedy,1,midgame,False,0.0,0.0,False
10,27,1,"[[0, 5], [1, 4]]","[1, 4]",8,3.0134,0.0,64,244.0,greedy,1,midgame,False,0.0,0.0,True
10,28,0,"[[5, 0], [4, 1]]","[4, 1]",3,0.8585,0.0,64,244.0,greedy,1,midgame,False,0.0,0.0,False
10,29,1,"[[1, 4], [2, 5]]","[2, 5]",8,0.9897,0.0,64,244.0,greedy,1,midgame,False,0.0,0.0,True
10,30,0,"[[4, 1], [3, 2]]","[3, 2]",4,0.6006,0.0,64,244.0,greedy,1,midgame,True,0,0.0,False
10,31,1,"[[2, 1], [4, 3]]","[4, 3]",3,0.2632,0.0,64,244.0,greedy,1,midgame,False,0.0,0.0,True
10,32,0,"[[7, 6], [6, 5]]","[6, 5]",2,0.257,0.0,64,289.0,greedy,1,midgame,False,0.0,0.0,False
10,33,1,"[[6, 7], [7, 6]]","[7, 6]",9,2.2745,0.0,64,289.0,greedy,1,midgame,False,0.0,0.0,True
10,34,0,"[[6, 5], [5, 4]]","[5, 4]",3,0.3543,0.0,64,289.0,greedy,1,midgame,False,0.0,0.0,False
10,35,1,"[[4, 3], [6, 5]]","[6, 5]",2,0.1318,0.0,64,289.0,greedy,1,midgame,True,2.0,0.0,False
11,0,0,"[[6, 1], [5, 0]]","[5, 0]",8,4.0312,0.0,0,0,greedy,1,opening,False,0,0.0,False
11,1,1,"[[1, 0], [2, 1]]","[2, 1]",8,1.4403,0.0,0,0,greedy,1,opening,False,0.0,0.0,True
11,2,0,"[[5, 0], [4, 1]]","[4, 1]",9,1.5965,0.0,0,1.0,greedy,1,opening,False,0.0,0.0,False
11,3,1,"[[0, 1], [1, 0]]","[1, 0]",9,3.4091,0.0,0,1.0,greedy,1,opening,False,0.0,0.0,True
11,4,0,"[[4, 1], [3, 2]]","[3, 2]",10,3.9802,0.0,0,1.0,greedy,1,opening,False,0.0,0.0,False
11,5,1,"[[2, 1], [4, 3]]","[4, 3]",2,0.2434,0.0,0,1.0,greedy,1,opening,True,0.0,0.0,False
11,6,0,"[[6, 3], [5, 2]]","[5, 2]",8,1.6301,0.0,0,1.0,greedy,1,opening,False,0.0,0.0,False
11,7,1,"[[4, 3], [6, 1]]","[6, 1]",2,0.4456,0.0,0,1.0,greedy,1,opening,False,0.0,0.0,False
11,8,0,"[[7, 0], [5, 2]]","[5, 2]",3,0.3872,0.0,0,13.0,greedy,1,opening,False,0.0,0.0,True
11,9,1,"[[1, 0], [2, 1]]","[2, 1]",8,1.668,0.0,16,13.0,greedy,1,opening,False,0.0,0.0,True
11,10,0,"[[5, 2], [4, 1]]","[4, 1]",9,1.4465,0.0,16,14.0,greedy,1,opening,True,0,0.0,False
11,11,1,"[[1, 2], [2, 3]]","[2, 3]",8,1.3261,0.0,16,14.0,greedy,1,opening,False,0.0,0.0,False
11,12,0,"[[4, 1], [3, 2]]","[3, 2]",9,2.5821,0.0,16,183.0,greedy,1,opening,False,0.0,0.0,False
11,13,1,"[[2, 1], [4, 3]]","[4, 3]",3,0.3977,0.0,16,183.0,greedy,1,opening,False,0.0,0.0,True
11,14,0,"[[6, 5], [5, 4]]","[5, 4]",7,1.1261,0.0,16,215.0,greedy,1,opening,False,0.0,0.0,False
11,15,1,"[[4, 3], [6, 5]]","[6, 5]",2,0.6862,0.0,16,215.0,greedy,1,opening,True,6.0,0.0,False
11,16,0,"[[7, 4], [5, 6]]","[5, 6]",3,0.6354,0.0,16,221.0,greedy,1,opening,False,0.0,0.0,True
11,17,1,"[[0, 3], [1, 2]]","[1, 2]",7,1.658,0.0,64,221.0,greedy,1,opening,False,0.0,0.0,True
11,18,0,"[[5, 6], [4, 5]]","[4, 5]",6,1.4629,0.0,64,221.0,greedy,1,opening,False,0.0,0.0,False
11,19,1,"[[1, 2], [2, 1]]","[2, 1]",7,2.4195,0.0,64,221.0,greedy,1,opening,False,0.0,0.0,True
11,20,0,"[[4, 5], [3, 4]]","[3, 4]",7,1.0128,0.0,64,221.0,greedy,1,midgame,True,0,0.0,False
11,21,1,"[[2, 3], [4, 5]]","[4, 5]",2,0.1624,0.0,64,221.0,greedy,1,midgame,False,0.0,0.0,False
11,22,0,"[[6, 7], [5, 6]]","[5, 6]",5,0.6716,0.0,64,228.0,greedy,1,midgame,False,0.0,0.0,False
11,23,1,"[[4, 5], [6, 7]]","[6, 7]",2,0.2835,0.0,64,228.0,greedy,1,midgame,False,0.0,0.0,False
11,24,0,"[[7, 2], [6, 1]]","[6, 1]",4,0.4294,0.0,64,244.0,greedy,1,midgame,False,0.0,0.0,False
11,25,1,"[[1, 4], [2, 3]]","[2, 3]",7,0.7493,0.0,64,244.0,greedy,1,midgame,True,0.0,0.0,True
11,26,0,"[[6, 1], [5, 0]]","[5, 0]",4,0.4258,0.0,64,244.0,greedy,1,midgame,False,0.0,0.0,False
11,27,1,"[[0, 5], [1, 4]]","[1, 4]",8,0.8698,0.0,64,244.0,greedy,1,midgame,False,0.0,0.0,True
11,28,0,"[[5, 0], [4, 1]]","[4, 1]",3,0.2985,0.0,64,244.0,greedy,1,midgame,False,0.0,0.0,False
11,29,1,"[[1, 4], [2, 5]]","[2, 5]",8,0.9587,0.0,64,244.0,greedy,1,midgame,False,0.0,0.0,True
11,30,0,"[[4, 1], [3, 2]]","[3, 2]",4,0.5922,0.0,64,244.0,greedy,1,midgame,True,0,0.0,False
11,31,1,"[[2, 1], [4, 3]]","[4, 3]",3,0.2582,0.0,64,244.0,greedy,1,midgame,False,0.0,0.0,True
11,32,0,"[[7, 6], [6, 5]]","[6, 5]",2,0.2699,0.0,64,289.0,greedy,1,midgame,False,0.0,0.0,False
11,33,1,"[[6, 7], [7, 6]]","[7, 6]",9,1.7314,0.0,64,289.0,greedy,1,midgame,False,0.0,0.0,True
11,34,0,"[[6, 5], [5, 4]]","[5, 4]",3,0.3502,0.0,64,289.0,greedy,1,midgame,False,0.0,0.0,False
11,35,1,"[[4, 3], [6, 5]]","[6, 5]",2,0.1323,0.0,64,289.0,greedy,1,midgame,True,2.0,0.0,False
12,0,0,"[[6, 1], [5, 0]]","[5, 0]",8,1.415,0.0,0,0,greedy,1,opening,False,0,0.0,False
12,1,1,"[[1, 0], [2, 1]]","[2, 1]",8,2.6143,0.0,0,0,greedy,1,opening,False,0.0,0.0,True
12,2,0,"[[5, 0], [4, 1]]","[4, 1]",9,2.9819,0.0,0,1.0,greedy,1,opening,False,0.0,0.0,False
12,3,1,"[[0, 1], [1, 0]]","[1, 0]",9,3.2949,0.0,0,1.0,greedy,1,opening,False,0.0,0.0,True
12,4,0,"[[4, 1], [3, 2]]","[3, 2]",10,3.5608,0.0,0,1.0,greedy,1,opening,False,0.0,0.0,False
12,5,1,"[[2, 1], [4, 3]]","[4, 3]",2,0.412,0.0,0,1.0,greedy,1,opening,True,0.0,0.0,False
12,6,0,"[[6, 3], [5, 2]]","[5, 2]",8,2.9294,0.0,0,1.0,greedy,1,opening,False,0.0,0.0,False
12,7,1,"[[4, 3], [6, 1]]","[6, 1]",2,0.4573,0.0,0,1.0,greedy,1,opening,False,0.0,0.0,False
12,8,0,"[[7, 0], [5, 2]]","[5, 2]",3,1.0927,0.0,0,13.0,greedy,1,opening,False,0.0,0.0,True
12,9,1,"[[1, 0], [2, 1]]","[2, 1]",8,2.3508,0.0,16,13.0,greedy,1,opening,False,0.0,0.0,True
12,10,0,"[[5, 2], [4, 1]]","[4, 1]",9,2.1448,0.0,16,14.0,greedy,1,opening,True,0,0.0,False
12,11,1,"[[1, 2], [2, 3]]","[2, 3]",8,2.5198,0.0,16,14.0,greedy,1,opening,False,0.0,0.0,False
12,12,0,"[[4, 1], [3, 2]]","[3, 2]",9,3.0916,0.0,16,183.0,greedy,1,opening,False,0.0,0.0,False
12,13,1,"[[2, 1], [4, 3]]","[4, 3]",3,0.675,0.0,16,183.0,greedy,1,opening,False,0.0,0.0,True
12,14,0,"[[6, 5], [5, 4]]","[5, 4]",7,1.1244,0.0,16,215.0,greedy,1,opening,False,0.0,0.0,False
12,15,1,"[[4, 3], [6, 5]]","[6, 5]",2,0.3848,0.0,16,215.0,greedy,1,opening,True,6.0,0.0,False
12,16,0,"[[7, 4], [5, 6]]","[5, 6]",3,0.3393,0.0,16,221.0,greedy,1,opening,False,0.0,0.0,True
12,17,1,"[[0, 3], [1, 2]]","[1, 2]",7,0.8752,0.0,64,221.0,greedy,1,opening,False,0.0,0.0,True
12,18,0,"[[5, 6], [4, 5]]","[4, 5]",6,0.7644,0.0,64,221.0,greedy,1,opening,False,0.0,0.0,False
12,19,1,"[[1, 2], [2, 1]]","[2, 1]",7,1.1995,0.0,64,221.0,greedy,1,opening,False,0.0,0.0,True
12,20,0,"[[4, 5], [3, 4]]","[3, 4]",7,1.0157,0.0,64,221.0,greedy,1,midgame,True,0,0.0,False
12,21,1,"[[2, 3], [4, 5]]","[4, 5]",2,0.1612,0.0,64,221.0,greedy,1,midgame,False,0.0,0.0,False
12,22,0,"[[6, 7], [5, 6]]","[5, 6]",5,0.6719,0.0,64,228.0,greedy,1,midgame,False,0.0,0.0,False
12,23,1,"[[4, 5], [6, 7]]","[6, 7]",2,0.1502,0.0,64,228.0,greedy,1,midgame,False,0.0,0.0,False
12,24,0,"[[7, 2], [6, 1]]","[6, 1]",4,0.4249,0.0,64,244.0,greedy,1,midgame,False,0.0,0.0,False
12,25,1,"[[1, 4], [2, 3]]","[2, 3]",7,0.761,0.0,64,244.0,greedy,1,midgame,True,0.0,0.0,True
12,26,0,"[[6, 1], [5, 0]]","[5, 0]",4,0.4249,0.0,64,244.0,greedy,1,midgame,False,0.0,0.0,False
12,27,1,"[[0, 5], [1, 4]]","[1, 4]",8,0.869,0.0,64,244.0,greedy,1,midgame,False,0.0,0.0,True
12,28,0,"[[5, 0], [4, 1]]","[4, 1]",3,0.2897,0.0,64,244.0,greedy,1,midgame,False,0.0,0.0,False
12,29,1,"[[1, 4], [2, 5]]","[2, 5]",8,0.9711,0.0,64,244.0,greedy,1,midgame,False,0.0,0.0,True
12,30,0,"[[4, 1], [3, 2]]","[3, 2]",4,0.5934,0.0,64,244.0,greedy,1,midgame,True,0,0.0,False
12,31,1,"[[2, 1], [4, 3]]","[4, 3]",3,0.2575,0.0,64,244.0,greedy,1,midgame,False,0.0,0.0,True
12,32,0,"[[7, 6], [6, 5]]","[6, 5]",2,0.355,0.0,64,289.0,greedy,1,midgame,False,0.0,0.0,False
12,33,1,"[[6, 7], [7, 6]]","[7, 6]",9,1.0386,0.0,64,289.0,greedy,1,midgame,False,0.0,0.0,True
12,34,0,"[[6, 5], [5, 4]]","[5, 4]",3,0.3519,0.0,64,289.0,greedy,1,midgame,False,0.0,0.0,False
12,35,1,"[[4, 3], [6, 5]]","[6, 5]",2,0.1285,0.0,64,289.0,greedy,1,midgame,True,2.0,0.0,False
13,0,0,"[[6, 1], [5, 0]]","[5, 0]",8,1.4141,0.0,0,0,greedy,1,opening,False,0,0.0,False
13,1,1,"[[1, 0], [2, 1]]","[2, 1]",8,1.3692,0.0,0,0,greedy,1,opening,False,0.0,0.0,True
13,2,0,"[[5, 0], [4, 1]]","[4, 1]",9,1.5881,0.0,0,1.0,greedy,1,opening,False,0.0,0.0,False
13,3,1,"[[0, 1], [1, 0]]","[1, 0]",9,1.7006,0.0,0,1.0,greedy,1,opening,False,0.0,0.0,True
13,4,0,"[[4, 1], [3, 2]]","[3, 2]",10,3.0158,0.0,0,1.0,greedy,1,opening,False,0.0,0.0,False
13,5,1,"[[2, 1], [4, 3]]","[4, 3]",2,0.2296,0.0,0,1.0,greedy,1,opening,True,0.0,0.0,False
13,6,0,"[[6, 3], [5, 2]]","[5, 2]",8,1.5936,0.0,0,1.0,greedy,1,opening,False,0.0,0.0,False
13,7,1,"[[4, 3], [6, 1]]","[6, 1]",2,0.4444,0.0,0,1.0,greedy,1,opening,False,0.0,0.0,False
13,8,0,"[[7, 0], [5, 2]]","[5, 2]",3,0.3808,0.0,0,13.0,greedy,1,opening,False,0.0,0.0,True
13,9,1,"[[1, 0], [2, 1]]","[2, 1]",8,1.2097,0.0,16,13.0,greedy,1,opening,False,0.0,0.0,True
13,10,0,"[[5, 2], [4, 1]]","[4, 1]",9,1.42,0.0,16,14.0,greedy,1,opening,True,0,0.0,False
13,11,1,"[[1, 2], [2, 3]]","[2, 3]",8,1.3196,0.0,16,14.0,greedy,1,opening,False,0.0,0.0,False
13,12,0,"[[4, 1], [3, 2]]","[3, 2]",9,2.8045,0.0,16,183.0,greedy,1,opening,False,0.0,0.0,False
13,13,1,"[[2, 1], [4, 3]]","[4, 3]",3,0.6783,0.0,16,183.0,greedy,1,opening,False,0.0,0.0,True
13,14,0,"[[6, 5], [5, 4]]","[5, 4]",7,2.0933,0.0,16,215.0,greedy,1,opening,False,0.0,0.0,False
13,15,1,"[[4, 3], [6, 5]]","[6, 5]",2,0.6766,0.0,16,215.0,greedy,1,opening,True,6.0,0.0,False
13,16,0,"[[7, 4], [5, 6]]","[5, 6]",3,0.632,0.0,16,221.0,greedy,1,opening,False,0.0,0.0,True
13,17,1,"[[0, 3], [1, 2]]","[1, 2]",7,1.2856,0.0,64,221.0,greedy,1,opening,False,0.0,0.0,True
13,18,0,"[[5, 6], [4, 5]]","[4, 5]",6,1.4689,0.0,64,221.0,greedy,1,opening,False,0.0,0.0,False
13,19,1,"[[1, 2], [2, 1]]","[2, 1]",7,1.7366,0.0,64,221.0,greedy,1,opening,False,0.0,0.0,True
13,20,0,"[[4, 5], [3, 4]]","[3, 4]",7,0.9947,0.0,64,221.0,greedy,1,midgame,True,0,0.0,False
13,21,1,"[[2, 3], [4, 5]]","[4, 5]",2,0.1624,0.0,64,221.0,greedy,1,midgame,False,0.0,0.0,False
13,22,0,"[[6, 7], [5, 6]]","[5, 6]",5,0.6652,0.0,64,228.0,greedy,1,midgame,False,0.0,0.0,False
13,23,1,"[[4, 5], [6, 7]]","[6, 7]",2,0.1659,0.0,64,228.0,greedy,1,midgame,False,0.0,0.0,False
13,24,0,"[[7, 2], [6, 1]]","[6, 1]",4,0.4227,0.0,64,244.0,greedy,1,midgame,False,0.0,0.0,False
13,25,1,"[[1, 4], [2, 3]]","[2, 3]",7,0.7465,0.0,64,244.0,greedy,1,midgame,True,0.0,0.0,True
13,26,0,"[[6, 1], [5, 0]]","[5, 0]",4,0.4275,0.0,64,244.0,greedy,1,midgame,False,0.0,0.0,False
13,27,1,"[[0, 5], [1, 4]]","[1, 4]",8,0.8667,0.0,64,244.0,greedy,1,midgame,False,0.0,0.0,True
13,28,0,"[[5, 0], [4, 1]]","[4, 1]",3,0.2928,0.0,64,244.0,greedy,1,midgame,False,0.0,0.0,False
13,29,1,"[[1, 4], [2, 5]]","[2, 5]",8,1.4431,0.0,64,244.0,greedy,1,midgame,False,0.0,0.0,True
13,30,0,"[[4, 1], [3, 2]]","[3, 2]",4,0.5863,0.0,64,244.0,greedy,1,midgame,True,0,0.0,False
13,31,1,"[[2, 1], [4, 3]]","[4, 3]",3,0.2563,0.0,64,244.0,greedy,1,midgame,False,0.0,0.0,True
13,32,0,"[[7, 6], [6, 5]]","[6, 5]",2,0.4539,0.0,64,289.0,greedy,1,midgame,False,0.0,0.0,False
13,33,1,"[[6, 7], [7, 6]]","[7, 6]",9,1.905,0.0,64,289.0,greedy,1,midgame,False,0.0,0.0,True
13,34,0,"[[6, 5], [5, 4]]","[5, 4]",3,0.6537,0.0,64,289.0,greedy,1,midgame,False,0.0,0.0,False
13,35,1,"[[4, 3], [6, 5]]","[6, 5]",2,0.2441,0.0,64,289.0,greedy,1,midgame,True,2.0,0.0,False
14,0,0,"[[6, 1], [5, 0]]","[5, 0]",8,2.6369,0.0,0,0,greedy,1,opening,False,0,0.0,False
14,1,1,"[[1, 0], [2, 1]]","[2, 1]",8,3.1946,0.0,0,0,greedy,1,opening,False,0.0,0.0,True
14,2,0,"[[5, 0], [4, 1]]","[4, 1]",9,5.7452,0.0,0,1.0,greedy,1,opening,False,0.0,0.0,False
14,3,1,"[[0, 1], [1, 0]]","[1, 0]",9,5.1687,0.0,0,1.0,greedy,1,opening,False,0.0,0.0,True
14,4,0,"[[4, 1], [3, 2]]","[3, 2]",10,7.1414,0.0,0,1.0,greedy,1,opening,False,0.0,0.0,False
14,5,1,"[[2, 1], [4, 3]]","[4, 3]",2,0.8128,0.0,0,1.0,greedy,1,opening,True,0.0,0.0,False
14,6,0,"[[6, 3], [5, 2]]","[5, 2]",8,5.302,0.0,0,1.0,greedy,1,opening,False,0.0,0.0,False
14,7,1,"[[4, 3], [6, 1]]","[6, 1]",2,1.2906,0.0,0,1.0,greedy,1,opening,False,0.0,0.0,False
14,8,0,"[[7, 0], [5, 2]]","[5, 2]",3,1.1849,0.0,0,13.0,greedy,1,opening,False,0.0,0.0,True
14,9,1,"[[1, 0], [2, 1]]","[2, 1]",8,3.9477,0.0,16,13.0,greedy,1,opening,False,0.0,0.0,True
14,10,0,"[[5, 2], [4, 1]]","[4, 1]",9,4.6184,0.0,16,14.0,greedy,1,opening,True,0,0.0,False
14,11,1,"[[1, 2], [2, 3]]","[2, 3]",8,6.4011,0.0,16,14.0,greedy,1,opening,False,0.0,0.0,False
14,12,0,"[[4, 1], [3, 2]]","[3, 2]",9,4.9837,0.0,16,183.0,greedy,1,opening,False,0.0,0.0,False
14,13,1,"[[2, 1], [4, 3]]","[4, 3]",3,1.3976,0.0,16,183.0,greedy,1,opening,False,0.0,0.0,True
14,14,0,"[[6, 5], [5, 4]]","[5, 4]",7,5.6987,0.0,16,215.0,greedy,1,opening,False,0.0,0.0,False
14,15,1,"[[4, 3], [6, 5]]","[6, 5]",2,2.5308,0.0,16,215.0,greedy,1,opening,True,6.0,0.0,False
14,16,0,"[[7, 4], [5, 6]]","[5, 6]",3,0.4883,0.0,16,221.0,greedy,1,opening,False,0.0,0.0,True
14,17,1,"[[0, 3], [1, 2]]","[1, 2]",7,1.8184,0.0,64,221.0,greedy,1,opening,False,0.0,0.0,True
14,18,0,"[[5, 6], [4, 5]]","[4, 5]",6,0.7761,0.0,64,221.0,greedy,1,opening,False,0.0,0.0,False
14,19,1,"[[1, 2], [2, 1]]","[2, 1]",7,0.9754,0.0,64,221.0,greedy,1,opening,False,0.0,0.0,True
14,20,0,"[[4, 5], [3, 4]]","[3, 4]",7,1.5438,0.0,64,221.0,greedy,1,midgame,True,0,0.0,False
14,21,1,"[[2, 3], [4, 5]]","[4, 5]",2,0.478,0.0,64,221.0,greedy,1,midgame,False,0.0,0.0,False
14,22,0,"[[6, 7], [5, 6]]","[5, 6]",5,2.3336,0.0,64,228.0,greedy,1,midgame,False,0.0,0.0,False
14,23,1,"[[4, 5], [6, 7]]","[6, 7]",2,0.4084,0.0,64,228.0,greedy,1,midgame,False,0.0,0.0,False
14,24,0,"[[7, 2], [6, 1]]","[6, 1]",4,1.7898,0.0,64,244.0,greedy,1,midgame,False,0.0,0.0,False
14,25,1,"[[1, 4], [2, 3]]","[2, 3]",7,2.0103,0.0,64,244.0,greedy,1,midgame,True,0.0,0.0,True
14,26,0,"[[6, 1], [5, 0]]","[5, 0]",4,0.5362,0.0,64,244.0,greedy,1,midgame,False,0.0,0.0,False
14,27,1,"[[0, 5], [1, 4]]","[1, 4]",8,1.5383,0.0,64,244.0,greedy,1,midgame,False,0.0,0.0,True
14,28,0,"[[5, 0], [4, 1]]","[4, 1]",3,1.5018,0.0,64,244.0,greedy,1,midgame,False,0.0,0.0,False
14,29,1,"[[1, 4], [2, 5]]","[2, 5]",8,3.1707,0.0,64,244.0,greedy,1,midgame,False,0.0,0.0,True
14,30,0,"[[4, 1], [3, 2]]","[3, 2]",4,3.2318,0.0,64,244.0,greedy,1,midgame,True,0,0.0,False
14,31,1,"[[2, 1], [4, 3]]","[4, 3]",3,0.808,0.0,64,244.0,greedy,1,midgame,False,0.0,0.0,True
14,32,0,"[[7, 6], [6, 5]]","[6, 5]",2,0.6399,0.0,64,289.0,greedy,1,midgame,False,0.0,0.0,False
14,33,1,"[[6, 7], [7, 6]]","[7, 6]",9,3.6116,0.0,64,289.0,greedy,1,midgame,False,0.0,0.0,True
14,34,0,"[[6, 5], [5, 4]]","[5, 4]",3,1.2248,0.0,64,289.0,greedy,1,midgame,False,0.0,0.0,False
14,35,1,"[[4, 3], [6, 5]]","[6, 5]",2,0.5198,0.0,64,289.0,greedy,1,midgame,True,2.0,0.0,False
15,0,0,"[[6, 1], [5, 0]]","[5, 0]",8,5.0838,0.0,0,0,greedy,1,opening,False,0,0.0,False
15,1,1,"[[1, 0], [2, 1]]","[2, 1]",8,4.3921,0.0,0,0,greedy,1,opening,False,0.0,0.0,True
15,2,0,"[[5, 0], [4, 1]]","[4, 1]",9,4.9579,0.0,0,1.0,greedy,1,opening,False,0.0,0.0,False
15,3,1,"[[0, 1], [1, 0]]","[1, 0]",9,5.8494,0.0,0,1.0,greedy,1,opening,False,0.0,0.0,True
15,4,0,"[[4, 1], [3, 2]]","[3, 2]",10,6.9458,0.0,0,1.0,greedy,1,opening,False,0.0,0.0,False
15,5,1,"[[2, 1], [4, 3]]","[4, 3]",2,0.7184,0.0,0,1.0,greedy,1,opening,True,0.0,0.0,False
15,6,0,"[[6, 3], [5, 2]]","[5, 2]",8,6.5026,0.0,0,1.0,greedy,1,opening,False,0.0,0.0,False
15,7,1,"[[4, 3], [6, 1]]","[6, 1]",2,0.8044,0.0,0,1.0,greedy,1,opening,False,0.0,0.0,False
15,8,0,"[[7, 0], [5, 2]]","[5, 2]",3,0.391,0.0,0,13.0,greedy,1,opening,False,0.0,0.0,True
15,9,1,"[[1, 0], [2, 1]]","[2, 1]",8,1.4818,0.0,16,13.0,greedy,1,opening,False,0.0,0.0,True
15,10,0,"[[5, 2], [4, 1]]","[4, 1]",9,1.951,0.0,16,14.0,greedy,1,opening,True,0,0.0,False
15,11,1,"[[1, 2], [2, 3]]","[2, 3]",8,3.9165,0.0,16,14.0,greedy,1,opening,False,0.0,0.0,False
15,12,0,"[[4, 1], [3, 2]]","[3, 2]",9,3.2027,0.0,16,183.0,greedy,1,opening,False,0.0,0.0,False
15,13,1,"[[2, 1], [4, 3]]","[4, 3]",3,0.7074,0.0,16,183.0,greedy,1,opening,False,0.0,0.0,True
15,14,0,"[[6, 5], [5, 4]]","[5, 4]",7,4.0128,0.0,16,215.0,greedy,1,opening,False,0.0,0.0,False
15,15,1,"[[4, 3], [6, 5]]","[6, 5]",2,0.7322,0.0,16,215.0,greedy,1,opening,True,6.0,0.0,False
15,16,0,"[[7, 4], [5, 6]]","[5, 6]",3,1.169,0.0,16,221.0,greedy,1,opening,False,0.0,0.0,True
15,17,1,"[[0, 3], [1, 2]]","[1, 2]",7,2.9454,0.0,64,221.0,greedy,1,opening,False,0.0,0.0,True
15,18,0,"[[5, 6], [4, 5]]","[4, 5]",6,2.9821,0.0,64,221.0,greedy,1,opening,False,0.0,0.0,False
15,19,1,"[[1, 2], [2, 1]]","[2, 1]",7,4.2856,0.0,64,221.0,greedy,1,opening,False,0.0,0.0,True
15,20,0,"[[4, 5], [3, 4]]","[3, 4]",7,2.073,0.0,64,221.0,greedy,1,midgame,True,0,0.0,False
15,21,1,"[[2, 3], [4, 5]]","[4, 5]",2,0.3049,0.0,64,221.0,greedy,1,midgame,False,0.0,0.0,False
15,22,0,"[[6, 7], [5, 6]]","[5, 6]",5,1.2593,0.0,64,228.0,greedy,1,midgame,False,0.0,0.0,False
15,23,1,"[[4, 5], [6, 7]]","[6, 7]",2,0.7148,0.0,64,228.0,greedy,1,midgame,False,0.0,0.0,False
15,24,0,"[[7, 2], [6, 1]]","[6, 1]",4,1.0781,0.0,64,244.0,greedy,1,midgame,False,0.0,0.0,False
15,25,1,"[[1, 4], [2, 3]]","[2, 3]",7,0.7691,0.0,64,244.0,greedy,1,midgame,True,0.0,0.0,True
15,26,0,"[[6, 1], [5, 0]]","[5, 0]",4,0.4308,0.0,64,244.0,greedy,1,midgame,False,0.0,0.0,False
15,27,1,"[[0, 5], [1, 4]]","[1, 4]",8,1.7464,0.0,64,244.0,greedy,1,midgame,False,0.0,0.0,True
15,28,0,"[[5, 0], [4, 1]]","[4, 1]",3,0.3049,0.0,64,244.0,greedy,1,midgame,False,0.0,0.0,False
15,29,1,"[[1, 4], [2, 5]]","[2, 5]",8,0.9768,0.0,64,244.0,greedy,1,midgame,False,0.0,0.0,True
15,30,0,"[[4, 1], [3, 2]]","[3, 2]",4,0.5944,0.0,64,244.0,greedy,1,midgame,True,0,0.0,False
15,31,1,"[[2, 1], [4, 3]]","[4, 3]",3,0.2575,0.0,64,244.0,greedy,1,midgame,False,0.0,0.0,True
15,32,0,"[[7, 6], [6, 5]]","[6, 5]",2,0.1493,0.0,64,289.0,greedy,1,midgame,False,0.0,0.0,False
15,33,1,"[[6, 7], [7, 6]]","[7, 6]",9,0.984,0.0,64,289.0,greedy,1,midgame,False,0.0,0.0,True
15,34,0,"[[6, 5], [5, 4]]","[5, 4]",3,0.3414,0.0,64,289.0,greedy,1,midgame,False,0.0,0.0,False
15,35,1,"[[4, 3], [6, 5]]","[6, 5]",2,0.4561,0.0,64,289.0,greedy,1,midgame,True,2.0,0.0,False
16,0,0,"[[6, 1], [5, 0]]","[5, 0]",8,1.4405,0.0,0,0,greedy,1,opening,False,0,0.0,False
16,1,1,"[[1, 0], [2, 1]]","[2, 1]",8,1.4052,0.0,0,0,greedy,1,opening,False,0.0,0.0,True
16,2,0,"[[5, 0], [4, 1]]","[4, 1]",9,2.5275,0.0,0,1.0,greedy,1,opening,False,0.0,0.0,False
16,3,1,"[[0, 1], [1, 0]]","[1, 0]",9,2.4548,0.0,0,1.0,greedy,1,opening,False,0.0,0.0,True
16,4,0,"[[4, 1], [3, 2]]","[3, 2]",10,3.6175,0.0,0,1.0,greedy,1,opening,False,0.0,0.0,False
16,5,1,"[[2, 1], [4, 3]]","[4, 3]",2,0.4413,0.0,0,1.0,greedy,1,opening,True,0.0,0.0,False
16,6,0,"[[6, 3], [5, 2]]","[5, 2]",8,2.9252,0.0,0,1.0,greedy,1,opening,False,0.0,0.0,False
16,7,1,"[[4, 3], [6, 1]]","[6, 1]",2,0.7832,0.0,0,1.0,greedy,1,opening,False,0.0,0.0,False
16,8,0,"[[7, 0], [5, 2]]","[5, 2]",3,1.1384,0.0,0,13.0,greedy,1,opening,False,0.0,0.0,True
16,9,1,"[[1, 0], [2, 1]]","[2, 1]",8,1.4372,0.0,16,13.0,greedy,1,opening,False,0.0,0.0,True
16,10,0,"[[5, 2], [4, 1]]","[4, 1]",9,1.4429,0.0,16,14.0,greedy,1,opening,True,0,0.0,False
16,11,1,"[[1, 2], [2, 3]]","[2, 3]",8,1.7011,0.0,16,14.0,greedy,1,opening,False,0.0,0.0,False
16,12,0,"[[4, 1], [3, 2]]","[3, 2]",9,1.6282,0.0,16,183.0,greedy,1,opening,False,0.0,0.0,False
16,13,1,"[[2, 1], [4, 3]]","[4, 3]",3,0.3591,0.0,16,183.0,greedy,1,opening,False,0.0,0.0,True
16,14,0,"[[6, 5], [5, 4]]","[5, 4]",7,1.1125,0.0,16,215.0,greedy,1,opening,False,0.0,0.0,False
16,15,1,"[[4, 3], [6, 5]]","[6, 5]",2,0.3843,0.0,16,215.0,greedy,1,opening,True,6.0,0.0,False
16,16,0,"[[7, 4], [5, 6]]","[5, 6]",3,0.5624,0.0,16,221.0,greedy,1,opening,False,0.0,0.0,True
16,17,1,"[[0, 3], [1, 2]]","[1, 2]",7,1.1282,0.0,64,221.0,greedy,1,opening,False,0.0,0.0,True
16,18,0,"[[5, 6], [4, 5]]","[4, 5]",6,0.7753,0.0,64,221.0,greedy,1,opening,False,0.0,0.0,False
16,19,1,"[[1, 2], [2, 1]]","[2, 1]",7,1.8275,0.0,64,221.0,greedy,1,opening,False,0.0,0.0,True
16,20,0,"[[4, 5], [3, 4]]","[3, 4]",7,1.8859,0.0,64,221.0,greedy,1,midgame,True,0,0.0,False
16,21,1,"[[2, 3], [4, 5]]","[4, 5]",2,0.3016,0.0,64,221.0,greedy,1,midgame,False,0.0,0.0,False
16,22,0,"[[6, 7], [5, 6]]","[5, 6]",5,1.2755,0.0,64,228.0,greedy,1,midgame,False,0.0,0.0,False
16,23,1,"[[4, 5], [6, 7]]","[6, 7]",2,0.2818,0.0,64,228.0,greedy,1,midgame,False,0.0,0.0,False
16,24,0,"[[7, 2], [6, 1]]","[6, 1]",4,1.3382,0.0,64,244.0,greedy,1,midgame,False,0.0,0.0,False
16,25,1,"[[1, 4], [2, 3]]","[2, 3]",7,0.7777,0.0,64,244.0,greedy,1,midgame,True,0.0,0.0,True
16,26,0,"[[6, 1], [5, 0]]","[5, 0]",4,0.8757,0.0,64,244.0,greedy,1,midgame,False,0.0,0.0,False
16,27,1,"[[0, 5], [1, 4]]","[1, 4]",8,2.3263,0.0,64,244.0,greedy,1,midgame,False,0.0,0.0,True
16,28,0,"[[5, 0], [4, 1]]","[4, 1]",3,0.3078,0.0,64,244.0,greedy,1,midgame,False,0.0,0.0,False
16,29,1,"[[1, 4], [2, 5]]","[2, 5]",8,0.9773,0.0,64,244.0,greedy,1,midgame,False,0.0,0.0,True
16,30,0,"[[4, 1], [3, 2]]","[3, 2]",4,0.6046,0.0,64,244.0,greedy,1,midgame,True,0,0.0,False
16,31,1,"[[2, 1], [4, 3]]","[4, 3]",3,0.2596,0.0,64,244.0,greedy,1,midgame,False,0.0,0.0,True
16,32,0,"[[7, 6], [6, 5]]","[6, 5]",2,0.1471,0.0,64,289.0,greedy,1,midgame,False,0.0,0.0,False
16,33,1,"[[6, 7], [7, 6]]","[7, 6]",9,0.9947,0.0,64,289.0,greedy,1,midgame,False,0.0,0.0,True
16,34,0,"[[6, 5], [5, 4]]","[5, 4]",3,0.3462,0.0,64,289.0,greedy,1,midgame,False,0.0,0.0,False
16,35,1,"[[4, 3], [6, 5]]","[6, 5]",2,0.1392,0.0,64,289.0,greedy,1,midgame,True,2.0,0.0,False
17,0,0,"[[6, 1], [5, 0]]","[5, 0]",8,3.3026,0.0,0,0,greedy,1,opening,False,0,0.0,False
17,1,1,"[[1, 0], [2, 1]]","[2, 1]",8,1.4193,0.0,0,0,greedy,1,opening,False,0.0,0.0,True
17,2,0,"[[5, 0], [4, 1]]","[4, 1]",9,1.596,0.0,0,1.0,greedy,1,opening,False,0.0,0.0,False
17,3,1,"[[0, 1], [1, 0]]","[1, 0]",9,3.1178,0.0,0,1.0,greedy,1,opening,False,0.0,0.0,True
17,4,0,"[[4, 1], [3, 2]]","[3, 2]",10,4.4072,0.0,0,1.0,greedy,1,opening,False,0.0,0.0,False
17,5,1,"[[2, 1], [4, 3]]","[4, 3]",2,0.2236,0.0,0,1.0,greedy,1,opening,True,0.0,0.0,False
17,6,0,"[[6, 3], [5, 2]]","[5, 2]",8,1.6184,0.0,0,1.0,greedy,1,opening,False,0.0,0.0,False
17,7,1,"[[4, 3], [6, 1]]","[6, 1]",2,0.443,0.0,0,1.0,greedy,1,opening,False,0.0,0.0,False
17,8,0,"[[7, 0], [5, 2]]","[5, 2]",3,0.3824,0.0,0,13.0,greedy,1,opening,False,0.0,0.0,True
17,9,1,"[[1, 0], [2, 1]]","[2, 1]",8,1.2112,0.0,16,13.0,greedy,1,opening,False,0.0,0.0,True
17,10,0,"[[5, 2], [4, 1]]","[4, 1]",9,1.3938,0.0,16,14.0,greedy,1,opening,True,0,0.0,False
17,11,1,"[[1, 2], [2, 3]]","[2, 3]",8,1.3142,0.0,16,14.0,greedy,1,opening,False,0.0,0.0,False
17,12,0,"[[4, 1], [3, 2]]","[3, 2]",9,3.2253,0.0,16,183.0,greedy,1,opening,False,0.0,0.0,False
17,13,1,"[[2, 1], [4, 3]]","[4, 3]",3,0.3653,0.0,16,183.0,greedy,1,opening,False,0.0,0.0,True
17,14,0,"[[6, 5], [5, 4]]","[5, 4]",7,1.121,0.0,16,215.0,greedy,1,opening,False,0.0,0.0,False
17,15,1,"[[4, 3], [6, 5]]","[6, 5]",2,0.3796,0.0,16,215.0,greedy,1,opening,True,6.0,0.0,False
17,16,0,"[[7, 4], [5, 6]]","[5, 6]",3,0.3364,0.0,16,221.0,greedy,1,opening,False,0.0,0.0,True
17,17,1,"[[0, 3], [1, 2]]","[1, 2]",7,0.8755,0.0,64,221.0,greedy,1,opening,False,0.0,0.0,True
17,18,0,"[[5, 6], [4, 5]]","[4, 5]",6,0.7682,0.0,64,221.0,greedy,1,opening,False,0.0,0.0,False
17,19,1,"[[1, 2], [2, 1]]","[2, 1]",7,0.9718,0.0,64,221.0,greedy,1,opening,False,0.0,0.0,True
17,20,0,"[[4, 5], [3, 4]]","[3, 4]",7,0.9999,0.0,64,221.0,greedy,1,midgame,True,0,0.0,False
17,21,1,"[[2, 3], [4, 5]]","[4, 5]",2,0.1612,0.0,64,221.0,greedy,1,midgame,False,0.0,0.0,False
17,22,0,"[[6, 7], [5, 6]]","[5, 6]",5,1.6248,0.0,64,228.0,greedy,1,midgame,False,0.0,0.0,False
17,23,1,"[[4, 5], [6, 7]]","[6, 7]",2,0.2949,0.0,64,228.0,greedy,1,midgame,False,0.0,0.0,False
17,24,0,"[[7, 2], [6, 1]]","[6, 1]",4,0.8221,0.0,64,244.0,greedy,1,midgame,False,0.0,0.0,False
17,25,1,"[[1, 4], [2, 3]]","[2, 3]",7,1.4338,0.0,64,244.0,greedy,1,midgame,True,0.0,0.0,True
17,26,0,"[[6, 1], [5, 0]]","[5, 0]",4,0.8156,0.0,64,244.0,greedy,1,midgame,False,0.0,0.0,False
17,27,1,"[[0, 5], [1, 4]]","[1, 4]",8,1.6642,0.0,64,244.0,greedy,1,midgame,False,0.0,0.0,True
17,28,0,"[[5, 0], [4, 1]]","[4, 1]",3,0.5589,0.0,64,244.0,greedy,1,midgame,False,0.0,0.0,False
17,29,1,"[[1, 4], [2, 5]]","[2, 5]",8,1.8716,0.0,64,244.0,greedy,1,midgame,False,0.0,0.0,True
17,30,0,"[[4, 1], [3, 2]]","[3, 2]",4,1.5688,0.0,64,244.0,greedy,1,midgame,True,0,0.0,False
17,31,1,"[[2, 1], [4, 3]]","[4, 3]",3,0.5021,0.0,64,244.0,greedy,1,midgame,False,0.0,0.0,True
17,32,0,"[[7, 6], [6, 5]]","[6, 5]",2,0.2897,0.0,64,289.0,greedy,1,midgame,False,0.0,0.0,False
17,33,1,"[[6, 7], [7, 6]]","[7, 6]",9,1.0562,0.0,64,289.0,greedy,1,midgame,False,0.0,0.0,True
17,34,0,"[[6, 5], [5, 4]]","[5, 4]",3,0.6485,0.0,64,289.0,greedy,1,midgame,False,0.0,0.0,False
17,35,1,"[[4, 3], [6, 5]]","[6, 5]",2,0.2429,0.0,64,289.0,greedy,1,midgame,True,2.0,0.0,False
18,0,0,"[[6, 1], [5, 0]]","[5, 0]",8,2.6376,0.0,0,0,greedy,1,opening,False,0,0.0,False
18,1,1,"[[1, 0], [2, 1]]","[2, 1]",8,2.0661,0.0,0,0,greedy,1,opening,False,0.0,0.0,True
18,2,0,"[[5, 0], [4, 1]]","[4, 1]",9,3.3729,0.0,0,1.0,greedy,1,opening,False,0.0,0.0,False
18,3,1,"[[0, 1], [1, 0]]","[1, 0]",9,3.2315,0.0,0,1.0,greedy,1,opening,False,0.0,0.0,True
18,4,0,"[[4, 1], [3, 2]]","[3, 2]",10,3.6299,0.0,0,1.0,greedy,1,opening,False,0.0,0.0,False
18,5,1,"[[2, 1], [4, 3]]","[4, 3]",2,0.519,0.0,0,1.0,greedy,1,opening,True,0.0,0.0,False
18,6,0,"[[6, 3], [5, 2]]","[5, 2]",8,1.5936,0.0,0,1.0,greedy,1,opening,False,0.0,0.0,False
18,7,1,"[[4, 3], [6, 1]]","[6, 1]",2,0.4437,0.0,0,1.0,greedy,1,opening,False,0.0,0.0,False
18,8,0,"[[7, 0], [5, 2]]","[5, 2]",3,0.3829,0.0,0,13.0,greedy,1,opening,False,0.0,0.0,True
18,9,1,"[[1, 0], [2, 1]]","[2, 1]",8,1.2126,0.0,16,13.0,greedy,1,opening,False,0.0,0.0,True
18,10,0,"[[5, 2], [4, 1]]","[4, 1]",9,1.404,0.0,16,14.0,greedy,1,opening,True,0,0.0,False
18,11,1,"[[1, 2], [2, 3]]","[2, 3]",8,1.3158,0.0,16,14.0,greedy,1,opening,False,0.0,0.0,False
18,12,0,"[[4, 1], [3, 2]]","[3, 2]",9,1.6358,0.0,16,183.0,greedy,1,opening,False,0.0,0.0,False
18,13,1,"[[2, 1], [4, 3]]","[4, 3]",3,0.8259,0.0,16,183.0,greedy,1,opening,False,0.0,0.0,True
18,14,0,"[[6, 5], [5, 4]]","[5, 4]",7,1.1258,0.0,16,215.0,greedy,1,opening,False,0.0,0.0,False
18,15,1,"[[4, 3], [6, 5]]","[6, 5]",2,0.3815,0.0,16,215.0,greedy,1,opening,True,6.0,0.0,False
18,16,0,"[[7, 4], [5, 6]]","[5, 6]",3,0.3686,0.0,16,221.0,greedy,1,opening,False,0.0,0.0,True
18,17,1,"[[0, 3], [1, 2]]","[1, 2]",7,0.8781,0.0,64,221.0,greedy,1,opening,False,0.0,0.0,True
18,18,0,"[[5, 6], [4, 5]]","[4, 5]",6,0.766,0.0,64,221.0,greedy,1,opening,False,0.0,0.0,False
18,19,1,"[[1, 2], [2, 1]]","[2, 1]",7,0.9699,0.0,64,221.0,greedy,1,opening,False,0.0,0.0,True
18,20,0,"[[4, 5], [3, 4]]","[3, 4]",7,1.261,0.0,64,221.0,greedy,1,midgame,True,0,0.0,False
18,21,1,"[[2, 3], [4, 5]]","[4, 5]",2,0.1657,0.0,64,221.0,greedy,1,midgame,False,0.0,0.0,False
18,22,0,"[[6, 7], [5, 6]]","[5, 6]",5,0.6769,0.0,64,228.0,greedy,1,midgame,False,0.0,0.0,False
18,23,1,"[[4, 5], [6, 7]]","[6, 7]",2,0.1516,0.0,64,228.0,greedy,1,midgame,False,0.0,0.0,False
18,24,0,"[[7, 2], [6, 1]]","[6, 1]",4,0.6499,0.0,64,244.0,greedy,1,midgame,False,0.0,0.0,False
18,25,1,"[[1, 4], [2, 3]]","[2, 3]",7,0.8843,0.0,64,244.0,greedy,1,midgame,True,0.0,0.0,True
18,26,0,"[[6, 1], [5, 0]]","[5, 0]",4,0.428,0.0,64,244.0,greedy,1,midgame,False,0.0,0.0,False
18,27,1,"[[0, 5], [1, 4]]","[1, 4]",8,0.875,0.0,64,244.0,greedy,1,midgame,False,0.0,0.0,True
18,28,0,"[[5, 0], [4, 1]]","[4, 1]",3,0.2928,0.0,64,244.0,greedy,1,midgame,False,0.0,0.0,False
18,29,1,"[[1, 4], [2, 5]]","[2, 5]",8,0.9587,0.0,64,244.0,greedy,1,midgame,False,0.0,0.0,True
18,30,0,"[[4, 1], [3, 2]]","[3, 2]",4,0.5896,0.0,64,244.0,greedy,1,midgame,True,0,0.0,False
18,31,1,"[[2, 1], [4, 3]]","[4, 3]",3,0.2582,0.0,64,244.0,greedy,1,midgame,False,0.0,0.0,True
18,32,0,"[[7, 6], [6, 5]]","[6, 5]",2,0.1519,0.0,64,289.0,greedy,1,midgame,False,0.0,0.0,False
18,33,1,"[[6, 7], [7, 6]]","[7, 6]",9,1.6115,0.0,64,289.0,greedy,1,midgame,False,0.0,0.0,True
18,34,0,"[[6, 5], [5, 4]]","[5, 4]",3,0.3541,0.0,64,289.0,greedy,1,midgame,False,0.0,0.0,False
18,35,1,"[[4, 3], [6, 5]]","[6, 5]",2,0.129,0.0,64,289.0,greedy,1,midgame,True,2.0,0.0,False
19,0,0,"[[6, 1], [5, 0]]","[5, 0]",8,1.4029,0.0,0,0,greedy,1,opening,False,0,0.0,False
19,1,1,"[[1, 0], [2, 1]]","[2, 1]",8,1.7338,0.0,0,0,greedy,1,opening,False,0.0,0.0,True
19,2,0,"[[5, 0], [4, 1]]","[4, 1]",9,2.9938,0.0,0,1.0,greedy,1,opening,False,0.0,0.0,False
19,3,1,"[[0, 1], [1, 0]]","[1, 0]",9,3.3469,0.0,0,1.0,greedy,1,opening,False,0.0,0.0,True
19,4,0,"[[4, 1], [3, 2]]","[3, 2]",10,3.0377,0.0,0,1.0,greedy,1,opening,False,0.0,0.0,False
19,5,1,"[[2, 1], [4, 3]]","[4, 3]",2,0.2263,0.0,0,1.0,greedy,1,opening,True,0.0,0.0,False
19,6,0,"[[6, 3], [5, 2]]","[5, 2]",8,1.581,0.0,0,1.0,greedy,1,opening,False,0.0,0.0,False
19,7,1,"[[4, 3], [6, 1]]","[6, 1]",2,0.4449,0.0,0,1.0,greedy,1,opening,False,0.0,0.0,False
19,8,0,"[[7, 0], [5, 2]]","[5, 2]",3,0.3834,0.0,0,13.0,greedy,1,opening,False,0.0,0.0,True
19,9,1,"[[1, 0], [2, 1]]","[2, 1]",8,1.2119,0.0,16,13.0,greedy,1,opening,False,0.0,0.0,True
19,10,0,"[[5, 2], [4, 1]]","[4, 1]",9,2.9247,0.0,16,14.0,greedy,1,opening,True,0,0.0,False
19,11,1,"[[1, 2], [2, 3]]","[2, 3]",8,2.4602,0.0,16,14.0,greedy,1,opening,False,0.0,0.0,False
19,12,0,"[[4, 1], [3, 2]]","[3, 2]",9,3.0406,0.0,16,183.0,greedy,1,opening,False,0.0,0.0,False
19,13,1,"[[2, 1], [4, 3]]","[4, 3]",3,0.7663,0.0,16,183.0,greedy,1,opening,False,0.0,0.0,True
19,14,0,"[[6, 5], [5, 4]]","[5, 4]",7,2.1217,0.0,16,215.0,greedy,1,opening,False,0.0,0.0,False
19,15,1,"[[4, 3], [6, 5]]","[6, 5]",2,0.6828,0.0,16,215.0,greedy,1,opening,True,6.0,0.0,False
19,16,0,"[[7, 4], [5, 6]]","[5, 6]",3,0.6349,0.0,16,221.0,greedy,1,opening,False,0.0,0.0,True
19,17,1,"[[0, 3], [1, 2]]","[1, 2]",7,1.7173,0.0,64,221.0,greedy,1,opening,False,0.0,0.0,True
19,18,0,"[[5, 6], [4, 5]]","[4, 5]",6,1.4713,0.0,64,221.0,greedy,1,opening,False,0.0,0.0,False
19,19,1,"[[1, 2], [2, 1]]","[2, 1]",7,2.3196,0.0,64,221.0,greedy,1,opening,False,0.0,0.0,True
19,20,0,"[[4, 5], [3, 4]]","[3, 4]",7,2.0561,0.0,64,221.0,greedy,1,midgame,True,0,0.0,False
19,21,1,"[[2, 3], [4, 5]]","[4, 5]",2,0.1678,0.0,64,221.0,greedy,1,midgame,False,0.0,0.0,False
19,22,0,"[[6, 7], [5, 6]]","[5, 6]",5,1.9109,0.0,64,228.0,greedy,1,midgame,False,0.0,0.0,False
19,23,1,"[[4, 5], [6, 7]]","[6, 7]",2,0.1671,0.0,64,228.0,greedy,1,midgame,False,0.0,0.0,False
19,24,0,"[[7, 2], [6, 1]]","[6, 1]",4,1.3061,0.0,64,244.0,greedy,1,midgame,False,0.0,0.0,False
19,25,1,"[[1, 4], [2, 3]]","[2, 3]",7,2.8,0.0,64,244.0,greedy,1,midgame,True,0.0,0.0,True
19,26,0,"[[6, 1], [5, 0]]","[5, 0]",4,0.8309,0.0,64,244.0,greedy,1,midgame,False,0.0,0.0,False
19,27,1,"[[0, 5], [1, 4]]","[1, 4]",8,1.545,0.0,64,244.0,greedy,1,midgame,False,0.0,0.0,True
19,28,0,"[[5, 0], [4, 1]]","[4, 1]",3,0.6166,0.0,64,244.0,greedy,1,midgame,False,0.0,0.0,False
19,29,1,"[[1, 4], [2, 5]]","[2, 5]",8,1.6534,0.0,64,244.0,greedy,1,midgame,False,0.0,0.0,True
19,30,0,"[[4, 1], [3, 2]]","[3, 2]",4,0.6015,0.0,64,244.0,greedy,1,midgame,True,0,0.0,False
19,31,1,"[[2, 1], [4, 3]]","[4, 3]",3,0.2613,0.0,64,244.0,greedy,1,midgame,False,0.0,0.0,True
19,32,0,"[[7, 6], [6, 5]]","[6, 5]",2,0.2971,0.0,64,289.0,greedy,1,midgame,False,0.0,0.0,False
19,33,1,"[[6, 7], [7, 6]]","[7, 6]",9,3.4707,0.0,64,289.0,greedy,1,midgame,False,0.0,0.0,True
19,34,0,"[[6, 5], [5, 4]]","[5, 4]",3,0.3593,0.0,64,289.0,greedy,1,midgame,False,0.0,0.0,False
19,35,1,"[[4, 3], [6, 5]]","[6, 5]",2,0.1342,0.0,64,289.0,greedy,1,midgame,True,2.0,0.0,False
20,0,0,"[[6, 1], [5, 0]]","[5, 0]",8,1.6019,0.0,0,0,greedy,1,opening,False,0,0.0,False
20,1,1,"[[1, 0], [2, 1]]","[2, 1]",8,4.0188,0.0,0,0,greedy,1,opening,False,0.0,0.0,True
20,2,0,"[[5, 0], [4, 1]]","[4, 1]",9,2.6653,0.0,0,1.0,greedy,1,opening,False,0.0,0.0,False
20,3,1,"[[0, 1], [1, 0]]","[1, 0]",9,3.3178,0.0,0,1.0,greedy,1,opening,False,0.0,0.0,True
20,4,0,"[[4, 1], [3, 2]]","[3, 2]",10,5.3055,0.0,0,1.0,greedy,1,opening,False,0.0,0.0,False
20,5,1,"[[2, 1], [4, 3]]","[4, 3]",2,1.9619,0.0,0,1.0,greedy,1,opening,True,0.0,0.0,False
20,6,0,"[[6, 3], [5, 2]]","[5, 2]",8,4.4441,0.0,0,1.0,greedy,1,opening,False,0.0,0.0,False
20,7,1,"[[4, 3], [6, 1]]","[6, 1]",2,0.8247,0.0,0,1.0,greedy,1,opening,False,0.0,0.0,False
20,8,0,"[[7, 0], [5, 2]]","[5, 2]",3,0.3908,0.0,0,13.0,greedy,1,opening,False,0.0,0.0,True
20,9,1,"[[1, 0], [2, 1]]","[2, 1]",8,1.2176,0.0,16,13.0,greedy,1,opening,False,0.0,0.0,True
20,10,0,"[[5, 2], [4, 1]]","[4, 1]",9,1.4548,0.0,16,14.0,greedy,1,opening,True,0,0.0,False
20,11,1,"[[1, 2], [2, 3]]","[2, 3]",8,1.3258,0.0,16,14.0,greedy,1,opening,False,0.0,0.0,False
20,12,0,"[[4, 1], [3, 2]]","[3, 2]",9,1.6327,0.0,16,183.0,greedy,1,opening,False,0.0,0.0,False
20,13,1,"[[2, 1], [4, 3]]","[4, 3]",3,0.9091,0.0,16,183.0,greedy,1,opening,False,0.0,0.0,True
20,14,0,"[[6, 5], [5, 4]]","[5, 4]",7,4.364,0.0,16,215.0,greedy,1,opening,False,0.0,0.0,False
20,15,1,"[[4, 3], [6, 5]]","[6, 5]",2,1.0312,0.0,16,215.0,greedy,1,opening,True,6.0,0.0,False
20,16,0,"[[7, 4], [5, 6]]","[5, 6]",3,1.0681,0.0,16,221.0,greedy,1,opening,False,0.0,0.0,True
20,17,1,"[[0, 3], [1, 2]]","[1, 2]",7,1.9042,0.0,64,221.0,greedy,1,opening,False,0.0,0.0,True
20,18,0,"[[5, 6], [4, 5]]","[4, 5]",6,0.7772,0.0,64,221.0,greedy,1,opening,False,0.0,0.0,False
20,19,1,"[[1, 2], [2, 1]]","[2, 1]",7,0.9823,0.0,64,221.0,greedy,1,opening,False,0.0,0.0,True
20,20,0,"[[4, 5], [3, 4]]","[3, 4]",7,1.9619,0.0,64,221.0,greedy,1,midgame,True,0,0.0,False
20,21,1,"[[2, 3], [4, 5]]","[4, 5]",2,0.3021,0.0,64,221.0,greedy,1,midgame,False,0.0,0.0,False
20,22,0,"[[6, 7], [5, 6]]","[5, 6]",5,1.2617,0.0,64,228.0,greedy,1,midgame,False,0.0,0.0,False
20,23,1,"[[4, 5], [6, 7]]","[6, 7]",2,0.2851,0.0,64,228.0,greedy,1,midgame,False,0.0,0.0,False
20,24,0,"[[7, 2], [6, 1]]","[6, 1]",4,0.8166,0.0,64,244.0,greedy,1,midgame,False,0.0,0.0,False
20,25,1,"[[1, 4], [2, 3]]","[2, 3]",7,1.4315,0.0,64,244.0,greedy,1,midgame,True,0.0,0.0,True
20,26,0,"[[6, 1], [5, 0]]","[5, 0]",4,0.8159,0.0,64,244.0,greedy,1,midgame,False,0.0,0.0,False
20,27,1,"[[0, 5], [1, 4]]","[1, 4]",8,1.5764,0.0,64,244.0,greedy,1,midgame,False,0.0,0.0,True
20,28,0,"[[5, 0], [4, 1]]","[4, 1]",3,0.3009,0.0,64,244.0,greedy,1,midgame,False,0.0,0.0,False
20,29,1,"[[1, 4], [2, 5]]","[2, 5]",8,1.8706,0.0,64,244.0,greedy,1,midgame,False,0.0,0.0,True
20,30,0,"[[4, 1], [3, 2]]","[3, 2]",4,1.0972,0.0,64,244.0,greedy,1,midgame,True,0,0.0,False
20,31,1,"[[2, 1], [4, 3]]","[4, 3]",3,0.4861,0.0,64,244.0,greedy,1,midgame,False,0.0,0.0,True
20,32,0,"[[7, 6], [6, 5]]","[6, 5]",2,0.2871,0.0,64,289.0,greedy,1,midgame,False,0.0,0.0,False
20,33,1,"[[6, 7], [7, 6]]","[7, 6]",9,1.8799,0.0,64,289.0,greedy,1,midgame,False,0.0,0.0,True
20,34,0,"[[6, 5], [5, 4]]","[5, 4]",3,0.6478,0.0,64,289.0,greedy,1,midgame,False,0.0,0.0,False
20,35,1,"[[4, 3], [6, 5]]","[6, 5]",2,0.2432,0.0,64,289.0,greedy,1,midgame,True,2.0,0.0,False
21,0,0,"[[6, 1], [5, 0]]","[5, 0]",8,2.2852,0.0,0,0,greedy,1,opening,False,0,0.0,False
21,1,1,"[[1, 0], [2, 1]]","[2, 1]",8,1.3914,0.0,0,0,greedy,1,opening,False,0.0,0.0,True
21,2,0,"[[5, 0], [4, 1]]","[4, 1]",9,2.9876,0.0,0,1.0,greedy,1,opening,False,0.0,0.0,False
21,3,1,"[[0, 1], [1, 0]]","[1, 0]",9,3.1903,0.0,0,1.0,greedy,1,opening,False,0.0,0.0,True
21,4,0,"[[4, 1], [3, 2]]","[3, 2]",10,4.6751,0.0,0,1.0,greedy,1,opening,False,0.0,0.0,False
21,5,1,"[[2, 1], [4, 3]]","[4, 3]",2,0.6452,0.0,0,1.0,greedy,1,opening,True,0.0,0.0,False
21,6,0,"[[6, 3], [5, 2]]","[5, 2]",8,4.4577,0.0,0,1.0,greedy,1,opening,False,0.0,0.0,False
21,7,1,"[[4, 3], [6, 1]]","[6, 1]",2,0.8888,0.0,0,1.0,greedy,1,opening,False,0.0,0.0,False
21,8,0,"[[7, 0], [5, 2]]","[5, 2]",3,0.8662,0.0,0,13.0,greedy,1,opening,False,0.0,0.0,True
21,9,1,"[[1, 0], [2, 1]]","[2, 1]",8,2.8925,0.0,16,13.0,greedy,1,opening,False,0.0,0.0,True
21,10,0,"[[5, 2], [4, 1]]","[4, 1]",9,1.8048,0.0,16,14.0,greedy,1,opening,True,0,0.0,False
21,11,1,"[[1, 2], [2, 3]]","[2, 3]",8,2.4695,0.0,16,14.0,greedy,1,opening,False,0.0,0.0,False
21,12,0,"[[4, 1], [3, 2]]","[3, 2]",9,3.634,0.0,16,183.0,greedy,1,opening,False,0.0,0.0,False
21,13,1,"[[2, 1], [4, 3]]","[4, 3]",3,0.3629,0.0,16,183.0,greedy,1,opening,False,0.0,0.0,True
21,14,0,"[[6, 5], [5, 4]]","[5, 4]",7,2.1095,0.0,16,215.0,greedy,1,opening,False,0.0,0.0,False
21,15,1,"[[4, 3], [6, 5]]","[6, 5]",2,0.6871,0.0,16,215.0,greedy,1,opening,True,6.0,0.0,False
21,16,0,"[[7, 4], [5, 6]]","[5, 6]",3,0.632,0.0,16,221.0,greedy,1,opening,False,0.0,0.0,True
21,17,1,"[[0, 3], [1, 2]]","[1, 2]",7,1.6651,0.0,64,221.0,greedy,1,opening,False,0.0,0.0,True
21,18,0,"[[5, 6], [4, 5]]","[4, 5]",6,1.5559,0.0,64,221.0,greedy,1,opening,False,0.0,0.0,False
21,19,1,"[[1, 2], [2, 1]]","[2, 1]",7,1.821,0.0,64,221.0,greedy,1,opening,False,0.0,0.0,True
21,20,0,"[[4, 5], [3, 4]]","[3, 4]",7,1.1175,0.0,64,221.0,greedy,1,midgame,True,0,0.0,False
21,21,1,"[[2, 3], [4, 5]]","[4, 5]",2,0.3917,0.0,64,221.0,greedy,1,midgame,False,0.0,0.0,False
21,22,0,"[[6, 7], [5, 6]]","[5, 6]",5,1.2734,0.0,64,228.0,greedy,1,midgame,False,0.0,0.0,False
21,23,1,"[[4, 5], [6, 7]]","[6, 7]",2,0.2885,0.0,64,228.0,greedy,1,midgame,False,0.0,0.0,False
21,24,0,"[[7, 2], [6, 1]]","[6, 1]",4,0.8204,0.0,64,244.0,greedy,1,midgame,False,0.0,0.0,False
21,25,1,"[[1, 4], [2, 3]]","[2, 3]",7,1.4701,0.0,64,244.0,greedy,1,midgame,True,0.0,0.0,True
21,26,0,"[[6, 1], [5, 0]]","[5, 0]",4,0.8168,0.0,64,244.0,greedy,1,midgame,False,0.0,0.0,False
21,27,1,"[[0, 5], [1, 4]]","[1, 4]",8,1.6637,0.0,64,244.0,greedy,1,midgame,False,0.0,0.0,True
21,28,0,"[[5, 0], [4, 1]]","[4, 1]",3,0.5577,0.0,64,244.0,greedy,1,midgame,False,0.0,0.0,False
21,29,1,"[[1, 4], [2, 5]]","[2, 5]",8,2.2366,0.0,64,244.0,greedy,1,midgame,False,0.0,0.0,True
21,30,0,"[[4, 1], [3, 2]]","[3, 2]",4,0.6008,0.0,64,244.0,greedy,1,midgame,True,0,0.0,False
21,31,1,"[[2, 1], [4, 3]]","[4, 3]",3,0.2601,0.0,64,244.0,greedy,1,midgame,False,0.0,0.0,True
21,32,0,"[[7, 6], [6, 5]]","[6, 5]",2,0.1531,0.0,64,289.0,greedy,1,midgame,False,0.0,0.0,False
21,33,1,"[[6, 7], [7, 6]]","[7, 6]",9,0.9928,0.0,64,289.0,greedy,1,midgame,False,0.0,0.0,True
21,34,0,"[[6, 5], [5, 4]]","[5, 4]",3,0.3502,0.0,64,289.0,greedy,1,midgame,False,0.0,0.0,False
21,35,1,"[[4, 3], [6, 5]]","[6, 5]",2,0.1295,0.0,64,289.0,greedy,1,midgame,True,2.0,0.0,False
22,0,0,"[[6, 1], [5, 0]]","[5, 0]",8,1.9157,0.0,0,0,greedy,1,opening,False,0,0.0,False
22,1,1,"[[1, 0], [2, 1]]","[2, 1]",8,1.4231,0.0,0,0,greedy,1,opening,False,0.0,0.0,True
22,2,0,"[[5, 0], [4, 1]]","[4, 1]",9,1.595,0.0,0,1.0,greedy,1,opening,False,0.0,0.0,False
22,3,1,"[[0, 1], [1, 0]]","[1, 0]",9,3.0322,0.0,0,1.0,greedy,1,opening,False,0.0,0.0,True
22,4,0,"[[4, 1], [3, 2]]","[3, 2]",10,1.9295,0.0,0,1.0,greedy,1,opening,False,0.0,0.0,False
22,5,1,"[[2, 1], [4, 3]]","[4, 3]",2,0.2186,0.0,0,1.0,greedy,1,opening,True,0.0,0.0,False
22,6,0,"[[6, 3], [5, 2]]","[5, 2]",8,1.5852,0.0,0,1.0,greedy,1,opening,False,0.0,0.0,False
22,7,1,"[[4, 3], [6, 1]]","[6, 1]",2,0.4447,0.0,0,1.0,greedy,1,opening,False,0.0,0.0,False
22,8,0,"[[7, 0], [5, 2]]","[5, 2]",3,0.3803,0.0,0,13.0,greedy,1,opening,False,0.0,0.0,True
22,9,1,"[[1, 0], [2, 1]]","[2, 1]",8,1.2112,0.0,16,13.0,greedy,1,opening,False,0.0,0.0,True
22,10,0,"[[5, 2], [4, 1]]","[4, 1]",9,1.4045,0.0,16,14.0,greedy,1,opening,True,0,0.0,False
22,11,1,"[[1, 2], [2, 3]]","[2, 3]",8,2.0952,0.0,16,14.0,greedy,1,opening,False,0.0,0.0,False
22,12,0,"[[4, 1], [3, 2]]","[3, 2]",9,1.6356,0.0,16,183.0,greedy,1,opening,False,0.0,0.0,False
22,13,1,"[[2, 1], [4, 3]]","[4, 3]",3,0.3595,0.0,16,183.0,greedy,1,opening,False,0.0,0.0,True
22,14,0,"[[6, 5], [5, 4]]","[5, 4]",7,1.2271,0.0,16,215.0,greedy,1,opening,False,0.0,0.0,False
22,15,1,"[[4, 3], [6, 5]]","[6, 5]",2,0.6766,0.0,16,215.0,greedy,1,opening,True,6.0,0.0,False
22,16,0,"[[7, 4], [5, 6]]","[5, 6]",3,0.6311,0.0,16,221.0,greedy,1,opening,False,0.0,0.0,True
22,17,1,"[[0, 3], [1, 2]]","[1, 2]",7,1.6651,0.0,64,221.0,greedy,1,opening,False,0.0,0.0,True
22,18,0,"[[5, 6], [4, 5]]","[4, 5]",6,0.8771,0.0,64,221.0,greedy,1,opening,False,0.0,0.0,False
22,19,1,"[[1, 2], [2, 1]]","[2, 1]",7,2.2287,0.0,64,221.0,greedy,1,opening,False,0.0,0.0,True
22,20,0,"[[4, 5], [3, 4]]","[3, 4]",7,1.008,0.0,64,221.0,greedy,1,midgame,True,0,0.0,False
22,21,1,"[[2, 3], [4, 5]]","[4, 5]",2,0.1714,0.0,64,221.0,greedy,1,midgame,False,0.0,0.0,False
22,22,0,"[[6, 7], [5, 6]]","[5, 6]",5,0.6814,0.0,64,228.0,greedy,1,midgame,False,0.0,0.0,False
22,23,1,"[[4, 5], [6, 7]]","[6, 7]",2,0.1516,0.0,64,228.0,greedy,1,midgame,False,0.0,0.0,False
22,24,0,"[[7, 2], [6, 1]]","[6, 1]",4,0.4306,0.0,64,244.0,greedy,1,midgame,False,0.0,0.0,False
22,25,1,"[[1, 4], [2, 3]]","[2, 3]",7,0.757,0.0,64,244.0,greedy,1,midgame,True,0.0,0.0,True
22,26,0,"[[6, 1], [5, 0]]","[5, 0]",4,0.4275,0.0,64,244.0,greedy,1,midgame,False,0.0,0.0,False
22,27,1,"[[0, 5], [1, 4]]","[1, 4]",8,0.8712,0.0,64,244.0,greedy,1,midgame,False,0.0,0.0,True
22,28,0,"[[5, 0], [4, 1]]","[4, 1]",3,0.2928,0.0,64,244.0,greedy,1,midgame,False,0.0,0.0,False
22,29,1,"[[1, 4], [2, 5]]","[2, 5]",8,0.9606,0.0,64,244.0,greedy,1,midgame,False,0.0,0.0,True
22,30,0,"[[4, 1], [3, 2]]","[3, 2]",4,0.5865,0.0,64,244.0,greedy,1,midgame,True,0,0.0,False
22,31,1,"[[2, 1], [4, 3]]","[4, 3]",3,0.2637,0.0,64,244.0,greedy,1,midgame,False,0.0,0.0,True
22,32,0,"[[7, 6], [6, 5]]","[6, 5]",2,0.3233,0.0,64,289.0,greedy,1,midgame,False,0.0,0.0,False
22,33,1,"[[6, 7], [7, 6]]","[7, 6]",9,2.0125,0.0,64,289.0,greedy,1,midgame,False,0.0,0.0,True
22,34,0,"[[6, 5], [5, 4]]","[5, 4]",3,0.618,0.0,64,289.0,greedy,1,midgame,False,0.0,0.0,False
22,35,1,"[[4, 3], [6, 5]]","[6, 5]",2,0.2489,0.0,64,289.0,greedy,1,midgame,True,2.0,0.0,False
23,0,0,"[[6, 1], [5, 0]]","[5, 0]",8,2.6283,0.0,0,0,greedy,1,opening,False,0,0.0,False
23,1,1,"[[1, 0], [2, 1]]","[2, 1]",8,2.6214,0.0,0,0,greedy,1,opening,False,0.0,0.0,True
23,2,0,"[[5, 0], [4, 1]]","[4, 1]",9,3.4595,0.0,0,1.0,greedy,1,opening,False,0.0,0.0,False
23,3,1,"[[0, 1], [1, 0]]","[1, 0]",9,3.2182,0.0,0,1.0,greedy,1,opening,False,0.0,0.0,True
23,4,0,"[[4, 1], [3, 2]]","[3, 2]",10,3.5493,0.0,0,1.0,greedy,1,opening,False,0.0,0.0,False
23,5,1,"[[2, 1], [4, 3]]","[4, 3]",2,0.4084,0.0,0,1.0,greedy,1,opening,True,0.0,0.0,False
23,6,0,"[[6, 3], [5, 2]]","[5, 2]",8,3.5598,0.0,0,1.0,greedy,1,opening,False,0.0,0.0,False
23,7,1,"[[4, 3], [6, 1]]","[6, 1]",2,0.4456,0.0,0,1.0,greedy,1,opening,False,0.0,0.0,False
23,8,0,"[[7, 0], [5, 2]]","[5, 2]",3,0.3829,0.0,0,13.0,greedy,1,opening,False,0.0,0.0,True
23,9,1,"[[1, 0], [2, 1]]","[2, 1]",8,1.2076,0.0,16,13.0,greedy,1,opening,False,0.0,0.0,True
23,10,0,"[[5, 2], [4, 1]]","[4, 1]",9,1.4048,0.0,16,14.0,greedy,1,opening,True,0,0.0,False
23,11,1,"[[1, 2], [2, 3]]","[2, 3]",8,1.3149,0.0,16,14.0,greedy,1,opening,False,0.0,0.0,False
23,12,0,"[[4, 1], [3, 2]]","[3, 2]",9,1.6251,0.0,16,183.0,greedy,1,opening,False,0.0,0.0,False
23,13,1,"[[2, 1], [4, 3]]","[4, 3]",3,0.3638,0.0,16,183.0,greedy,1,opening,False,0.0,0.0,True
23,14,0,"[[6, 5], [5, 4]]","[5, 4]",7,2.5752,0.0,16,215.0,greedy,1,opening,False,0.0,0.0,False
23,15,1,"[[4, 3], [6, 5]]","[6, 5]",2,0.6843,0.0,16,215.0,greedy,1,opening,True,6.0,0.0,False
23,16,0,"[[7, 4], [5, 6]]","[5, 6]",3,0.6316,0.0,16,221.0,greedy,1,opening,False,0.0,0.0,True
23,17,1,"[[0, 3], [1, 2]]","[1, 2]",7,1.6711,0.0,64,221.0,greedy,1,opening,False,0.0,0.0,True
23,18,0,"[[5, 6], [4, 5]]","[4, 5]",6,1.4753,0.0,64,221.0,greedy,1,opening,False,0.0,0.0,False
23,19,1,"[[1, 2], [2, 1]]","[2, 1]",7,1.822,0.0,64,221.0,greedy,1,opening,False,0.0,0.0,True
23,20,0,"[[4, 5], [3, 4]]","[3, 4]",7,1.3351,0.0,64,221.0,greedy,1,midgame,True,0,0.0,False
23,21,1,"[[2, 3], [4, 5]]","[4, 5]",2,0.3133,0.0,64,221.0,greedy,1,midgame,False,0.0,0.0,False
23,22,0,"[[6, 7], [5, 6]]","[5, 6]",5,1.2705,0.0,64,228.0,greedy,1,midgame,False,0.0,0.0,False
23,23,1,"[[4, 5], [6, 7]]","[6, 7]",2,0.283,0.0,64,228.0,greedy,1,midgame,False,0.0,0.0,False
23,24,0,"[[7, 2], [6, 1]]","[6, 1]",4,0.8216,0.0,64,244.0,greedy,1,midgame,False,0.0,0.0,False
23,25,1,"[[1, 4], [2, 3]]","[2, 3]",7,1.4353,0.0,64,244.0,greedy,1,midgame,True,0.0,0.0,True
23,26,0,"[[6, 1], [5, 0]]","[5, 0]",4,0.4299,0.0,64,244.0,greedy,1,midgame,False,0.0,0.0,False
23,27,1,"[[0, 5], [1, 4]]","[1, 4]",8,1.6665,0.0,64,244.0,greedy,1,midgame,False,0.0,0.0,True
23,28,0,"[[5, 0], [4, 1]]","[4, 1]",3,0.5593,0.0,64,244.0,greedy,1,midgame,False,0.0,0.0,False
23,29,1,"[[1, 4], [2, 5]]","[2, 5]",8,2.408,0.0,64,244.0,greedy,1,midgame,False,0.0,0.0,True
23,30,0,"[[4, 1], [3, 2]]","[3, 2]",4,1.1063,0.0,64,244.0,greedy,1,midgame,True,0,0.0,False
23,31,1,"[[2, 1], [4, 3]]","[4, 3]",3,0.4895,0.0,64,244.0,greedy,1,midgame,False,0.0,0.0,True
23,32,0,"[[7, 6], [6, 5]]","[6, 5]",2,0.2878,0.0,64,289.0,greedy,1,midgame,False,0.0,0.0,False
23,33,1,"[[6, 7], [7, 6]]","[7, 6]",9,1.8747,0.0,64,289.0,greedy,1,midgame,False,0.0,0.0,True
23,34,0,"[[6, 5], [5, 4]]","[5, 4]",3,0.6461,0.0,64,289.0,greedy,1,midgame,False,0.0,0.0,False
23,35,1,"[[4, 3], [6, 5]]","[6, 5]",2,0.2441,0.0,64,289.0,greedy,1,midgame,True,2.0,0.0,False
24,0,0,"[[6, 1], [5, 0]]","[5, 0]",8,3.0198,0.0,0,0,greedy,1,opening,False,0,0.0,False
24,1,1,"[[1, 0], [2, 1]]","[2, 1]",8,2.5053,0.0,0,0,greedy,1,opening,False,0.0,0.0,True
24,2,0,"[[5, 0], [4, 1]]","[4, 1]",9,1.5969,0.0,0,1.0,greedy,1,opening,False,0.0,0.0,False
24,3,1,"[[0, 1], [1, 0]]","[1, 0]",9,1.7414,0.0,0,1.0,greedy,1,opening,False,0.0,0.0,True
24,4,0,"[[4, 1], [3, 2]]","[3, 2]",10,1.9,0.0,0,1.0,greedy,1,opening,False,0.0,0.0,False
24,5,1,"[[2, 1], [4, 3]]","[4, 3]",2,0.2248,0.0,0,1.0,greedy,1,opening,True,0.0,0.0,False
24,6,0,"[[6, 3], [5, 2]]","[5, 2]",8,2.9256,0.0,0,1.0,greedy,1,opening,False,0.0,0.0,False
24,7,1,"[[4, 3], [6, 1]]","[6, 1]",2,0.9029,0.0,0,1.0,greedy,1,opening,False,0.0,0.0,False
24,8,0,"[[7, 0], [5, 2]]","[5, 2]",3,0.7253,0.0,0,13.0,greedy,1,opening,False,0.0,0.0,True
24,9,1,"[[1, 0], [2, 1]]","[2, 1]",8,2.2969,0.0,16,13.0,greedy,1,opening,False,0.0,0.0,True
24,10,0,"[[5, 2], [4, 1]]","[4, 1]",9,2.3906,0.0,16,14.0,greedy,1,opening,True,0,0.0,False
24,11,1,"[[1, 2], [2, 3]]","[2, 3]",8,2.4738,0.0,16,14.0,greedy,1,opening,False,0.0,0.0,False
24,12,0,"[[4, 1], [3, 2]]","[3, 2]",9,2.2993,0.0,16,183.0,greedy,1,opening,False,0.0,0.0,False
24,13,1,"[[2, 1], [4, 3]]","[4, 3]",3,0.3614,0.0,16,183.0,greedy,1,opening,False,0.0,0.0,True
24,14,0,"[[6, 5], [5, 4]]","[5, 4]",7,1.1177,0.0,16,215.0,greedy,1,opening,False,0.0,0.0,False
24,15,1,"[[4, 3], [6, 5]]","[6, 5]",2,0.3772,0.0,16,215.0,greedy,1,opening,True,6.0,0.0,False
24,16,0,"[[7, 4], [5, 6]]","[5, 6]",3,0.3383,0.0,16,221.0,greedy,1,opening,False,0.0,0.0,True
24,17,1,"[[0, 3], [1, 2]]","[1, 2]",7,1.3838,0.0,64,221.0,greedy,1,opening,False,0.0,0.0,True
24,18,0,"[[5, 6], [4, 5]]","[4, 5]",6,0.7672,0.0,64,221.0,greedy,1,opening,False,0.0,0.0,False
24,19,1,"[[1, 2], [2, 1]]","[2, 1]",7,0.9737,0.0,64,221.0,greedy,1,opening,False,0.0,0.0,True
24,20,0,"[[4, 5], [3, 4]]","[3, 4]",7,1.0064,0.0,64,221.0,greedy,1,midgame,True,0,0.0,False
24,21,1,"[[2, 3], [4, 5]]","[4, 5]",2,0.1638,0.0,64,221.0,greedy,1,midgame,False,0.0,0.0,False
24,22,0,"[[6, 7], [5, 6]]","[5, 6]",5,1.6971,0.0,64,228.0,greedy,1,midgame,False,0.0,0.0,False
24,23,1,"[[4, 5], [6, 7]]","[6, 7]",2,0.2911,0.0,64,228.0,greedy,1,midgame,False,0.0,0.0,False
24,24,0,"[[7, 2], [6, 1]]","[6, 1]",4,0.7491,0.0,64,244.0,greedy,1,midgame,False,0.0,0.0,False
24,25,1,"[[1, 4], [2, 3]]","[2, 3]",7,1.1292,0.0,64,244.0,greedy,1,midgame,True,0.0,0.0,True
24,26,0,"[[6, 1], [5, 0]]","[5, 0]",4,0.8194,0.0,64,244.0,greedy,1,midgame,False,0.0,0.0,False
24,27,1,"[[0, 5], [1, 4]]","[1, 4]",8,2.393,0.0,64,244.0,greedy,1,midgame,False,0.0,0.0,True
24,28,0,"[[5, 0], [4, 1]]","[4, 1]",3,0.3033,0.0,64,244.0,greedy,1,midgame,False,0.0,0.0,False
24,29,1,"[[1, 4], [2, 5]]","[2, 5]",8,0.9737,0.0,64,244.0,greedy,1,midgame,False,0.0,0.0,True
24,30,0,"[[4, 1], [3, 2]]","[3, 2]",4,0.5991,0.0,64,244.0,greedy,1,midgame,True,0,0.0,False
24,31,1,"[[2, 1], [4, 3]]","[4, 3]",3,0.2632,0.0,64,244.0,greedy,1,midgame,False,0.0,0.0,True
24,32,0,"[[7, 6], [6, 5]]","[6, 5]",2,0.1533,0.0,64,289.0,greedy,1,midgame,False,0.0,0.0,False
24,33,1,"[[6, 7], [7, 6]]","[7, 6]",9,2.1946,0.0,64,289.0,greedy,1,midgame,False,0.0,0.0,True
24,34,0,"[[6, 5], [5, 4]]","[5, 4]",3,0.3548,0.0,64,289.0,greedy,1,midgame,False,0.0,0.0,False
24,35,1,"[[4, 3], [6, 5]]","[6, 5]",2,0.1321,0.0,64,289.0,greedy,1,midgame,True,2.0,0.0,False
25,0,0,"[[6, 1], [5, 0]]","[5, 0]",8,1.4026,0.0,0,0,greedy,1,opening,False,0,0.0,False
25,1,1,"[[1, 0], [2, 1]]","[2, 1]",8,1.8728,0.0,0,0,greedy,1,opening,False,0.0,0.0,True
25,2,0,"[[5, 0], [4, 1]]","[4, 1]",9,1.5893,0.0,0,1.0,greedy,1,opening,False,0.0,0.0,False
25,3,1,"[[0, 1], [1, 0]]","[1, 0]",9,1.7066,0.0,0,1.0,greedy,1,opening,False,0.0,0.0,True
25,4,0,"[[4, 1], [3, 2]]","[3, 2]",10,2.2721,0.0,0,1.0,greedy,1,opening,False,0.0,0.0,False
25,5,1,"[[2, 1], [4, 3]]","[4, 3]",2,0.2315,0.0,0,1.0,greedy,1,opening,True,0.0,0.0,False
25,6,0,"[[6, 3], [5, 2]]","[5, 2]",8,1.5719,0.0,0,1.0,greedy,1,opening,False,0.0,0.0,False
25,7,1,"[[4, 3], [6, 1]]","[6, 1]",2,0.803,0.0,0,1.0,greedy,1,opening,False,0.0,0.0,False
25,8,0,"[[7, 0], [5, 2]]","[5, 2]",3,0.386,0.0,0,13.0,greedy,1,opening,False,0.0,0.0,True
25,9,1,"[[1, 0], [2, 1]]","[2, 1]",8,1.2059,0.0,16,13.0,greedy,1,opening,False,0.0,0.0,True
25,10,0,"[[5, 2], [4, 1]]","[4, 1]",9,1.4,0.0,16,14.0,greedy,1,opening,True,0,0.0,False
25,11,1,"[[1, 2], [2, 3]]","[2, 3]",8,1.3194,0.0,16,14.0,greedy,1,opening,False,0.0,0.0,False
25,12,0,"[[4, 1], [3, 2]]","[3, 2]",9,3.2709,0.0,16,183.0,greedy,1,opening,False,0.0,0.0,False
25,13,1,"[[2, 1], [4, 3]]","[4, 3]",3,0.3662,0.0,16,183.0,greedy,1,opening,False,0.0,0.0,True
25,14,0,"[[6, 5], [5, 4]]","[5, 4]",7,2.0967,0.0,16,215.0,greedy,1,opening,False,0.0,0.0,False
25,15,1,"[[4, 3], [6, 5]]","[6, 5]",2,0.6812,0.0,16,215.0,greedy,1,opening,True,6.0,0.0,False
25,16,0,"[[7, 4], [5, 6]]","[5, 6]",3,0.6328,0.0,16,221.0,greedy,1,opening,False,0.0,0.0,True
25,17,1,"[[0, 3], [1, 2]]","[1, 2]",7,1.6615,0.0,64,221.0,greedy,1,opening,False,0.0,0.0,True
25,18,0,"[[5, 6], [4, 5]]","[4, 5]",6,1.2314,0.0,64,221.0,greedy,1,opening,False,0.0,0.0,False
25,19,1,"[[1, 2], [2, 1]]","[2, 1]",7,1.4269,0.0,64,221.0,greedy,1,opening,False,0.0,0.0,True
25,20,0,"[[4, 5], [3, 4]]","[3, 4]",7,1.5423,0.0,64,221.0,greedy,1,midgame,True,0,0.0,False
25,21,1,"[[2, 3], [4, 5]]","[4, 5]",2,0.1667,0.0,64,221.0,greedy,1,midgame,False,0.0,0.0,False
25,22,0,"[[6, 7], [5, 6]]","[5, 6]",5,0.675,0.0,64,228.0,greedy,1,midgame,False,0.0,0.0,False
25,23,1,"[[4, 5], [6, 7]]","[6, 7]",2,0.1502,0.0,64,228.0,greedy,1,midgame,False,0.0,0.0,False
25,24,0,"[[7, 2], [6, 1]]","[6, 1]",4,0.4287,0.0,64,244.0,greedy,1,midgame,False,0.0,0.0,False
25,25,1,"[[1, 4], [2, 3]]","[2, 3]",7,0.7524,0.0,64,244.0,greedy,1,midgame,True,0.0,0.0,True
25,26,0,"[[6, 1], [5, 0]]","[5, 0]",4,0.4253,0.0,64,244.0,greedy,1,midgame,False,0.0,0.0,False
25,27,1,"[[0, 5], [1, 4]]","[1, 4]",8,0.8709,0.0,64,244.0,greedy,1,midgame,False,0.0,0.0,True
25,28,0,"[[5, 0], [4, 1]]","[4, 1]",3,0.293,0.0,64,244.0,greedy,1,midgame,False,0.0,0.0,False
25,29,1,"[[1, 4], [2, 5]]","[2, 5]",8,0.9613,0.0,64,244.0,greedy,1,midgame,False,0.0,0.0,True
25,30,0,"[[4, 1], [3, 2]]","[3, 2]",4,0.5877,0.0,64,244.0,greedy,1,midgame,True,0,0.0,False
25,31,1,"[[2, 1], [4, 3]]","[4, 3]",3,0.2618,0.0,64,244.0,greedy,1,midgame,False,0.0,0.0,True
25,32,0,"[[7, 6], [6, 5]]","[6, 5]",2,0.3614,0.0,64,289.0,greedy,1,midgame,False,0.0,0.0,False
25,33,1,"[[6, 7], [7, 6]]","[7, 6]",9,1.0035,0.0,64,289.0,greedy,1,midgame,False,0.0,0.0,True
25,34,0,"[[6, 5], [5, 4]]","[5, 4]",3,0.6263,0.0,64,289.0,greedy,1,midgame,False,0.0,0.0,False
25,35,1,"[[4, 3], [6, 5]]","[6, 5]",2,0.1345,0.0,64,289.0,greedy,1,midgame,True,2.0,0.0,False
26,0,0,"[[6, 1], [5, 0]]","[5, 0]",8,2.1052,0.0,0,0,greedy,1,opening,False,0,0.0,False
26,1,1,"[[1, 0], [2, 1]]","[2, 1]",8,1.3881,0.0,0,0,greedy,1,opening,False,0.0,0.0,True
26,2,0,"[[5, 0], [4, 1]]","[4, 1]",9,1.6069,0.0,0,1.0,greedy,1,opening,False,0.0,0.0,False
26,3,1,"[[0, 1], [1, 0]]","[1, 0]",9,1.7076,0.0,0,1.0,greedy,1,opening,False,0.0,0.0,True
26,4,0,"[[4, 1], [3, 2]]","[3, 2]",10,3.2046,0.0,0,1.0,greedy,1,opening,False,0.0,0.0,False
26,5,1,"[[2, 1], [4, 3]]","[4, 3]",2,0.2248,0.0,0,1.0,greedy,1,opening,True,0.0,0.0,False
26,6,0,"[[6, 3], [5, 2]]","[5, 2]",8,1.5769,0.0,0,1.0,greedy,1,opening,False,0.0,0.0,False
26,7,1,"[[4, 3], [6, 1]]","[6, 1]",2,0.4377,0.0,0,1.0,greedy,1,opening,False,0.0,0.0,False
26,8,0,"[[7, 0], [5, 2]]","[5, 2]",3,0.3841,0.0,0,13.0,greedy,1,opening,False,0.0,0.0,True
26,9,1,"[[1, 0], [2, 1]]","[2, 1]",8,1.2119,0.0,16,13.0,greedy,1,opening,False,0.0,0.0,True
26,10,0,"[[5, 2], [4, 1]]","[4, 1]",9,1.3998,0.0,16,14.0,greedy,1,opening,True,0,0.0,False
26,11,1,"[[1, 2], [2, 3]]","[2, 3]",8,1.3149,0.0,16,14.0,greedy,1,opening,False,0.0,0.0,False
26,12,0,"[[4, 1], [3, 2]]","[3, 2]",9,3.7422,0.0,16,183.0,greedy,1,opening,False,0.0,0.0,False
26,13,1,"[[2, 1], [4, 3]]","[4, 3]",3,0.6733,0.0,16,183.0,greedy,1,opening,False,0.0,0.0,True
26,14,0,"[[6, 5], [5, 4]]","[5, 4]",7,2.09,0.0,16,215.0,greedy,1,opening,False,0.0,0.0,False
26,15,1,"[[4, 3], [6, 5]]","[6, 5]",2,0.6771,0.0,16,215.0,greedy,1,opening,True,6.0,0.0,False
26,16,0,"[[7, 4], [5, 6]]","[5, 6]",3,0.6301,0.0,16,221.0,greedy,1,opening,False,0.0,0.0,True
26,17,1,"[[0, 3], [1, 2]]","[1, 2]",7,1.7648,0.0,64,221.0,greedy,1,opening,False,0.0,0.0,True
26,18,0,"[[5, 6], [4, 5]]","[4, 5]",6,0.7904,0.0,64,221.0,greedy,1,opening,False,0.0,0.0,False
26,19,1,"[[1, 2], [2, 1]]","[2, 1]",7,0.9761,0.0,64,221.0,greedy,1,opening,False,0.0,0.0,True
26,20,0,"[[4, 5], [3, 4]]","[3, 4]",7,1.0326,0.0,64,221.0,greedy,1,midgame,True,0,0.0,False
26,21,1,"[[2, 3], [4, 5]]","[4, 5]",2,0.16,0.0,64,221.0,greedy,1,midgame,False,0.0,0.0,False
26,22,0,"[[6, 7], [5, 6]]","[5, 6]",5,0.6661,0.0,64,228.0,greedy,1,midgame,False,0.0,0.0,False
26,23,1,"[[4, 5], [6, 7]]","[6, 7]",2,0.149,0.0,64,228.0,greedy,1,midgame,False,0.0,0.0,False
26,24,0,"[[7, 2], [6, 1]]","[6, 1]",4,0.4258,0.0,64,244.0,greedy,1,midgame,False,0.0,0.0,False
26,25,1,"[[1, 4], [2, 3]]","[2, 3]",7,0.7527,0.0,64,244.0,greedy,1,midgame,True,0.0,0.0,True
26,26,0,"[[6, 1], [5, 0]]","[5, 0]",4,0.4284,0.0,64,244.0,greedy,1,midgame,False,0.0,0.0,False
26,27,1,"[[0, 5], [1, 4]]","[1, 4]",8,0.8714,0.0,64,244.0,greedy,1,midgame,False,0.0,0.0,True
26,28,0,"[[5, 0], [4, 1]]","[4, 1]",3,0.2925,0.0,64,244.0,greedy,1,midgame,False,0.0,0.0,False
26,29,1,"[[1, 4], [2, 5]]","[2, 5]",8,0.9604,0.0,64,244.0,greedy,1,midgame,False,0.0,0.0,True
26,30,0,"[[4, 1], [3, 2]]","[3, 2]",4,1.3468,0.0,64,244.0,greedy,1,midgame,True,0,0.0,False
26,31,1,"[[2, 1], [4, 3]]","[4, 3]",3,0.5093,0.0,64,244.0,greedy,1,midgame,False,0.0,0.0,True
26,32,0,"[[7, 6], [6, 5]]","[6, 5]",2,0.2871,0.0,64,289.0,greedy,1,midgame,False,0.0,0.0,False
26,33,1,"[[6, 7], [7, 6]]","[7, 6]",9,1.8775,0.0,64,289.0,greedy,1,midgame,False,0.0,0.0,True
26,34,0,"[[6, 5], [5, 4]]","[5, 4]",3,0.6495,0.0,64,289.0,greedy,1,midgame,False,0.0,0.0,False
26,35,1,"[[4, 3], [6, 5]]","[6, 5]",2,0.2429,0.0,64,289.0,greedy,1,midgame,True,2.0,0.0,False
27,0,0,"[[6, 1], [5, 0]]","[5, 0]",8,2.6202,0.0,0,0,greedy,1,opening,False,0,0.0,False
27,1,1,"[[1, 0], [2, 1]]","[2, 1]",8,2.7001,0.0,0,0,greedy,1,opening,False,0.0,0.0,True
27,2,0,"[[5, 0], [4, 1]]","[4, 1]",9,3.0525,0.0,0,1.0,greedy,1,opening,False,0.0,0.0,False
27,3,1,"[[0, 1], [1, 0]]","[1, 0]",9,3.1984,0.0,0,1.0,greedy,1,opening,False,0.0,0.0,True
27,4,0,"[[4, 1], [3, 2]]","[3, 2]",10,3.5429,0.0,0,1.0,greedy,1,opening,False,0.0,0.0,False
27,5,1,"[[2, 1], [4, 3]]","[4, 3]",2,0.4435,0.0,0,1.0,greedy,1,opening,True,0.0,0.0,False
27,6,0,"[[6, 3], [5, 2]]","[5, 2]",8,1.6108,0.0,0,1.0,greedy,1,opening,False,0.0,0.0,False
27,7,1,"[[4, 3], [6, 1]]","[6, 1]",2,0.4425,0.0,0,1.0,greedy,1,opening,False,0.0,0.0,False
27,8,0,"[[7, 0], [5, 2]]","[5, 2]",3,0.3805,0.0,0,13.0,greedy,1,opening,False,0.0,0.0,True
27,9,1,"[[1, 0], [2, 1]]","[2, 1]",8,1.2183,0.0,16,13.0,greedy,1,opening,False,0.0,0.0,True
27,10,0,"[[5, 2], [4, 1]]","[4, 1]",9,1.4048,0.0,16,14.0,greedy,1,opening,True,0,0.0,False
27,11,1,"[[1, 2], [2, 3]]","[2, 3]",8,1.3199,0.0,16,14.0,greedy,1,opening,False,0.0,0.0,False
27,12,0,"[[4, 1], [3, 2]]","[3, 2]",9,2.1608,0.0,16,183.0,greedy,1,opening,False,0.0,0.0,False
27,13,1,"[[2, 1], [4, 3]]","[4, 3]",3,0.7465,0.0,16,183.0,greedy,1,opening,False,0.0,0.0,True
27,14,0,"[[6, 5], [5, 4]]","[5, 4]",7,2.0959,0.0,16,215.0,greedy,1,opening,False,0.0,0.0,False
27,15,1,"[[4, 3], [6, 5]]","[6, 5]",2,0.6807,0.0,16,215.0,greedy,1,opening,True,6.0,0.0,False
27,16,0,"[[7, 4], [5, 6]]","[5, 6]",3,0.6285,0.0,16,221.0,greedy,1,opening,False,0.0,0.0,True
27,17,1,"[[0, 3], [1, 2]]","[1, 2]",7,1.6639,0.0,64,221.0,greedy,1,opening,False,0.0,0.0,True
27,18,0,"[[5, 6], [4, 5]]","[4, 5]",6,1.4114,0.0,64,221.0,greedy,1,opening,False,0.0,0.0,False
27,19,1,"[[1, 2], [2, 1]]","[2, 1]",7,0.994,0.0,64,221.0,greedy,1,opening,False,0.0,0.0,True
27,20,0,"[[4, 5], [3, 4]]","[3, 4]",7,2.4085,0.0,64,221.0,greedy,1,midgame,True,0,0.0,False
27,21,1,"[[2, 3], [4, 5]]","[4, 5]",2,0.1738,0.0,64,221.0,greedy,1,midgame,False,0.0,0.0,False
27,22,0,"[[6, 7], [5, 6]]","[5, 6]",5,0.6814,0.0,64,228.0,greedy,1,midgame,False,0.0,0.0,False
27,23,1,"[[4, 5], [6, 7]]","[6, 7]",2,0.1504,0.0,64,228.0,greedy,1,midgame,False,0.0,0.0,False
27,24,0,"[[7, 2], [6, 1]]","[6, 1]",4,0.427,0.0,64,244.0,greedy,1,midgame,False,0.0,0.0,False
27,25,1,"[[1, 4], [2, 3]]","[2, 3]",7,0.7553,0.0,64,244.0,greedy,1,midgame,True,0.0,0.0,True
27,26,0,"[[6, 1], [5, 0]]","[5, 0]",4,0.4268,0.0,64,244.0,greedy,1,midgame,False,0.0,0.0,False
27,27,1,"[[0, 5], [1, 4]]","[1, 4]",8,0.8767,0.0,64,244.0,greedy,1,midgame,False,0.0,0.0,True
27,28,0,"[[5, 0], [4, 1]]","[4, 1]",3,0.2954,0.0,64,244.0,greedy,1,midgame,False,0.0,0.0,False
27,29,1,"[[1, 4], [2, 5]]","[2, 5]",8,0.9651,0.0,64,244.0,greedy,1,midgame,False,0.0,0.0,True
27,30,0,"[[4, 1], [3, 2]]","[3, 2]",4,1.065,0.0,64,244.0,greedy,1,midgame,True,0,0.0,False
27,31,1,"[[2, 1], [4, 3]]","[4, 3]",3,0.2608,0.0,64,244.0,greedy,1,midgame,False,0.0,0.0,True
27,32,0,"[[7, 6], [6, 5]]","[6, 5]",2,0.2861,0.0,64,289.0,greedy,1,midgame,False,0.0,0.0,False
27,33,1,"[[6, 7], [7, 6]]","[7, 6]",9,2.357,0.0,64,289.0,greedy,1,midgame,False,0.0,0.0,True
27,34,0,"[[6, 5], [5, 4]]","[5, 4]",3,0.4926,0.0,64,289.0,greedy,1,midgame,False,0.0,0.0,False
27,35,1,"[[4, 3], [6, 5]]","[6, 5]",2,0.1314,0.0,64,289.0,greedy,1,midgame,True,2.0,0.0,False
28,0,0,"[[6, 1], [5, 0]]","[5, 0]",8,1.4009,0.0,0,0,greedy,1,opening,False,0,0.0,False
28,1,1,"[[1, 0], [2, 1]]","[2, 1]",8,2.6157,0.0,0,0,greedy,1,opening,False,0.0,0.0,True
28,2,0,"[[5, 0], [4, 1]]","[4, 1]",9,2.3584,0.0,0,1.0,greedy,1,opening,False,0.0,0.0,False
28,3,1,"[[0, 1], [1, 0]]","[1, 0]",9,1.7118,0.0,0,1.0,greedy,1,opening,False,0.0,0.0,True
28,4,0,"[[4, 1], [3, 2]]","[3, 2]",10,3.6287,0.0,0,1.0,greedy,1,opening,False,0.0,0.0,False
28,5,1,"[[2, 1], [4, 3]]","[4, 3]",2,0.4094,0.0,0,1.0,greedy,1,opening,True,0.0,0.0,False
28,6,0,"[[6, 3], [5, 2]]","[5, 2]",8,3.042,0.0,0,1.0,greedy,1,opening,False,0.0,0.0,False
28,7,1,"[[4, 3], [6, 1]]","[6, 1]",2,0.4478,0.0,0,1.0,greedy,1,opening,False,0.0,0.0,False
28,8,0,"[[7, 0], [5, 2]]","[5, 2]",3,0.3858,0.0,0,13.0,greedy,1,opening,False,0.0,0.0,True
28,9,1,"[[1, 0], [2, 1]]","[2, 1]",8,1.214,0.0,16,13.0,greedy,1,opening,False,0.0,0.0,True
28,10,0,"[[5, 2], [4, 1]]","[4, 1]",9,2.2609,0.0,16,14.0,greedy,1,opening,True,0,0.0,False
28,11,1,"[[1, 2], [2, 3]]","[2, 3]",8,1.3242,0.0,16,14.0,greedy,1,opening,False,0.0,0.0,False
28,12,0,"[[4, 1], [3, 2]]","[3, 2]",9,1.642,0.0,16,183.0,greedy,1,opening,False,0.0,0.0,False
28,13,1,"[[2, 1], [4, 3]]","[4, 3]",3,0.3593,0.0,16,183.0,greedy,1,opening,False,0.0,0.0,True
28,14,0,"[[6, 5], [5, 4]]","[5, 4]",7,1.3816,0.0,16,215.0,greedy,1,opening,False,0.0,0.0,False
28,15,1,"[[4, 3], [6, 5]]","[6, 5]",2,0.684,0.0,16,215.0,greedy,1,opening,True,6.0,0.0,False
28,16,0,"[[7, 4], [5, 6]]","[5, 6]",3,0.634,0.0,16,221.0,greedy,1,opening,False,0.0,0.0,True
28,17,1,"[[0, 3], [1, 2]]","[1, 2]",7,1.7157,0.0,64,221.0,greedy,1,opening,False,0.0,0.0,True
28,18,0,"[[5, 6], [4, 5]]","[4, 5]",6,0.7765,0.0,64,221.0,greedy,1,opening,False,0.0,0.0,False
28,19,1,"[[1, 2], [2, 1]]","[2, 1]",7,0.9708,0.0,64,221.0,greedy,1,opening,False,0.0,0.0,True
28,20,0,"[[4, 5], [3, 4]]","[3, 4]",7,0.9983,0.0,64,221.0,greedy,1,midgame,True,0,0.0,False
28,21,1,"[[2, 3], [4, 5]]","[4, 5]",2,0.1595,0.0,64,221.0,greedy,1,midgame,False,0.0,0.0,False
28,22,0,"[[6, 7], [5, 6]]","[5, 6]",5,0.8776,0.0,64,228.0,greedy,1,midgame,False,0.0,0.0,False
28,23,1,"[[4, 5], [6, 7]]","[6, 7]",2,0.2825,0.0,64,228.0,greedy,1,midgame,False,0.0,0.0,False
28,24,0,"[[7, 2], [6, 1]]","[6, 1]",4,0.8185,0.0,64,244.0,greedy,1,midgame,False,0.0,0.0,False
28,25,1,"[[1, 4], [2, 3]]","[2, 3]",7,1.4312,0.0,64,244.0,greedy,1,midgame,True,0.0,0.0,True
28,26,0,"[[6, 1], [5, 0]]","[5, 0]",4,0.9766,0.0,64,244.0,greedy,1,midgame,False,0.0,0.0,False
28,27,1,"[[0, 5], [1, 4]]","[1, 4]",8,0.9089,0.0,64,244.0,greedy,1,midgame,False,0.0,0.0,True
28,28,0,"[[5, 0], [4, 1]]","[4, 1]",3,0.2956,0.0,64,244.0,greedy,1,midgame,False,0.0,0.0,False
28,29,1,"[[1, 4], [2, 5]]","[2, 5]",8,0.978,0.0,64,244.0,greedy,1,midgame,False,0.0,0.0,True
28,30,0,"[[4, 1], [3, 2]]","[3, 2]",4,0.592,0.0,64,244.0,greedy,1,midgame,True,0,0.0,False
28,31,1,"[[2, 1], [4, 3]]","[4, 3]",3,0.2596,0.0,64,244.0,greedy,1,midgame,False,0.0,0.0,True
28,32,0,"[[7, 6], [6, 5]]","[6, 5]",2,0.1478,0.0,64,289.0,greedy,1,midgame,False,0.0,0.0,False
28,33,1,"[[6, 7], [7, 6]]","[7, 6]",9,1.1053,0.0,64,289.0,greedy,1,midgame,False,0.0,0.0,True
28,34,0,"[[6, 5], [5, 4]]","[5, 4]",3,0.6478,0.0,64,289.0,greedy,1,midgame,False,0.0,0.0,False
28,35,1,"[[4, 3], [6, 5]]","[6, 5]",2,0.2437,0.0,64,289.0,greedy,1,midgame,True,2.0,0.0,False
29,0,0,"[[6, 1], [5, 0]]","[5, 0]",8,2.6207,0.0,0,0,greedy,1,opening,False,0,0.0,False
29,1,1,"[[1, 0], [2, 1]]","[2, 1]",8,2.6121,0.0,0,0,greedy,1,opening,False,0.0,0.0,True
29,2,0,"[[5, 0], [4, 1]]","[4, 1]",9,1.61,0.0,0,1.0,greedy,1,opening,False,0.0,0.0,False
29,3,1,"[[0, 1], [1, 0]]","[1, 0]",9,2.5079,0.0,0,1.0,greedy,1,opening,False,0.0,0.0,True
29,4,0,"[[4, 1], [3, 2]]","[3, 2]",10,3.576,0.0,0,1.0,greedy,1,opening,False,0.0,0.0,False
29,5,1,"[[2, 1], [4, 3]]","[4, 3]",2,0.6013,0.0,0,1.0,greedy,1,opening,True,0.0,0.0,False
29,6,0,"[[6, 3], [5, 2]]","[5, 2]",8,1.7858,0.0,0,1.0,greedy,1,opening,False,0.0,0.0,False
29,7,1,"[[4, 3], [6, 1]]","[6, 1]",2,0.4432,0.0,0,1.0,greedy,1,opening,False,0.0,0.0,False
29,8,0,"[[7, 0], [5, 2]]","[5, 2]",3,0.3803,0.0,0,13.0,greedy,1,opening,False,0.0,0.0,True
29,9,1,"[[1, 0], [2, 1]]","[2, 1]",8,1.7421,0.0,16,13.0,greedy,1,opening,False,0.0,0.0,True
29,10,0,"[[5, 2], [4, 1]]","[4, 1]",9,1.4126,0.0,16,14.0,greedy,1,opening,True,0,0.0,False
29,11,1,"[[1, 2], [2, 3]]","[2, 3]",8,2.4543,0.0,16,14.0,greedy,1,opening,False,0.0,0.0,False
29,12,0,"[[4, 1], [3, 2]]","[3, 2]",9,3.1903,0.0,16,183.0,greedy,1,opening,False,0.0,0.0,False
29,13,1,"[[2, 1], [4, 3]]","[4, 3]",3,0.366,0.0,16,183.0,greedy,1,opening,False,0.0,0.0,True
29,14,0,"[[6, 5], [5, 4]]","[5, 4]",7,1.6448,0.0,16,215.0,greedy,1,opening,False,0.0,0.0,False
29,15,1,"[[4, 3], [6, 5]]","[6, 5]",2,0.3786,0.0,16,215.0,greedy,1,opening,True,6.0,0.0,False
29,16,0,"[[7, 4], [5, 6]]","[5, 6]",3,0.3407,0.0,16,221.0,greedy,1,opening,False,0.0,0.0,True
29,17,1,"[[0, 3], [1, 2]]","[1, 2]",7,0.8814,0.0,64,221.0,greedy,1,opening,False,0.0,0.0,True
29,18,0,"[[5, 6], [4, 5]]","[4, 5]",6,0.7687,0.0,64,221.0,greedy,1,opening,False,0.0,0.0,False
29,19,1,"[[1, 2], [2, 1]]","[2, 1]",7,0.968,0.0,64,221.0,greedy,1,opening,False,0.0,0.0,True
29,20,0,"[[4, 5], [3, 4]]","[3, 4]",7,1.0176,0.0,64,221.0,greedy,1,midgame,True,0,0.0,False
29,21,1,"[[2, 3], [4, 5]]","[4, 5]",2,0.1631,0.0,64,221.0,greedy,1,midgame,False,0.0,0.0,False
29,22,0,"[[6, 7], [5, 6]]","[5, 6]",5,1.2708,0.0,64,228.0,greedy,1,midgame,False,0.0,0.0,False
29,23,1,"[[4, 5], [6, 7]]","[6, 7]",2,0.1626,0.0,64,228.0,greedy,1,midgame,False,0.0,0.0,False
29,24,0,"[[7, 2], [6, 1]]","[6, 1]",4,0.4392,0.0,64,244.0,greedy,1,midgame,False,0.0,0.0,False
29,25,1,"[[1, 4], [2, 3]]","[2, 3]",7,0.7536,0.0,64,244.0,greedy,1,midgame,True,0.0,0.0,True
29,26,0,"[[6, 1], [5, 0]]","[5, 0]",4,0.8311,0.0,64,244.0,greedy,1,midgame,False,0.0,0.0,False
29,27,1,"[[0, 5], [1, 4]]","[1, 4]",8,0.947,0.0,64,244.0,greedy,1,midgame,False,0.0,0.0,True
29,28,0,"[[5, 0], [4, 1]]","[4, 1]",3,0.556,0.0,64,244.0,greedy,1,midgame,False,0.0,0.0,False
29,29,1,"[[1, 4], [2, 5]]","[2, 5]",8,1.8003,0.0,64,244.0,greedy,1,midgame,False,0.0,0.0,True
29,30,0,"[[4, 1], [3, 2]]","[3, 2]",4,1.0948,0.0,64,244.0,greedy,1,midgame,True,0,0.0,False
29,31,1,"[[2, 1], [4, 3]]","[4, 3]",3,0.4861,0.0,64,244.0,greedy,1,midgame,False,0.0,0.0,True
29,32,0,"[[7, 6], [6, 5]]","[6, 5]",2,0.427,0.0,64,289.0,greedy,1,midgame,False,0.0,0.0,False
29,33,1,"[[6, 7], [7, 6]]","[7, 6]",9,1.5368,0.0,64,289.0,greedy,1,midgame,False,0.0,0.0,True
29,34,0,"[[6, 5], [5, 4]]","[5, 4]",3,0.3502,0.0,64,289.0,greedy,1,midgame,False,0.0,0.0,False
29,35,1,"[[4, 3], [6, 5]]","[6, 5]",2,0.4859,0.0,64,289.0,greedy,1,midgame,True,2.0,0.0,False
30,0,0,"[[6, 1], [5, 0]]","[5, 0]",8,2.6393,0.0,0,0,greedy,1,opening,False,0,0.0,False
30,1,1,"[[1, 0], [2, 1]]","[2, 1]",8,1.9915,0.0,0,0,greedy,1,opening,False,0.0,0.0,True
30,2,0,"[[5, 0], [4, 1]]","[4, 1]",9,2.9979,0.0,0,1.0,greedy,1,opening,False,0.0,0.0,False
30,3,1,"[[0, 1], [1, 0]]","[1, 0]",9,2.2366,0.0,0,1.0,greedy,1,opening,False,0.0,0.0,True
30,4,0,"[[4, 1], [3, 2]]","[3, 2]",10,1.9028,0.0,0,1.0,greedy,1,opening,False,0.0,0.0,False
30,5,1,"[[2, 1], [4, 3]]","[4, 3]",2,0.2191,0.0,0,1.0,greedy,1,opening,True,0.0,0.0,False
30,6,0,"[[6, 3], [5, 2]]","[5, 2]",8,1.5709,0.0,0,1.0,greedy,1,opening,False,0.0,0.0,False
30,7,1,"[[4, 3], [6, 1]]","[6, 1]",2,0.4408,0.0,0,1.0,greedy,1,opening,False,0.0,0.0,False
30,8,0,"[[7, 0], [5, 2]]","[5, 2]",3,0.3781,0.0,0,13.0,greedy,1,opening,False,0.0,0.0,True
30,9,1,"[[1, 0], [2, 1]]","[2, 1]",8,1.2081,0.0,16,13.0,greedy,1,opening,False,0.0,0.0,True
30,10,0,"[[5, 2], [4, 1]]","[4, 1]",9,2.6152,0.0,16,14.0,greedy,1,opening,True,0,0.0,False
30,11,1,"[[1, 2], [2, 3]]","[2, 3]",8,1.5025,0.0,16,14.0,greedy,1,opening,False,0.0,0.0,False
30,12,0,"[[4, 1], [3, 2]]","[3, 2]",9,1.6401,0.0,16,183.0,greedy,1,opening,False,0.0,0.0,False
30,13,1,"[[2, 1], [4, 3]]","[4, 3]",3,0.3619,0.0,16,183.0,greedy,1,opening,False,0.0,0.0,True
30,14,0,"[[6, 5], [5, 4]]","[5, 4]",7,1.1194,0.0,16,215.0,greedy,1,opening,False,0.0,0.0,False
30,15,1,"[[4, 3], [6, 5]]","[6, 5]",2,0.3779,0.0,16,215.0,greedy,1,opening,True,6.0,0.0,False
30,16,0,"[[7, 4], [5, 6]]","[5, 6]",3,0.3419,0.0,16,221.0,greedy,1,opening,False,0.0,0.0,True
30,17,1,"[[0, 3], [1, 2]]","[1, 2]",7,0.88,0.0,64,221.0,greedy,1,opening,False,0.0,0.0,True
30,18,0,"[[5, 6], [4, 5]]","[4, 5]",6,0.7727,0.0,64,221.0,greedy,1,opening,False,0.0,0.0,False
30,19,1,"[[1, 2], [2, 1]]","[2, 1]",7,2.4159,0.0,64,221.0,greedy,1,opening,False,0.0,0.0,True
30,20,0,"[[4, 5], [3, 4]]","[3, 4]",7,1.9038,0.0,64,221.0,greedy,1,midgame,True,0,0.0,False
30,21,1,"[[2, 3], [4, 5]]","[4, 5]",2,0.1817,0.0,64,221.0,greedy,1,midgame,False,0.0,0.0,False
30,22,0,"[[6, 7], [5, 6]]","[5, 6]",5,1.1287,0.0,64,228.0,greedy,1,midgame,False,0.0,0.0,False
30,23,1,"[[4, 5], [6, 7]]","[6, 7]",2,0.2847,0.0,64,228.0,greedy,1,midgame,False,0.0,0.0,False
30,24,0,"[[7, 2], [6, 1]]","[6, 1]",4,0.8197,0.0,64,244.0,greedy,1,midgame,False,0.0,0.0,False
30,25,1,"[[1, 4], [2, 3]]","[2, 3]",7,1.4429,0.0,64,244.0,greedy,1,midgame,True,0.0,0.0,True
30,26,0,"[[6, 1], [5, 0]]","[5, 0]",4,0.8209,0.0,64,244.0,greedy,1,midgame,False,0.0,0.0,False
30,27,1,"[[0, 5], [1, 4]]","[1, 4]",8,2.0292,0.0,64,244.0,greedy,1,midgame,False,0.0,0.0,True
30,28,0,"[[5, 0], [4, 1]]","[4, 1]",3,0.3026,0.0,64,244.0,greedy,1,midgame,False,0.0,0.0,False
30,29,1,"[[1, 4], [2, 5]]","[2, 5]",8,0.9835,0.0,64,244.0,greedy,1,midgame,False,0.0,0.0,True
30,30,0,"[[4, 1], [3, 2]]","[3, 2]",4,0.5949,0.0,64,244.0,greedy,1,midgame,True,0,0.0,False
30,31,1,"[[2, 1], [4, 3]]","[4, 3]",3,0.2933,0.0,64,244.0,greedy,1,midgame,False,0.0,0.0,True
30,32,0,"[[7, 6], [6, 5]]","[6, 5]",2,0.1495,0.0,64,289.0,greedy,1,midgame,False,0.0,0.0,False
30,33,1,"[[6, 7], [7, 6]]","[7, 6]",9,0.9856,0.0,64,289.0,greedy,1,midgame,False,0.0,0.0,True
30,34,0,"[[6, 5], [5, 4]]","[5, 4]",3,0.3479,0.0,64,289.0,greedy,1,midgame,False,0.0,0.0,False
30,35,1,"[[4, 3], [6, 5]]","[6, 5]",2,0.1276,0.0,64,289.0,greedy,1,midgame,True,2.0,0.0,False
31,0,0,"[[6, 1], [5, 0]]","[5, 0]",8,1.4038,0.0,0,0,greedy,1,opening,False,0,0.0,False
31,1,1,"[[1, 0], [2, 1]]","[2, 1]",8,1.3938,0.0,0,0,greedy,1,opening,False,0.0,0.0,True
31,2,0,"[[5, 0], [4, 1]]","[4, 1]",9,1.7033,0.0,0,1.0,greedy,1,opening,False,0.0,0.0,False
31,3,1,"[[0, 1], [1, 0]]","[1, 0]",9,1.7233,0.0,0,1.0,greedy,1,opening,False,0.0,0.0,True
31,4,0,"[[4, 1], [3, 2]]","[3, 2]",10,1.9097,0.0,0,1.0,greedy,1,opening,False,0.0,0.0,False
31,5,1,"[[2, 1], [4, 3]]","[4, 3]",2,0.2215,0.0,0,1.0,greedy,1,opening,True,0.0,0.0,False
31,6,0,"[[6, 3], [5, 2]]","[5, 2]",8,1.5743,0.0,0,1.0,greedy,1,opening,False,0.0,0.0,False
31,7,1,"[[4, 3], [6, 1]]","[6, 1]",2,0.4418,0.0,0,1.0,greedy,1,opening,False,0.0,0.0,False
31,8,0,"[[7, 0], [5, 2]]","[5, 2]",3,0.3812,0.0,0,13.0,greedy,1,opening,False,0.0,0.0,True
31,9,1,"[[1, 0], [2, 1]]","[2, 1]",8,1.215,0.0,16,13.0,greedy,1,opening,False,0.0,0.0,True
31,10,0,"[[5, 2], [4, 1]]","[4, 1]",9,1.4017,0.0,16,14.0,greedy,1,opening,True,0,0.0,False
31,11,1,"[[1, 2], [2, 3]]","[2, 3]",8,1.3316,0.0,16,14.0,greedy,1,opening,False,0.0,0.0,False
31,12,0,"[[4, 1], [3, 2]]","[3, 2]",9,1.6258,0.0,16,183.0,greedy,1,opening,False,0.0,0.0,False
31,13,1,"[[2, 1], [4, 3]]","[4, 3]",3,0.3605,0.0,16,183.0,greedy,1,opening,False,0.0,0.0,True
31,14,0,"[[6, 5], [5, 4]]","[5, 4]",7,1.1189,0.0,16,215.0,greedy,1,opening,False,0.0,0.0,False
31,15,1,"[[4, 3], [6, 5]]","[6, 5]",2,0.3757,0.0,16,215.0,greedy,1,opening,True,6.0,0.0,False
31,16,0,"[[7, 4], [5, 6]]","[5, 6]",3,0.3364,0.0,16,221.0,greedy,1,opening,False,0.0,0.0,True
31,17,1,"[[0, 3], [1, 2]]","[1, 2]",7,0.874,0.0,64,221.0,greedy,1,opening,False,0.0,0.0,True
31,18,0,"[[5, 6], [4, 5]]","[4, 5]",6,0.7713,0.0,64,221.0,greedy,1,opening,False,0.0,0.0,False
31,19,1,"[[1, 2], [2, 1]]","[2, 1]",7,0.9744,0.0,64,221.0,greedy,1,opening,False,0.0,0.0,True
31,20,0,"[[4, 5], [3, 4]]","[3, 4]",7,1.9581,0.0,64,221.0,greedy,1,midgame,True,0,0.0,False
31,21,1,"[[2, 3], [4, 5]]","[4, 5]",2,0.3066,0.0,64,221.0,greedy,1,midgame,False,0.0,0.0,False
31,22,0,"[[6, 7], [5, 6]]","[5, 6]",5,1.2679,0.0,64,228.0,greedy,1,midgame,False,0.0,0.0,False
31,23,1,"[[4, 5], [6, 7]]","[6, 7]",2,0.283,0.0,64,228.0,greedy,1,midgame,False,0.0,0.0,False
31,24,0,"[[7, 2], [6, 1]]","[6, 1]",4,0.8163,0.0,64,244.0,greedy,1,midgame,False,0.0,0.0,False
31,25,1,"[[1, 4], [2, 3]]","[2, 3]",7,1.441,0.0,64,244.0,greedy,1,midgame,True,0.0,0.0,True
31,26,0,"[[6, 1], [5, 0]]","[5, 0]",4,0.8168,0.0,64,244.0,greedy,1,midgame,False,0.0,0.0,False
31,27,1,"[[0, 5], [1, 4]]","[1, 4]",8,1.6761,0.0,64,244.0,greedy,1,midgame,False,0.0,0.0,True
31,28,0,"[[5, 0], [4, 1]]","[4, 1]",3,0.5815,0.0,64,244.0,greedy,1,midgame,False,0.0,0.0,False
31,29,1,"[[1, 4], [2, 5]]","[2, 5]",8,1.8053,0.0,64,244.0,greedy,1,midgame,False,0.0,0.0,True
31,30,0,"[[4, 1], [3, 2]]","[3, 2]",4,1.1013,0.0,64,244.0,greedy,1,midgame,True,0,0.0,False
31,31,1,"[[2, 1], [4, 3]]","[4, 3]",3,0.4883,0.0,64,244.0,greedy,1,midgame,False,0.0,0.0,True
31,32,0,"[[7, 6], [6, 5]]","[6, 5]",2,0.288,0.0,64,289.0,greedy,1,midgame,False,0.0,0.0,False
31,33,1,"[[6, 7], [7, 6]]","[7, 6]",9,1.8625,0.0,64,289.0,greedy,1,midgame,False,0.0,0.0,True
31,34,0,"[[6, 5], [5, 4]]","[5, 4]",3,0.6449,0.0,64,289.0,greedy,1,midgame,False,0.0,0.0,False
31,35,1,"[[4, 3], [6, 5]]","[6, 5]",2,0.2439,0.0,64,289.0,greedy,1,midgame,True,2.0,0.0,False
32,0,0,"[[6, 1], [5, 0]]","[5, 0]",8,2.6765,0.0,0,0,greedy,1,opening,False,0,0.0,False
32,1,1,"[[1, 0], [2, 1]]","[2, 1]",8,2.6238,0.0,0,0,greedy,1,opening,False,0.0,0.0,True
32,2,0,"[[5, 0], [4, 1]]","[4, 1]",9,3.0122,0.0,0,1.0,greedy,1,opening,False,0.0,0.0,False
32,3,1,"[[0, 1], [1, 0]]","[1, 0]",9,3.3057,0.0,0,1.0,greedy,1,opening,False,0.0,0.0,True
32,4,0,"[[4, 1], [3, 2]]","[3, 2]",10,2.5849,0.0,0,1.0,greedy,1,opening,False,0.0,0.0,False
32,5,1,"[[2, 1], [4, 3]]","[4, 3]",2,0.4132,0.0,0,1.0,greedy,1,opening,True,0.0,0.0,False
32,6,0,"[[6, 3], [5, 2]]","[5, 2]",8,2.923,0.0,0,1.0,greedy,1,opening,False,0.0,0.0,False
32,7,1,"[[4, 3], [6, 1]]","[6, 1]",2,0.7896,0.0,0,1.0,greedy,1,opening,False,0.0,0.0,False
32,8,0,"[[7, 0], [5, 2]]","[5, 2]",3,0.7167,0.0,0,13.0,greedy,1,opening,False,0.0,0.0,True
32,9,1,"[[1, 0], [2, 1]]","[2, 1]",8,1.6136,0.0,16,13.0,greedy,1,opening,False,0.0,0.0,True
32,10,0,"[[5, 2], [4, 1]]","[4, 1]",9,1.9717,0.0,16,14.0,greedy,1,opening,True,0,0.0,False
32,11,1,"[[1, 2], [2, 3]]","[2, 3]",8,2.4726,0.0,16,14.0,greedy,1,opening,False,0.0,0.0,False
32,12,0,"[[4, 1], [3, 2]]","[3, 2]",9,2.2199,0.0,16,183.0,greedy,1,opening,False,0.0,0.0,False
32,13,1,"[[2, 1], [4, 3]]","[4, 3]",3,0.7229,0.0,16,183.0,greedy,1,opening,False,0.0,0.0,True
32,14,0,"[[6, 5], [5, 4]]","[5, 4]",7,2.1014,0.0,16,215.0,greedy,1,opening,False,0.0,0.0,False
32,15,1,"[[4, 3], [6, 5]]","[6, 5]",2,0.6859,0.0,16,215.0,greedy,1,opening,True,6.0,0.0,False
32,16,0,"[[7, 4], [5, 6]]","[5, 6]",3,0.6361,0.0,16,221.0,greedy,1,opening,False,0.0,0.0,True
32,17,1,"[[0, 3], [1, 2]]","[1, 2]",7,1.663,0.0,64,221.0,greedy,1,opening,False,0.0,0.0,True
32,18,0,"[[5, 6], [4, 5]]","[4, 5]",6,1.4694,0.0,64,221.0,greedy,1,opening,False,0.0,0.0,False
32,19,1,"[[1, 2], [2, 1]]","[2, 1]",7,1.8179,0.0,64,221.0,greedy,1,opening,False,0.0,0.0,True
32,20,0,"[[4, 5], [3, 4]]","[3, 4]",7,1.3673,0.0,64,221.0,greedy,1,midgame,True,0,0.0,False
32,21,1,"[[2, 3], [4, 5]]","[4, 5]",2,0.3057,0.0,64,221.0,greedy,1,midgame,False,0.0,0.0,False
32,22,0,"[[6, 7], [5, 6]]","[5, 6]",5,1.3123,0.0,64,228.0,greedy,1,midgame,False,0.0,0.0,False
32,23,1,"[[4, 5], [6, 7]]","[6, 7]",2,0.284,0.0,64,228.0,greedy,1,midgame,False,0.0,0.0,False
32,24,0,"[[7, 2], [6, 1]]","[6, 1]",4,0.8194,0.0,64,244.0,greedy,1,midgame,False,0.0,0.0,False
32,25,1,"[[1, 4], [2, 3]]","[2, 3]",7,1.5736,0.0,64,244.0,greedy,1,midgame,True,0.0,0.0,True
32,26,0,"[[6, 1], [5, 0]]","[5, 0]",4,0.4327,0.0,64,244.0,greedy,1,midgame,False,0.0,0.0,False
32,27,1,"[[0, 5], [1, 4]]","[1, 4]",8,0.8752,0.0,64,244.0,greedy,1,midgame,False,0.0,0.0,True
32,28,0,"[[5, 0], [4, 1]]","[4, 1]",3,0.2942,0.0,64,244.0,greedy,1,midgame,False,0.0,0.0,False
32,29,1,"[[1, 4], [2, 5]]","[2, 5]",8,1.0691,0.0,64,244.0,greedy,1,midgame,False,0.0,0.0,True
32,30,0,"[[4, 1], [3, 2]]","[3, 2]",4,0.5922,0.0,64,244.0,greedy,1,midgame,True,0,0.0,False
32,31,1,"[[2, 1], [4, 3]]","[4, 3]",3,0.2587,0.0,64,244.0,greedy,1,midgame,False,0.0,0.0,True
32,32,0,"[[7, 6], [6, 5]]","[6, 5]",2,0.1514,0.0,64,289.0,greedy,1,midgame,False,0.0,0.0,False
32,33,1,"[[6, 7], [7, 6]]","[7, 6]",9,0.983,0.0,64,289.0,greedy,1,midgame,False,0.0,0.0,True
32,34,0,"[[6, 5], [5, 4]]","[5, 4]",3,0.3471,0.0,64,289.0,greedy,1,midgame,False,0.0,0.0,False
32,35,1,"[[4, 3], [6, 5]]","[6, 5]",2,0.129,0.0,64,289.0,greedy,1,midgame,True,2.0,0.0,False
33,0,0,"[[6, 1], [5, 0]]","[5, 0]",8,2.6889,0.0,0,0,greedy,1,opening,False,0,0.0,False
33,1,1,"[[1, 0], [2, 1]]","[2, 1]",8,2.6278,0.0,0,0,greedy,1,opening,False,0.0,0.0,True
33,2,0,"[[5, 0], [4, 1]]","[4, 1]",9,3.0012,0.0,0,1.0,greedy,1,opening,False,0.0,0.0,False
33,3,1,"[[0, 1], [1, 0]]","[1, 0]",9,3.2773,0.0,0,1.0,greedy,1,opening,False,0.0,0.0,True
33,4,0,"[[4, 1], [3, 2]]","[3, 2]",10,3.562,0.0,0,1.0,greedy,1,opening,False,0.0,0.0,False
33,5,1,"[[2, 1], [4, 3]]","[4, 3]",2,0.406,0.0,0,1.0,greedy,1,opening,True,0.0,0.0,False
33,6,0,"[[6, 3], [5, 2]]","[5, 2]",8,3.1517,0.0,0,1.0,greedy,1,opening,False,0.0,0.0,False
33,7,1,"[[4, 3], [6, 1]]","[6, 1]",2,0.7963,0.0,0,1.0,greedy,1,opening,False,0.0,0.0,False
33,8,0,"[[7, 0], [5, 2]]","[5, 2]",3,0.7298,0.0,0,13.0,greedy,1,opening,False,0.0,0.0,True
33,9,1,"[[1, 0], [2, 1]]","[2, 1]",8,2.3177,0.0,16,13.0,greedy,1,opening,False,0.0,0.0,True
33,10,0,"[[5, 2], [4, 1]]","[4, 1]",9,2.655,0.0,16,14.0,greedy,1,opening,True,0,0.0,False
33,11,1,"[[1, 2], [2, 3]]","[2, 3]",8,1.6277,0.0,16,14.0,greedy,1,opening,False,0.0,0.0,False
33,12,0,"[[4, 1], [3, 2]]","[3, 2]",9,2.2442,0.0,16,183.0,greedy,1,opening,False,0.0,0.0,False
33,13,1,"[[2, 1], [4, 3]]","[4, 3]",3,0.6731,0.0,16,183.0,greedy,1,opening,False,0.0,0.0,True
33,14,0,"[[6, 5], [5, 4]]","[5, 4]",7,2.1033,0.0,16,215.0,greedy,1,opening,False,0.0,0.0,False
33,15,1,"[[4, 3], [6, 5]]","[6, 5]",2,0.7505,0.0,16,215.0,greedy,1,opening,True,6.0,0.0,False
33,16,0,"[[7, 4], [5, 6]]","[5, 6]",3,0.6318,0.0,16,221.0,greedy,1,opening,False,0.0,0.0,True
33,17,1,"[[0, 3], [1, 2]]","[1, 2]",7,1.6725,0.0,64,221.0,greedy,1,opening,False,0.0,0.0,True
33,18,0,"[[5, 6], [4, 5]]","[4, 5]",6,1.4727,0.0,64,221.0,greedy,1,opening,False,0.0,0.0,False
33,19,1,"[[1, 2], [2, 1]]","[2, 1]",7,1.864,0.0,64,221.0,greedy,1,opening,False,0.0,0.0,True
33,20,0,"[[4, 5], [3, 4]]","[3, 4]",7,1.8947,0.0,64,221.0,greedy,1,midgame,True,0,0.0,False
33,21,1,"[[2, 3], [4, 5]]","[4, 5]",2,0.3023,0.0,64,221.0,greedy,1,midgame,False,0.0,0.0,False
33,22,0,"[[6, 7], [5, 6]]","[5, 6]",5,1.2758,0.0,64,228.0,greedy,1,midgame,False,0.0,0.0,False
33,23,1,"[[4, 5], [6, 7]]","[6, 7]",2,0.1523,0.0,64,228.0,greedy,1,midgame,False,0.0,0.0,False
33,24,0,"[[7, 2], [6, 1]]","[6, 1]",4,0.6623,0.0,64,244.0,greedy,1,midgame,False,0.0,0.0,False
33,25,1,"[[1, 4], [2, 3]]","[2, 3]",7,0.8211,0.0,64,244.0,greedy,1,midgame,True,0.0,0.0,True
33,26,0,"[[6, 1], [5, 0]]","[5, 0]",4,0.8175,0.0,64,244.0,greedy,1,midgame,False,0.0,0.0,False
33,27,1,"[[0, 5], [1, 4]]","[1, 4]",8,1.6897,0.0,64,244.0,greedy,1,midgame,False,0.0,0.0,True
33,28,0,"[[5, 0], [4, 1]]","[4, 1]",3,0.6423,0.0,64,244.0,greedy,1,midgame,False,0.0,0.0,False
33,29,1,"[[1, 4], [2, 5]]","[2, 5]",8,0.9739,0.0,64,244.0,greedy,1,midgame,False,0.0,0.0,True
33,30,0,"[[4, 1], [3, 2]]","[3, 2]",4,0.5913,0.0,64,244.0,greedy,1,midgame,True,0,0.0,False
33,31,1,"[[2, 1], [4, 3]]","[4, 3]",3,0.8519,0.0,64,244.0,greedy,1,midgame,False,0.0,0.0,True
33,32,0,"[[7, 6], [6, 5]]","[6, 5]",2,0.3998,0.0,64,289.0,greedy,1,midgame,False,0.0,0.0,False
33,33,1,"[[6, 7], [7, 6]]","[7, 6]",9,2.5361,0.0,64,289.0,greedy,1,midgame,False,0.0,0.0,True
33,34,0,"[[6, 5], [5, 4]]","[5, 4]",3,0.6609,0.0,64,289.0,greedy,1,midgame,False,0.0,0.0,False
33,35,1,"[[4, 3], [6, 5]]","[6, 5]",2,0.247,0.0,64,289.0,greedy,1,midgame,True,2.0,0.0,False
34,0,0,"[[6, 1], [5, 0]]","[5, 0]",8,4.7843,0.0,0,0,greedy,1,opening,False,0,0.0,False
34,1,1,"[[1, 0], [2, 1]]","[2, 1]",8,4.1456,0.0,0,0,greedy,1,opening,False,0.0,0.0,True
34,2,0,"[[5, 0], [4, 1]]","[4, 1]",9,6.7689,0.0,0,1.0,greedy,1,opening,False,0.0,0.0,False
34,3,1,"[[0, 1], [1, 0]]","[1, 0]",9,4.1387,0.0,0,1.0,greedy,1,opening,False,0.0,0.0,True
34,4,0,"[[4, 1], [3, 2]]","[3, 2]",10,3.576,0.0,0,1.0,greedy,1,opening,False,0.0,0.0,False
34,5,1,"[[2, 1], [4, 3]]","[4, 3]",2,0.4263,0.0,0,1.0,greedy,1,opening,True,0.0,0.0,False
34,6,0,"[[6, 3], [5, 2]]","[5, 2]",8,1.6756,0.0,0,1.0,greedy,1,opening,False,0.0,0.0,False
34,7,1,"[[4, 3], [6, 1]]","[6, 1]",2,0.7961,0.0,0,1.0,greedy,1,opening,False,0.0,0.0,False
34,8,0,"[[7, 0], [5, 2]]","[5, 2]",3,0.3982,0.0,0,13.0,greedy,1,opening,False,0.0,0.0,True
34,9,1,"[[1, 0], [2, 1]]","[2, 1]",8,2.2528,0.0,16,13.0,greedy,1,opening,False,0.0,0.0,True
34,10,0,"[[5, 2], [4, 1]]","[4, 1]",9,2.7692,0.0,16,14.0,greedy,1,opening,True,0,0.0,False
34,11,1,"[[1, 2], [2, 3]]","[2, 3]",8,1.3821,0.0,16,14.0,greedy,1,opening,False,0.0,0.0,False
34,12,0,"[[4, 1], [3, 2]]","[3, 2]",9,1.642,0.0,16,183.0,greedy,1,opening,False,0.0,0.0,False
34,13,1,"[[2, 1], [4, 3]]","[4, 3]",3,0.3612,0.0,16,183.0,greedy,1,opening,False,0.0,0.0,True
34,14,0,"[[6, 5], [5, 4]]","[5, 4]",7,1.117,0.0,16,215.0,greedy,1,opening,False,0.0,0.0,False
34,15,1,"[[4, 3], [6, 5]]","[6, 5]",2,0.3793,0.0,16,215.0,greedy,1,opening,True,6.0,0.0,False
34,16,0,"[[7, 4], [5, 6]]","[5, 6]",3,0.3378,0.0,16,221.0,greedy,1,opening,False,0.0,0.0,True
34,17,1,"[[0, 3], [1, 2]]","[1, 2]",7,0.8788,0.0,64,221.0,greedy,1,opening,False,0.0,0.0,True
34,18,0,"[[5, 6], [4, 5]]","[4, 5]",6,0.7737,0.0,64,221.0,greedy,1,opening,False,0.0,0.0,False
34,19,1,"[[1, 2], [2, 1]]","[2, 1]",7,1.2124,0.0,64,221.0,greedy,1,opening,False,0.0,0.0,True
34,20,0,"[[4, 5], [3, 4]]","[3, 4]",7,1.9279,0.0,64,221.0,greedy,1,midgame,True,0,0.0,False
34,21,1,"[[2, 3], [4, 5]]","[4, 5]",2,0.1874,0.0,64,221.0,greedy,1,midgame,False,0.0,0.0,False
34,22,0,"[[6, 7], [5, 6]]","[5, 6]",5,0.6804,0.0,64,228.0,greedy,1,midgame,False,0.0,0.0,False
34,23,1,"[[4, 5], [6, 7]]","[6, 7]",2,0.1502,0.0,64,228.0,greedy,1,midgame,False,0.0,0.0,False
34,24,0,"[[7, 2], [6, 1]]","[6, 1]",4,0.427,0.0,64,244.0,greedy,1,midgame,False,0.0,0.0,False
34,25,1,"[[1, 4], [2, 3]]","[2, 3]",7,0.7596,0.0,64,244.0,greedy,1,midgame,True,0.0,0.0,True
34,26,0,"[[6, 1], [5, 0]]","[5, 0]",4,0.4301,0.0,64,244.0,greedy,1,midgame,False,0.0,0.0,False
34,27,1,"[[0, 5], [1, 4]]","[1, 4]",8,0.8764,0.0,64,244.0,greedy,1,midgame,False,0.0,0.0,True
34,28,0,"[[5, 0], [4, 1]]","[4, 1]",3,0.2916,0.0,64,244.0,greedy,1,midgame,False,0.0,0.0,False
34,29,1,"[[1, 4], [2, 5]]","[2, 5]",8,1.4634,0.0,64,244.0,greedy,1,midgame,False,0.0,0.0,True
34,30,0,"[[4, 1], [3, 2]]","[3, 2]",4,0.5934,0.0,64,244.0,greedy,1,midgame,True,0,0.0,False
34,31,1,"[[2, 1], [4, 3]]","[4, 3]",3,0.504,0.0,64,244.0,greedy,1,midgame,False,0.0,0.0,True
34,32,0,"[[7, 6], [6, 5]]","[6, 5]",2,0.2925,0.0,64,289.0,greedy,1,midgame,False,0.0,0.0,False
34,33,1,"[[6, 7], [7, 6]]","[7, 6]",9,1.8663,0.0,64,289.0,greedy,1,midgame,False,0.0,0.0,True
34,34,0,"[[6, 5], [5, 4]]","[5, 4]",3,0.654,0.0,64,289.0,greedy,1,midgame,False,0.0,0.0,False
34,35,1,"[[4, 3], [6, 5]]","[6, 5]",2,0.2437,0.0,64,289.0,greedy,1,midgame,True,2.0,0.0,False
35,0,0,"[[6, 1], [5, 0]]","[5, 0]",8,2.6362,0.0,0,0,greedy,1,opening,False,0,0.0,False
35,1,1,"[[1, 0], [2, 1]]","[2, 1]",8,2.7535,0.0,0,0,greedy,1,opening,False,0.0,0.0,True
35,2,0,"[[5, 0], [4, 1]]","[4, 1]",9,3.381,0.0,0,1.0,greedy,1,opening,False,0.0,0.0,False
35,3,1,"[[0, 1], [1, 0]]","[1, 0]",9,2.4931,0.0,0,1.0,greedy,1,opening,False,0.0,0.0,True
35,4,0,"[[4, 1], [3, 2]]","[3, 2]",10,3.4473,0.0,0,1.0,greedy,1,opening,False,0.0,0.0,False
35,5,1,"[[2, 1], [4, 3]]","[4, 3]",2,0.2246,0.0,0,1.0,greedy,1,opening,True,0.0,0.0,False
35,6,0,"[[6, 3], [5, 2]]","[5, 2]",8,2.6014,0.0,0,1.0,greedy,1,opening,False,0.0,0.0,False
35,7,1,"[[4, 3], [6, 1]]","[6, 1]",2,0.4497,0.0,0,1.0,greedy,1,opening,False,0.0,0.0,False
35,8,0,"[[7, 0], [5, 2]]","[5, 2]",3,0.3886,0.0,0,13.0,greedy,1,opening,False,0.0,0.0,True
35,9,1,"[[1, 0], [2, 1]]","[2, 1]",8,1.2174,0.0,16,13.0,greedy,1,opening,False,0.0,0.0,True
35,10,0,"[[5, 2], [4, 1]]","[4, 1]",9,1.4086,0.0,16,14.0,greedy,1,opening,True,0,0.0,False
35,11,1,"[[1, 2], [2, 3]]","[2, 3]",8,1.3242,0.0,16,14.0,greedy,1,opening,False,0.0,0.0,False
35,12,0,"[[4, 1], [3, 2]]","[3, 2]",9,2.0204,0.0,16,183.0,greedy,1,opening,False,0.0,0.0,False
35,13,1,"[[2, 1], [4, 3]]","[4, 3]",3,0.3607,0.0,16,183.0,greedy,1,opening,False,0.0,0.0,True
35,14,0,"[[6, 5], [5, 4]]","[5, 4]",7,2.4378,0.0,16,215.0,greedy,1,opening,False,0.0,0.0,False
35,15,1,"[[4, 3], [6, 5]]","[6, 5]",2,0.4003,0.0,16,215.0,greedy,1,opening,True,6.0,0.0,False
35,16,0,"[[7, 4], [5, 6]]","[5, 6]",3,0.34,0.0,16,221.0,greedy,1,opening,False,0.0,0.0,True
35,17,1,"[[0, 3], [1, 2]]","[1, 2]",7,1.5657,0.0,64,221.0,greedy,1,opening,False,0.0,0.0,True
35,18,0,"[[5, 6], [4, 5]]","[4, 5]",6,1.5085,0.0,64,221.0,greedy,1,opening,False,0.0,0.0,False
35,19,1,"[[1, 2], [2, 1]]","[2, 1]",7,1.6906,0.0,64,221.0,greedy,1,opening,False,0.0,0.0,True
35,20,0,"[[4, 5], [3, 4]]","[3, 4]",7,1.0061,0.0,64,221.0,greedy,1,midgame,True,0,0.0,False
35,21,1,"[[2, 3], [4, 5]]","[4, 5]",2,0.164,0.0,64,221.0,greedy,1,midgame,False,0.0,0.0,False
35,22,0,"[[6, 7], [5, 6]]","[5, 6]",5,0.6707,0.0,64,228.0,greedy,1,midgame,False,0.0,0.0,False
35,23,1,"[[4, 5], [6, 7]]","[6, 7]",2,0.4256,0.0,64,228.0,greedy,1,midgame,False,0.0,0.0,False
35,24,0,"[[7, 2], [6, 1]]","[6, 1]",4,0.6142,0.0,64,244.0,greedy,1,midgame,False,0.0,0.0,False
35,25,1,"[[1, 4], [2, 3]]","[2, 3]",7,0.8967,0.0,64,244.0,greedy,1,midgame,True,0.0,0.0,True
35,26,0,"[[6, 1], [5, 0]]","[5, 0]",4,0.8233,0.0,64,244.0,greedy,1,midgame,False,0.0,0.0,False
35,27,1,"[[0, 5], [1, 4]]","[1, 4]",8,1.6332,0.0,64,244.0,greedy,1,midgame,False,0.0,0.0,True
35,28,0,"[[5, 0], [4, 1]]","[4, 1]",3,0.2987,0.0,64,244.0,greedy,1,midgame,False,0.0,0.0,False
35,29,1,"[[1, 4], [2, 5]]","[2, 5]",8,1.8058,0.0,64,244.0,greedy,1,midgame,False,0.0,0.0,True
35,30,0,"[[4, 1], [3, 2]]","[3, 2]",4,1.0993,0.0,64,244.0,greedy,1,midgame,True,0,0.0,False
35,31,1,"[[2, 1], [4, 3]]","[4, 3]",3,0.4904,0.0,64,244.0,greedy,1,midgame,False,0.0,0.0,True
35,32,0,"[[7, 6], [6, 5]]","[6, 5]",2,0.2916,0.0,64,289.0,greedy,1,midgame,False,0.0,0.0,False
35,33,1,"[[6, 7], [7, 6]]","[7, 6]",9,2.1498,0.0,64,289.0,greedy,1,midgame,False,0.0,0.0,True
35,34,0,"[[6, 5], [5, 4]]","[5, 4]",3,0.3614,0.0,64,289.0,greedy,1,midgame,False,0.0,0.0,False
35,35,1,"[[4, 3], [6, 5]]","[6, 5]",2,0.1323,0.0,64,289.0,greedy,1,midgame,True,2.0,0.0,False
36,0,0,"[[6, 1], [5, 0]]","[5, 0]",8,2.6419,0.0,0,0,greedy,1,opening,False,0,0.0,False
36,1,1,"[[1, 0], [2, 1]]","[2, 1]",8,1.6251,0.0,0,0,greedy,1,opening,False,0.0,0.0,True
36,2,0,"[[5, 0], [4, 1]]","[4, 1]",9,1.5926,0.0,0,1.0,greedy,1,opening,False,0.0,0.0,False
36,3,1,"[[0, 1], [1, 0]]","[1, 0]",9,2.6822,0.0,0,1.0,greedy,1,opening,False,0.0,0.0,True
36,4,0,"[[4, 1], [3, 2]]","[3, 2]",10,1.9171,0.0,0,1.0,greedy,1,opening,False,0.0,0.0,False
36,5,1,"[[2, 1], [4, 3]]","[4, 3]",2,0.2179,0.0,0,1.0,greedy,1,opening,True,0.0,0.0,False
36,6,0,"[[6, 3], [5, 2]]","[5, 2]",8,1.5697,0.0,0,1.0,greedy,1,opening,False,0.0,0.0,False
36,7,1,"[[4, 3], [6, 1]]","[6, 1]",2,0.7918,0.0,0,1.0,greedy,1,opening,False,0.0,0.0,False
36,8,0,"[[7, 0], [5, 2]]","[5, 2]",3,0.7138,0.0,0,13.0,greedy,1,opening,False,0.0,0.0,True
36,9,1,"[[1, 0], [2, 1]]","[2, 1]",8,2.2807,0.0,16,13.0,greedy,1,opening,False,0.0,0.0,True
36,10,0,"[[5, 2], [4, 1]]","[4, 1]",9,2.9576,0.0,16,14.0,greedy,1,opening,True,0,0.0,False
36,11,1,"[[1, 2], [2, 3]]","[2, 3]",8,2.4645,0.0,16,14.0,greedy,1,opening,False,0.0,0.0,False
36,12,0,"[[4, 1], [3, 2]]","[3, 2]",9,3.0427,0.0,16,183.0,greedy,1,opening,False,0.0,0.0,False
36,13,1,"[[2, 1], [4, 3]]","[4, 3]",3,0.6733,0.0,16,183.0,greedy,1,opening,False,0.0,0.0,True
36,14,0,"[[6, 5], [5, 4]]","[5, 4]",7,2.7201,0.0,16,215.0,greedy,1,opening,False,0.0,0.0,False
36,15,1,"[[4, 3], [6, 5]]","[6, 5]",2,0.3932,0.0,16,215.0,greedy,1,opening,True,6.0,0.0,False
36,16,0,"[[7, 4], [5, 6]]","[5, 6]",3,0.3378,0.0,16,221.0,greedy,1,opening,False,0.0,0.0,True
36,17,1,"[[0, 3], [1, 2]]","[1, 2]",7,0.8786,0.0,64,221.0,greedy,1,opening,False,0.0,0.0,True
36,18,0,"[[5, 6], [4, 5]]","[4, 5]",6,0.7675,0.0,64,221.0,greedy,1,opening,False,0.0,0.0,False
36,19,1,"[[1, 2], [2, 1]]","[2, 1]",7,1.8086,0.0,64,221.0,greedy,1,opening,False,0.0,0.0,True
36,20,0,"[[4, 5], [3, 4]]","[3, 4]",7,1.8816,0.0,64,221.0,greedy,1,midgame,True,0,0.0,False
36,21,1,"[[2, 3], [4, 5]]","[4, 5]",2,0.3009,0.0,64,221.0,greedy,1,midgame,False,0.0,0.0,False
36,22,0,"[[6, 7], [5, 6]]","[5, 6]",5,1.6403,0.0,64,228.0,greedy,1,midgame,False,0.0,0.0,False
36,23,1,"[[4, 5], [6, 7]]","[6, 7]",2,0.1585,0.0,64,228.0,greedy,1,midgame,False,0.0,0.0,False
36,24,0,"[[7, 2], [6, 1]]","[6, 1]",4,0.4373,0.0,64,244.0,greedy,1,midgame,False,0.0,0.0,False
36,25,1,"[[1, 4], [2, 3]]","[2, 3]",7,0.752,0.0,64,244.0,greedy,1,midgame,True,0.0,0.0,True
36,26,0,"[[6, 1], [5, 0]]","[5, 0]",4,0.4253,0.0,64,244.0,greedy,1,midgame,False,0.0,0.0,False
36,27,1,"[[0, 5], [1, 4]]","[1, 4]",8,1.6561,0.0,64,244.0,greedy,1,midgame,False,0.0,0.0,True
36,28,0,"[[5, 0], [4, 1]]","[4, 1]",3,0.5569,0.0,64,244.0,greedy,1,midgame,False,0.0,0.0,False
36,29,1,"[[1, 4], [2, 5]]","[2, 5]",8,1.8239,0.0,64,244.0,greedy,1,midgame,False,0.0,0.0,True
36,30,0,"[[4, 1], [3, 2]]","[3, 2]",4,1.0941,0.0,64,244.0,greedy,1,midgame,True,0,0.0,False
36,31,1,"[[2, 1], [4, 3]]","[4, 3]",3,0.4921,0.0,64,244.0,greedy,1,midgame,False,0.0,0.0,True
36,32,0,"[[7, 6], [6, 5]]","[6, 5]",2,0.4127,0.0,64,289.0,greedy,1,midgame,False,0.0,0.0,False
36,33,1,"[[6, 7], [7, 6]]","[7, 6]",9,1.3375,0.0,64,289.0,greedy,1,midgame,False,0.0,0.0,True
36,34,0,"[[6, 5], [5, 4]]","[5, 4]",3,0.3455,0.0,64,289.0,greedy,1,midgame,False,0.0,0.0,False
36,35,1,"[[4, 3], [6, 5]]","[6, 5]",2,0.2453,0.0,64,289.0,greedy,1,midgame,True,2.0,0.0,False
37,0,0,"[[6, 1], [5, 0]]","[5, 0]",8,2.6238,0.0,0,0,greedy,1,opening,False,0,0.0,False
37,1,1,"[[1, 0], [2, 1]]","[2, 1]",8,2.6164,0.0,0,0,greedy,1,opening,False,0.0,0.0,True
37,2,0,"[[5, 0], [4, 1]]","[4, 1]",9,3.2463,0.0,0,1.0,greedy,1,opening,False,0.0,0.0,False
37,3,1,"[[0, 1], [1, 0]]","[1, 0]",9,2.9912,0.0,0,1.0,greedy,1,opening,False,0.0,0.0,True
37,4,0,"[[4, 1], [3, 2]]","[3, 2]",10,3.5522,0.0,0,1.0,greedy,1,opening,False,0.0,0.0,False
37,5,1,"[[2, 1], [4, 3]]","[4, 3]",2,0.4075,0.0,0,1.0,greedy,1,opening,True,0.0,0.0,False
37,6,0,"[[6, 3], [5, 2]]","[5, 2]",8,3.5057,0.0,0,1.0,greedy,1,opening,False,0.0,0.0,False
37,7,1,"[[4, 3], [6, 1]]","[6, 1]",2,0.5085,0.0,0,1.0,greedy,1,opening,False,0.0,0.0,False
37,8,0,"[[7, 0], [5, 2]]","[5, 2]",3,0.412,0.0,0,13.0,greedy,1,opening,False,0.0,0.0,True
37,9,1,"[[1, 0], [2, 1]]","[2, 1]",8,1.2131,0.0,16,13.0,greedy,1,opening,False,0.0,0.0,True
37,10,0,"[[5, 2], [4, 1]]","[4, 1]",9,1.4539,0.0,16,14.0,greedy,1,opening,True,0,0.0,False
37,11,1,"[[1, 2], [2, 3]]","[2, 3]",8,1.3137,0.0,16,14.0,greedy,1,opening,False,0.0,0.0,False
37,12,0,"[[4, 1], [3, 2]]","[3, 2]",9,1.6294,0.0,16,183.0,greedy,1,opening,False,0.0,0.0,False
37,13,1,"[[2, 1], [4, 3]]","[4, 3]",3,0.4239,0.0,16,183.0,greedy,1,opening,False,0.0,0.0,True
37,14,0,"[[6, 5], [5, 4]]","[5, 4]",7,2.6636,0.0,16,215.0,greedy,1,opening,False,0.0,0.0,False
37,15,1,"[[4, 3], [6, 5]]","[6, 5]",2,0.3831,0.0,16,215.0,greedy,1,opening,True,6.0,0.0,False
37,16,0,"[[7, 4], [5, 6]]","[5, 6]",3,0.3359,0.0,16,221.0,greedy,1,opening,False,0.0,0.0,True
37,17,1,"[[0, 3], [1, 2]]","[1, 2]",7,0.8776,0.0,64,221.0,greedy,1,opening,False,0.0,0.0,True
37,18,0,"[[5, 6], [4, 5]]","[4, 5]",6,0.7708,0.0,64,221.0,greedy,1,opening,False,0.0,0.0,False
37,19,1,"[[1, 2], [2, 1]]","[2, 1]",7,0.9711,0.0,64,221.0,greedy,1,opening,False,0.0,0.0,True
37,20,0,"[[4, 5], [3, 4]]","[3, 4]",7,0.9997,0.0,64,221.0,greedy,1,midgame,True,0,0.0,False
37,21,1,"[[2, 3], [4, 5]]","[4, 5]",2,0.1655,0.0,64,221.0,greedy,1,midgame,False,0.0,0.0,False
37,22,0,"[[6, 7], [5, 6]]","[5, 6]",5,0.6695,0.0,64,228.0,greedy,1,midgame,False,0.0,0.0,False
37,23,1,"[[4, 5], [6, 7]]","[6, 7]",2,0.1495,0.0,64,228.0,greedy,1,midgame,False,0.0,0.0,False
37,24,0,"[[7, 2], [6, 1]]","[6, 1]",4,0.4232,0.0,64,244.0,greedy,1,midgame,False,0.0,0.0,False
37,25,1,"[[1, 4], [2, 3]]","[2, 3]",7,0.751,0.0,64,244.0,greedy,1,midgame,True,0.0,0.0,True
37,26,0,"[[6, 1], [5, 0]]","[5, 0]",4,0.4232,0.0,64,244.0,greedy,1,midgame,False,0.0,0.0,False
37,27,1,"[[0, 5], [1, 4]]","[1, 4]",8,1.73,0.0,64,244.0,greedy,1,midgame,False,0.0,0.0,True
37,28,0,"[[5, 0], [4, 1]]","[4, 1]",3,0.5598,0.0,64,244.0,greedy,1,midgame,False,0.0,0.0,False
37,29,1,"[[1, 4], [2, 5]]","[2, 5]",8,1.8344,0.0,64,244.0,greedy,1,midgame,False,0.0,0.0,True
37,30,0,"[[4, 1], [3, 2]]","[3, 2]",4,1.0979,0.0,64,244.0,greedy,1,midgame,True,0,0.0,False
37,31,1,"[[2, 1], [4, 3]]","[4, 3]",3,0.4902,0.0,64,244.0,greedy,1,midgame,False,0.0,0.0,True
37,32,0,"[[7, 6], [6, 5]]","[6, 5]",2,0.2899,0.0,64,289.0,greedy,1,midgame,False,0.0,0.0,False
37,33,1,"[[6, 7], [7, 6]]","[7, 6]",9,1.8675,0.0,64,289.0,greedy,1,midgame,False,0.0,0.0,True
37,34,0,"[[6, 5], [5, 4]]","[5, 4]",3,0.6557,0.0,64,289.0,greedy,1,midgame,False,0.0,0.0,False
37,35,1,"[[4, 3], [6, 5]]","[6, 5]",2,0.345,0.0,64,289.0,greedy,1,midgame,True,2.0,0.0,False
38,0,0,"[[6, 1], [5, 0]]","[5, 0]",8,1.7989,0.0,0,0,greedy,1,opening,False,0,0.0,False
38,1,1,"[[1, 0], [2, 1]]","[2, 1]",8,2.5816,0.0,0,0,greedy,1,opening,False,0.0,0.0,True
38,2,0,"[[5, 0], [4, 1]]","[4, 1]",9,3.0062,0.0,0,1.0,greedy,1,opening,False,0.0,0.0,False
38,3,1,"[[0, 1], [1, 0]]","[1, 0]",9,2.0318,0.0,0,1.0,greedy,1,opening,False,0.0,0.0,True
38,4,0,"[[4, 1], [3, 2]]","[3, 2]",10,1.945,0.0,0,1.0,greedy,1,opening,False,0.0,0.0,False
38,5,1,"[[2, 1], [4, 3]]","[4, 3]",2,0.2198,0.0,0,1.0,greedy,1,opening,True,0.0,0.0,False
38,6,0,"[[6, 3], [5, 2]]","[5, 2]",8,1.5702,0.0,0,1.0,greedy,1,opening,False,0.0,0.0,False
38,7,1,"[[4, 3], [6, 1]]","[6, 1]",2,0.4432,0.0,0,1.0,greedy,1,opening,False,0.0,0.0,False
38,8,0,"[[7, 0], [5, 2]]","[5, 2]",3,0.3827,0.0,0,13.0,greedy,1,opening,False,0.0,0.0,True
38,9,1,"[[1, 0], [2, 1]]","[2, 1]",8,1.2171,0.0,16,13.0,greedy,1,opening,False,0.0,0.0,True
38,10,0,"[[5, 2], [4, 1]]","[4, 1]",9,2.6624,0.0,16,14.0,greedy,1,opening,True,0,0.0,False
38,11,1,"[[1, 2], [2, 3]]","[2, 3]",8,1.8687,0.0,16,14.0,greedy,1,opening,False,0.0,0.0,False
38,12,0,"[[4, 1], [3, 2]]","[3, 2]",9,1.6282,0.0,16,183.0,greedy,1,opening,False,0.0,0.0,False
38,13,1,"[[2, 1], [4, 3]]","[4, 3]",3,0.3617,0.0,16,183.0,greedy,1,opening,False,0.0,0.0,True
38,14,0,"[[6, 5], [5, 4]]","[5, 4]",7,1.1237,0.0,16,215.0,greedy,1,opening,False,0.0,0.0,False
38,15,1,"[[4, 3], [6, 5]]","[6, 5]",2,0.3781,0.0,16,215.0,greedy,1,opening,True,6.0,0.0,False
38,16,0,"[[7, 4], [5, 6]]","[5, 6]",3,0.3562,0.0,16,221.0,greedy,1,opening,False,0.0,0.0,True
38,17,1,"[[0, 3], [1, 2]]","[1, 2]",7,1.6561,0.0,64,221.0,greedy,1,opening,False,0.0,0.0,True
38,18,0,"[[5, 6], [4, 5]]","[4, 5]",6,1.4665,0.0,64,221.0,greedy,1,opening,False,0.0,0.0,False
38,19,1,"[[1, 2], [2, 1]]","[2, 1]",7,1.1487,0.0,64,221.0,greedy,1,opening,False,0.0,0.0,True
38,20,0,"[[4, 5], [3, 4]]","[3, 4]",7,1.004,0.0,64,221.0,greedy,1,midgame,True,0,0.0,False
38,21,1,"[[2, 3], [4, 5]]","[4, 5]",2,0.1605,0.0,64,221.0,greedy,1,midgame,False,0.0,0.0,False
38,22,0,"[[6, 7], [5, 6]]","[5, 6]",5,0.6692,0.0,64,228.0,greedy,1,midgame,False,0.0,0.0,False
38,23,1,"[[4, 5], [6, 7]]","[6, 7]",2,0.1509,0.0,64,228.0,greedy,1,midgame,False,0.0,0.0,False
38,24,0,"[[7, 2], [6, 1]]","[6, 1]",4,0.4263,0.0,64,244.0,greedy,1,midgame,False,0.0,0.0,False
38,25,1,"[[1, 4], [2, 3]]","[2, 3]",7,1.73,0.0,64,244.0,greedy,1,midgame,True,0.0,0.0,True
38,26,0,"[[6, 1], [5, 0]]","[5, 0]",4,0.4292,0.0,64,244.0,greedy,1,midgame,False,0.0,0.0,False
38,27,1,"[[0, 5], [1, 4]]","[1, 4]",8,0.8755,0.0,64,244.0,greedy,1,midgame,False,0.0,0.0,True
38,28,0,"[[5, 0], [4, 1]]","[4, 1]",3,0.2944,0.0,64,244.0,greedy,1,midgame,False,0.0,0.0,False
38,29,1,"[[1, 4], [2, 5]]","[2, 5]",8,2.1362,0.0,64,244.0,greedy,1,midgame,False,0.0,0.0,True
38,30,0,"[[4, 1], [3, 2]]","[3, 2]",4,0.7732,0.0,64,244.0,greedy,1,midgame,True,0,0.0,False
38,31,1,"[[2, 1], [4, 3]]","[4, 3]",3,0.2615,0.0,64,244.0,greedy,1,midgame,False,0.0,0.0,True
38,32,0,"[[7, 6], [6, 5]]","[6, 5]",2,0.15,0.0,64,289.0,greedy,1,midgame,False,0.0,0.0,False
38,33,1,"[[6, 7], [7, 6]]","[7, 6]",9,0.9828,0.0,64,289.0,greedy,1,midgame,False,0.0,0.0,True
38,34,0,"[[6, 5], [5, 4]]","[5, 4]",3,0.3469,0.0,64,289.0,greedy,1,midgame,False,0.0,0.0,False
38,35,1,"[[4, 3], [6, 5]]","[6, 5]",2,0.1292,0.0,64,289.0,greedy,1,midgame,True,2.0,0.0,False
39,0,0,"[[6, 1], [5, 0]]","[5, 0]",8,1.3969,0.0,0,0,greedy,1,opening,False,0,0.0,False
39,1,1,"[[1, 0], [2, 1]]","[2, 1]",8,1.8151,0.0,0,0,greedy,1,opening,False,0.0,0.0,True
39,2,0,"[[5, 0], [4, 1]]","[4, 1]",9,3.1569,0.0,0,1.0,greedy,1,opening,False,0.0,0.0,False
39,3,1,"[[0, 1], [1, 0]]","[1, 0]",9,1.7323,0.0,0,1.0,greedy,1,opening,False,0.0,0.0,True
39,4,0,"[[4, 1], [3, 2]]","[3, 2]",10,1.9076,0.0,0,1.0,greedy,1,opening,False,0.0,0.0,False
39,5,1,"[[2, 1], [4, 3]]","[4, 3]",2,0.2182,0.0,0,1.0,greedy,1,opening,True,0.0,0.0,False
39,6,0,"[[6, 3], [5, 2]]","[5, 2]",8,4.1909,0.0,0,1.0,greedy,1,opening,False,0.0,0.0,False
39,7,1,"[[4, 3], [6, 1]]","[6, 1]",2,1.4215,0.0,0,1.0,greedy,1,opening,False,0.0,0.0,False
39,8,0,"[[7, 0], [5, 2]]","[5, 2]",3,0.3941,0.0,0,13.0,greedy,1,opening,False,0.0,0.0,True
39,9,1,"[[1, 0], [2, 1]]","[2, 1]",8,2.2912,0.0,16,13.0,greedy,1,opening,False,0.0,0.0,True
39,10,0,"[[5, 2], [4, 1]]","[4, 1]",9,2.7101,0.0,16,14.0,greedy,1,opening,True,0,0.0,False
39,11,1,"[[1, 2], [2, 3]]","[2, 3]",8,2.4722,0.0,16,14.0,greedy,1,opening,False,0.0,0.0,False
39,12,0,"[[4, 1], [3, 2]]","[3, 2]",9,2.6767,0.0,16,183.0,greedy,1,opening,False,0.0,0.0,False
39,13,1,"[[2, 1], [4, 3]]","[4, 3]",3,0.3626,0.0,16,183.0,greedy,1,opening,False,0.0,0.0,True
39,14,0,"[[6, 5], [5, 4]]","[5, 4]",7,1.1156,0.0,16,215.0,greedy,1,opening,False,0.0,0.0,False
39,15,1,"[[4, 3], [6, 5]]","[6, 5]",2,0.674,0.0,16,215.0,greedy,1,opening,True,6.0,0.0,False
39,16,0,"[[7, 4], [5, 6]]","[5, 6]",3,0.6299,0.0,16,221.0,greedy,1,opening,False,0.0,0.0,True
39,17,1,"[[0, 3], [1, 2]]","[1, 2]",7,1.6563,0.0,64,221.0,greedy,1,opening,False,0.0,0.0,True
39,18,0,"[[5, 6], [4, 5]]","[4, 5]",6,1.4577,0.0,64,221.0,greedy,1,opening,False,0.0,0.0,False
39,19,1,"[[1, 2], [2, 1]]","[2, 1]",7,2.301,0.0,64,221.0,greedy,1,opening,False,0.0,0.0,True
39,20,0,"[[4, 5], [3, 4]]","[3, 4]",7,1.0114,0.0,64,221.0,greedy,1,midgame,True,0,0.0,False
39,21,1,"[[2, 3], [4, 5]]","[4, 5]",2,0.1647,0.0,64,221.0,greedy,1,midgame,False,0.0,0.0,False
39,22,0,"[[6, 7], [5, 6]]","[5, 6]",5,0.6769,0.0,64,228.0,greedy,1,midgame,False,0.0,0.0,False
39,23,1,"[[4, 5], [6, 7]]","[6, 7]",2,0.1495,0.0,64,228.0,greedy,1,midgame,False,0.0,0.0,False
39,24,0,"[[7, 2], [6, 1]]","[6, 1]",4,0.6843,0.0,64,244.0,greedy,1,midgame,False,0.0,0.0,False
39,25,1,"[[1, 4], [2, 3]]","[2, 3]",7,0.7615,0.0,64,244.0,greedy,1,midgame,True,0.0,0.0,True
39,26,0,"[[6, 1], [5, 0]]","[5, 0]",4,0.4299,0.0,64,244.0,greedy,1,midgame,False,0.0,0.0,False
39,27,1,"[[0, 5], [1, 4]]","[1, 4]",8,0.8736,0.0,64,244.0,greedy,1,midgame,False,0.0,0.0,True
39,28,0,"[[5, 0], [4, 1]]","[4, 1]",3,0.2923,0.0,64,244.0,greedy,1,midgame,False,0.0,0.0,False
39,29,1,"[[1, 4], [2, 5]]","[2, 5]",8,0.9589,0.0,64,244.0,greedy,1,midgame,False,0.0,0.0,True
39,30,0,"[[4, 1], [3, 2]]","[3, 2]",4,0.5915,0.0,64,244.0,greedy,1,midgame,True,0,0.0,False
39,31,1,"[[2, 1], [4, 3]]","[4, 3]",3,0.2568,0.0,64,244.0,greedy,1,midgame,False,0.0,0.0,True
39,32,0,"[[7, 6], [6, 5]]","[6, 5]",2,0.1478,0.0,64,289.0,greedy,1,midgame,False,0.0,0.0,False
39,33,1,"[[6, 7], [7, 6]]","[7, 6]",9,2.3785,0.0,64,289.0,greedy,1,midgame,False,0.0,0.0,True
39,34,0,"[[6, 5], [5, 4]]","[5, 4]",3,0.3531,0.0,64,289.0,greedy,1,midgame,False,0.0,0.0,False
39,35,1,"[[4, 3], [6, 5]]","[6, 5]",2,0.1309,0.0,64,289.0,greedy,1,midgame,True,2.0,0.0,False
40,0,0,"[[6, 1], [5, 0]]","[5, 0]",8,1.9758,0.0,0,0,greedy,1,opening,False,0,0.0,False
40,1,1,"[[1, 0], [2, 1]]","[2, 1]",8,1.3926,0.0,0,0,greedy,1,opening,False,0.0,0.0,True
40,2,0,"[[5, 0], [4, 1]]","[4, 1]",9,1.5841,0.0,0,1.0,greedy,1,opening,False,0.0,0.0,False
40,3,1,"[[0, 1], [1, 0]]","[1, 0]",9,1.7154,0.0,0,1.0,greedy,1,opening,False,0.0,0.0,True
40,4,0,"[[4, 1], [3, 2]]","[3, 2]",10,1.9059,0.0,0,1.0,greedy,1,opening,False,0.0,0.0,False
40,5,1,"[[2, 1], [4, 3]]","[4, 3]",2,0.2275,0.0,0,1.0,greedy,1,opening,True,0.0,0.0,False
40,6,0,"[[6, 3], [5, 2]]","[5, 2]",8,2.1119,0.0,0,1.0,greedy,1,opening,False,0.0,0.0,False
40,7,1,"[[4, 3], [6, 1]]","[6, 1]",2,0.7904,0.0,0,1.0,greedy,1,opening,False,0.0,0.0,False
40,8,0,"[[7, 0], [5, 2]]","[5, 2]",3,0.7141,0.0,0,13.0,greedy,1,opening,False,0.0,0.0,True
40,9,1,"[[1, 0], [2, 1]]","[2, 1]",8,2.2814,0.0,16,13.0,greedy,1,opening,False,0.0,0.0,True
40,10,0,"[[5, 2], [4, 1]]","[4, 1]",9,3.0086,0.0,16,14.0,greedy,1,opening,True,0,0.0,False
40,11,1,"[[1, 2], [2, 3]]","[2, 3]",8,1.534,0.0,16,14.0,greedy,1,opening,False,0.0,0.0,False
40,12,0,"[[4, 1], [3, 2]]","[3, 2]",9,1.6687,0.0,16,183.0,greedy,1,opening,False,0.0,0.0,False
40,13,1,"[[2, 1], [4, 3]]","[4, 3]",3,0.3593,0.0,16,183.0,greedy,1,opening,False,0.0,0.0,True
40,14,0,"[[6, 5], [5, 4]]","[5, 4]",7,1.1201,0.0,16,215.0,greedy,1,opening,False,0.0,0.0,False
40,15,1,"[[4, 3], [6, 5]]","[6, 5]",2,0.3774,0.0,16,215.0,greedy,1,opening,True,6.0,0.0,False
40,16,0,"[[7, 4], [5, 6]]","[5, 6]",3,0.3393,0.0,16,221.0,greedy,1,opening,False,0.0,0.0,True
40,17,1,"[[0, 3], [1, 2]]","[1, 2]",7,0.8783,0.0,64,221.0,greedy,1,opening,False,0.0,0.0,True
40,18,0,"[[5, 6], [4, 5]]","[4, 5]",6,0.7679,0.0,64,221.0,greedy,1,opening,False,0.0,0.0,False
40,19,1,"[[1, 2], [2, 1]]","[2, 1]",7,2.5942,0.0,64,221.0,greedy,1,opening,False,0.0,0.0,True
40,20,0,"[[4, 5], [3, 4]]","[3, 4]",7,1.8988,0.0,64,221.0,greedy,1,midgame,True,0,0.0,False
40,21,1,"[[2, 3], [4, 5]]","[4, 5]",2,0.3057,0.0,64,221.0,greedy,1,midgame,False,0.0,0.0,False
40,22,0,"[[6, 7], [5, 6]]","[5, 6]",5,1.2672,0.0,64,228.0,greedy,1,midgame,False,0.0,0.0,False
40,23,1,"[[4, 5], [6, 7]]","[6, 7]",2,0.2813,0.0,64,228.0,greedy,1,midgame,False,0.0,0.0,False
40,24,0,"[[7, 2], [6, 1]]","[6, 1]",4,0.8187,0.0,64,244.0,greedy,1,midgame,False,0.0,0.0,False
40,25,1,"[[1, 4], [2, 3]]","[2, 3]",7,1.4398,0.0,64,244.0,greedy,1,midgame,True,0.0,0.0,True
40,26,0,"[[6, 1], [5, 0]]","[5, 0]",4,0.4334,0.0,64,244.0,greedy,1,midgame,False,0.0,0.0,False
40,27,1,"[[0, 5], [1, 4]]","[1, 4]",8,2.4655,0.0,64,244.0,greedy,1,midgame,False,0.0,0.0,True
40,28,0,"[[5, 0], [4, 1]]","[4, 1]",3,0.5698,0.0,64,244.0,greedy,1,midgame,False,0.0,0.0,False
40,29,1,"[[1, 4], [2, 5]]","[2, 5]",8,1.7996,0.0,64,244.0,greedy,1,midgame,False,0.0,0.0,True
40,30,0,"[[4, 1], [3, 2]]","[3, 2]",4,1.0929,0.0,64,244.0,greedy,1,midgame,True,0,0.0,False
40,31,1,"[[2, 1], [4, 3]]","[4, 3]",3,0.489,0.0,64,244.0,greedy,1,midgame,False,0.0,0.0,True
40,32,0,"[[7, 6], [6, 5]]","[6, 5]",2,0.2859,0.0,64,289.0,greedy,1,midgame,False,0.0,0.0,False
40,33,1,"[[6, 7], [7, 6]]","[7, 6]",9,1.8597,0.0,64,289.0,greedy,1,midgame,False,0.0,0.0,True
40,34,0,"[[6, 5], [5, 4]]","[5, 4]",3,0.6466,0.0,64,289.0,greedy,1,midgame,False,0.0,0.0,False
40,35,1,"[[4, 3], [6, 5]]","[6, 5]",2,0.2537,0.0,64,289.0,greedy,1,midgame,True,2.0,0.0,False
41,0,0,"[[6, 1], [5, 0]]","[5, 0]",8,2.5084,0.0,0,0,greedy,1,opening,False,0,0.0,False
41,1,1,"[[1, 0], [2, 1]]","[2, 1]",8,2.6264,0.0,0,0,greedy,1,opening,False,0.0,0.0,True
41,2,0,"[[5, 0], [4, 1]]","[4, 1]",9,2.9926,0.0,0,1.0,greedy,1,opening,False,0.0,0.0,False
41,3,1,"[[0, 1], [1, 0]]","[1, 0]",9,3.2814,0.0,0,1.0,greedy,1,opening,False,0.0,0.0,True
41,4,0,"[[4, 1], [3, 2]]","[3, 2]",10,2.4421,0.0,0,1.0,greedy,1,opening,False,0.0,0.0,False
41,5,1,"[[2, 1], [4, 3]]","[4, 3]",2,0.2229,0.0,0,1.0,greedy,1,opening,True,0.0,0.0,False
41,6,0,"[[6, 3], [5, 2]]","[5, 2]",8,1.5776,0.0,0,1.0,greedy,1,opening,False,0.0,0.0,False
41,7,1,"[[4, 3], [6, 1]]","[6, 1]",2,0.4413,0.0,0,1.0,greedy,1,opening,False,0.0,0.0,False
41,8,0,"[[7, 0], [5, 2]]","[5, 2]",3,0.3812,0.0,0,13.0,greedy,1,opening,False,0.0,0.0,True
41,9,1,"[[1, 0], [2, 1]]","[2, 1]",8,1.2081,0.0,16,13.0,greedy,1,opening,False,0.0,0.0,True
41,10,0,"[[5, 2], [4, 1]]","[4, 1]",9,1.4031,0.0,16,14.0,greedy,1,opening,True,0,0.0,False
41,11,1,"[[1, 2], [2, 3]]","[2, 3]",8,1.3182,0.0,16,14.0,greedy,1,opening,False,0.0,0.0,False
41,12,0,"[[4, 1], [3, 2]]","[3, 2]",9,3.0575,0.0,16,183.0,greedy,1,opening,False,0.0,0.0,False
41,13,1,"[[2, 1], [4, 3]]","[4, 3]",3,0.6728,0.0,16,183.0,greedy,1,opening,False,0.0,0.0,True
41,14,0,"[[6, 5], [5, 4]]","[5, 4]",7,2.0921,0.0,16,215.0,greedy,1,opening,False,0.0,0.0,False
41,15,1,"[[4, 3], [6, 5]]","[6, 5]",2,0.8576,0.0,16,215.0,greedy,1,opening,True,6.0,0.0,False
41,16,0,"[[7, 4], [5, 6]]","[5, 6]",3,0.4892,0.0,16,221.0,greedy,1,opening,False,0.0,0.0,True
41,17,1,"[[0, 3], [1, 2]]","[1, 2]",7,0.8857,0.0,64,221.0,greedy,1,opening,False,0.0,0.0,True
41,18,0,"[[5, 6], [4, 5]]","[4, 5]",6,1.7459,0.0,64,221.0,greedy,1,opening,False,0.0,0.0,False
41,19,1,"[[1, 2], [2, 1]]","[2, 1]",7,0.9863,0.0,64,221.0,greedy,1,opening,False,0.0,0.0,True
41,20,0,"[[4, 5], [3, 4]]","[3, 4]",7,1.004,0.0,64,221.0,greedy,1,midgame,True,0,0.0,False
41,21,1,"[[2, 3], [4, 5]]","[4, 5]",2,0.1619,0.0,64,221.0,greedy,1,midgame,False,0.0,0.0,False
41,22,0,"[[6, 7], [5, 6]]","[5, 6]",5,0.6685,0.0,64,228.0,greedy,1,midgame,False,0.0,0.0,False
41,23,1,"[[4, 5], [6, 7]]","[6, 7]",2,0.1512,0.0,64,228.0,greedy,1,midgame,False,0.0,0.0,False
41,24,0,"[[7, 2], [6, 1]]","[6, 1]",4,0.428,0.0,64,244.0,greedy,1,midgame,False,0.0,0.0,False
41,25,1,"[[1, 4], [2, 3]]","[2, 3]",7,0.7567,0.0,64,244.0,greedy,1,midgame,True,0.0,0.0,True
41,26,0,"[[6, 1], [5, 0]]","[5, 0]",4,0.4313,0.0,64,244.0,greedy,1,midgame,False,0.0,0.0,False
41,27,1,"[[0, 5], [1, 4]]","[1, 4]",8,0.8824,0.0,64,244.0,greedy,1,midgame,False,0.0,0.0,True
41,28,0,"[[5, 0], [4, 1]]","[4, 1]",3,0.5629,0.0,64,244.0,greedy,1,midgame,False,0.0,0.0,False
41,29,1,"[[1, 4], [2, 5]]","[2, 5]",8,1.8024,0.0,64,244.0,greedy,1,midgame,False,0.0,0.0,True
41,30,0,"[[4, 1], [3, 2]]","[3, 2]",4,1.5953,0.0,64,244.0,greedy,1,midgame,True,0,0.0,False
41,31,1,"[[2, 1], [4, 3]]","[4, 3]",3,0.5012,0.0,64,244.0,greedy,1,midgame,False,0.0,0.0,True
41,32,0,"[[7, 6], [6, 5]]","[6, 5]",2,0.1533,0.0,64,289.0,greedy,1,midgame,False,0.0,0.0,False
41,33,1,"[[6, 7], [7, 6]]","[7, 6]",9,1.6723,0.0,64,289.0,greedy,1,midgame,False,0.0,0.0,True
41,34,0,"[[6, 5], [5, 4]]","[5, 4]",3,0.648,0.0,64,289.0,greedy,1,midgame,False,0.0,0.0,False
41,35,1,"[[4, 3], [6, 5]]","[6, 5]",2,0.2449,0.0,64,289.0,greedy,1,midgame,True,2.0,0.0,False
42,0,0,"[[6, 1], [5, 0]]","[5, 0]",8,2.7912,0.0,0,0,greedy,1,opening,False,0,0.0,False
42,1,1,"[[1, 0], [2, 1]]","[2, 1]",8,3.1626,0.0,0,0,greedy,1,opening,False,0.0,0.0,True
42,2,0,"[[5, 0], [4, 1]]","[4, 1]",9,2.1598,0.0,0,1.0,greedy,1,opening,False,0.0,0.0,False
42,3,1,"[[0, 1], [1, 0]]","[1, 0]",9,3.1972,0.0,0,1.0,greedy,1,opening,False,0.0,0.0,True
42,4,0,"[[4, 1], [3, 2]]","[3, 2]",10,3.5548,0.0,0,1.0,greedy,1,opening,False,0.0,0.0,False
42,5,1,"[[2, 1], [4, 3]]","[4, 3]",2,0.2353,0.0,0,1.0,greedy,1,opening,True,0.0,0.0,False
42,6,0,"[[6, 3], [5, 2]]","[5, 2]",8,1.5843,0.0,0,1.0,greedy,1,opening,False,0.0,0.0,False
42,7,1,"[[4, 3], [6, 1]]","[6, 1]",2,0.4423,0.0,0,1.0,greedy,1,opening,False,0.0,0.0,False
42,8,0,"[[7, 0], [5, 2]]","[5, 2]",3,0.3834,0.0,0,13.0,greedy,1,opening,False,0.0,0.0,True
42,9,1,"[[1, 0], [2, 1]]","[2, 1]",8,1.2107,0.0,16,13.0,greedy,1,opening,False,0.0,0.0,True
42,10,0,"[[5, 2], [4, 1]]","[4, 1]",9,1.3995,0.0,16,14.0,greedy,1,opening,True,0,0.0,False
42,11,1,"[[1, 2], [2, 3]]","[2, 3]",8,1.3325,0.0,16,14.0,greedy,1,opening,False,0.0,0.0,False
42,12,0,"[[4, 1], [3, 2]]","[3, 2]",9,1.6308,0.0,16,183.0,greedy,1,opening,False,0.0,0.0,False
42,13,1,"[[2, 1], [4, 3]]","[4, 3]",3,1.0474,0.0,16,183.0,greedy,1,opening,False,0.0,0.0,True
42,14,0,"[[6, 5], [5, 4]]","[5, 4]",7,1.1344,0.0,16,215.0,greedy,1,opening,False,0.0,0.0,False
42,15,1,"[[4, 3], [6, 5]]","[6, 5]",2,0.3793,0.0,16,215.0,greedy,1,opening,True,6.0,0.0,False
42,16,0,"[[7, 4], [5, 6]]","[5, 6]",3,0.3393,0.0,16,221.0,greedy,1,opening,False,0.0,0.0,True
42,17,1,"[[0, 3], [1, 2]]","[1, 2]",7,0.8743,0.0,64,221.0,greedy,1,opening,False,0.0,0.0,True
42,18,0,"[[5, 6], [4, 5]]","[4, 5]",6,0.7694,0.0,64,221.0,greedy,1,opening,False,0.0,0.0,False
42,19,1,"[[1, 2], [2, 1]]","[2, 1]",7,1.7643,0.0,64,221.0,greedy,1,opening,False,0.0,0.0,True
42,20,0,"[[4, 5], [3, 4]]","[3, 4]",7,1.888,0.0,64,221.0,greedy,1,midgame,True,0,0.0,False
42,21,1,"[[2, 3], [4, 5]]","[4, 5]",2,0.3009,0.0,64,221.0,greedy,1,midgame,False,0.0,0.0,False
42,22,0,"[[6, 7], [5, 6]]","[5, 6]",5,1.8356,0.0,64,228.0,greedy,1,midgame,False,0.0,0.0,False
42,23,1,"[[4, 5], [6, 7]]","[6, 7]",2,0.1564,0.0,64,228.0,greedy,1,midgame,False,0.0,0.0,False
42,24,0,"[[7, 2], [6, 1]]","[6, 1]",4,0.4282,0.0,64,244.0,greedy,1,midgame,False,0.0,0.0,False
42,25,1,"[[1, 4], [2, 3]]","[2, 3]",7,0.7591,0.0,64,244.0,greedy,1,midgame,True,0.0,0.0,True
42,26,0,"[[6, 1], [5, 0]]","[5, 0]",4,0.4244,0.0,64,244.0,greedy,1,midgame,False,0.0,0.0,False
42,27,1,"[[0, 5], [1, 4]]","[1, 4]",8,0.8731,0.0,64,244.0,greedy,1,midgame,False,0.0,0.0,True
42,28,0,"[[5, 0], [4, 1]]","[4, 1]",3,0.4606,0.0,64,244.0,greedy,1,midgame,False,0.0,0.0,False
42,29,1,"[[1, 4], [2, 5]]","[2, 5]",8,1.791,0.0,64,244.0,greedy,1,midgame,False,0.0,0.0,True
42,30,0,"[[4, 1], [3, 2]]","[3, 2]",4,1.0955,0.0,64,244.0,greedy,1,midgame,True,0,0.0,False
42,31,1,"[[2, 1], [4, 3]]","[4, 3]",3,0.4859,0.0,64,244.0,greedy,1,midgame,False,0.0,0.0,True
42,32,0,"[[7, 6], [6, 5]]","[6, 5]",2,0.2849,0.0,64,289.0,greedy,1,midgame,False,0.0,0.0,False
42,33,1,"[[6, 7], [7, 6]]","[7, 6]",9,2.5029,0.0,64,289.0,greedy,1,midgame,False,0.0,0.0,True
42,34,0,"[[6, 5], [5, 4]]","[5, 4]",3,0.3524,0.0,64,289.0,greedy,1,midgame,False,0.0,0.0,False
42,35,1,"[[4, 3], [6, 5]]","[6, 5]",2,0.1311,0.0,64,289.0,greedy,1,midgame,True,2.0,0.0,False
43,0,0,"[[6, 1], [5, 0]]","[5, 0]",8,1.3971,0.0,0,0,greedy,1,opening,False,0,0.0,False
43,1,1,"[[1, 0], [2, 1]]","[2, 1]",8,2.0983,0.0,0,0,greedy,1,opening,False,0.0,0.0,True
43,2,0,"[[5, 0], [4, 1]]","[4, 1]",9,1.5919,0.0,0,1.0,greedy,1,opening,False,0.0,0.0,False
43,3,1,"[[0, 1], [1, 0]]","[1, 0]",9,1.7164,0.0,0,1.0,greedy,1,opening,False,0.0,0.0,True
43,4,0,"[[4, 1], [3, 2]]","[3, 2]",10,2.4564,0.0,0,1.0,greedy,1,opening,False,0.0,0.0,False
43,5,1,"[[2, 1], [4, 3]]","[4, 3]",2,0.2294,0.0,0,1.0,greedy,1,opening,True,0.0,0.0,False
43,6,0,"[[6, 3], [5, 2]]","[5, 2]",8,1.5736,0.0,0,1.0,greedy,1,opening,False,0.0,0.0,False
43,7,1,"[[4, 3], [6, 1]]","[6, 1]",2,0.7911,0.0,0,1.0,greedy,1,opening,False,0.0,0.0,False
43,8,0,"[[7, 0], [5, 2]]","[5, 2]",3,0.7155,0.0,0,13.0,greedy,1,opening,False,0.0,0.0,True
43,9,1,"[[1, 0], [2, 1]]","[2, 1]",8,2.2833,0.0,16,13.0,greedy,1,opening,False,0.0,0.0,True
43,10,0,"[[5, 2], [4, 1]]","[4, 1]",9,2.9125,0.0,16,14.0,greedy,1,opening,True,0,0.0,False
43,11,1,"[[1, 2], [2, 3]]","[2, 3]",8,1.3292,0.0,16,14.0,greedy,1,opening,False,0.0,0.0,False
43,12,0,"[[4, 1], [3, 2]]","[3, 2]",9,3.0451,0.0,16,183.0,greedy,1,opening,False,0.0,0.0,False
43,13,1,"[[2, 1], [4, 3]]","[4, 3]",3,0.4044,0.0,16,183.0,greedy,1,opening,False,0.0,0.0,True
43,14,0,"[[6, 5], [5, 4]]","[5, 4]",7,1.2281,0.0,16,215.0,greedy,1,opening,False,0.0,0.0,False
43,15,1,"[[4, 3], [6, 5]]","[6, 5]",2,0.6802,0.0,16,215.0,greedy,1,opening,True,6.0,0.0,False
43,16,0,"[[7, 4], [5, 6]]","[5, 6]",3,0.632,0.0,16,221.0,greedy,1,opening,False,0.0,0.0,True
43,17,1,"[[0, 3], [1, 2]]","[1, 2]",7,1.8682,0.0,64,221.0,greedy,1,opening,False,0.0,0.0,True
43,18,0,"[[5, 6], [4, 5]]","[4, 5]",6,1.3263,0.0,64,221.0,greedy,1,opening,False,0.0,0.0,False
43,19,1,"[[1, 2], [2, 1]]","[2, 1]",7,1.8263,0.0,64,221.0,greedy,1,opening,False,0.0,0.0,True
43,20,0,"[[4, 5], [3, 4]]","[3, 4]",7,1.8835,0.0,64,221.0,greedy,1,midgame,True,0,0.0,False
43,21,1,"[[2, 3], [4, 5]]","[4, 5]",2,0.2999,0.0,64,221.0,greedy,1,midgame,False,0.0,0.0,False
43,22,0,"[[6, 7], [5, 6]]","[5, 6]",5,1.2541,0.0,64,228.0,greedy,1,midgame,False,0.0,0.0,False
43,23,1,"[[4, 5], [6, 7]]","[6, 7]",2,0.2813,0.0,64,228.0,greedy,1,midgame,False,0.0,0.0,False
43,24,0,"[[7, 2], [6, 1]]","[6, 1]",4,0.8152,0.0,64,244.0,greedy,1,midgame,False,0.0,0.0,False
43,25,1,"[[1, 4], [2, 3]]","[2, 3]",7,1.4322,0.0,64,244.0,greedy,1,midgame,True,0.0,0.0,True
43,26,0,"[[6, 1], [5, 0]]","[5, 0]",4,0.8762,0.0,64,244.0,greedy,1,midgame,False,0.0,0.0,False
43,27,1,"[[0, 5], [1, 4]]","[1, 4]",8,1.6601,0.0,64,244.0,greedy,1,midgame,False,0.0,0.0,True
43,28,0,"[[5, 0], [4, 1]]","[4, 1]",3,0.5562,0.0,64,244.0,greedy,1,midgame,False,0.0,0.0,False
43,29,1,"[[1, 4], [2, 5]]","[2, 5]",8,1.7972,0.0,64,244.0,greedy,1,midgame,False,0.0,0.0,True
43,30,0,"[[4, 1], [3, 2]]","[3, 2]",4,1.0955,0.0,64,244.0,greedy,1,midgame,True,0,0.0,False
43,31,1,"[[2, 1], [4, 3]]","[4, 3]",3,0.4857,0.0,64,244.0,greedy,1,midgame,False,0.0,0.0,True
43,32,0,"[[7, 6], [6, 5]]","[6, 5]",2,0.2859,0.0,64,289.0,greedy,1,midgame,False,0.0,0.0,False
43,33,1,"[[6, 7], [7, 6]]","[7, 6]",9,1.9348,0.0,64,289.0,greedy,1,midgame,False,0.0,0.0,True
43,34,0,"[[6, 5], [5, 4]]","[5, 4]",3,0.6442,0.0,64,289.0,greedy,1,midgame,False,0.0,0.0,False
43,35,1,"[[4, 3], [6, 5]]","[6, 5]",2,0.2458,0.0,64,289.0,greedy,1,midgame,True,2.0,0.0,False
44,0,0,"[[6, 1], [5, 0]]","[5, 0]",8,2.6147,0.0,0,0,greedy,1,opening,False,0,0.0,False
44,1,1,"[[1, 0], [2, 1]]","[2, 1]",8,2.6338,0.0,0,0,greedy,1,opening,False,0.0,0.0,True
44,2,0,"[[5, 0], [4, 1]]","[4, 1]",9,2.9871,0.0,0,1.0,greedy,1,opening,False,0.0,0.0,False
44,3,1,"[[0, 1], [1, 0]]","[1, 0]",9,3.2434,0.0,0,1.0,greedy,1,opening,False,0.0,0.0,True
44,4,0,"[[4, 1], [3, 2]]","[3, 2]",10,3.5508,0.0,0,1.0,greedy,1,opening,False,0.0,0.0,False
44,5,1,"[[2, 1], [4, 3]]","[4, 3]",2,0.4065,0.0,0,1.0,greedy,1,opening,True,0.0,0.0,False
44,6,0,"[[6, 3], [5, 2]]","[5, 2]",8,2.9168,0.0,0,1.0,greedy,1,opening,False,0.0,0.0,False
44,7,1,"[[4, 3], [6, 1]]","[6, 1]",2,1.1785,0.0,0,1.0,greedy,1,opening,False,0.0,0.0,False
44,8,0,"[[7, 0], [5, 2]]","[5, 2]",3,0.7241,0.0,0,13.0,greedy,1,opening,False,0.0,0.0,True
44,9,1,"[[1, 0], [2, 1]]","[2, 1]",8,1.2126,0.0,16,13.0,greedy,1,opening,False,0.0,0.0,True
44,10,0,"[[5, 2], [4, 1]]","[4, 1]",9,1.4074,0.0,16,14.0,greedy,1,opening,True,0,0.0,False
44,11,1,"[[1, 2], [2, 3]]","[2, 3]",8,1.3182,0.0,16,14.0,greedy,1,opening,False,0.0,0.0,False
44,12,0,"[[4, 1], [3, 2]]","[3, 2]",9,1.6236,0.0,16,183.0,greedy,1,opening,False,0.0,0.0,False
44,13,1,"[[2, 1], [4, 3]]","[4, 3]",3,0.3603,0.0,16,183.0,greedy,1,opening,False,0.0,0.0,True
44,14,0,"[[6, 5], [5, 4]]","[5, 4]",7,2.1107,0.0,16,215.0,greedy,1,opening,False,0.0,0.0,False
44,15,1,"[[4, 3], [6, 5]]","[6, 5]",2,0.6793,0.0,16,215.0,greedy,1,opening,True,6.0,0.0,False
44,16,0,"[[7, 4], [5, 6]]","[5, 6]",3,0.6304,0.0,16,221.0,greedy,1,opening,False,0.0,0.0,True
44,17,1,"[[0, 3], [1, 2]]","[1, 2]",7,1.6649,0.0,64,221.0,greedy,1,opening,False,0.0,0.0,True
44,18,0,"[[5, 6], [4, 5]]","[4, 5]",6,1.4656,0.0,64,221.0,greedy,1,opening,False,0.0,0.0,False
44,19,1,"[[1, 2], [2, 1]]","[2, 1]",7,1.8137,0.0,64,221.0,greedy,1,opening,False,0.0,0.0,True
44,20,0,"[[4, 5], [3, 4]]","[3, 4]",7,2.1617,0.0,64,221.0,greedy,1,midgame,True,0,0.0,False
44,21,1,"[[2, 3], [4, 5]]","[4, 5]",2,0.1647,0.0,64,221.0,greedy,1,midgame,False,0.0,0.0,False
44,22,0,"[[6, 7], [5, 6]]","[5, 6]",5,0.6721,0.0,64,228.0,greedy,1,midgame,False,0.0,0.0,False
44,23,1,"[[4, 5], [6, 7]]","[6, 7]",2,0.1502,0.0,64,228.0,greedy,1,midgame,False,0.0,0.0,False
44,24,0,"[[7, 2], [6, 1]]","[6, 1]",4,0.4272,0.0,64,244.0,greedy,1,midgame,False,0.0,0.0,False
44,25,1,"[[1, 4], [2, 3]]","[2, 3]",7,0.756,0.0,64,244.0,greedy,1,midgame,True,0.0,0.0,True
44,26,0,"[[6, 1], [5, 0]]","[5, 0]",4,0.4239,0.0,64,244.0,greedy,1,midgame,False,0.0,0.0,False
44,27,1,"[[0, 5], [1, 4]]","[1, 4]",8,0.8729,0.0,64,244.0,greedy,1,midgame,False,0.0,0.0,True
44,28,0,"[[5, 0], [4, 1]]","[4, 1]",3,0.2913,0.0,64,244.0,greedy,1,midgame,False,0.0,0.0,False
44,29,1,"[[1, 4], [2, 5]]","[2, 5]",8,0.9582,0.0,64,244.0,greedy,1,midgame,False,0.0,0.0,True
44,30,0,"[[4, 1], [3, 2]]","[3, 2]",4,0.5896,0.0,64,244.0,greedy,1,midgame,True,0,0.0,False
44,31,1,"[[2, 1], [4, 3]]","[4, 3]",3,0.2766,0.0,64,244.0,greedy,1,midgame,False,0.0,0.0,True
44,32,0,"[[7, 6], [6, 5]]","[6, 5]",2,0.1464,0.0,64,289.0,greedy,1,midgame,False,0.0,0.0,False
44,33,1,"[[6, 7], [7, 6]]","[7, 6]",9,0.977,0.0,64,289.0,greedy,1,midgame,False,0.0,0.0,True
44,34,0,"[[6, 5], [5, 4]]","[5, 4]",3,0.3433,0.0,64,289.0,greedy,1,midgame,False,0.0,0.0,False
44,35,1,"[[4, 3], [6, 5]]","[6, 5]",2,0.1283,0.0,64,289.0,greedy,1,midgame,True,2.0,0.0,False
45,0,0,"[[6, 1], [5, 0]]","[5, 0]",8,2.5709,0.0,0,0,greedy,1,opening,False,0,0.0,False
45,1,1,"[[1, 0], [2, 1]]","[2, 1]",8,2.6443,0.0,0,0,greedy,1,opening,False,0.0,0.0,True
45,2,0,"[[5, 0], [4, 1]]","[4, 1]",9,3.0212,0.0,0,1.0,greedy,1,opening,False,0.0,0.0,False
45,3,1,"[[0, 1], [1, 0]]","[1, 0]",9,3.2475,0.0,0,1.0,greedy,1,opening,False,0.0,0.0,True
45,4,0,"[[4, 1], [3, 2]]","[3, 2]",10,3.5832,0.0,0,1.0,greedy,1,opening,False,0.0,0.0,False
45,5,1,"[[2, 1], [4, 3]]","[4, 3]",2,0.4082,0.0,0,1.0,greedy,1,opening,True,0.0,0.0,False
45,6,0,"[[6, 3], [5, 2]]","[5, 2]",8,2.1396,0.0,0,1.0,greedy,1,opening,False,0.0,0.0,False
45,7,1,"[[4, 3], [6, 1]]","[6, 1]",2,0.797,0.0,0,1.0,greedy,1,opening,False,0.0,0.0,False
45,8,0,"[[7, 0], [5, 2]]","[5, 2]",3,0.7231,0.0,0,13.0,greedy,1,opening,False,0.0,0.0,True
45,9,1,"[[1, 0], [2, 1]]","[2, 1]",8,2.4524,0.0,16,13.0,greedy,1,opening,False,0.0,0.0,True
45,10,0,"[[5, 2], [4, 1]]","[4, 1]",9,1.8826,0.0,16,14.0,greedy,1,opening,True,0,0.0,False
45,11,1,"[[1, 2], [2, 3]]","[2, 3]",8,1.328,0.0,16,14.0,greedy,1,opening,False,0.0,0.0,False
45,12,0,"[[4, 1], [3, 2]]","[3, 2]",9,1.6263,0.0,16,183.0,greedy,1,opening,False,0.0,0.0,False
45,13,1,"[[2, 1], [4, 3]]","[4, 3]",3,0.3588,0.0,16,183.0,greedy,1,opening,False,0.0,0.0,True
45,14,0,"[[6, 5], [5, 4]]","[5, 4]",7,1.121,0.0,16,215.0,greedy,1,opening,False,0.0,0.0,False
45,15,1,"[[4, 3], [6, 5]]","[6, 5]",2,0.3772,0.0,16,215.0,greedy,1,opening,True,6.0,0.0,False
45,16,0,"[[7, 4], [5, 6]]","[5, 6]",3,0.3364,0.0,16,221.0,greedy,1,opening,False,0.0,0.0,True
45,17,1,"[[0, 3], [1, 2]]","[1, 2]",7,1.7519,0.0,64,221.0,greedy,1,opening,False,0.0,0.0,True
45,18,0,"[[5, 6], [4, 5]]","[4, 5]",6,0.7818,0.0,64,221.0,greedy,1,opening,False,0.0,0.0,False
45,19,1,"[[1, 2], [2, 1]]","[2, 1]",7,0.988,0.0,64,221.0,greedy,1,opening,False,0.0,0.0,True
45,20,0,"[[4, 5], [3, 4]]","[3, 4]",7,1.0233,0.0,64,221.0,greedy,1,midgame,True,0,0.0,False
45,21,1,"[[2, 3], [4, 5]]","[4, 5]",2,0.1638,0.0,64,221.0,greedy,1,midgame,False,0.0,0.0,False
45,22,0,"[[6, 7], [5, 6]]","[5, 6]",5,0.6764,0.0,64,228.0,greedy,1,midgame,False,0.0,0.0,False
45,23,1,"[[4, 5], [6, 7]]","[6, 7]",2,0.1919,0.0,64,228.0,greedy,1,midgame,False,0.0,0.0,False
45,24,0,"[[7, 2], [6, 1]]","[6, 1]",4,0.4311,0.0,64,244.0,greedy,1,midgame,False,0.0,0.0,False
45,25,1,"[[1, 4], [2, 3]]","[2, 3]",7,0.7582,0.0,64,244.0,greedy,1,midgame,True,0.0,0.0,True
45,26,0,"[[6, 1], [5, 0]]","[5, 0]",4,0.4303,0.0,64,244.0,greedy,1,midgame,False,0.0,0.0,False
45,27,1,"[[0, 5], [1, 4]]","[1, 4]",8,1.6277,0.0,64,244.0,greedy,1,midgame,False,0.0,0.0,True
45,28,0,"[[5, 0], [4, 1]]","[4, 1]",3,0.5617,0.0,64,244.0,greedy,1,midgame,False,0.0,0.0,False
45,29,1,"[[1, 4], [2, 5]]","[2, 5]",8,1.8721,0.0,64,244.0,greedy,1,midgame,False,0.0,0.0,True
45,30,0,"[[4, 1], [3, 2]]","[3, 2]",4,1.101,0.0,64,244.0,greedy,1,midgame,True,0,0.0,False
45,31,1,"[[2, 1], [4, 3]]","[4, 3]",3,0.4926,0.0,64,244.0,greedy,1,midgame,False,0.0,0.0,True
45,32,0,"[[7, 6], [6, 5]]","[6, 5]",2,0.2882,0.0,64,289.0,greedy,1,midgame,False,0.0,0.0,False
45,33,1,"[[6, 7], [7, 6]]","[7, 6]",9,1.8697,0.0,64,289.0,greedy,1,midgame,False,0.0,0.0,True
45,34,0,"[[6, 5], [5, 4]]","[5, 4]",3,0.6514,0.0,64,289.0,greedy,1,midgame,False,0.0,0.0,False
45,35,1,"[[4, 3], [6, 5]]","[6, 5]",2,0.2458,0.0,64,289.0,greedy,1,midgame,True,2.0,0.0,False
46,0,0,"[[6, 1], [5, 0]]","[5, 0]",8,2.6767,0.0,0,0,greedy,1,opening,False,0,0.0,False
46,1,1,"[[1, 0], [2, 1]]","[2, 1]",8,2.6095,0.0,0,0,greedy,1,opening,False,0.0,0.0,True
46,2,0,"[[5, 0], [4, 1]]","[4, 1]",9,2.9683,0.0,0,1.0,greedy,1,opening,False,0.0,0.0,False
46,3,1,"[[0, 1], [1, 0]]","[1, 0]",9,3.3271,0.0,0,1.0,greedy,1,opening,False,0.0,0.0,True
46,4,0,"[[4, 1], [3, 2]]","[3, 2]",10,3.5663,0.0,0,1.0,greedy,1,opening,False,0.0,0.0,False
46,5,1,"[[2, 1], [4, 3]]","[4, 3]",2,0.417,0.0,0,1.0,greedy,1,opening,True,0.0,0.0,False
46,6,0,"[[6, 3], [5, 2]]","[5, 2]",8,2.9247,0.0,0,1.0,greedy,1,opening,False,0.0,0.0,False
46,7,1,"[[4, 3], [6, 1]]","[6, 1]",2,1.112,0.0,0,1.0,greedy,1,opening,False,0.0,0.0,False
46,8,0,"[[7, 0], [5, 2]]","[5, 2]",3,1.0169,0.0,0,13.0,greedy,1,opening,False,0.0,0.0,True
46,9,1,"[[1, 0], [2, 1]]","[2, 1]",8,2.5215,0.0,16,13.0,greedy,1,opening,False,0.0,0.0,True
46,10,0,"[[5, 2], [4, 1]]","[4, 1]",9,2.2845,0.0,16,14.0,greedy,1,opening,True,0,0.0,False
46,11,1,"[[1, 2], [2, 3]]","[2, 3]",8,3.1512,0.0,16,14.0,greedy,1,opening,False,0.0,0.0,False
46,12,0,"[[4, 1], [3, 2]]","[3, 2]",9,1.6344,0.0,16,183.0,greedy,1,opening,False,0.0,0.0,False
46,13,1,"[[2, 1], [4, 3]]","[4, 3]",3,0.3619,0.0,16,183.0,greedy,1,opening,False,0.0,0.0,True
46,14,0,"[[6, 5], [5, 4]]","[5, 4]",7,1.1189,0.0,16,215.0,greedy,1,opening,False,0.0,0.0,False
46,15,1,"[[4, 3], [6, 5]]","[6, 5]",2,0.8011,0.0,16,215.0,greedy,1,opening,True,6.0,0.0,False
46,16,0,"[[7, 4], [5, 6]]","[5, 6]",3,0.8984,0.0,16,221.0,greedy,1,opening,False,0.0,0.0,True
46,17,1,"[[0, 3], [1, 2]]","[1, 2]",7,0.8972,0.0,64,221.0,greedy,1,opening,False,0.0,0.0,True
46,18,0,"[[5, 6], [4, 5]]","[4, 5]",6,0.7789,0.0,64,221.0,greedy,1,opening,False,0.0,0.0,False
46,19,1,"[[1, 2], [2, 1]]","[2, 1]",7,2.5847,0.0,64,221.0,greedy,1,opening,False,0.0,0.0,True
46,20,0,"[[4, 5], [3, 4]]","[3, 4]",7,1.3044,0.0,64,221.0,greedy,1,midgame,True,0,0.0,False
46,21,1,"[[2, 3], [4, 5]]","[4, 5]",2,0.1769,0.0,64,221.0,greedy,1,midgame,False,0.0,0.0,False
46,22,0,"[[6, 7], [5, 6]]","[5, 6]",5,0.6769,0.0,64,228.0,greedy,1,midgame,False,0.0,0.0,False
46,23,1,"[[4, 5], [6, 7]]","[6, 7]",2,0.1538,0.0,64,228.0,greedy,1,midgame,False,0.0,0.0,False
46,24,0,"[[7, 2], [6, 1]]","[6, 1]",4,0.4272,0.0,64,244.0,greedy,1,midgame,False,0.0,0.0,False
46,25,1,"[[1, 4], [2, 3]]","[2, 3]",7,2.0649,0.0,64,244.0,greedy,1,midgame,True,0.0,0.0,True
46,26,0,"[[6, 1], [5, 0]]","[5, 0]",4,0.4373,0.0,64,244.0,greedy,1,midgame,False,0.0,0.0,False
46,27,1,"[[0, 5], [1, 4]]","[1, 4]",8,0.8805,0.0,64,244.0,greedy,1,midgame,False,0.0,0.0,True
46,28,0,"[[5, 0], [4, 1]]","[4, 1]",3,0.4256,0.0,64,244.0,greedy,1,midgame,False,0.0,0.0,False
46,29,1,"[[1, 4], [2, 5]]","[2, 5]",8,1.8041,0.0,64,244.0,greedy,1,midgame,False,0.0,0.0,True
46,30,0,"[[4, 1], [3, 2]]","[3, 2]",4,1.1022,0.0,64,244.0,greedy,1,midgame,True,0,0.0,False
46,31,1,"[[2, 1], [4, 3]]","[4, 3]",3,0.4914,0.0,64,244.0,greedy,1,midgame,False,0.0,0.0,True
46,32,0,"[[7, 6], [6, 5]]","[6, 5]",2,0.2861,0.0,64,289.0,greedy,1,midgame,False,0.0,0.0,False
46,33,1,"[[6, 7], [7, 6]]","[7, 6]",9,1.8635,0.0,64,289.0,greedy,1,midgame,False,0.0,0.0,True
46,34,0,"[[6, 5], [5, 4]]","[5, 4]",3,0.879,0.0,64,289.0,greedy,1,midgame,False,0.0,0.0,False
46,35,1,"[[4, 3], [6, 5]]","[6, 5]",2,0.2737,0.0,64,289.0,greedy,1,midgame,True,2.0,0.0,False
47,0,0,"[[6, 1], [5, 0]]","[5, 0]",8,1.4124,0.0,0,0,greedy,1,opening,False,0,0.0,False
47,1,1,"[[1, 0], [2, 1]]","[2, 1]",8,1.9238,0.0,0,0,greedy,1,opening,False,0.0,0.0,True
47,2,0,"[[5, 0], [4, 1]]","[4, 1]",9,1.683,0.0,0,1.0,greedy,1,opening,False,0.0,0.0,False
47,3,1,"[[0, 1], [1, 0]]","[1, 0]",9,1.7231,0.0,0,1.0,greedy,1,opening,False,0.0,0.0,True
47,4,0,"[[4, 1], [3, 2]]","[3, 2]",10,2.121,0.0,0,1.0,greedy,1,opening,False,0.0,0.0,False
47,5,1,"[[2, 1], [4, 3]]","[4, 3]",2,0.4418,0.0,0,1.0,greedy,1,opening,True,0.0,0.0,False
47,6,0,"[[6, 3], [5, 2]]","[5, 2]",8,4.9522,0.0,0,1.0,greedy,1,opening,False,0.0,0.0,False
47,7,1,"[[4, 3], [6, 1]]","[6, 1]",2,0.4485,0.0,0,1.0,greedy,1,opening,False,0.0,0.0,False
47,8,0,"[[7, 0], [5, 2]]","[5, 2]",3,0.3872,0.0,0,13.0,greedy,1,opening,False,0.0,0.0,True
47,9,1,"[[1, 0], [2, 1]]","[2, 1]",8,1.2152,0.0,16,13.0,greedy,1,opening,False,0.0,0.0,True
47,10,0,"[[5, 2], [4, 1]]","[4, 1]",9,1.4155,0.0,16,14.0,greedy,1,opening,True,0,0.0,False
47,11,1,"[[1, 2], [2, 3]]","[2, 3]",8,2.022,0.0,16,14.0,greedy,1,opening,False,0.0,0.0,False
47,12,0,"[[4, 1], [3, 2]]","[3, 2]",9,2.2736,0.0,16,183.0,greedy,1,opening,False,0.0,0.0,False
47,13,1,"[[2, 1], [4, 3]]","[4, 3]",3,0.3617,0.0,16,183.0,greedy,1,opening,False,0.0,0.0,True
47,14,0,"[[6, 5], [5, 4]]","[5, 4]",7,1.1199,0.0,16,215.0,greedy,1,opening,False,0.0,0.0,False
47,15,1,"[[4, 3], [6, 5]]","[6, 5]",2,0.3779,0.0,16,215.0,greedy,1,opening,True,6.0,0.0,False
47,16,0,"[[7, 4], [5, 6]]","[5, 6]",3,0.3343,0.0,16,221.0,greedy,1,opening,False,0.0,0.0,True
47,17,1,"[[0, 3], [1, 2]]","[1, 2]",7,0.8769,0.0,64,221.0,greedy,1,opening,False,0.0,0.0,True
47,18,0,"[[5, 6], [4, 5]]","[4, 5]",6,0.7677,0.0,64,221.0,greedy,1,opening,False,0.0,0.0,False
47,19,1,"[[1, 2], [2, 1]]","[2, 1]",7,0.9754,0.0,64,221.0,greedy,1,opening,False,0.0,0.0,True
47,20,0,"[[4, 5], [3, 4]]","[3, 4]",7,2.2392,0.0,64,221.0,greedy,1,midgame,True,0,0.0,False
47,21,1,"[[2, 3], [4, 5]]","[4, 5]",2,0.1683,0.0,64,221.0,greedy,1,midgame,False,0.0,0.0,False
47,22,0,"[[6, 7], [5, 6]]","[5, 6]",5,1.2627,0.0,64,228.0,greedy,1,midgame,False,0.0,0.0,False
47,23,1,"[[4, 5], [6, 7]]","[6, 7]",2,0.282,0.0,64,228.0,greedy,1,midgame,False,0.0,0.0,False
47,24,0,"[[7, 2], [6, 1]]","[6, 1]",4,0.8175,0.0,64,244.0,greedy,1,midgame,False,0.0,0.0,False
47,25,1,"[[1, 4], [2, 3]]","[2, 3]",7,1.4315,0.0,64,244.0,greedy,1,midgame,True,0.0,0.0,True
47,26,0,"[[6, 1], [5, 0]]","[5, 0]",4,0.8135,0.0,64,244.0,greedy,1,midgame,False,0.0,0.0,False
47,27,1,"[[0, 5], [1, 4]]","[1, 4]",8,1.658,0.0,64,244.0,greedy,1,midgame,False,0.0,0.0,True
47,28,0,"[[5, 0], [4, 1]]","[4, 1]",3,0.5579,0.0,64,244.0,greedy,1,midgame,False,0.0,0.0,False
47,29,1,"[[1, 4], [2, 5]]","[2, 5]",8,2.3084,0.0,64,244.0,greedy,1,midgame,False,0.0,0.0,True
47,30,0,"[[4, 1], [3, 2]]","[3, 2]",4,1.0974,0.0,64,244.0,greedy,1,midgame,True,0,0.0,False
47,31,1,"[[2, 1], [4, 3]]","[4, 3]",3,0.4895,0.0,64,244.0,greedy,1,midgame,False,0.0,0.0,True
47,32,0,"[[7, 6], [6, 5]]","[6, 5]",2,0.2892,0.0,64,289.0,greedy,1,midgame,False,0.0,0.0,False
47,33,1,"[[6, 7], [7, 6]]","[7, 6]",9,1.8628,0.0,64,289.0,greedy,1,midgame,False,0.0,0.0,True
47,34,0,"[[6, 5], [5, 4]]","[5, 4]",3,0.648,0.0,64,289.0,greedy,1,midgame,False,0.0,0.0,False
47,35,1,"[[4, 3], [6, 5]]","[6, 5]",2,0.2463,0.0,64,289.0,greedy,1,midgame,True,2.0,0.0,False
48,0,0,"[[6, 1], [5, 0]]","[5, 0]",8,2.6278,0.0,0,0,greedy,1,opening,False,0,0.0,False
48,1,1,"[[1, 0], [2, 1]]","[2, 1]",8,2.0533,0.0,0,0,greedy,1,opening,False,0.0,0.0,True
48,2,0,"[[5, 0], [4, 1]]","[4, 1]",9,1.5988,0.0,0,1.0,greedy,1,opening,False,0.0,0.0,False
48,3,1,"[[0, 1], [1, 0]]","[1, 0]",9,1.7178,0.0,0,1.0,greedy,1,opening,False,0.0,0.0,True
48,4,0,"[[4, 1], [3, 2]]","[3, 2]",10,1.9057,0.0,0,1.0,greedy,1,opening,False,0.0,0.0,False
48,5,1,"[[2, 1], [4, 3]]","[4, 3]",2,0.2162,0.0,0,1.0,greedy,1,opening,True,0.0,0.0,False
48,6,0,"[[6, 3], [5, 2]]","[5, 2]",8,1.5924,0.0,0,1.0,greedy,1,opening,False,0.0,0.0,False
48,7,1,"[[4, 3], [6, 1]]","[6, 1]",2,1.3399,0.0,0,1.0,greedy,1,opening,False,0.0,0.0,False
48,8,0,"[[7, 0], [5, 2]]","[5, 2]",3,0.8359,0.0,0,13.0,greedy,1,opening,False,0.0,0.0,True
48,9,1,"[[1, 0], [2, 1]]","[2, 1]",8,1.2255,0.0,16,13.0,greedy,1,opening,False,0.0,0.0,True
48,10,0,"[[5, 2], [4, 1]]","[4, 1]",9,1.4083,0.0,16,14.0,greedy,1,opening,True,0,0.0,False
48,11,1,"[[1, 2], [2, 3]]","[2, 3]",8,1.3566,0.0,16,14.0,greedy,1,opening,False,0.0,0.0,False
48,12,0,"[[4, 1], [3, 2]]","[3, 2]",9,1.8153,0.0,16,183.0,greedy,1,opening,False,0.0,0.0,False
48,13,1,"[[2, 1], [4, 3]]","[4, 3]",3,0.4261,0.0,16,183.0,greedy,1,opening,False,0.0,0.0,True
48,14,0,"[[6, 5], [5, 4]]","[5, 4]",7,1.642,0.0,16,215.0,greedy,1,opening,False,0.0,0.0,False
48,15,1,"[[4, 3], [6, 5]]","[6, 5]",2,0.5062,0.0,16,215.0,greedy,1,opening,True,6.0,0.0,False
48,16,0,"[[7, 4], [5, 6]]","[5, 6]",3,0.3445,0.0,16,221.0,greedy,1,opening,False,0.0,0.0,True
48,17,1,"[[0, 3], [1, 2]]","[1, 2]",7,0.8891,0.0,64,221.0,greedy,1,opening,False,0.0,0.0,True
48,18,0,"[[5, 6], [4, 5]]","[4, 5]",6,0.7715,0.0,64,221.0,greedy,1,opening,False,0.0,0.0,False
48,19,1,"[[1, 2], [2, 1]]","[2, 1]",7,0.9789,0.0,64,221.0,greedy,1,opening,False,0.0,0.0,True
48,20,0,"[[4, 5], [3, 4]]","[3, 4]",7,1.0266,0.0,64,221.0,greedy,1,midgame,True,0,0.0,False
48,21,1,"[[2, 3], [4, 5]]","[4, 5]",2,0.1624,0.0,64,221.0,greedy,1,midgame,False,0.0,0.0,False
48,22,0,"[[6, 7], [5, 6]]","[5, 6]",5,0.6907,0.0,64,228.0,greedy,1,midgame,False,0.0,0.0,False
48,23,1,"[[4, 5], [6, 7]]","[6, 7]",2,0.1533,0.0,64,228.0,greedy,1,midgame,False,0.0,0.0,False
48,24,0,"[[7, 2], [6, 1]]","[6, 1]",4,0.4241,0.0,64,244.0,greedy,1,midgame,False,0.0,0.0,False
48,25,1,"[[1, 4], [2, 3]]","[2, 3]",7,0.8025,0.0,64,244.0,greedy,1,midgame,True,0.0,0.0,True
48,26,0,"[[6, 1], [5, 0]]","[5, 0]",4,0.4358,0.0,64,244.0,greedy,1,midgame,False,0.0,0.0,False
48,27,1,"[[0, 5], [1, 4]]","[1, 4]",8,2.1291,0.0,64,244.0,greedy,1,midgame,False,0.0,0.0,True
48,28,0,"[[5, 0], [4, 1]]","[4, 1]",3,0.3042,0.0,64,244.0,greedy,1,midgame,False,0.0,0.0,False
48,29,1,"[[1, 4], [2, 5]]","[2, 5]",8,0.9682,0.0,64,244.0,greedy,1,midgame,False,0.0,0.0,True
48,30,0,"[[4, 1], [3, 2]]","[3, 2]",4,0.5879,0.0,64,244.0,greedy,1,midgame,True,0,0.0,False
48,31,1,"[[2, 1], [4, 3]]","[4, 3]",3,0.2575,0.0,64,244.0,greedy,1,midgame,False,0.0,0.0,True
48,32,0,"[[7, 6], [6, 5]]","[6, 5]",2,0.1504,0.0,64,289.0,greedy,1,midgame,False,0.0,0.0,False
48,33,1,"[[6, 7], [7, 6]]","[7, 6]",9,0.9851,0.0,64,289.0,greedy,1,midgame,False,0.0,0.0,True
48,34,0,"[[6, 5], [5, 4]]","[5, 4]",3,0.3741,0.0,64,289.0,greedy,1,midgame,False,0.0,0.0,False
48,35,1,"[[4, 3], [6, 5]]","[6, 5]",2,0.129,0.0,64,289.0,greedy,1,midgame,True,2.0,0.0,False
49,0,0,"[[6, 1], [5, 0]]","[5, 0]",8,1.3943,0.0,0,0,greedy,1,opening,False,0,0.0,False
49,1,1,"[[1, 0], [2, 1]]","[2, 1]",8,1.3852,0.0,0,0,greedy,1,opening,False,0.0,0.0,True
49,2,0,"[[5, 0], [4, 1]]","[4, 1]",9,3.5477,0.0,0,1.0,greedy,1,opening,False,0.0,0.0,False
49,3,1,"[[0, 1], [1, 0]]","[1, 0]",9,1.7228,0.0,0,1.0,greedy,1,opening,False,0.0,0.0,True
49,4,0,"[[4, 1], [3, 2]]","[3, 2]",10,1.8985,0.0,0,1.0,greedy,1,opening,False,0.0,0.0,False
49,5,1,"[[2, 1], [4, 3]]","[4, 3]",2,0.2172,0.0,0,1.0,greedy,1,opening,True,0.0,0.0,False
49,6,0,"[[6, 3], [5, 2]]","[5, 2]",8,1.5705,0.0,0,1.0,greedy,1,opening,False,0.0,0.0,False
49,7,1,"[[4, 3], [6, 1]]","[6, 1]",2,0.4408,0.0,0,1.0,greedy,1,opening,False,0.0,0.0,False
49,8,0,"[[7, 0], [5, 2]]","[5, 2]",3,0.5381,0.0,0,13.0,greedy,1,opening,False,0.0,0.0,True
49,9,1,"[[1, 0], [2, 1]]","[2, 1]",8,1.2078,0.0,16,13.0,greedy,1,opening,False,0.0,0.0,True
49,10,0,"[[5, 2], [4, 1]]","[4, 1]",9,2.7664,0.0,16,14.0,greedy,1,opening,True,0,0.0,False
49,11,1,"[[1, 2], [2, 3]]","[2, 3]",8,1.333,0.0,16,14.0,greedy,1,opening,False,0.0,0.0,False
49,12,0,"[[4, 1], [3, 2]]","[3, 2]",9,1.6236,0.0,16,183.0,greedy,1,opening,False,0.0,0.0,False
49,13,1,"[[2, 1], [4, 3]]","[4, 3]",3,0.3593,0.0,16,183.0,greedy,1,opening,False,0.0,0.0,True
49,14,0,"[[6, 5], [5, 4]]","[5, 4]",7,1.1127,0.0,16,215.0,greedy,1,opening,False,0.0,0.0,False
49,15,1,"[[4, 3], [6, 5]]","[6, 5]",2,0.6762,0.0,16,215.0,greedy,1,opening,True,6.0,0.0,False
49,16,0,"[[7, 4], [5, 6]]","[5, 6]",3,0.628,0.0,16,221.0,greedy,1,opening,False,0.0,0.0,True
49,17,1,"[[0, 3], [1, 2]]","[1, 2]",7,1.7264,0.0,64,221.0,greedy,1,opening,False,0.0,0.0,True
49,18,0,"[[5, 6], [4, 5]]","[4, 5]",6,1.4818,0.0,64,221.0,greedy,1,opening,False,0.0,0.0,False
49,19,1,"[[1, 2], [2, 1]]","[2, 1]",7,1.2257,0.0,64,221.0,greedy,1,opening,False,0.0,0.0,True
49,20,0,"[[4, 5], [3, 4]]","[3, 4]",7,1.8902,0.0,64,221.0,greedy,1,midgame,True,0,0.0,False
49,21,1,"[[2, 3], [4, 5]]","[4, 5]",2,0.3018,0.0,64,221.0,greedy,1,midgame,False,0.0,0.0,False
49,22,0,"[[6, 7], [5, 6]]","[5, 6]",5,1.2648,0.0,64,228.0,greedy,1,midgame,False,0.0,0.0,False
49,23,1,"[[4, 5], [6, 7]]","[6, 7]",2,0.2811,0.0,64,228.0,greedy,1,midgame,False,0.0,0.0,False
49,24,0,"[[7, 2], [6, 1]]","[6, 1]",4,0.8187,0.0,64,244.0,greedy,1,midgame,False,0.0,0.0,False
49,25,1,"[[1, 4], [2, 3]]","[2, 3]",7,1.9851,0.0,64,244.0,greedy,1,midgame,True,0.0,0.0,True
49,26,0,"[[6, 1], [5, 0]]","[5, 0]",4,0.4303,0.0,64,244.0,greedy,1,midgame,False,0.0,0.0,False
49,27,1,"[[0, 5], [1, 4]]","[1, 4]",8,0.88,0.0,64,244.0,greedy,1,midgame,False,0.0,0.0,True
49,28,0,"[[5, 0], [4, 1]]","[4, 1]",3,0.2968,0.0,64,244.0,greedy,1,midgame,False,0.0,0.0,False
49,29,1,"[[1, 4], [2, 5]]","[2, 5]",8,0.9615,0.0,64,244.0,greedy,1,midgame,False,0.0,0.0,True
49,30,0,"[[4, 1], [3, 2]]","[3, 2]",4,0.591,0.0,64,244.0,greedy,1,midgame,True,0,0.0,False
49,31,1,"[[2, 1], [4, 3]]","[4, 3]",3,0.2573,0.0,64,244.0,greedy,1,midgame,False,0.0,0.0,True
49,32,0,"[[7, 6], [6, 5]]","[6, 5]",2,0.1466,0.0,64,289.0,greedy,1,midgame,False,0.0,0.0,False
49,33,1,"[[6, 7], [7, 6]]","[7, 6]",9,1.8702,0.0,64,289.0,greedy,1,midgame,False,0.0,0.0,True
49,34,0,"[[6, 5], [5, 4]]","[5, 4]",3,0.6442,0.0,64,289.0,greedy,1,midgame,False,0.0,0.0,False
49,35,1,"[[4, 3], [6, 5]]","[6, 5]",2,0.2432,0.0,64,289.0,greedy,1,midgame,True,2.0,0.0,False
