game,turn,player,move,land_square,nodes,time_ms,pruning_ratio,score_p0,score_p1,heuristic,depth,game_phase,suboptimal,score_deviation,score_loss,operator_blind
0,0,0,"[[6, 1], [5, 0]]","[5, 0]",21,7.2625,0.625,0,0,greedy,2,opening,False,0,0.0,False
0,1,1,"[[1, 0], [2, 1]]","[2, 1]",22,7.7384,0.6071,0,0,greedy,2,opening,False,0.0,0.0,True
0,2,0,"[[5, 0], [4, 1]]","[4, 1]",24,7.6787,0.625,0,1.0,greedy,2,opening,False,0.0,0.0,False
0,3,1,"[[2, 1], [3, 2]]","[3, 2]",37,9.0332,0.4219,0,1.0,greedy,2,opening,False,0.0,0.0,True
0,4,0,"[[4, 1], [2, 3]]","[2, 3]",4,0.5615,0.5,0,25.0,greedy,2,opening,False,0.0,0.0,False
0,5,1,"[[1, 2], [3, 4]]","[3, 4]",11,3.0398,0.3125,0,25.0,greedy,2,opening,True,13.0,0.0,True
0,6,0,"[[6, 3], [5, 2]]","[5, 2]",23,7.334,0.5893,0,38.0,greedy,2,opening,False,0.0,0.0,False
0,7,1,"[[3, 4], [4, 3]]","[4, 3]",35,12.9764,0.5139,0,38.0,greedy,2,opening,False,0.0,0.0,True
0,8,0,"[[5, 2], [3, 4]]","[3, 4]",9,2.9263,0.0,0,38.0,greedy,2,opening,False,0.0,0.0,False
0,9,1,"[[0, 1], [1, 0]]","[1, 0]",25,9.4855,0.5536,-12,38.0,greedy,2,opening,False,0.0,0.0,True
0,10,0,"[[6, 5], [5, 4]]","[5, 4]",24,7.2548,0.6667,-12,38.0,greedy,2,opening,True,0,0.0,False
0,11,1,"[[0, 3], [1, 2]]","[1, 2]",25,9.7888,0.4792,-12,38.0,greedy,2,opening,False,0.0,0.0,True
0,12,0,"[[5, 4], [4, 3]]","[4, 3]",30,9.6807,0.6591,-12,38.0,greedy,2,opening,False,0.0,0.0,False
0,13,1,"[[1, 2], [2, 3]]","[2, 3]",33,12.4025,0.4107,-12,38.0,greedy,2,opening,False,0.0,0.0,False
0,14,0,"[[3, 4], [1, 2]]","[1, 2]",7,1.0002,0.125,-12,119.0,greedy,2,opening,False,0.0,0.0,False
0,15,1,"[[1, 6], [2, 7]]","[2, 7]",40,6.5506,0.0,-20,119.0,greedy,2,opening,True,30.0,0.0,False
0,16,0,"[[1, 2], [0, 1]]","[0, 1]",31,9.9697,0.6477,-20,149.0,greedy,2,opening,False,0.0,0.0,False
0,17,1,"[[0, 5], [1, 6]]","[1, 6]",22,6.1328,0.5417,-20,149.0,greedy,2,opening,False,0.0,0.0,False
0,18,0,"[[0, 1], [1, 2]]","[1, 2]",27,8.6393,0.6625,-20,249.0,greedy,2,opening,False,0.0,0.0,False
0,19,1,"[[1, 0], [2, 1]]","[2, 1]",17,2.7699,0.575,-16,249.0,greedy,2,opening,False,0.0,0.0,False
0,20,0,"[[1, 2], [3, 0]]","[3, 0]",6,0.8011,0.25,-16,250.0,greedy,2,midgame,True,18,0.0,False
0,21,1,"[[2, 7], [3, 6]]","[3, 6]",35,9.5553,0.0,2,250.0,greedy,2,midgame,False,0.0,0.0,False
0,22,0,"[[3, 0], [2, 1]]","[2, 1]",30,8.2262,0.6591,2,250.0,greedy,2,midgame,False,0.0,0.0,False
0,23,1,"[[1, 6], [2, 7]]","[2, 7]",47,10.3209,0.0208,2,250.0,greedy,2,midgame,False,0.0,0.0,False
0,24,0,"[[2, 1], [1, 0]]","[1, 0]",31,6.4874,0.7019,2,270.0,greedy,2,midgame,False,0.0,0.0,True
0,25,1,"[[0, 7], [1, 6]]","[1, 6]",21,5.5079,0.475,2,270.0,greedy,2,midgame,True,0.0,0.0,True
0,26,0,"[[1, 0], [0, 1]]","[0, 1]",29,6.8798,0.6705,2,270.0,greedy,2,midgame,False,0.0,0.0,False
0,27,1,"[[3, 6], [4, 5]]","[4, 5]",41,6.4442,0.0,2,270.0,greedy,2,midgame,False,0.0,0.0,True
0,28,0,"[[0, 1], [1, 0]]","[1, 0]",31,6.9056,0.6477,2,270.0,greedy,2,midgame,False,0.0,0.0,True
0,29,1,"[[1, 4], [2, 3]]","[2, 3]",40,6.3331,0.1667,2,270.0,greedy,2,midgame,False,0.0,0.0,True
0,30,0,"[[1, 0], [0, 1]]","[0, 1]",29,4.5867,0.6705,2,270.0,greedy,2,midgame,True,0,0.0,False
0,31,1,"[[2, 7], [3, 6]]","[3, 6]",36,10.7236,0.25,2,270.0,greedy,2,midgame,False,0.0,0.0,False
0,32,0,"[[0, 1], [1, 0]]","[1, 0]",36,12.9919,0.5909,2,270.0,greedy,2,midgame,False,0.0,0.0,True
0,33,1,"[[1, 6], [2, 7]]","[2, 7]",42,11.8155,0.25,2,270.0,greedy,2,midgame,False,0.0,0.0,True
0,34,0,"[[1, 0], [0, 1]]","[0, 1]",39,12.7234,0.5568,2,292.0,greedy,2,midgame,False,0.0,0.0,False
0,35,1,"[[4, 5], [5, 6]]","[5, 6]",24,7.4353,0.4,2,292.0,greedy,2,midgame,True,225.0,0.0,False
0,36,0,"[[6, 7], [4, 5]]","[4, 5]",3,0.6821,0.625,2,517.0,greedy,2,midgame,False,0.0,0.0,False
0,37,1,"[[3, 6], [5, 4]]","[5, 4]",13,1.9338,0.0,20,517.0,greedy,2,midgame,False,0.0,0.0,False
0,38,0,"[[4, 3], [3, 2]]","[3, 2]",33,5.8661,0.625,20,547.0,greedy,2,midgame,False,0.0,0.0,False
0,39,1,"[[2, 3], [4, 1]]","[4, 1]",11,2.2342,0.0,20,547.0,greedy,2,midgame,False,0.0,0.0,False
0,40,0,"[[7, 4], [6, 3]]","[6, 3]",26,6.0694,0.6389,20,575.0,greedy,2,midgame,True,0,0.0,True
0,41,1,"[[4, 1], [5, 0]]","[5, 0]",9,0.9363,0.7188,20,575.0,greedy,2,midgame,False,0.0,0.0,True
0,42,0,"[[6, 3], [4, 5]]","[4, 5]",4,0.5977,0.5,20,575.0,greedy,2,midgame,False,0.0,0.0,False
0,43,1,"[[2, 7], [3, 6]]","[3, 6]",5,0.4439,0.6875,16,575.0,greedy,2,midgame,False,0.0,0.0,False
0,44,0,"[[4, 5], [2, 7]]","[2, 7]",3,0.3748,0.625,16,575.0,greedy,2,midgame,False,0.0,0.0,False
0,45,1,"[[5, 0], [6, 1]]","[6, 1]",4,0.3107,0.5,33,575.0,greedy,2,midgame,True,143.0,143.0,False
0,46,0,"[[7, 0], [5, 2]]","[5, 2]",3,0.221,0.8125,33,576.0,greedy,2,midgame,False,0.0,0.0,True
1,0,0,"[[6, 1], [5, 0]]","[5, 0]",21,5.2116,0.625,0,0,greedy,2,opening,False,0,0.0,False
1,1,1,"[[1, 0], [2, 1]]","[2, 1]",22,5.0733,0.6071,0,0,greedy,2,opening,False,0.0,0.0,True
1,2,0,"[[5, 0], [4, 1]]","[4, 1]",24,5.0733,0.625,0,1.0,greedy,2,opening,False,0.0,0.0,False
1,3,1,"[[2, 1], [3, 2]]","[3, 2]",37,11.4179,0.4219,0,1.0,greedy,2,opening,False,0.0,0.0,True
1,4,0,"[[4, 1], [2, 3]]","[2, 3]",4,0.838,0.5,0,25.0,greedy,2,opening,False,0.0,0.0,False
1,5,1,"[[1, 2], [3, 4]]","[3, 4]",11,3.325,0.3125,0,25.0,greedy,2,opening,True,13.0,0.0,True
1,6,0,"[[6, 3], [5, 2]]","[5, 2]",23,6.2611,0.5893,0,38.0,greedy,2,opening,False,0.0,0.0,False
1,7,1,"[[3, 4], [4, 3]]","[4, 3]",35,9.5663,0.5139,0,38.0,greedy,2,opening,False,0.0,0.0,True
1,8,0,"[[5, 2], [3, 4]]","[3, 4]",9,2.4898,0.0,0,38.0,greedy,2,opening,False,0.0,0.0,False
1,9,1,"[[0, 1], [1, 0]]","[1, 0]",25,5.8689,0.5536,-12,38.0,greedy,2,opening,False,0.0,0.0,True
1,10,0,"[[6, 5], [5, 4]]","[5, 4]",24,3.8953,0.6667,-12,38.0,greedy,2,opening,True,0,0.0,False
1,11,1,"[[0, 3], [1, 2]]","[1, 2]",25,9.1348,0.4792,-12,38.0,greedy,2,opening,False,0.0,0.0,True
1,12,0,"[[5, 4], [4, 3]]","[4, 3]",30,9.9204,0.6591,-12,38.0,greedy,2,opening,False,0.0,0.0,False
1,13,1,"[[1, 2], [2, 3]]","[2, 3]",33,11.2987,0.4107,-12,38.0,greedy,2,opening,False,0.0,0.0,False
1,14,0,"[[3, 4], [1, 2]]","[1, 2]",7,1.7517,0.125,-12,119.0,greedy,2,opening,False,0.0,0.0,False
1,15,1,"[[1, 6], [2, 7]]","[2, 7]",40,7.0324,0.0,-20,119.0,greedy,2,opening,True,30.0,0.0,False
1,16,0,"[[1, 2], [0, 1]]","[0, 1]",31,4.9593,0.6477,-20,149.0,greedy,2,opening,False,0.0,0.0,False
1,17,1,"[[0, 5], [1, 6]]","[1, 6]",22,4.4186,0.5417,-20,149.0,greedy,2,opening,False,0.0,0.0,False
1,18,0,"[[0, 1], [1, 2]]","[1, 2]",27,5.3821,0.6625,-20,249.0,greedy,2,opening,False,0.0,0.0,False
1,19,1,"[[1, 0], [2, 1]]","[2, 1]",17,5.2314,0.575,-16,249.0,greedy,2,opening,False,0.0,0.0,False
1,20,0,"[[1, 2], [3, 0]]","[3, 0]",6,1.5109,0.25,-16,250.0,greedy,2,midgame,True,18,0.0,False
1,21,1,"[[2, 7], [3, 6]]","[3, 6]",35,9.9897,0.0,2,250.0,greedy,2,midgame,False,0.0,0.0,False
1,22,0,"[[3, 0], [2, 1]]","[2, 1]",30,7.0536,0.6591,2,250.0,greedy,2,midgame,False,0.0,0.0,False
1,23,1,"[[1, 6], [2, 7]]","[2, 7]",47,13.1478,0.0208,2,250.0,greedy,2,midgame,False,0.0,0.0,False
1,24,0,"[[2, 1], [1, 0]]","[1, 0]",31,8.2753,0.7019,2,270.0,greedy,2,midgame,False,0.0,0.0,True
1,25,1,"[[0, 7], [1, 6]]","[1, 6]",21,4.6098,0.475,2,270.0,greedy,2,midgame,True,0.0,0.0,True
1,26,0,"[[1, 0], [0, 1]]","[0, 1]",29,7.7918,0.6705,2,270.0,greedy,2,midgame,False,0.0,0.0,False
1,27,1,"[[3, 6], [4, 5]]","[4, 5]",41,12.0158,0.0,2,270.0,greedy,2,midgame,False,0.0,0.0,True
1,28,0,"[[0, 1], [1, 0]]","[1, 0]",31,10.9813,0.6477,2,270.0,greedy,2,midgame,False,0.0,0.0,True
1,29,1,"[[1, 4], [2, 3]]","[2, 3]",40,11.1823,0.1667,2,270.0,greedy,2,midgame,False,0.0,0.0,True
1,30,0,"[[1, 0], [0, 1]]","[0, 1]",29,8.8716,0.6705,2,270.0,greedy,2,midgame,True,0,0.0,False
1,31,1,"[[2, 7], [3, 6]]","[3, 6]",36,9.8367,0.25,2,270.0,greedy,2,midgame,False,0.0,0.0,False
1,32,0,"[[0, 1], [1, 0]]","[1, 0]",36,11.255,0.5909,2,270.0,greedy,2,midgame,False,0.0,0.0,True
1,33,1,"[[1, 6], [2, 7]]","[2, 7]",42,12.2914,0.25,2,270.0,greedy,2,midgame,False,0.0,0.0,True
1,34,0,"[[1, 0], [0, 1]]","[0, 1]",39,11.5173,0.5568,2,292.0,greedy,2,midgame,False,0.0,0.0,False
1,35,1,"[[4, 5], [5, 6]]","[5, 6]",24,6.9716,0.4,2,292.0,greedy,2,midgame,True,225.0,0.0,False
1,36,0,"[[6, 7], [4, 5]]","[4, 5]",3,0.5455,0.625,2,517.0,greedy,2,midgame,False,0.0,0.0,False
1,37,1,"[[3, 6], [5, 4]]","[5, 4]",13,3.5403,0.0,20,517.0,greedy,2,midgame,False,0.0,0.0,False
1,38,0,"[[4, 3], [3, 2]]","[3, 2]",33,7.9689,0.625,20,547.0,greedy,2,midgame,False,0.0,0.0,False
1,39,1,"[[2, 3], [4, 1]]","[4, 1]",11,1.4069,0.0,20,547.0,greedy,2,midgame,False,0.0,0.0,False
1,40,0,"[[7, 4], [6, 3]]","[6, 3]",26,4.4563,0.6389,20,575.0,greedy,2,midgame,True,0,0.0,True
1,41,1,"[[4, 1], [5, 0]]","[5, 0]",9,0.9408,0.7188,20,575.0,greedy,2,midgame,False,0.0,0.0,True
1,42,0,"[[6, 3], [4, 5]]","[4, 5]",4,0.6027,0.5,20,575.0,greedy,2,midgame,False,0.0,0.0,False
1,43,1,"[[2, 7], [3, 6]]","[3, 6]",5,0.8037,0.6875,16,575.0,greedy,2,midgame,False,0.0,0.0,False
1,44,0,"[[4, 5], [2, 7]]","[2, 7]",3,0.7839,0.625,16,575.0,greedy,2,midgame,False,0.0,0.0,False
1,45,1,"[[5, 0], [6, 1]]","[6, 1]",4,0.5963,0.5,33,575.0,greedy,2,midgame,True,143.0,143.0,False
1,46,0,"[[7, 0], [5, 2]]","[5, 2]",3,0.4327,0.8125,33,576.0,greedy,2,midgame,False,0.0,0.0,True
2,0,0,"[[6, 1], [5, 0]]","[5, 0]",21,6.4414,0.625,0,0,greedy,2,opening,False,0,0.0,False
2,1,1,"[[1, 0], [2, 1]]","[2, 1]",22,6.1617,0.6071,0,0,greedy,2,opening,False,0.0,0.0,True
2,2,0,"[[5, 0], [4, 1]]","[4, 1]",24,18.0185,0.625,0,1.0,greedy,2,opening,False,0.0,0.0,False
2,3,1,"[[2, 1], [3, 2]]","[3, 2]",37,18.3611,0.4219,0,1.0,greedy,2,opening,False,0.0,0.0,True
2,4,0,"[[4, 1], [2, 3]]","[2, 3]",4,1.0324,0.5,0,25.0,greedy,2,opening,False,0.0,0.0,False
2,5,1,"[[1, 2], [3, 4]]","[3, 4]",11,3.3336,0.3125,0,25.0,greedy,2,opening,True,13.0,0.0,True
2,6,0,"[[6, 3], [5, 2]]","[5, 2]",23,6.4228,0.5893,0,38.0,greedy,2,opening,False,0.0,0.0,False
2,7,1,"[[3, 4], [4, 3]]","[4, 3]",35,6.7201,0.5139,0,38.0,greedy,2,opening,False,0.0,0.0,True
2,8,0,"[[5, 2], [3, 4]]","[3, 4]",9,1.5783,0.0,0,38.0,greedy,2,opening,False,0.0,0.0,False
2,9,1,"[[0, 1], [1, 0]]","[1, 0]",25,9.7969,0.5536,-12,38.0,greedy,2,opening,False,0.0,0.0,True
2,10,0,"[[6, 5], [5, 4]]","[5, 4]",24,6.8178,0.6667,-12,38.0,greedy,2,opening,True,0,0.0,False
2,11,1,"[[0, 3], [1, 2]]","[1, 2]",25,8.5022,0.4792,-12,38.0,greedy,2,opening,False,0.0,0.0,True
2,12,0,"[[5, 4], [4, 3]]","[4, 3]",30,9.7666,0.6591,-12,38.0,greedy,2,opening,False,0.0,0.0,False
2,13,1,"[[1, 2], [2, 3]]","[2, 3]",33,15.3794,0.4107,-12,38.0,greedy,2,opening,False,0.0,0.0,False
2,14,0,"[[3, 4], [1, 2]]","[1, 2]",7,1.8773,0.125,-12,119.0,greedy,2,opening,False,0.0,0.0,False
2,15,1,"[[1, 6], [2, 7]]","[2, 7]",40,14.0796,0.0,-20,119.0,greedy,2,opening,True,30.0,0.0,False
2,16,0,"[[1, 2], [0, 1]]","[0, 1]",31,9.9506,0.6477,-20,149.0,greedy,2,opening,False,0.0,0.0,False
2,17,1,"[[0, 5], [1, 6]]","[1, 6]",22,6.1617,0.5417,-20,149.0,greedy,2,opening,False,0.0,0.0,False
2,18,0,"[[0, 1], [1, 2]]","[1, 2]",27,6.659,0.6625,-20,249.0,greedy,2,opening,False,0.0,0.0,False
2,19,1,"[[1, 0], [2, 1]]","[2, 1]",17,2.7866,0.575,-16,249.0,greedy,2,opening,False,0.0,0.0,False
2,20,0,"[[1, 2], [3, 0]]","[3, 0]",6,0.8047,0.25,-16,250.0,greedy,2,midgame,True,18,0.0,False
2,21,1,"[[2, 7], [3, 6]]","[3, 6]",35,10.0074,0.0,2,250.0,greedy,2,midgame,False,0.0,0.0,False
2,22,0,"[[3, 0], [2, 1]]","[2, 1]",30,8.4805,0.6591,2,250.0,greedy,2,midgame,False,0.0,0.0,False
2,23,1,"[[1, 6], [2, 7]]","[2, 7]",47,7.3283,0.0208,2,250.0,greedy,2,midgame,False,0.0,0.0,False
2,24,0,"[[2, 1], [1, 0]]","[1, 0]",31,4.9443,0.7019,2,270.0,greedy,2,midgame,False,0.0,0.0,True
2,25,1,"[[0, 7], [1, 6]]","[1, 6]",21,4.2405,0.475,2,270.0,greedy,2,midgame,True,0.0,0.0,True
2,26,0,"[[1, 0], [0, 1]]","[0, 1]",29,4.3447,0.6705,2,270.0,greedy,2,midgame,False,0.0,0.0,False
2,27,1,"[[3, 6], [4, 5]]","[4, 5]",41,11.5781,0.0,2,270.0,greedy,2,midgame,False,0.0,0.0,True
2,28,0,"[[0, 1], [1, 0]]","[1, 0]",31,9.0468,0.6477,2,270.0,greedy,2,midgame,False,0.0,0.0,True
2,29,1,"[[1, 4], [2, 3]]","[2, 3]",40,7.8726,0.1667,2,270.0,greedy,2,midgame,False,0.0,0.0,True
2,30,0,"[[1, 0], [0, 1]]","[0, 1]",29,8.1286,0.6705,2,270.0,greedy,2,midgame,True,0,0.0,False
2,31,1,"[[2, 7], [3, 6]]","[3, 6]",36,5.7464,0.25,2,270.0,greedy,2,midgame,False,0.0,0.0,False
2,32,0,"[[0, 1], [1, 0]]","[1, 0]",36,6.5527,0.5909,2,270.0,greedy,2,midgame,False,0.0,0.0,True
2,33,1,"[[1, 6], [2, 7]]","[2, 7]",42,11.1504,0.25,2,270.0,greedy,2,midgame,False,0.0,0.0,True
2,34,0,"[[1, 0], [0, 1]]","[0, 1]",39,11.1582,0.5568,2,292.0,greedy,2,midgame,False,0.0,0.0,False
2,35,1,"[[4, 5], [5, 6]]","[5, 6]",24,7.3838,0.4,2,292.0,greedy,2,midgame,True,225.0,0.0,False
2,36,0,"[[6, 7], [4, 5]]","[4, 5]",3,0.5491,0.625,2,517.0,greedy,2,midgame,False,0.0,0.0,False
2,37,1,"[[3, 6], [5, 4]]","[5, 4]",13,3.5598,0.0,20,517.0,greedy,2,midgame,False,0.0,0.0,False
2,38,0,"[[4, 3], [3, 2]]","[3, 2]",33,10.3121,0.625,20,547.0,greedy,2,midgame,False,0.0,0.0,False
2,39,1,"[[2, 3], [4, 1]]","[4, 1]",11,2.6188,0.0,20,547.0,greedy,2,midgame,False,0.0,0.0,False
2,40,0,"[[7, 4], [6, 3]]","[6, 3]",26,7.1785,0.6389,20,575.0,greedy,2,midgame,True,0,0.0,True
2,41,1,"[[4, 1], [5, 0]]","[5, 0]",9,0.9406,0.7188,20,575.0,greedy,2,midgame,False,0.0,0.0,True
2,42,0,"[[6, 3], [4, 5]]","[4, 5]",4,1.3576,0.5,20,575.0,greedy,2,midgame,False,0.0,0.0,False
2,43,1,"[[2, 7], [3, 6]]","[3, 6]",5,0.4525,0.6875,16,575.0,greedy,2,midgame,False,0.0,0.0,False
2,44,0,"[[4, 5], [2, 7]]","[2, 7]",3,0.3748,0.625,16,575.0,greedy,2,midgame,False,0.0,0.0,False
2,45,1,"[[5, 0], [6, 1]]","[6, 1]",4,0.3171,0.5,33,575.0,greedy,2,midgame,True,143.0,143.0,False
2,46,0,"[[7, 0], [5, 2]]","[5, 2]",3,0.2193,0.8125,33,576.0,greedy,2,midgame,False,0.0,0.0,True
3,0,0,"[[6, 1], [5, 0]]","[5, 0]",21,3.7518,0.625,0,0,greedy,2,opening,False,0,0.0,False
3,1,1,"[[1, 0], [2, 1]]","[2, 1]",22,3.926,0.6071,0,0,greedy,2,opening,False,0.0,0.0,True
3,2,0,"[[5, 0], [4, 1]]","[4, 1]",24,6.1209,0.625,0,1.0,greedy,2,opening,False,0.0,0.0,False
3,3,1,"[[2, 1], [3, 2]]","[3, 2]",37,8.7581,0.4219,0,1.0,greedy,2,opening,False,0.0,0.0,True
3,4,0,"[[4, 1], [2, 3]]","[2, 3]",4,0.5591,0.5,0,25.0,greedy,2,opening,False,0.0,0.0,False
3,5,1,"[[1, 2], [3, 4]]","[3, 4]",11,3.7131,0.3125,0,25.0,greedy,2,opening,True,13.0,0.0,True
3,6,0,"[[6, 3], [5, 2]]","[5, 2]",23,5.8565,0.5893,0,38.0,greedy,2,opening,False,0.0,0.0,False
3,7,1,"[[3, 4], [4, 3]]","[4, 3]",35,10.7553,0.5139,0,38.0,greedy,2,opening,False,0.0,0.0,True
3,8,0,"[[5, 2], [3, 4]]","[3, 4]",9,1.5843,0.0,0,38.0,greedy,2,opening,False,0.0,0.0,False
3,9,1,"[[0, 1], [1, 0]]","[1, 0]",25,5.3761,0.5536,-12,38.0,greedy,2,opening,False,0.0,0.0,True
3,10,0,"[[6, 5], [5, 4]]","[5, 4]",24,6.5923,0.6667,-12,38.0,greedy,2,opening,True,0,0.0,False
3,11,1,"[[0, 3], [1, 2]]","[1, 2]",25,4.9608,0.4792,-12,38.0,greedy,2,opening,False,0.0,0.0,True
3,12,0,"[[5, 4], [4, 3]]","[4, 3]",30,5.3988,0.6591,-12,38.0,greedy,2,opening,False,0.0,0.0,False
3,13,1,"[[1, 2], [2, 3]]","[2, 3]",33,6.902,0.4107,-12,38.0,greedy,2,opening,False,0.0,0.0,False
3,14,0,"[[3, 4], [1, 2]]","[1, 2]",7,0.9928,0.125,-12,119.0,greedy,2,opening,False,0.0,0.0,False
3,15,1,"[[1, 6], [2, 7]]","[2, 7]",40,9.2323,0.0,-20,119.0,greedy,2,opening,True,30.0,0.0,False
3,16,0,"[[1, 2], [0, 1]]","[0, 1]",31,5.0154,0.6477,-20,149.0,greedy,2,opening,False,0.0,0.0,False
3,17,1,"[[0, 5], [1, 6]]","[1, 6]",22,3.7365,0.5417,-20,149.0,greedy,2,opening,False,0.0,0.0,False
3,18,0,"[[0, 1], [1, 2]]","[1, 2]",27,7.8409,0.6625,-20,249.0,greedy,2,opening,False,0.0,0.0,False
3,19,1,"[[1, 0], [2, 1]]","[2, 1]",17,6.2308,0.575,-16,249.0,greedy,2,opening,False,0.0,0.0,False
3,20,0,"[[1, 2], [3, 0]]","[3, 0]",6,0.8273,0.25,-16,250.0,greedy,2,midgame,True,18,0.0,False
3,21,1,"[[2, 7], [3, 6]]","[3, 6]",35,5.3427,0.0,2,250.0,greedy,2,midgame,False,0.0,0.0,False
3,22,0,"[[3, 0], [2, 1]]","[2, 1]",30,6.6023,0.6591,2,250.0,greedy,2,midgame,False,0.0,0.0,False
3,23,1,"[[1, 6], [2, 7]]","[2, 7]",47,7.6084,0.0208,2,250.0,greedy,2,midgame,False,0.0,0.0,False
3,24,0,"[[2, 1], [1, 0]]","[1, 0]",31,8.9097,0.7019,2,270.0,greedy,2,midgame,False,0.0,0.0,True
3,25,1,"[[0, 7], [1, 6]]","[1, 6]",21,5.5399,0.475,2,270.0,greedy,2,midgame,True,0.0,0.0,True
3,26,0,"[[1, 0], [0, 1]]","[0, 1]",29,7.4487,0.6705,2,270.0,greedy,2,midgame,False,0.0,0.0,False
3,27,1,"[[3, 6], [4, 5]]","[4, 5]",41,7.0286,0.0,2,270.0,greedy,2,midgame,False,0.0,0.0,True
3,28,0,"[[0, 1], [1, 0]]","[1, 0]",31,6.1045,0.6477,2,270.0,greedy,2,midgame,False,0.0,0.0,True
3,29,1,"[[1, 4], [2, 3]]","[2, 3]",40,10.2494,0.1667,2,270.0,greedy,2,midgame,False,0.0,0.0,True
3,30,0,"[[1, 0], [0, 1]]","[0, 1]",29,7.3502,0.6705,2,270.0,greedy,2,midgame,True,0,0.0,False
3,31,1,"[[2, 7], [3, 6]]","[3, 6]",36,5.6863,0.25,2,270.0,greedy,2,midgame,False,0.0,0.0,False
3,32,0,"[[0, 1], [1, 0]]","[1, 0]",36,9.4521,0.5909,2,270.0,greedy,2,midgame,False,0.0,0.0,True
3,33,1,"[[1, 6], [2, 7]]","[2, 7]",42,13.314,0.25,2,270.0,greedy,2,midgame,False,0.0,0.0,True
3,34,0,"[[1, 0], [0, 1]]","[0, 1]",39,7.1008,0.5568,2,292.0,greedy,2,midgame,False,0.0,0.0,False
3,35,1,"[[4, 5], [5, 6]]","[5, 6]",24,5.7137,0.4,2,292.0,greedy,2,midgame,True,225.0,0.0,False
3,36,0,"[[6, 7], [4, 5]]","[4, 5]",3,0.2999,0.625,2,517.0,greedy,2,midgame,False,0.0,0.0,False
3,37,1,"[[3, 6], [5, 4]]","[5, 4]",13,1.9093,0.0,20,517.0,greedy,2,midgame,False,0.0,0.0,False
3,38,0,"[[4, 3], [3, 2]]","[3, 2]",33,5.8653,0.625,20,547.0,greedy,2,midgame,False,0.0,0.0,False
3,39,1,"[[2, 3], [4, 1]]","[4, 1]",11,1.4031,0.0,20,547.0,greedy,2,midgame,False,0.0,0.0,False
3,40,0,"[[7, 4], [6, 3]]","[6, 3]",26,5.4681,0.6389,20,575.0,greedy,2,midgame,True,0,0.0,True
3,41,1,"[[4, 1], [5, 0]]","[5, 0]",9,0.9348,0.7188,20,575.0,greedy,2,midgame,False,0.0,0.0,True
3,42,0,"[[6, 3], [4, 5]]","[4, 5]",4,0.592,0.5,20,575.0,greedy,2,midgame,False,0.0,0.0,False
3,43,1,"[[2, 7], [3, 6]]","[3, 6]",5,0.4475,0.6875,16,575.0,greedy,2,midgame,False,0.0,0.0,False
3,44,0,"[[4, 5], [2, 7]]","[2, 7]",3,0.3765,0.625,16,575.0,greedy,2,midgame,False,0.0,0.0,False
3,45,1,"[[5, 0], [6, 1]]","[6, 1]",4,0.3128,0.5,33,575.0,greedy,2,midgame,True,143.0,143.0,False
3,46,0,"[[7, 0], [5, 2]]","[5, 2]",3,0.2229,0.8125,33,576.0,greedy,2,midgame,False,0.0,0.0,True
4,0,0,"[[6, 1], [5, 0]]","[5, 0]",21,3.7663,0.625,0,0,greedy,2,opening,False,0,0.0,False
4,1,1,"[[1, 0], [2, 1]]","[2, 1]",22,5.2381,0.6071,0,0,greedy,2,opening,False,0.0,0.0,True
4,2,0,"[[5, 0], [4, 1]]","[4, 1]",24,4.4219,0.625,0,1.0,greedy,2,opening,False,0.0,0.0,False
4,3,1,"[[2, 1], [3, 2]]","[3, 2]",37,12.1121,0.4219,0,1.0,greedy,2,opening,False,0.0,0.0,True
4,4,0,"[[4, 1], [2, 3]]","[2, 3]",4,1.0355,0.5,0,25.0,greedy,2,opening,False,0.0,0.0,False
4,5,1,"[[1, 2], [3, 4]]","[3, 4]",11,3.2051,0.3125,0,25.0,greedy,2,opening,True,13.0,0.0,True
4,6,0,"[[6, 3], [5, 2]]","[5, 2]",23,7.004,0.5893,0,38.0,greedy,2,opening,False,0.0,0.0,False
4,7,1,"[[3, 4], [4, 3]]","[4, 3]",35,6.7365,0.5139,0,38.0,greedy,2,opening,False,0.0,0.0,True
4,8,0,"[[5, 2], [3, 4]]","[3, 4]",9,1.838,0.0,0,38.0,greedy,2,opening,False,0.0,0.0,False
4,9,1,"[[0, 1], [1, 0]]","[1, 0]",25,8.4431,0.5536,-12,38.0,greedy,2,opening,False,0.0,0.0,True
4,10,0,"[[6, 5], [5, 4]]","[5, 4]",24,6.4685,0.6667,-12,38.0,greedy,2,opening,True,0,0.0,False
4,11,1,"[[0, 3], [1, 2]]","[1, 2]",25,7.9441,0.4792,-12,38.0,greedy,2,opening,False,0.0,0.0,True
4,12,0,"[[5, 4], [4, 3]]","[4, 3]",30,9.2785,0.6591,-12,38.0,greedy,2,opening,False,0.0,0.0,False
4,13,1,"[[1, 2], [2, 3]]","[2, 3]",33,12.7423,0.4107,-12,38.0,greedy,2,opening,False,0.0,0.0,False
4,14,0,"[[3, 4], [1, 2]]","[1, 2]",7,1.0152,0.125,-12,119.0,greedy,2,opening,False,0.0,0.0,False
4,15,1,"[[1, 6], [2, 7]]","[2, 7]",40,7.0786,0.0,-20,119.0,greedy,2,opening,True,30.0,0.0,False
4,16,0,"[[1, 2], [0, 1]]","[0, 1]",31,4.992,0.6477,-20,149.0,greedy,2,opening,False,0.0,0.0,False
4,17,1,"[[0, 5], [1, 6]]","[1, 6]",22,3.2673,0.5417,-20,149.0,greedy,2,opening,False,0.0,0.0,False
4,18,0,"[[0, 1], [1, 2]]","[1, 2]",27,7.1673,0.6625,-20,249.0,greedy,2,opening,False,0.0,0.0,False
4,19,1,"[[1, 0], [2, 1]]","[2, 1]",17,5.137,0.575,-16,249.0,greedy,2,opening,False,0.0,0.0,False
4,20,0,"[[1, 2], [3, 0]]","[3, 0]",6,1.5135,0.25,-16,250.0,greedy,2,midgame,True,18,0.0,False
4,21,1,"[[2, 7], [3, 6]]","[3, 6]",35,10.0904,0.0,2,250.0,greedy,2,midgame,False,0.0,0.0,False
4,22,0,"[[3, 0], [2, 1]]","[2, 1]",30,7.8554,0.6591,2,250.0,greedy,2,midgame,False,0.0,0.0,False
4,23,1,"[[1, 6], [2, 7]]","[2, 7]",47,13.5257,0.0208,2,250.0,greedy,2,midgame,False,0.0,0.0,False
4,24,0,"[[2, 1], [1, 0]]","[1, 0]",31,7.8316,0.7019,2,270.0,greedy,2,midgame,False,0.0,0.0,True
4,25,1,"[[0, 7], [1, 6]]","[1, 6]",21,4.612,0.475,2,270.0,greedy,2,midgame,True,0.0,0.0,True
4,26,0,"[[1, 0], [0, 1]]","[0, 1]",29,8.2157,0.6705,2,270.0,greedy,2,midgame,False,0.0,0.0,False
4,27,1,"[[3, 6], [4, 5]]","[4, 5]",41,6.4313,0.0,2,270.0,greedy,2,midgame,False,0.0,0.0,True
4,28,0,"[[0, 1], [1, 0]]","[1, 0]",31,4.8084,0.6477,2,270.0,greedy,2,midgame,False,0.0,0.0,True
4,29,1,"[[1, 4], [2, 3]]","[2, 3]",40,9.6407,0.1667,2,270.0,greedy,2,midgame,False,0.0,0.0,True
4,30,0,"[[1, 0], [0, 1]]","[0, 1]",29,4.6809,0.6705,2,270.0,greedy,2,midgame,True,0,0.0,False
4,31,1,"[[2, 7], [3, 6]]","[3, 6]",36,10.8614,0.25,2,270.0,greedy,2,midgame,False,0.0,0.0,False
4,32,0,"[[0, 1], [1, 0]]","[1, 0]",36,11.3268,0.5909,2,270.0,greedy,2,midgame,False,0.0,0.0,True
4,33,1,"[[1, 6], [2, 7]]","[2, 7]",42,11.5402,0.25,2,270.0,greedy,2,midgame,False,0.0,0.0,True
4,34,0,"[[1, 0], [0, 1]]","[0, 1]",39,13.2966,0.5568,2,292.0,greedy,2,midgame,False,0.0,0.0,False
4,35,1,"[[4, 5], [5, 6]]","[5, 6]",24,7.1356,0.4,2,292.0,greedy,2,midgame,True,225.0,0.0,False
4,36,0,"[[6, 7], [4, 5]]","[4, 5]",3,0.5517,0.625,2,517.0,greedy,2,midgame,False,0.0,0.0,False
4,37,1,"[[3, 6], [5, 4]]","[5, 4]",13,2.9483,0.0,20,517.0,greedy,2,midgame,False,0.0,0.0,False
4,38,0,"[[4, 3], [3, 2]]","[3, 2]",33,10.777,0.625,20,547.0,greedy,2,midgame,False,0.0,0.0,False
4,39,1,"[[2, 3], [4, 1]]","[4, 1]",11,1.4081,0.0,20,547.0,greedy,2,midgame,False,0.0,0.0,False
4,40,0,"[[7, 4], [6, 3]]","[6, 3]",26,5.3349,0.6389,20,575.0,greedy,2,midgame,True,0,0.0,True
4,41,1,"[[4, 1], [5, 0]]","[5, 0]",9,1.7204,0.7188,20,575.0,greedy,2,midgame,False,0.0,0.0,True
4,42,0,"[[6, 3], [4, 5]]","[4, 5]",4,1.0803,0.5,20,575.0,greedy,2,midgame,False,0.0,0.0,False
4,43,1,"[[2, 7], [3, 6]]","[3, 6]",5,0.8144,0.6875,16,575.0,greedy,2,midgame,False,0.0,0.0,False
4,44,0,"[[4, 5], [2, 7]]","[2, 7]",3,0.7389,0.625,16,575.0,greedy,2,midgame,False,0.0,0.0,False
4,45,1,"[[5, 0], [6, 1]]","[6, 1]",4,0.3202,0.5,33,575.0,greedy,2,midgame,True,143.0,143.0,False
4,46,0,"[[7, 0], [5, 2]]","[5, 2]",3,0.2186,0.8125,33,576.0,greedy,2,midgame,False,0.0,0.0,True
5,0,0,"[[6, 1], [5, 0]]","[5, 0]",21,3.7405,0.625,0,0,greedy,2,opening,False,0,0.0,False
5,1,1,"[[1, 0], [2, 1]]","[2, 1]",22,4.617,0.6071,0,0,greedy,2,opening,False,0.0,0.0,True
5,2,0,"[[5, 0], [4, 1]]","[4, 1]",24,4.9284,0.625,0,1.0,greedy,2,opening,False,0.0,0.0,False
5,3,1,"[[2, 1], [3, 2]]","[3, 2]",37,10.1464,0.4219,0,1.0,greedy,2,opening,False,0.0,0.0,True
5,4,0,"[[4, 1], [2, 3]]","[2, 3]",4,1.071,0.5,0,25.0,greedy,2,opening,False,0.0,0.0,False
5,5,1,"[[1, 2], [3, 4]]","[3, 4]",11,3.3648,0.3125,0,25.0,greedy,2,opening,True,13.0,0.0,True
5,6,0,"[[6, 3], [5, 2]]","[5, 2]",23,7.9775,0.5893,0,38.0,greedy,2,opening,False,0.0,0.0,False
5,7,1,"[[3, 4], [4, 3]]","[4, 3]",35,16.8302,0.5139,0,38.0,greedy,2,opening,False,0.0,0.0,True
5,8,0,"[[5, 2], [3, 4]]","[3, 4]",9,2.939,0.0,0,38.0,greedy,2,opening,False,0.0,0.0,False
5,9,1,"[[0, 1], [1, 0]]","[1, 0]",25,9.0652,0.5536,-12,38.0,greedy,2,opening,False,0.0,0.0,True
5,10,0,"[[6, 5], [5, 4]]","[5, 4]",24,3.9511,0.6667,-12,38.0,greedy,2,opening,True,0,0.0,False
5,11,1,"[[0, 3], [1, 2]]","[1, 2]",25,5.9943,0.4792,-12,38.0,greedy,2,opening,False,0.0,0.0,True
5,12,0,"[[5, 4], [4, 3]]","[4, 3]",30,8.7793,0.6591,-12,38.0,greedy,2,opening,False,0.0,0.0,False
5,13,1,"[[1, 2], [2, 3]]","[2, 3]",33,13.3955,0.4107,-12,38.0,greedy,2,opening,False,0.0,0.0,False
5,14,0,"[[3, 4], [1, 2]]","[1, 2]",7,1.8725,0.125,-12,119.0,greedy,2,opening,False,0.0,0.0,False
5,15,1,"[[1, 6], [2, 7]]","[2, 7]",40,16.9623,0.0,-20,119.0,greedy,2,opening,True,30.0,0.0,False
5,16,0,"[[1, 2], [0, 1]]","[0, 1]",31,5.8742,0.6477,-20,149.0,greedy,2,opening,False,0.0,0.0,False
5,17,1,"[[0, 5], [1, 6]]","[1, 6]",22,3.3989,0.5417,-20,149.0,greedy,2,opening,False,0.0,0.0,False
5,18,0,"[[0, 1], [1, 2]]","[1, 2]",27,6.3503,0.6625,-20,249.0,greedy,2,opening,False,0.0,0.0,False
5,19,1,"[[1, 0], [2, 1]]","[2, 1]",17,2.754,0.575,-16,249.0,greedy,2,opening,False,0.0,0.0,False
5,20,0,"[[1, 2], [3, 0]]","[3, 0]",6,0.7975,0.25,-16,250.0,greedy,2,midgame,True,18,0.0,False
5,21,1,"[[2, 7], [3, 6]]","[3, 6]",35,5.3992,0.0,2,250.0,greedy,2,midgame,False,0.0,0.0,False
5,22,0,"[[3, 0], [2, 1]]","[2, 1]",30,8.476,0.6591,2,250.0,greedy,2,midgame,False,0.0,0.0,False
5,23,1,"[[1, 6], [2, 7]]","[2, 7]",47,13.319,0.0208,2,250.0,greedy,2,midgame,False,0.0,0.0,False
5,24,0,"[[2, 1], [1, 0]]","[1, 0]",31,8.4224,0.7019,2,270.0,greedy,2,midgame,False,0.0,0.0,True
5,25,1,"[[0, 7], [1, 6]]","[1, 6]",21,3.2825,0.475,2,270.0,greedy,2,midgame,True,0.0,0.0,True
5,26,0,"[[1, 0], [0, 1]]","[0, 1]",29,4.3304,0.6705,2,270.0,greedy,2,midgame,False,0.0,0.0,False
5,27,1,"[[3, 6], [4, 5]]","[4, 5]",41,43.6232,0.0,2,270.0,greedy,2,midgame,False,0.0,0.0,True
5,28,0,"[[0, 1], [1, 0]]","[1, 0]",31,14.8251,0.6477,2,270.0,greedy,2,midgame,False,0.0,0.0,True
5,29,1,"[[1, 4], [2, 3]]","[2, 3]",40,44.7173,0.1667,2,270.0,greedy,2,midgame,False,0.0,0.0,True
5,30,0,"[[1, 0], [0, 1]]","[0, 1]",29,24.483,0.6705,2,270.0,greedy,2,midgame,True,0,0.0,False
5,31,1,"[[2, 7], [3, 6]]","[3, 6]",36,9.3277,0.25,2,270.0,greedy,2,midgame,False,0.0,0.0,False
5,32,0,"[[0, 1], [1, 0]]","[1, 0]",36,6.4616,0.5909,2,270.0,greedy,2,midgame,False,0.0,0.0,True
5,33,1,"[[1, 6], [2, 7]]","[2, 7]",42,13.1547,0.25,2,270.0,greedy,2,midgame,False,0.0,0.0,True
5,34,0,"[[1, 0], [0, 1]]","[0, 1]",39,8.8108,0.5568,2,292.0,greedy,2,midgame,False,0.0,0.0,False
5,35,1,"[[4, 5], [5, 6]]","[5, 6]",24,3.9089,0.4,2,292.0,greedy,2,midgame,True,225.0,0.0,False
5,36,0,"[[6, 7], [4, 5]]","[4, 5]",3,0.2949,0.625,2,517.0,greedy,2,midgame,False,0.0,0.0,False
5,37,1,"[[3, 6], [5, 4]]","[5, 4]",13,3.4776,0.0,20,517.0,greedy,2,midgame,False,0.0,0.0,False
5,38,0,"[[4, 3], [3, 2]]","[3, 2]",33,5.8968,0.625,20,547.0,greedy,2,midgame,False,0.0,0.0,False
5,39,1,"[[2, 3], [4, 1]]","[4, 1]",11,1.4119,0.0,20,547.0,greedy,2,midgame,False,0.0,0.0,False
5,40,0,"[[7, 4], [6, 3]]","[6, 3]",26,4.7674,0.6389,20,575.0,greedy,2,midgame,True,0,0.0,True
5,41,1,"[[4, 1], [5, 0]]","[5, 0]",9,2.2812,0.7188,20,575.0,greedy,2,midgame,False,0.0,0.0,True
5,42,0,"[[6, 3], [4, 5]]","[4, 5]",4,0.6011,0.5,20,575.0,greedy,2,midgame,False,0.0,0.0,False
5,43,1,"[[2, 7], [3, 6]]","[3, 6]",5,0.4451,0.6875,16,575.0,greedy,2,midgame,False,0.0,0.0,False
5,44,0,"[[4, 5], [2, 7]]","[2, 7]",3,0.3726,0.625,16,575.0,greedy,2,midgame,False,0.0,0.0,False
5,45,1,"[[5, 0], [6, 1]]","[6, 1]",4,0.3099,0.5,33,575.0,greedy,2,midgame,True,143.0,143.0,False
5,46,0,"[[7, 0], [5, 2]]","[5, 2]",3,0.2203,0.8125,33,576.0,greedy,2,midgame,False,0.0,0.0,True
6,0,0,"[[6, 1], [5, 0]]","[5, 0]",21,3.7727,0.625,0,0,greedy,2,opening,False,0,0.0,False
6,1,1,"[[1, 0], [2, 1]]","[2, 1]",22,6.3126,0.6071,0,0,greedy,2,opening,False,0.0,0.0,True
6,2,0,"[[5, 0], [4, 1]]","[4, 1]",24,5.2385,0.625,0,1.0,greedy,2,opening,False,0.0,0.0,False
6,3,1,"[[2, 1], [3, 2]]","[3, 2]",37,11.6136,0.4219,0,1.0,greedy,2,opening,False,0.0,0.0,True
6,4,0,"[[4, 1], [2, 3]]","[2, 3]",4,1.0338,0.5,0,25.0,greedy,2,opening,False,0.0,0.0,False
6,5,1,"[[1, 2], [3, 4]]","[3, 4]",11,3.3801,0.3125,0,25.0,greedy,2,opening,True,13.0,0.0,True
6,6,0,"[[6, 3], [5, 2]]","[5, 2]",23,7.9215,0.5893,0,38.0,greedy,2,opening,False,0.0,0.0,False
6,7,1,"[[3, 4], [4, 3]]","[4, 3]",35,10.9479,0.5139,0,38.0,greedy,2,opening,False,0.0,0.0,True
6,8,0,"[[5, 2], [3, 4]]","[3, 4]",9,1.8477,0.0,0,38.0,greedy,2,opening,False,0.0,0.0,False
6,9,1,"[[0, 1], [1, 0]]","[1, 0]",25,6.0885,0.5536,-12,38.0,greedy,2,opening,False,0.0,0.0,True
6,10,0,"[[6, 5], [5, 4]]","[5, 4]",24,3.9384,0.6667,-12,38.0,greedy,2,opening,True,0,0.0,False
6,11,1,"[[0, 3], [1, 2]]","[1, 2]",25,6.8393,0.4792,-12,38.0,greedy,2,opening,False,0.0,0.0,True
6,12,0,"[[5, 4], [4, 3]]","[4, 3]",30,8.533,0.6591,-12,38.0,greedy,2,opening,False,0.0,0.0,False
6,13,1,"[[1, 2], [2, 3]]","[2, 3]",33,11.9486,0.4107,-12,38.0,greedy,2,opening,False,0.0,0.0,False
6,14,0,"[[3, 4], [1, 2]]","[1, 2]",7,1.9507,0.125,-12,119.0,greedy,2,opening,False,0.0,0.0,False
6,15,1,"[[1, 6], [2, 7]]","[2, 7]",40,18.7948,0.0,-20,119.0,greedy,2,opening,True,30.0,0.0,False
6,16,0,"[[1, 2], [0, 1]]","[0, 1]",31,18.6541,0.6477,-20,149.0,greedy,2,opening,False,0.0,0.0,False
6,17,1,"[[0, 5], [1, 6]]","[1, 6]",22,5.7976,0.5417,-20,149.0,greedy,2,opening,False,0.0,0.0,False
6,18,0,"[[0, 1], [1, 2]]","[1, 2]",27,12.0673,0.6625,-20,249.0,greedy,2,opening,False,0.0,0.0,False
6,19,1,"[[1, 0], [2, 1]]","[2, 1]",17,10.8616,0.575,-16,249.0,greedy,2,opening,False,0.0,0.0,False
6,20,0,"[[1, 2], [3, 0]]","[3, 0]",6,2.1155,0.25,-16,250.0,greedy,2,midgame,True,18,0.0,False
6,21,1,"[[2, 7], [3, 6]]","[3, 6]",35,18.2471,0.0,2,250.0,greedy,2,midgame,False,0.0,0.0,False
6,22,0,"[[3, 0], [2, 1]]","[2, 1]",30,8.7926,0.6591,2,250.0,greedy,2,midgame,False,0.0,0.0,False
6,23,1,"[[1, 6], [2, 7]]","[2, 7]",47,16.8395,0.0208,2,250.0,greedy,2,midgame,False,0.0,0.0,False
6,24,0,"[[2, 1], [1, 0]]","[1, 0]",31,15.4865,0.7019,2,270.0,greedy,2,midgame,False,0.0,0.0,True
6,25,1,"[[0, 7], [1, 6]]","[1, 6]",21,11.3075,0.475,2,270.0,greedy,2,midgame,True,0.0,0.0,True
6,26,0,"[[1, 0], [0, 1]]","[0, 1]",29,14.0228,0.6705,2,270.0,greedy,2,midgame,False,0.0,0.0,False
6,27,1,"[[3, 6], [4, 5]]","[4, 5]",41,21.5445,0.0,2,270.0,greedy,2,midgame,False,0.0,0.0,True
6,28,0,"[[0, 1], [1, 0]]","[1, 0]",31,16.9644,0.6477,2,270.0,greedy,2,midgame,False,0.0,0.0,True
6,29,1,"[[1, 4], [2, 3]]","[2, 3]",40,20.9999,0.1667,2,270.0,greedy,2,midgame,False,0.0,0.0,True
6,30,0,"[[1, 0], [0, 1]]","[0, 1]",29,9.5861,0.6705,2,270.0,greedy,2,midgame,True,0,0.0,False
6,31,1,"[[2, 7], [3, 6]]","[3, 6]",36,19.3195,0.25,2,270.0,greedy,2,midgame,False,0.0,0.0,False
6,32,0,"[[0, 1], [1, 0]]","[1, 0]",36,6.5627,0.5909,2,270.0,greedy,2,midgame,False,0.0,0.0,True
6,33,1,"[[1, 6], [2, 7]]","[2, 7]",42,11.1048,0.25,2,270.0,greedy,2,midgame,False,0.0,0.0,True
6,34,0,"[[1, 0], [0, 1]]","[0, 1]",39,14.174,0.5568,2,292.0,greedy,2,midgame,False,0.0,0.0,False
6,35,1,"[[4, 5], [5, 6]]","[5, 6]",24,6.7902,0.4,2,292.0,greedy,2,midgame,True,225.0,0.0,False
6,36,0,"[[6, 7], [4, 5]]","[4, 5]",3,0.854,0.625,2,517.0,greedy,2,midgame,False,0.0,0.0,False
6,37,1,"[[3, 6], [5, 4]]","[5, 4]",13,1.9252,0.0,20,517.0,greedy,2,midgame,False,0.0,0.0,False
6,38,0,"[[4, 3], [3, 2]]","[3, 2]",33,5.904,0.625,20,547.0,greedy,2,midgame,False,0.0,0.0,False
6,39,1,"[[2, 3], [4, 1]]","[4, 1]",11,1.4255,0.0,20,547.0,greedy,2,midgame,False,0.0,0.0,False
6,40,0,"[[7, 4], [6, 3]]","[6, 3]",26,4.5013,0.6389,20,575.0,greedy,2,midgame,True,0,0.0,True
6,41,1,"[[4, 1], [5, 0]]","[5, 0]",9,0.9561,0.7188,20,575.0,greedy,2,midgame,False,0.0,0.0,True
6,42,0,"[[6, 3], [4, 5]]","[4, 5]",4,1.0264,0.5,20,575.0,greedy,2,midgame,False,0.0,0.0,False
6,43,1,"[[2, 7], [3, 6]]","[3, 6]",5,0.819,0.6875,16,575.0,greedy,2,midgame,False,0.0,0.0,False
6,44,0,"[[4, 5], [2, 7]]","[2, 7]",3,0.6759,0.625,16,575.0,greedy,2,midgame,False,0.0,0.0,False
6,45,1,"[[5, 0], [6, 1]]","[6, 1]",4,0.587,0.5,33,575.0,greedy,2,midgame,True,143.0,143.0,False
6,46,0,"[[7, 0], [5, 2]]","[5, 2]",3,0.4201,0.8125,33,576.0,greedy,2,midgame,False,0.0,0.0,True
7,0,0,"[[6, 1], [5, 0]]","[5, 0]",21,5.4257,0.625,0,0,greedy,2,opening,False,0,0.0,False
7,1,1,"[[1, 0], [2, 1]]","[2, 1]",22,7.0093,0.6071,0,0,greedy,2,opening,False,0.0,0.0,True
7,2,0,"[[5, 0], [4, 1]]","[4, 1]",24,6.9633,0.625,0,1.0,greedy,2,opening,False,0.0,0.0,False
7,3,1,"[[2, 1], [3, 2]]","[3, 2]",37,14.1044,0.4219,0,1.0,greedy,2,opening,False,0.0,0.0,True
7,4,0,"[[4, 1], [2, 3]]","[2, 3]",4,1.204,0.5,0,25.0,greedy,2,opening,False,0.0,0.0,False
7,5,1,"[[1, 2], [3, 4]]","[3, 4]",11,2.0282,0.3125,0,25.0,greedy,2,opening,True,13.0,0.0,True
7,6,0,"[[6, 3], [5, 2]]","[5, 2]",23,7.5233,0.5893,0,38.0,greedy,2,opening,False,0.0,0.0,False
7,7,1,"[[3, 4], [4, 3]]","[4, 3]",35,10.2568,0.5139,0,38.0,greedy,2,opening,False,0.0,0.0,True
7,8,0,"[[5, 2], [3, 4]]","[3, 4]",9,3.2101,0.0,0,38.0,greedy,2,opening,False,0.0,0.0,False
7,9,1,"[[0, 1], [1, 0]]","[1, 0]",25,7.5624,0.5536,-12,38.0,greedy,2,opening,False,0.0,0.0,True
7,10,0,"[[6, 5], [5, 4]]","[5, 4]",24,7.3662,0.6667,-12,38.0,greedy,2,opening,True,0,0.0,False
7,11,1,"[[0, 3], [1, 2]]","[1, 2]",25,8.3759,0.4792,-12,38.0,greedy,2,opening,False,0.0,0.0,True
7,12,0,"[[5, 4], [4, 3]]","[4, 3]",30,8.3928,0.6591,-12,38.0,greedy,2,opening,False,0.0,0.0,False
7,13,1,"[[1, 2], [2, 3]]","[2, 3]",33,9.0353,0.4107,-12,38.0,greedy,2,opening,False,0.0,0.0,False
7,14,0,"[[3, 4], [1, 2]]","[1, 2]",7,1.8706,0.125,-12,119.0,greedy,2,opening,False,0.0,0.0,False
7,15,1,"[[1, 6], [2, 7]]","[2, 7]",40,8.8396,0.0,-20,119.0,greedy,2,opening,True,30.0,0.0,False
7,16,0,"[[1, 2], [0, 1]]","[0, 1]",31,10.0832,0.6477,-20,149.0,greedy,2,opening,False,0.0,0.0,False
7,17,1,"[[0, 5], [1, 6]]","[1, 6]",22,3.2532,0.5417,-20,149.0,greedy,2,opening,False,0.0,0.0,False
7,18,0,"[[0, 1], [1, 2]]","[1, 2]",27,4.4754,0.6625,-20,249.0,greedy,2,opening,False,0.0,0.0,False
7,19,1,"[[1, 0], [2, 1]]","[2, 1]",17,6.5246,0.575,-16,249.0,greedy,2,opening,False,0.0,0.0,False
7,20,0,"[[1, 2], [3, 0]]","[3, 0]",6,2.176,0.25,-16,250.0,greedy,2,midgame,True,18,0.0,False
7,21,1,"[[2, 7], [3, 6]]","[3, 6]",35,14.8573,0.0,2,250.0,greedy,2,midgame,False,0.0,0.0,False
7,22,0,"[[3, 0], [2, 1]]","[2, 1]",30,12.2542,0.6591,2,250.0,greedy,2,midgame,False,0.0,0.0,False
7,23,1,"[[1, 6], [2, 7]]","[2, 7]",47,12.1627,0.0208,2,250.0,greedy,2,midgame,False,0.0,0.0,False
7,24,0,"[[2, 1], [1, 0]]","[1, 0]",31,4.4262,0.7019,2,270.0,greedy,2,midgame,False,0.0,0.0,True
7,25,1,"[[0, 7], [1, 6]]","[1, 6]",21,2.9159,0.475,2,270.0,greedy,2,midgame,True,0.0,0.0,True
7,26,0,"[[1, 0], [0, 1]]","[0, 1]",29,9.007,0.6705,2,270.0,greedy,2,midgame,False,0.0,0.0,False
7,27,1,"[[3, 6], [4, 5]]","[4, 5]",41,18.0478,0.0,2,270.0,greedy,2,midgame,False,0.0,0.0,True
7,28,0,"[[0, 1], [1, 0]]","[1, 0]",31,11.3294,0.6477,2,270.0,greedy,2,midgame,False,0.0,0.0,True
7,29,1,"[[1, 4], [2, 3]]","[2, 3]",40,20.3738,0.1667,2,270.0,greedy,2,midgame,False,0.0,0.0,True
7,30,0,"[[1, 0], [0, 1]]","[0, 1]",29,13.7641,0.6705,2,270.0,greedy,2,midgame,True,0,0.0,False
7,31,1,"[[2, 7], [3, 6]]","[3, 6]",36,10.7133,0.25,2,270.0,greedy,2,midgame,False,0.0,0.0,False
7,32,0,"[[0, 1], [1, 0]]","[1, 0]",36,11.4801,0.5909,2,270.0,greedy,2,midgame,False,0.0,0.0,True
7,33,1,"[[1, 6], [2, 7]]","[2, 7]",42,10.5057,0.25,2,270.0,greedy,2,midgame,False,0.0,0.0,True
7,34,0,"[[1, 0], [0, 1]]","[0, 1]",39,12.5742,0.5568,2,292.0,greedy,2,midgame,False,0.0,0.0,False
7,35,1,"[[4, 5], [5, 6]]","[5, 6]",24,7.1471,0.4,2,292.0,greedy,2,midgame,True,225.0,0.0,False
7,36,0,"[[6, 7], [4, 5]]","[4, 5]",3,0.545,0.625,2,517.0,greedy,2,midgame,False,0.0,0.0,False
7,37,1,"[[3, 6], [5, 4]]","[5, 4]",13,3.3414,0.0,20,517.0,greedy,2,midgame,False,0.0,0.0,False
7,38,0,"[[4, 3], [3, 2]]","[3, 2]",33,5.8591,0.625,20,547.0,greedy,2,midgame,False,0.0,0.0,False
7,39,1,"[[2, 3], [4, 1]]","[4, 1]",11,1.4498,0.0,20,547.0,greedy,2,midgame,False,0.0,0.0,False
7,40,0,"[[7, 4], [6, 3]]","[6, 3]",26,5.4102,0.6389,20,575.0,greedy,2,midgame,True,0,0.0,True
7,41,1,"[[4, 1], [5, 0]]","[5, 0]",9,1.7278,0.7188,20,575.0,greedy,2,midgame,False,0.0,0.0,True
7,42,0,"[[6, 3], [4, 5]]","[4, 5]",4,1.0865,0.5,20,575.0,greedy,2,midgame,False,0.0,0.0,False
7,43,1,"[[2, 7], [3, 6]]","[3, 6]",5,0.5803,0.6875,16,575.0,greedy,2,midgame,False,0.0,0.0,False
7,44,0,"[[4, 5], [2, 7]]","[2, 7]",3,0.4532,0.625,16,575.0,greedy,2,midgame,False,0.0,0.0,False
7,45,1,"[[5, 0], [6, 1]]","[6, 1]",4,0.5941,0.5,33,575.0,greedy,2,midgame,True,143.0,143.0,False
7,46,0,"[[7, 0], [5, 2]]","[5, 2]",3,0.4265,0.8125,33,576.0,greedy,2,midgame,False,0.0,0.0,True
8,0,0,"[[6, 1], [5, 0]]","[5, 0]",21,7.4518,0.625,0,0,greedy,2,opening,False,0,0.0,False
8,1,1,"[[1, 0], [2, 1]]","[2, 1]",22,3.9651,0.6071,0,0,greedy,2,opening,False,0.0,0.0,True
8,2,0,"[[5, 0], [4, 1]]","[4, 1]",24,4.4365,0.625,0,1.0,greedy,2,opening,False,0.0,0.0,False
8,3,1,"[[2, 1], [3, 2]]","[3, 2]",37,10.1407,0.4219,0,1.0,greedy,2,opening,False,0.0,0.0,True
8,4,0,"[[4, 1], [2, 3]]","[2, 3]",4,0.562,0.5,0,25.0,greedy,2,opening,False,0.0,0.0,False
8,5,1,"[[1, 2], [3, 4]]","[3, 4]",11,1.7803,0.3125,0,25.0,greedy,2,opening,True,13.0,0.0,True
8,6,0,"[[6, 3], [5, 2]]","[5, 2]",23,4.4832,0.5893,0,38.0,greedy,2,opening,False,0.0,0.0,False
8,7,1,"[[3, 4], [4, 3]]","[4, 3]",35,12.325,0.5139,0,38.0,greedy,2,opening,False,0.0,0.0,True
8,8,0,"[[5, 2], [3, 4]]","[3, 4]",9,2.8446,0.0,0,38.0,greedy,2,opening,False,0.0,0.0,False
8,9,1,"[[0, 1], [1, 0]]","[1, 0]",25,9.0175,0.5536,-12,38.0,greedy,2,opening,False,0.0,0.0,True
8,10,0,"[[6, 5], [5, 4]]","[5, 4]",24,5.7526,0.6667,-12,38.0,greedy,2,opening,True,0,0.0,False
8,11,1,"[[0, 3], [1, 2]]","[1, 2]",25,9.1095,0.4792,-12,38.0,greedy,2,opening,False,0.0,0.0,True
8,12,0,"[[5, 4], [4, 3]]","[4, 3]",30,6.9911,0.6591,-12,38.0,greedy,2,opening,False,0.0,0.0,False
8,13,1,"[[1, 2], [2, 3]]","[2, 3]",33,8.7333,0.4107,-12,38.0,greedy,2,opening,False,0.0,0.0,False
8,14,0,"[[3, 4], [1, 2]]","[1, 2]",7,1.9722,0.125,-12,119.0,greedy,2,opening,False,0.0,0.0,False
8,15,1,"[[1, 6], [2, 7]]","[2, 7]",40,11.7185,0.0,-20,119.0,greedy,2,opening,True,30.0,0.0,False
8,16,0,"[[1, 2], [0, 1]]","[0, 1]",31,6.0825,0.6477,-20,149.0,greedy,2,opening,False,0.0,0.0,False
8,17,1,"[[0, 5], [1, 6]]","[1, 6]",22,4.9567,0.5417,-20,149.0,greedy,2,opening,False,0.0,0.0,False
8,18,0,"[[0, 1], [1, 2]]","[1, 2]",27,9.119,0.6625,-20,249.0,greedy,2,opening,False,0.0,0.0,False
8,19,1,"[[1, 0], [2, 1]]","[2, 1]",17,4.7972,0.575,-16,249.0,greedy,2,opening,False,0.0,0.0,False
8,20,0,"[[1, 2], [3, 0]]","[3, 0]",6,1.7898,0.25,-16,250.0,greedy,2,midgame,True,18,0.0,False
8,21,1,"[[2, 7], [3, 6]]","[3, 6]",35,6.2973,0.0,2,250.0,greedy,2,midgame,False,0.0,0.0,False
8,22,0,"[[3, 0], [2, 1]]","[2, 1]",30,7.1783,0.6591,2,250.0,greedy,2,midgame,False,0.0,0.0,False
8,23,1,"[[1, 6], [2, 7]]","[2, 7]",47,13.5705,0.0208,2,250.0,greedy,2,midgame,False,0.0,0.0,False
8,24,0,"[[2, 1], [1, 0]]","[1, 0]",31,6.7232,0.7019,2,270.0,greedy,2,midgame,False,0.0,0.0,True
8,25,1,"[[0, 7], [1, 6]]","[1, 6]",21,4.071,0.475,2,270.0,greedy,2,midgame,True,0.0,0.0,True
8,26,0,"[[1, 0], [0, 1]]","[0, 1]",29,7.194,0.6705,2,270.0,greedy,2,midgame,False,0.0,0.0,False
8,27,1,"[[3, 6], [4, 5]]","[4, 5]",41,12.5999,0.0,2,270.0,greedy,2,midgame,False,0.0,0.0,True
8,28,0,"[[0, 1], [1, 0]]","[1, 0]",31,4.8411,0.6477,2,270.0,greedy,2,midgame,False,0.0,0.0,True
8,29,1,"[[1, 4], [2, 3]]","[2, 3]",40,6.9482,0.1667,2,270.0,greedy,2,midgame,False,0.0,0.0,True
8,30,0,"[[1, 0], [0, 1]]","[0, 1]",29,8.5726,0.6705,2,270.0,greedy,2,midgame,True,0,0.0,False
8,31,1,"[[2, 7], [3, 6]]","[3, 6]",36,10.4351,0.25,2,270.0,greedy,2,midgame,False,0.0,0.0,False
8,32,0,"[[0, 1], [1, 0]]","[1, 0]",36,13.0498,0.5909,2,270.0,greedy,2,midgame,False,0.0,0.0,True
8,33,1,"[[1, 6], [2, 7]]","[2, 7]",42,13.3982,0.25,2,270.0,greedy,2,midgame,False,0.0,0.0,True
8,34,0,"[[1, 0], [0, 1]]","[0, 1]",39,13.1531,0.5568,2,292.0,greedy,2,midgame,False,0.0,0.0,False
8,35,1,"[[4, 5], [5, 6]]","[5, 6]",24,3.9437,0.4,2,292.0,greedy,2,midgame,True,225.0,0.0,False
8,36,0,"[[6, 7], [4, 5]]","[4, 5]",3,0.2973,0.625,2,517.0,greedy,2,midgame,False,0.0,0.0,False
8,37,1,"[[3, 6], [5, 4]]","[5, 4]",13,1.9207,0.0,20,517.0,greedy,2,midgame,False,0.0,0.0,False
8,38,0,"[[4, 3], [3, 2]]","[3, 2]",33,7.9765,0.625,20,547.0,greedy,2,midgame,False,0.0,0.0,False
8,39,1,"[[2, 3], [4, 1]]","[4, 1]",11,1.4107,0.0,20,547.0,greedy,2,midgame,False,0.0,0.0,False
8,40,0,"[[7, 4], [6, 3]]","[6, 3]",26,3.8855,0.6389,20,575.0,greedy,2,midgame,True,0,0.0,True
8,41,1,"[[4, 1], [5, 0]]","[5, 0]",9,0.9351,0.7188,20,575.0,greedy,2,midgame,False,0.0,0.0,True
8,42,0,"[[6, 3], [4, 5]]","[4, 5]",4,0.5989,0.5,20,575.0,greedy,2,midgame,False,0.0,0.0,False
8,43,1,"[[2, 7], [3, 6]]","[3, 6]",5,0.819,0.6875,16,575.0,greedy,2,midgame,False,0.0,0.0,False
8,44,0,"[[4, 5], [2, 7]]","[2, 7]",3,0.6845,0.625,16,575.0,greedy,2,midgame,False,0.0,0.0,False
8,45,1,"[[5, 0], [6, 1]]","[6, 1]",4,0.592,0.5,33,575.0,greedy,2,midgame,True,143.0,143.0,False
8,46,0,"[[7, 0], [5, 2]]","[5, 2]",3,0.7544,0.8125,33,576.0,greedy,2,midgame,False,0.0,0.0,True
9,0,0,"[[6, 1], [5, 0]]","[5, 0]",21,7.0319,0.625,0,0,greedy,2,opening,False,0,0.0,False
9,1,1,"[[1, 0], [2, 1]]","[2, 1]",22,8.1928,0.6071,0,0,greedy,2,opening,False,0.0,0.0,True
9,2,0,"[[5, 0], [4, 1]]","[4, 1]",24,4.4262,0.625,0,1.0,greedy,2,opening,False,0.0,0.0,False
9,3,1,"[[2, 1], [3, 2]]","[3, 2]",37,13.8073,0.4219,0,1.0,greedy,2,opening,False,0.0,0.0,True
9,4,0,"[[4, 1], [2, 3]]","[2, 3]",4,0.5622,0.5,0,25.0,greedy,2,opening,False,0.0,0.0,False
9,5,1,"[[1, 2], [3, 4]]","[3, 4]",11,2.3656,0.3125,0,25.0,greedy,2,opening,True,13.0,0.0,True
9,6,0,"[[6, 3], [5, 2]]","[5, 2]",23,7.2649,0.5893,0,38.0,greedy,2,opening,False,0.0,0.0,False
9,7,1,"[[3, 4], [4, 3]]","[4, 3]",35,8.3463,0.5139,0,38.0,greedy,2,opening,False,0.0,0.0,True
9,8,0,"[[5, 2], [3, 4]]","[3, 4]",9,2.9221,0.0,0,38.0,greedy,2,opening,False,0.0,0.0,False
9,9,1,"[[0, 1], [1, 0]]","[1, 0]",25,7.1981,0.5536,-12,38.0,greedy,2,opening,False,0.0,0.0,True
9,10,0,"[[6, 5], [5, 4]]","[5, 4]",24,7.2639,0.6667,-12,38.0,greedy,2,opening,True,0,0.0,False
9,11,1,"[[0, 3], [1, 2]]","[1, 2]",25,9.2351,0.4792,-12,38.0,greedy,2,opening,False,0.0,0.0,True
9,12,0,"[[5, 4], [4, 3]]","[4, 3]",30,8.2295,0.6591,-12,38.0,greedy,2,opening,False,0.0,0.0,False
9,13,1,"[[1, 2], [2, 3]]","[2, 3]",33,6.9087,0.4107,-12,38.0,greedy,2,opening,False,0.0,0.0,False
9,14,0,"[[3, 4], [1, 2]]","[1, 2]",7,0.989,0.125,-12,119.0,greedy,2,opening,False,0.0,0.0,False
9,15,1,"[[1, 6], [2, 7]]","[2, 7]",40,8.575,0.0,-20,119.0,greedy,2,opening,True,30.0,0.0,False
9,16,0,"[[1, 2], [0, 1]]","[0, 1]",31,5.0302,0.6477,-20,149.0,greedy,2,opening,False,0.0,0.0,False
9,17,1,"[[0, 5], [1, 6]]","[1, 6]",22,4.0531,0.5417,-20,149.0,greedy,2,opening,False,0.0,0.0,False
9,18,0,"[[0, 1], [1, 2]]","[1, 2]",27,7.5467,0.6625,-20,249.0,greedy,2,opening,False,0.0,0.0,False
9,19,1,"[[1, 0], [2, 1]]","[2, 1]",17,4.699,0.575,-16,249.0,greedy,2,opening,False,0.0,0.0,False
9,20,0,"[[1, 2], [3, 0]]","[3, 0]",6,1.5099,0.25,-16,250.0,greedy,2,midgame,True,18,0.0,False
9,21,1,"[[2, 7], [3, 6]]","[3, 6]",35,10.0024,0.0,2,250.0,greedy,2,midgame,False,0.0,0.0,False
9,22,0,"[[3, 0], [2, 1]]","[2, 1]",30,7.7784,0.6591,2,250.0,greedy,2,midgame,False,0.0,0.0,False
9,23,1,"[[1, 6], [2, 7]]","[2, 7]",47,13.5462,0.0208,2,250.0,greedy,2,midgame,False,0.0,0.0,False
9,24,0,"[[2, 1], [1, 0]]","[1, 0]",31,7.5116,0.7019,2,270.0,greedy,2,midgame,False,0.0,0.0,True
9,25,1,"[[0, 7], [1, 6]]","[1, 6]",21,4.3371,0.475,2,270.0,greedy,2,midgame,True,0.0,0.0,True
9,26,0,"[[1, 0], [0, 1]]","[0, 1]",29,8.0934,0.6705,2,270.0,greedy,2,midgame,False,0.0,0.0,False
9,27,1,"[[3, 6], [4, 5]]","[4, 5]",41,11.1594,0.0,2,270.0,greedy,2,midgame,False,0.0,0.0,True
9,28,0,"[[0, 1], [1, 0]]","[1, 0]",31,8.0414,0.6477,2,270.0,greedy,2,midgame,False,0.0,0.0,True
9,29,1,"[[1, 4], [2, 3]]","[2, 3]",40,11.6735,0.1667,2,270.0,greedy,2,midgame,False,0.0,0.0,True
9,30,0,"[[1, 0], [0, 1]]","[0, 1]",29,8.5456,0.6705,2,270.0,greedy,2,midgame,True,0,0.0,False
9,31,1,"[[2, 7], [3, 6]]","[3, 6]",36,10.633,0.25,2,270.0,greedy,2,midgame,False,0.0,0.0,False
9,32,0,"[[0, 1], [1, 0]]","[1, 0]",36,12.0635,0.5909,2,270.0,greedy,2,midgame,False,0.0,0.0,True
9,33,1,"[[1, 6], [2, 7]]","[2, 7]",42,12.8284,0.25,2,270.0,greedy,2,midgame,False,0.0,0.0,True
9,34,0,"[[1, 0], [0, 1]]","[0, 1]",39,10.8204,0.5568,2,292.0,greedy,2,midgame,False,0.0,0.0,False
9,35,1,"[[4, 5], [5, 6]]","[5, 6]",24,6.7835,0.4,2,292.0,greedy,2,midgame,True,225.0,0.0,False
9,36,0,"[[6, 7], [4, 5]]","[4, 5]",3,0.5496,0.625,2,517.0,greedy,2,midgame,False,0.0,0.0,False
9,37,1,"[[3, 6], [5, 4]]","[5, 4]",13,3.2427,0.0,20,517.0,greedy,2,midgame,False,0.0,0.0,False
9,38,0,"[[4, 3], [3, 2]]","[3, 2]",33,10.0043,0.625,20,547.0,greedy,2,midgame,False,0.0,0.0,False
9,39,1,"[[2, 3], [4, 1]]","[4, 1]",11,2.65,0.0,20,547.0,greedy,2,midgame,False,0.0,0.0,False
9,40,0,"[[7, 4], [6, 3]]","[6, 3]",26,7.2372,0.6389,20,575.0,greedy,2,midgame,True,0,0.0,True
9,41,1,"[[4, 1], [5, 0]]","[5, 0]",9,1.7157,0.7188,20,575.0,greedy,2,midgame,False,0.0,0.0,True
9,42,0,"[[6, 3], [4, 5]]","[4, 5]",4,1.1401,0.5,20,575.0,greedy,2,midgame,False,0.0,0.0,False
9,43,1,"[[2, 7], [3, 6]]","[3, 6]",5,0.8245,0.6875,16,575.0,greedy,2,midgame,False,0.0,0.0,False
9,44,0,"[[4, 5], [2, 7]]","[2, 7]",3,0.6826,0.625,16,575.0,greedy,2,midgame,False,0.0,0.0,False
9,45,1,"[[5, 0], [6, 1]]","[6, 1]",4,0.5939,0.5,33,575.0,greedy,2,midgame,True,143.0,143.0,False
9,46,0,"[[7, 0], [5, 2]]","[5, 2]",3,0.4208,0.8125,33,576.0,greedy,2,midgame,False,0.0,0.0,True
10,0,0,"[[6, 1], [5, 0]]","[5, 0]",21,6.2983,0.625,0,0,greedy,2,opening,False,0,0.0,False
10,1,1,"[[1, 0], [2, 1]]","[2, 1]",22,4.4541,0.6071,0,0,greedy,2,opening,False,0.0,0.0,True
10,2,0,"[[5, 0], [4, 1]]","[4, 1]",24,4.4243,0.625,0,1.0,greedy,2,opening,False,0.0,0.0,False
10,3,1,"[[2, 1], [3, 2]]","[3, 2]",37,16.8519,0.4219,0,1.0,greedy,2,opening,False,0.0,0.0,True
10,4,0,"[[4, 1], [2, 3]]","[2, 3]",4,1.4336,0.5,0,25.0,greedy,2,opening,False,0.0,0.0,False
10,5,1,"[[1, 2], [3, 4]]","[3, 4]",11,2.7404,0.3125,0,25.0,greedy,2,opening,True,13.0,0.0,True
10,6,0,"[[6, 3], [5, 2]]","[5, 2]",23,7.2327,0.5893,0,38.0,greedy,2,opening,False,0.0,0.0,False
10,7,1,"[[3, 4], [4, 3]]","[4, 3]",35,21.6,0.5139,0,38.0,greedy,2,opening,False,0.0,0.0,True
10,8,0,"[[5, 2], [3, 4]]","[3, 4]",9,4.5934,0.0,0,38.0,greedy,2,opening,False,0.0,0.0,False
10,9,1,"[[0, 1], [1, 0]]","[1, 0]",25,9.7632,0.5536,-12,38.0,greedy,2,opening,False,0.0,0.0,True
10,10,0,"[[6, 5], [5, 4]]","[5, 4]",24,3.9136,0.6667,-12,38.0,greedy,2,opening,True,0,0.0,False
10,11,1,"[[0, 3], [1, 2]]","[1, 2]",25,5.0104,0.4792,-12,38.0,greedy,2,opening,False,0.0,0.0,True
10,12,0,"[[5, 4], [4, 3]]","[4, 3]",30,6.3987,0.6591,-12,38.0,greedy,2,opening,False,0.0,0.0,False
10,13,1,"[[1, 2], [2, 3]]","[2, 3]",33,6.8941,0.4107,-12,38.0,greedy,2,opening,False,0.0,0.0,False
10,14,0,"[[3, 4], [1, 2]]","[1, 2]",7,1.8191,0.125,-12,119.0,greedy,2,opening,False,0.0,0.0,False
10,15,1,"[[1, 6], [2, 7]]","[2, 7]",40,6.572,0.0,-20,119.0,greedy,2,opening,True,30.0,0.0,False
10,16,0,"[[1, 2], [0, 1]]","[0, 1]",31,5.0061,0.6477,-20,149.0,greedy,2,opening,False,0.0,0.0,False
10,17,1,"[[0, 5], [1, 6]]","[1, 6]",22,6.3782,0.5417,-20,149.0,greedy,2,opening,False,0.0,0.0,False
10,18,0,"[[0, 1], [1, 2]]","[1, 2]",27,8.5704,0.6625,-20,249.0,greedy,2,opening,False,0.0,0.0,False
10,19,1,"[[1, 0], [2, 1]]","[2, 1]",17,2.7909,0.575,-16,249.0,greedy,2,opening,False,0.0,0.0,False
10,20,0,"[[1, 2], [3, 0]]","[3, 0]",6,0.8292,0.25,-16,250.0,greedy,2,midgame,True,18,0.0,False
10,21,1,"[[2, 7], [3, 6]]","[3, 6]",35,5.3539,0.0,2,250.0,greedy,2,midgame,False,0.0,0.0,False
10,22,0,"[[3, 0], [2, 1]]","[2, 1]",30,6.9785,0.6591,2,250.0,greedy,2,midgame,False,0.0,0.0,False
10,23,1,"[[1, 6], [2, 7]]","[2, 7]",47,12.1622,0.0208,2,250.0,greedy,2,midgame,False,0.0,0.0,False
10,24,0,"[[2, 1], [1, 0]]","[1, 0]",31,7.2198,0.7019,2,270.0,greedy,2,midgame,False,0.0,0.0,True
10,25,1,"[[0, 7], [1, 6]]","[1, 6]",21,5.5964,0.475,2,270.0,greedy,2,midgame,True,0.0,0.0,True
10,26,0,"[[1, 0], [0, 1]]","[0, 1]",29,8.1151,0.6705,2,270.0,greedy,2,midgame,False,0.0,0.0,False
10,27,1,"[[3, 6], [4, 5]]","[4, 5]",41,9.9561,0.0,2,270.0,greedy,2,midgame,False,0.0,0.0,True
10,28,0,"[[0, 1], [1, 0]]","[1, 0]",31,6.2127,0.6477,2,270.0,greedy,2,midgame,False,0.0,0.0,True
10,29,1,"[[1, 4], [2, 3]]","[2, 3]",40,8.9233,0.1667,2,270.0,greedy,2,midgame,False,0.0,0.0,True
10,30,0,"[[1, 0], [0, 1]]","[0, 1]",29,5.1253,0.6705,2,270.0,greedy,2,midgame,True,0,0.0,False
10,31,1,"[[2, 7], [3, 6]]","[3, 6]",36,9.1763,0.25,2,270.0,greedy,2,midgame,False,0.0,0.0,False
10,32,0,"[[0, 1], [1, 0]]","[1, 0]",36,6.9814,0.5909,2,270.0,greedy,2,midgame,False,0.0,0.0,True
10,33,1,"[[1, 6], [2, 7]]","[2, 7]",42,12.4924,0.25,2,270.0,greedy,2,midgame,False,0.0,0.0,True
10,34,0,"[[1, 0], [0, 1]]","[0, 1]",39,11.3459,0.5568,2,292.0,greedy,2,midgame,False,0.0,0.0,False
10,35,1,"[[4, 5], [5, 6]]","[5, 6]",24,7.5049,0.4,2,292.0,greedy,2,midgame,True,225.0,0.0,False
10,36,0,"[[6, 7], [4, 5]]","[4, 5]",3,0.5503,0.625,2,517.0,greedy,2,midgame,False,0.0,0.0,False
10,37,1,"[[3, 6], [5, 4]]","[5, 4]",13,2.2352,0.0,20,517.0,greedy,2,midgame,False,0.0,0.0,False
10,38,0,"[[4, 3], [3, 2]]","[3, 2]",33,5.8918,0.625,20,547.0,greedy,2,midgame,False,0.0,0.0,False
10,39,1,"[[2, 3], [4, 1]]","[4, 1]",11,1.4043,0.0,20,547.0,greedy,2,midgame,False,0.0,0.0,False
10,40,0,"[[7, 4], [6, 3]]","[6, 3]",26,6.1944,0.6389,20,575.0,greedy,2,midgame,True,0,0.0,True
10,41,1,"[[4, 1], [5, 0]]","[5, 0]",9,0.941,0.7188,20,575.0,greedy,2,midgame,False,0.0,0.0,True
10,42,0,"[[6, 3], [4, 5]]","[4, 5]",4,0.5958,0.5,20,575.0,greedy,2,midgame,False,0.0,0.0,False
10,43,1,"[[2, 7], [3, 6]]","[3, 6]",5,0.4461,0.6875,16,575.0,greedy,2,midgame,False,0.0,0.0,False
10,44,0,"[[4, 5], [2, 7]]","[2, 7]",3,0.3774,0.625,16,575.0,greedy,2,midgame,False,0.0,0.0,False
10,45,1,"[[5, 0], [6, 1]]","[6, 1]",4,0.3102,0.5,33,575.0,greedy,2,midgame,True,143.0,143.0,False
10,46,0,"[[7, 0], [5, 2]]","[5, 2]",3,0.2186,0.8125,33,576.0,greedy,2,midgame,False,0.0,0.0,True
11,0,0,"[[6, 1], [5, 0]]","[5, 0]",21,3.7656,0.625,0,0,greedy,2,opening,False,0,0.0,False
11,1,1,"[[1, 0], [2, 1]]","[2, 1]",22,5.8391,0.6071,0,0,greedy,2,opening,False,0.0,0.0,True
11,2,0,"[[5, 0], [4, 1]]","[4, 1]",24,4.4165,0.625,0,1.0,greedy,2,opening,False,0.0,0.0,False
11,3,1,"[[2, 1], [3, 2]]","[3, 2]",37,11.8465,0.4219,0,1.0,greedy,2,opening,False,0.0,0.0,True
11,4,0,"[[4, 1], [2, 3]]","[2, 3]",4,0.8891,0.5,0,25.0,greedy,2,opening,False,0.0,0.0,False
11,5,1,"[[1, 2], [3, 4]]","[3, 4]",11,3.3252,0.3125,0,25.0,greedy,2,opening,True,13.0,0.0,True
11,6,0,"[[6, 3], [5, 2]]","[5, 2]",23,6.9292,0.5893,0,38.0,greedy,2,opening,False,0.0,0.0,False
11,7,1,"[[3, 4], [4, 3]]","[4, 3]",35,12.5856,0.5139,0,38.0,greedy,2,opening,False,0.0,0.0,True
11,8,0,"[[5, 2], [3, 4]]","[3, 4]",9,1.5852,0.0,0,38.0,greedy,2,opening,False,0.0,0.0,False
11,9,1,"[[0, 1], [1, 0]]","[1, 0]",25,5.3833,0.5536,-12,38.0,greedy,2,opening,False,0.0,0.0,True
11,10,0,"[[6, 5], [5, 4]]","[5, 4]",24,4.3283,0.6667,-12,38.0,greedy,2,opening,True,0,0.0,False
11,11,1,"[[0, 3], [1, 2]]","[1, 2]",25,7.061,0.4792,-12,38.0,greedy,2,opening,False,0.0,0.0,True
11,12,0,"[[5, 4], [4, 3]]","[4, 3]",30,5.065,0.6591,-12,38.0,greedy,2,opening,False,0.0,0.0,False
11,13,1,"[[1, 2], [2, 3]]","[2, 3]",33,7.0236,0.4107,-12,38.0,greedy,2,opening,False,0.0,0.0,False
11,14,0,"[[3, 4], [1, 2]]","[1, 2]",7,1.0061,0.125,-12,119.0,greedy,2,opening,False,0.0,0.0,False
11,15,1,"[[1, 6], [2, 7]]","[2, 7]",40,12.7909,0.0,-20,119.0,greedy,2,opening,True,30.0,0.0,False
11,16,0,"[[1, 2], [0, 1]]","[0, 1]",31,9.4464,0.6477,-20,149.0,greedy,2,opening,False,0.0,0.0,False
11,17,1,"[[0, 5], [1, 6]]","[1, 6]",22,3.2716,0.5417,-20,149.0,greedy,2,opening,False,0.0,0.0,False
11,18,0,"[[0, 1], [1, 2]]","[1, 2]",27,4.9758,0.6625,-20,249.0,greedy,2,opening,False,0.0,0.0,False
11,19,1,"[[1, 0], [2, 1]]","[2, 1]",17,3.8421,0.575,-16,249.0,greedy,2,opening,False,0.0,0.0,False
11,20,0,"[[1, 2], [3, 0]]","[3, 0]",6,0.8175,0.25,-16,250.0,greedy,2,midgame,True,18,0.0,False
11,21,1,"[[2, 7], [3, 6]]","[3, 6]",35,5.326,0.0,2,250.0,greedy,2,midgame,False,0.0,0.0,False
11,22,0,"[[3, 0], [2, 1]]","[2, 1]",30,7.1144,0.6591,2,250.0,greedy,2,midgame,False,0.0,0.0,False
11,23,1,"[[1, 6], [2, 7]]","[2, 7]",47,7.7493,0.0208,2,250.0,greedy,2,midgame,False,0.0,0.0,False
11,24,0,"[[2, 1], [1, 0]]","[1, 0]",31,4.4134,0.7019,2,270.0,greedy,2,midgame,False,0.0,0.0,True
11,25,1,"[[0, 7], [1, 6]]","[1, 6]",21,5.6934,0.475,2,270.0,greedy,2,midgame,True,0.0,0.0,True
11,26,0,"[[1, 0], [0, 1]]","[0, 1]",29,7.2429,0.6705,2,270.0,greedy,2,midgame,False,0.0,0.0,False
11,27,1,"[[3, 6], [4, 5]]","[4, 5]",41,12.0018,0.0,2,270.0,greedy,2,midgame,False,0.0,0.0,True
11,28,0,"[[0, 1], [1, 0]]","[1, 0]",31,7.0596,0.6477,2,270.0,greedy,2,midgame,False,0.0,0.0,True
11,29,1,"[[1, 4], [2, 3]]","[2, 3]",40,6.2668,0.1667,2,270.0,greedy,2,midgame,False,0.0,0.0,True
11,30,0,"[[1, 0], [0, 1]]","[0, 1]",29,7.0069,0.6705,2,270.0,greedy,2,midgame,True,0,0.0,False
11,31,1,"[[2, 7], [3, 6]]","[3, 6]",36,11.1241,0.25,2,270.0,greedy,2,midgame,False,0.0,0.0,False
11,32,0,"[[0, 1], [1, 0]]","[1, 0]",36,6.5446,0.5909,2,270.0,greedy,2,midgame,False,0.0,0.0,True
11,33,1,"[[1, 6], [2, 7]]","[2, 7]",42,8.5013,0.25,2,270.0,greedy,2,midgame,False,0.0,0.0,True
11,34,0,"[[1, 0], [0, 1]]","[0, 1]",39,13.6552,0.5568,2,292.0,greedy,2,midgame,False,0.0,0.0,False
11,35,1,"[[4, 5], [5, 6]]","[5, 6]",24,7.1614,0.4,2,292.0,greedy,2,midgame,True,225.0,0.0,False
11,36,0,"[[6, 7], [4, 5]]","[4, 5]",3,0.5443,0.625,2,517.0,greedy,2,midgame,False,0.0,0.0,False
11,37,1,"[[3, 6], [5, 4]]","[5, 4]",13,4.5042,0.0,20,517.0,greedy,2,midgame,False,0.0,0.0,False
11,38,0,"[[4, 3], [3, 2]]","[3, 2]",33,10.7136,0.625,20,547.0,greedy,2,midgame,False,0.0,0.0,False
11,39,1,"[[2, 3], [4, 1]]","[4, 1]",11,3.1455,0.0,20,547.0,greedy,2,midgame,False,0.0,0.0,False
11,40,0,"[[7, 4], [6, 3]]","[6, 3]",26,5.7242,0.6389,20,575.0,greedy,2,midgame,True,0,0.0,True
11,41,1,"[[4, 1], [5, 0]]","[5, 0]",9,1.729,0.7188,20,575.0,greedy,2,midgame,False,0.0,0.0,True
11,42,0,"[[6, 3], [4, 5]]","[4, 5]",4,1.0817,0.5,20,575.0,greedy,2,midgame,False,0.0,0.0,False
11,43,1,"[[2, 7], [3, 6]]","[3, 6]",5,0.8216,0.6875,16,575.0,greedy,2,midgame,False,0.0,0.0,False
11,44,0,"[[4, 5], [2, 7]]","[2, 7]",3,0.6847,0.625,16,575.0,greedy,2,midgame,False,0.0,0.0,False
11,45,1,"[[5, 0], [6, 1]]","[6, 1]",4,0.879,0.5,33,575.0,greedy,2,midgame,True,143.0,143.0,False
11,46,0,"[[7, 0], [5, 2]]","[5, 2]",3,0.433,0.8125,33,576.0,greedy,2,midgame,False,0.0,0.0,True
12,0,0,"[[6, 1], [5, 0]]","[5, 0]",21,6.7117,0.625,0,0,greedy,2,opening,False,0,0.0,False
12,1,1,"[[1, 0], [2, 1]]","[2, 1]",22,7.3118,0.6071,0,0,greedy,2,opening,False,0.0,0.0,True
12,2,0,"[[5, 0], [4, 1]]","[4, 1]",24,4.4563,0.625,0,1.0,greedy,2,opening,False,0.0,0.0,False
12,3,1,"[[2, 1], [3, 2]]","[3, 2]",37,11.9717,0.4219,0,1.0,greedy,2,opening,False,0.0,0.0,True
12,4,0,"[[4, 1], [2, 3]]","[2, 3]",4,0.8352,0.5,0,25.0,greedy,2,opening,False,0.0,0.0,False
12,5,1,"[[1, 2], [3, 4]]","[3, 4]",11,3.3073,0.3125,0,25.0,greedy,2,opening,True,13.0,0.0,True
12,6,0,"[[6, 3], [5, 2]]","[5, 2]",23,5.0766,0.5893,0,38.0,greedy,2,opening,False,0.0,0.0,False
12,7,1,"[[3, 4], [4, 3]]","[4, 3]",35,6.7401,0.5139,0,38.0,greedy,2,opening,False,0.0,0.0,True
12,8,0,"[[5, 2], [3, 4]]","[3, 4]",9,1.5838,0.0,0,38.0,greedy,2,opening,False,0.0,0.0,False
12,9,1,"[[0, 1], [1, 0]]","[1, 0]",25,7.2653,0.5536,-12,38.0,greedy,2,opening,False,0.0,0.0,True
12,10,0,"[[6, 5], [5, 4]]","[5, 4]",24,6.6426,0.6667,-12,38.0,greedy,2,opening,True,0,0.0,False
12,11,1,"[[0, 3], [1, 2]]","[1, 2]",25,8.4579,0.4792,-12,38.0,greedy,2,opening,False,0.0,0.0,True
12,12,0,"[[5, 4], [4, 3]]","[4, 3]",30,6.1545,0.6591,-12,38.0,greedy,2,opening,False,0.0,0.0,False
12,13,1,"[[1, 2], [2, 3]]","[2, 3]",33,9.9599,0.4107,-12,38.0,greedy,2,opening,False,0.0,0.0,False
12,14,0,"[[3, 4], [1, 2]]","[1, 2]",7,1.8592,0.125,-12,119.0,greedy,2,opening,False,0.0,0.0,False
12,15,1,"[[1, 6], [2, 7]]","[2, 7]",40,9.5823,0.0,-20,119.0,greedy,2,opening,True,30.0,0.0,False
12,16,0,"[[1, 2], [0, 1]]","[0, 1]",31,8.842,0.6477,-20,149.0,greedy,2,opening,False,0.0,0.0,False
12,17,1,"[[0, 5], [1, 6]]","[1, 6]",22,3.5558,0.5417,-20,149.0,greedy,2,opening,False,0.0,0.0,False
12,18,0,"[[0, 1], [1, 2]]","[1, 2]",27,8.2762,0.6625,-20,249.0,greedy,2,opening,False,0.0,0.0,False
12,19,1,"[[1, 0], [2, 1]]","[2, 1]",17,4.3013,0.575,-16,249.0,greedy,2,opening,False,0.0,0.0,False
12,20,0,"[[1, 2], [3, 0]]","[3, 0]",6,1.5082,0.25,-16,250.0,greedy,2,midgame,True,18,0.0,False
12,21,1,"[[2, 7], [3, 6]]","[3, 6]",35,9.1584,0.0,2,250.0,greedy,2,midgame,False,0.0,0.0,False
12,22,0,"[[3, 0], [2, 1]]","[2, 1]",30,6.1061,0.6591,2,250.0,greedy,2,midgame,False,0.0,0.0,False
12,23,1,"[[1, 6], [2, 7]]","[2, 7]",47,7.1769,0.0208,2,250.0,greedy,2,midgame,False,0.0,0.0,False
12,24,0,"[[2, 1], [1, 0]]","[1, 0]",31,8.3134,0.7019,2,270.0,greedy,2,midgame,False,0.0,0.0,True
12,25,1,"[[0, 7], [1, 6]]","[1, 6]",21,5.4824,0.475,2,270.0,greedy,2,midgame,True,0.0,0.0,True
12,26,0,"[[1, 0], [0, 1]]","[0, 1]",29,7.2689,0.6705,2,270.0,greedy,2,midgame,False,0.0,0.0,False
12,27,1,"[[3, 6], [4, 5]]","[4, 5]",41,10.3583,0.0,2,270.0,greedy,2,midgame,False,0.0,0.0,True
12,28,0,"[[0, 1], [1, 0]]","[1, 0]",31,4.8716,0.6477,2,270.0,greedy,2,midgame,False,0.0,0.0,True
12,29,1,"[[1, 4], [2, 3]]","[2, 3]",40,6.8407,0.1667,2,270.0,greedy,2,midgame,False,0.0,0.0,True
12,30,0,"[[1, 0], [0, 1]]","[0, 1]",29,4.6198,0.6705,2,270.0,greedy,2,midgame,True,0,0.0,False
12,31,1,"[[2, 7], [3, 6]]","[3, 6]",36,5.7118,0.25,2,270.0,greedy,2,midgame,False,0.0,0.0,False
12,32,0,"[[0, 1], [1, 0]]","[1, 0]",36,11.0605,0.5909,2,270.0,greedy,2,midgame,False,0.0,0.0,True
12,33,1,"[[1, 6], [2, 7]]","[2, 7]",42,11.6534,0.25,2,270.0,greedy,2,midgame,False,0.0,0.0,True
12,34,0,"[[1, 0], [0, 1]]","[0, 1]",39,12.691,0.5568,2,292.0,greedy,2,midgame,False,0.0,0.0,False
12,35,1,"[[4, 5], [5, 6]]","[5, 6]",24,7.1843,0.4,2,292.0,greedy,2,midgame,True,225.0,0.0,False
12,36,0,"[[6, 7], [4, 5]]","[4, 5]",3,0.3181,0.625,2,517.0,greedy,2,midgame,False,0.0,0.0,False
12,37,1,"[[3, 6], [5, 4]]","[5, 4]",13,3.4051,0.0,20,517.0,greedy,2,midgame,False,0.0,0.0,False
12,38,0,"[[4, 3], [3, 2]]","[3, 2]",33,10.0381,0.625,20,547.0,greedy,2,midgame,False,0.0,0.0,False
12,39,1,"[[2, 3], [4, 1]]","[4, 1]",11,2.2736,0.0,20,547.0,greedy,2,midgame,False,0.0,0.0,False
12,40,0,"[[7, 4], [6, 3]]","[6, 3]",26,7.1917,0.6389,20,575.0,greedy,2,midgame,True,0,0.0,True
12,41,1,"[[4, 1], [5, 0]]","[5, 0]",9,1.7281,0.7188,20,575.0,greedy,2,midgame,False,0.0,0.0,True
12,42,0,"[[6, 3], [4, 5]]","[4, 5]",4,1.1139,0.5,20,575.0,greedy,2,midgame,False,0.0,0.0,False
12,43,1,"[[2, 7], [3, 6]]","[3, 6]",5,0.8252,0.6875,16,575.0,greedy,2,midgame,False,0.0,0.0,False
12,44,0,"[[4, 5], [2, 7]]","[2, 7]",3,0.6857,0.625,16,575.0,greedy,2,midgame,False,0.0,0.0,False
12,45,1,"[[5, 0], [6, 1]]","[6, 1]",4,0.5331,0.5,33,575.0,greedy,2,midgame,True,143.0,143.0,False
12,46,0,"[[7, 0], [5, 2]]","[5, 2]",3,0.2198,0.8125,33,576.0,greedy,2,midgame,False,0.0,0.0,True
13,0,0,"[[6, 1], [5, 0]]","[5, 0]",21,7.0164,0.625,0,0,greedy,2,opening,False,0,0.0,False
13,1,1,"[[1, 0], [2, 1]]","[2, 1]",22,12.2209,0.6071,0,0,greedy,2,opening,False,0.0,0.0,True
13,2,0,"[[5, 0], [4, 1]]","[4, 1]",24,10.3898,0.625,0,1.0,greedy,2,opening,False,0.0,0.0,False
13,3,1,"[[2, 1], [3, 2]]","[3, 2]",37,10.6621,0.4219,0,1.0,greedy,2,opening,False,0.0,0.0,True
13,4,0,"[[4, 1], [2, 3]]","[2, 3]",4,1.1885,0.5,0,25.0,greedy,2,opening,False,0.0,0.0,False
13,5,1,"[[1, 2], [3, 4]]","[3, 4]",11,2.3935,0.3125,0,25.0,greedy,2,opening,True,13.0,0.0,True
13,6,0,"[[6, 3], [5, 2]]","[5, 2]",23,4.7021,0.5893,0,38.0,greedy,2,opening,False,0.0,0.0,False
13,7,1,"[[3, 4], [4, 3]]","[4, 3]",35,13.0222,0.5139,0,38.0,greedy,2,opening,False,0.0,0.0,True
13,8,0,"[[5, 2], [3, 4]]","[3, 4]",9,2.3329,0.0,0,38.0,greedy,2,opening,False,0.0,0.0,False
13,9,1,"[[0, 1], [1, 0]]","[1, 0]",25,13.3104,0.5536,-12,38.0,greedy,2,opening,False,0.0,0.0,True
13,10,0,"[[6, 5], [5, 4]]","[5, 4]",24,8.1823,0.6667,-12,38.0,greedy,2,opening,True,0,0.0,False
13,11,1,"[[0, 3], [1, 2]]","[1, 2]",25,8.9617,0.4792,-12,38.0,greedy,2,opening,False,0.0,0.0,True
13,12,0,"[[5, 4], [4, 3]]","[4, 3]",30,7.4649,0.6591,-12,38.0,greedy,2,opening,False,0.0,0.0,False
13,13,1,"[[1, 2], [2, 3]]","[2, 3]",33,6.9122,0.4107,-12,38.0,greedy,2,opening,False,0.0,0.0,False
13,14,0,"[[3, 4], [1, 2]]","[1, 2]",7,1.0021,0.125,-12,119.0,greedy,2,opening,False,0.0,0.0,False
13,15,1,"[[1, 6], [2, 7]]","[2, 7]",40,7.9334,0.0,-20,119.0,greedy,2,opening,True,30.0,0.0,False
13,16,0,"[[1, 2], [0, 1]]","[0, 1]",31,4.9977,0.6477,-20,149.0,greedy,2,opening,False,0.0,0.0,False
13,17,1,"[[0, 5], [1, 6]]","[1, 6]",22,5.3074,0.5417,-20,149.0,greedy,2,opening,False,0.0,0.0,False
13,18,0,"[[0, 1], [1, 2]]","[1, 2]",27,4.4603,0.6625,-20,249.0,greedy,2,opening,False,0.0,0.0,False
13,19,1,"[[1, 0], [2, 1]]","[2, 1]",17,2.7823,0.575,-16,249.0,greedy,2,opening,False,0.0,0.0,False
13,20,0,"[[1, 2], [3, 0]]","[3, 0]",6,1.3397,0.25,-16,250.0,greedy,2,midgame,True,18,0.0,False
13,21,1,"[[2, 7], [3, 6]]","[3, 6]",35,9.7463,0.0,2,250.0,greedy,2,midgame,False,0.0,0.0,False
13,22,0,"[[3, 0], [2, 1]]","[2, 1]",30,6.4034,0.6591,2,250.0,greedy,2,midgame,False,0.0,0.0,False
13,23,1,"[[1, 6], [2, 7]]","[2, 7]",47,7.2255,0.0208,2,250.0,greedy,2,midgame,False,0.0,0.0,False
13,24,0,"[[2, 1], [1, 0]]","[1, 0]",31,5.0209,0.7019,2,270.0,greedy,2,midgame,False,0.0,0.0,True
13,25,1,"[[0, 7], [1, 6]]","[1, 6]",21,5.8324,0.475,2,270.0,greedy,2,midgame,True,0.0,0.0,True
13,26,0,"[[1, 0], [0, 1]]","[0, 1]",29,6.5277,0.6705,2,270.0,greedy,2,midgame,False,0.0,0.0,False
13,27,1,"[[3, 6], [4, 5]]","[4, 5]",41,7.5817,0.0,2,270.0,greedy,2,midgame,False,0.0,0.0,True
13,28,0,"[[0, 1], [1, 0]]","[1, 0]",31,6.7654,0.6477,2,270.0,greedy,2,midgame,False,0.0,0.0,True
13,29,1,"[[1, 4], [2, 3]]","[2, 3]",40,8.6472,0.1667,2,270.0,greedy,2,midgame,False,0.0,0.0,True
13,30,0,"[[1, 0], [0, 1]]","[0, 1]",29,7.5459,0.6705,2,270.0,greedy,2,midgame,True,0,0.0,False
13,31,1,"[[2, 7], [3, 6]]","[3, 6]",36,6.6168,0.25,2,270.0,greedy,2,midgame,False,0.0,0.0,False
13,32,0,"[[0, 1], [1, 0]]","[1, 0]",36,10.5729,0.5909,2,270.0,greedy,2,midgame,False,0.0,0.0,True
13,33,1,"[[1, 6], [2, 7]]","[2, 7]",42,12.2986,0.25,2,270.0,greedy,2,midgame,False,0.0,0.0,True
13,34,0,"[[1, 0], [0, 1]]","[0, 1]",39,10.6854,0.5568,2,292.0,greedy,2,midgame,False,0.0,0.0,False
13,35,1,"[[4, 5], [5, 6]]","[5, 6]",24,5.4388,0.4,2,292.0,greedy,2,midgame,True,225.0,0.0,False
13,36,0,"[[6, 7], [4, 5]]","[4, 5]",3,0.3002,0.625,2,517.0,greedy,2,midgame,False,0.0,0.0,False
13,37,1,"[[3, 6], [5, 4]]","[5, 4]",13,1.9138,0.0,20,517.0,greedy,2,midgame,False,0.0,0.0,False
13,38,0,"[[4, 3], [3, 2]]","[3, 2]",33,5.8928,0.625,20,547.0,greedy,2,midgame,False,0.0,0.0,False
13,39,1,"[[2, 3], [4, 1]]","[4, 1]",11,3.0174,0.0,20,547.0,greedy,2,midgame,False,0.0,0.0,False
13,40,0,"[[7, 4], [6, 3]]","[6, 3]",26,7.0837,0.6389,20,575.0,greedy,2,midgame,True,0,0.0,True
13,41,1,"[[4, 1], [5, 0]]","[5, 0]",9,1.7159,0.7188,20,575.0,greedy,2,midgame,False,0.0,0.0,True
13,42,0,"[[6, 3], [4, 5]]","[4, 5]",4,1.0824,0.5,20,575.0,greedy,2,midgame,False,0.0,0.0,False
13,43,1,"[[2, 7], [3, 6]]","[3, 6]",5,0.8216,0.6875,16,575.0,greedy,2,midgame,False,0.0,0.0,False
13,44,0,"[[4, 5], [2, 7]]","[2, 7]",3,0.8435,0.625,16,575.0,greedy,2,midgame,False,0.0,0.0,False
13,45,1,"[[5, 0], [6, 1]]","[6, 1]",4,0.325,0.5,33,575.0,greedy,2,midgame,True,143.0,143.0,False
13,46,0,"[[7, 0], [5, 2]]","[5, 2]",3,0.2232,0.8125,33,576.0,greedy,2,midgame,False,0.0,0.0,True
14,0,0,"[[6, 1], [5, 0]]","[5, 0]",21,3.9525,0.625,0,0,greedy,2,opening,False,0,0.0,False
14,1,1,"[[1, 0], [2, 1]]","[2, 1]",22,3.9637,0.6071,0,0,greedy,2,opening,False,0.0,0.0,True
14,2,0,"[[5, 0], [4, 1]]","[4, 1]",24,5.9614,0.625,0,1.0,greedy,2,opening,False,0.0,0.0,False
14,3,1,"[[2, 1], [3, 2]]","[3, 2]",37,8.7976,0.4219,0,1.0,greedy,2,opening,False,0.0,0.0,True
14,4,0,"[[4, 1], [2, 3]]","[2, 3]",4,0.5622,0.5,0,25.0,greedy,2,opening,False,0.0,0.0,False
14,5,1,"[[1, 2], [3, 4]]","[3, 4]",11,3.0849,0.3125,0,25.0,greedy,2,opening,True,13.0,0.0,True
14,6,0,"[[6, 3], [5, 2]]","[5, 2]",23,4.4899,0.5893,0,38.0,greedy,2,opening,False,0.0,0.0,False
14,7,1,"[[3, 4], [4, 3]]","[4, 3]",35,8.5649,0.5139,0,38.0,greedy,2,opening,False,0.0,0.0,True
14,8,0,"[[5, 2], [3, 4]]","[3, 4]",9,2.9452,0.0,0,38.0,greedy,2,opening,False,0.0,0.0,False
14,9,1,"[[0, 1], [1, 0]]","[1, 0]",25,9.8095,0.5536,-12,38.0,greedy,2,opening,False,0.0,0.0,True
14,10,0,"[[6, 5], [5, 4]]","[5, 4]",24,4.5509,0.6667,-12,38.0,greedy,2,opening,True,0,0.0,False
14,11,1,"[[0, 3], [1, 2]]","[1, 2]",25,4.9481,0.4792,-12,38.0,greedy,2,opening,False,0.0,0.0,True
14,12,0,"[[5, 4], [4, 3]]","[4, 3]",30,6.9993,0.6591,-12,38.0,greedy,2,opening,False,0.0,0.0,False
14,13,1,"[[1, 2], [2, 3]]","[2, 3]",33,13.2961,0.4107,-12,38.0,greedy,2,opening,False,0.0,0.0,False
14,14,0,"[[3, 4], [1, 2]]","[1, 2]",7,1.8685,0.125,-12,119.0,greedy,2,opening,False,0.0,0.0,False
14,15,1,"[[1, 6], [2, 7]]","[2, 7]",40,11.5311,0.0,-20,119.0,greedy,2,opening,True,30.0,0.0,False
14,16,0,"[[1, 2], [0, 1]]","[0, 1]",31,5.0259,0.6477,-20,149.0,greedy,2,opening,False,0.0,0.0,False
14,17,1,"[[0, 5], [1, 6]]","[1, 6]",22,3.3855,0.5417,-20,149.0,greedy,2,opening,False,0.0,0.0,False
14,18,0,"[[0, 1], [1, 2]]","[1, 2]",27,6.6116,0.6625,-20,249.0,greedy,2,opening,False,0.0,0.0,False
14,19,1,"[[1, 0], [2, 1]]","[2, 1]",17,2.7528,0.575,-16,249.0,greedy,2,opening,False,0.0,0.0,False
14,20,0,"[[1, 2], [3, 0]]","[3, 0]",6,0.8044,0.25,-16,250.0,greedy,2,midgame,True,18,0.0,False
14,21,1,"[[2, 7], [3, 6]]","[3, 6]",35,9.3486,0.0,2,250.0,greedy,2,midgame,False,0.0,0.0,False
14,22,0,"[[3, 0], [2, 1]]","[2, 1]",30,7.6642,0.6591,2,250.0,greedy,2,midgame,False,0.0,0.0,False
14,23,1,"[[1, 6], [2, 7]]","[2, 7]",47,9.8379,0.0208,2,250.0,greedy,2,midgame,False,0.0,0.0,False
14,24,0,"[[2, 1], [1, 0]]","[1, 0]",31,5.7843,0.7019,2,270.0,greedy,2,midgame,False,0.0,0.0,True
14,25,1,"[[0, 7], [1, 6]]","[1, 6]",21,5.5091,0.475,2,270.0,greedy,2,midgame,True,0.0,0.0,True
14,26,0,"[[1, 0], [0, 1]]","[0, 1]",29,8.1816,0.6705,2,270.0,greedy,2,midgame,False,0.0,0.0,False
14,27,1,"[[3, 6], [4, 5]]","[4, 5]",41,7.4844,0.0,2,270.0,greedy,2,midgame,False,0.0,0.0,True
14,28,0,"[[0, 1], [1, 0]]","[1, 0]",31,4.8728,0.6477,2,270.0,greedy,2,midgame,False,0.0,0.0,True
14,29,1,"[[1, 4], [2, 3]]","[2, 3]",40,9.9883,0.1667,2,270.0,greedy,2,midgame,False,0.0,0.0,True
14,30,0,"[[1, 0], [0, 1]]","[0, 1]",29,8.6744,0.6705,2,270.0,greedy,2,midgame,True,0,0.0,False
14,31,1,"[[2, 7], [3, 6]]","[3, 6]",36,6.3193,0.25,2,270.0,greedy,2,midgame,False,0.0,0.0,False
14,32,0,"[[0, 1], [1, 0]]","[1, 0]",36,7.9944,0.5909,2,270.0,greedy,2,midgame,False,0.0,0.0,True
14,33,1,"[[1, 6], [2, 7]]","[2, 7]",42,12.255,0.25,2,270.0,greedy,2,midgame,False,0.0,0.0,True
14,34,0,"[[1, 0], [0, 1]]","[0, 1]",39,8.8995,0.5568,2,292.0,greedy,2,midgame,False,0.0,0.0,False
14,35,1,"[[4, 5], [5, 6]]","[5, 6]",24,3.8853,0.4,2,292.0,greedy,2,midgame,True,225.0,0.0,False
14,36,0,"[[6, 7], [4, 5]]","[4, 5]",3,0.2995,0.625,2,517.0,greedy,2,midgame,False,0.0,0.0,False
14,37,1,"[[3, 6], [5, 4]]","[5, 4]",13,4.1161,0.0,20,517.0,greedy,2,midgame,False,0.0,0.0,False
14,38,0,"[[4, 3], [3, 2]]","[3, 2]",33,9.9726,0.625,20,547.0,greedy,2,midgame,False,0.0,0.0,False
14,39,1,"[[2, 3], [4, 1]]","[4, 1]",11,2.9993,0.0,20,547.0,greedy,2,midgame,False,0.0,0.0,False
14,40,0,"[[7, 4], [6, 3]]","[6, 3]",26,7.1936,0.6389,20,575.0,greedy,2,midgame,True,0,0.0,True
14,41,1,"[[4, 1], [5, 0]]","[5, 0]",9,1.7211,0.7188,20,575.0,greedy,2,midgame,False,0.0,0.0,True
14,42,0,"[[6, 3], [4, 5]]","[4, 5]",4,1.9317,0.5,20,575.0,greedy,2,midgame,False,0.0,0.0,False
14,43,1,"[[2, 7], [3, 6]]","[3, 6]",5,0.844,0.6875,16,575.0,greedy,2,midgame,False,0.0,0.0,False
14,44,0,"[[4, 5], [2, 7]]","[2, 7]",3,0.6843,0.625,16,575.0,greedy,2,midgame,False,0.0,0.0,False
14,45,1,"[[5, 0], [6, 1]]","[6, 1]",4,0.5939,0.5,33,575.0,greedy,2,midgame,True,143.0,143.0,False
14,46,0,"[[7, 0], [5, 2]]","[5, 2]",3,0.4256,0.8125,33,576.0,greedy,2,midgame,False,0.0,0.0,True
15,0,0,"[[6, 1], [5, 0]]","[5, 0]",21,6.9754,0.625,0,0,greedy,2,opening,False,0,0.0,False
15,1,1,"[[1, 0], [2, 1]]","[2, 1]",22,5.0862,0.6071,0,0,greedy,2,opening,False,0.0,0.0,True
15,2,0,"[[5, 0], [4, 1]]","[4, 1]",24,4.426,0.625,0,1.0,greedy,2,opening,False,0.0,0.0,False
15,3,1,"[[2, 1], [3, 2]]","[3, 2]",37,10.4864,0.4219,0,1.0,greedy,2,opening,False,0.0,0.0,True
15,4,0,"[[4, 1], [2, 3]]","[2, 3]",4,0.5617,0.5,0,25.0,greedy,2,opening,False,0.0,0.0,False
15,5,1,"[[1, 2], [3, 4]]","[3, 4]",11,1.7719,0.3125,0,25.0,greedy,2,opening,True,13.0,0.0,True
15,6,0,"[[6, 3], [5, 2]]","[5, 2]",23,3.8707,0.5893,0,38.0,greedy,2,opening,False,0.0,0.0,False
15,7,1,"[[3, 4], [4, 3]]","[4, 3]",35,12.8469,0.5139,0,38.0,greedy,2,opening,False,0.0,0.0,True
15,8,0,"[[5, 2], [3, 4]]","[3, 4]",9,1.9279,0.0,0,38.0,greedy,2,opening,False,0.0,0.0,False
15,9,1,"[[0, 1], [1, 0]]","[1, 0]",25,9.0213,0.5536,-12,38.0,greedy,2,opening,False,0.0,0.0,True
15,10,0,"[[6, 5], [5, 4]]","[5, 4]",24,7.2231,0.6667,-12,38.0,greedy,2,opening,True,0,0.0,False
15,11,1,"[[0, 3], [1, 2]]","[1, 2]",25,4.9734,0.4792,-12,38.0,greedy,2,opening,False,0.0,0.0,True
15,12,0,"[[5, 4], [4, 3]]","[4, 3]",30,7.102,0.6591,-12,38.0,greedy,2,opening,False,0.0,0.0,False
15,13,1,"[[1, 2], [2, 3]]","[2, 3]",33,7.0889,0.4107,-12,38.0,greedy,2,opening,False,0.0,0.0,False
15,14,0,"[[3, 4], [1, 2]]","[1, 2]",7,1.7447,0.125,-12,119.0,greedy,2,opening,False,0.0,0.0,False
15,15,1,"[[1, 6], [2, 7]]","[2, 7]",40,12.924,0.0,-20,119.0,greedy,2,opening,True,30.0,0.0,False
15,16,0,"[[1, 2], [0, 1]]","[0, 1]",31,8.3728,0.6477,-20,149.0,greedy,2,opening,False,0.0,0.0,False
15,17,1,"[[0, 5], [1, 6]]","[1, 6]",22,3.727,0.5417,-20,149.0,greedy,2,opening,False,0.0,0.0,False
15,18,0,"[[0, 1], [1, 2]]","[1, 2]",27,4.4742,0.6625,-20,249.0,greedy,2,opening,False,0.0,0.0,False
15,19,1,"[[1, 0], [2, 1]]","[2, 1]",17,3.257,0.575,-16,249.0,greedy,2,opening,False,0.0,0.0,False
15,20,0,"[[1, 2], [3, 0]]","[3, 0]",6,0.7977,0.25,-16,250.0,greedy,2,midgame,True,18,0.0,False
15,21,1,"[[2, 7], [3, 6]]","[3, 6]",35,7.633,0.0,2,250.0,greedy,2,midgame,False,0.0,0.0,False
15,22,0,"[[3, 0], [2, 1]]","[2, 1]",30,8.4682,0.6591,2,250.0,greedy,2,midgame,False,0.0,0.0,False
15,23,1,"[[1, 6], [2, 7]]","[2, 7]",47,13.5584,0.0208,2,250.0,greedy,2,midgame,False,0.0,0.0,False
15,24,0,"[[2, 1], [1, 0]]","[1, 0]",31,8.014,0.7019,2,270.0,greedy,2,midgame,False,0.0,0.0,True
15,25,1,"[[0, 7], [1, 6]]","[1, 6]",21,4.7181,0.475,2,270.0,greedy,2,midgame,True,0.0,0.0,True
15,26,0,"[[1, 0], [0, 1]]","[0, 1]",29,8.0891,0.6705,2,270.0,greedy,2,midgame,False,0.0,0.0,False
15,27,1,"[[3, 6], [4, 5]]","[4, 5]",41,12.0742,0.0,2,270.0,greedy,2,midgame,False,0.0,0.0,True
15,28,0,"[[0, 1], [1, 0]]","[1, 0]",31,7.653,0.6477,2,270.0,greedy,2,midgame,False,0.0,0.0,True
15,29,1,"[[1, 4], [2, 3]]","[2, 3]",40,11.6401,0.1667,2,270.0,greedy,2,midgame,False,0.0,0.0,True
15,30,0,"[[1, 0], [0, 1]]","[0, 1]",29,9.7792,0.6705,2,270.0,greedy,2,midgame,True,0,0.0,False
15,31,1,"[[2, 7], [3, 6]]","[3, 6]",36,10.7014,0.25,2,270.0,greedy,2,midgame,False,0.0,0.0,False
15,32,0,"[[0, 1], [1, 0]]","[1, 0]",36,12.1808,0.5909,2,270.0,greedy,2,midgame,False,0.0,0.0,True
15,33,1,"[[1, 6], [2, 7]]","[2, 7]",42,12.4943,0.25,2,270.0,greedy,2,midgame,False,0.0,0.0,True
15,34,0,"[[1, 0], [0, 1]]","[0, 1]",39,13.2332,0.5568,2,292.0,greedy,2,midgame,False,0.0,0.0,False
15,35,1,"[[4, 5], [5, 6]]","[5, 6]",24,7.1714,0.4,2,292.0,greedy,2,midgame,True,225.0,0.0,False
15,36,0,"[[6, 7], [4, 5]]","[4, 5]",3,0.5469,0.625,2,517.0,greedy,2,midgame,False,0.0,0.0,False
15,37,1,"[[3, 6], [5, 4]]","[5, 4]",13,2.3172,0.0,20,517.0,greedy,2,midgame,False,0.0,0.0,False
15,38,0,"[[4, 3], [3, 2]]","[3, 2]",33,9.7301,0.625,20,547.0,greedy,2,midgame,False,0.0,0.0,False
15,39,1,"[[2, 3], [4, 1]]","[4, 1]",11,1.9863,0.0,20,547.0,greedy,2,midgame,False,0.0,0.0,False
15,40,0,"[[7, 4], [6, 3]]","[6, 3]",26,4.2598,0.6389,20,575.0,greedy,2,midgame,True,0,0.0,True
15,41,1,"[[4, 1], [5, 0]]","[5, 0]",9,1.7378,0.7188,20,575.0,greedy,2,midgame,False,0.0,0.0,True
15,42,0,"[[6, 3], [4, 5]]","[4, 5]",4,1.0786,0.5,20,575.0,greedy,2,midgame,False,0.0,0.0,False
15,43,1,"[[2, 7], [3, 6]]","[3, 6]",5,0.8187,0.6875,16,575.0,greedy,2,midgame,False,0.0,0.0,False
15,44,0,"[[4, 5], [2, 7]]","[2, 7]",3,0.6804,0.625,16,575.0,greedy,2,midgame,False,0.0,0.0,False
15,45,1,"[[5, 0], [6, 1]]","[6, 1]",4,0.5906,0.5,33,575.0,greedy,2,midgame,True,143.0,143.0,False
15,46,0,"[[7, 0], [5, 2]]","[5, 2]",3,0.4935,0.8125,33,576.0,greedy,2,midgame,False,0.0,0.0,True
16,0,0,"[[6, 1], [5, 0]]","[5, 0]",21,3.7665,0.625,0,0,greedy,2,opening,False,0,0.0,False
16,1,1,"[[1, 0], [2, 1]]","[2, 1]",22,5.3308,0.6071,0,0,greedy,2,opening,False,0.0,0.0,True
16,2,0,"[[5, 0], [4, 1]]","[4, 1]",24,4.9131,0.625,0,1.0,greedy,2,opening,False,0.0,0.0,False
16,3,1,"[[2, 1], [3, 2]]","[3, 2]",37,19.0692,0.4219,0,1.0,greedy,2,opening,False,0.0,0.0,True
16,4,0,"[[4, 1], [2, 3]]","[2, 3]",4,1.0564,0.5,0,25.0,greedy,2,opening,False,0.0,0.0,False
16,5,1,"[[1, 2], [3, 4]]","[3, 4]",11,3.9766,0.3125,0,25.0,greedy,2,opening,True,13.0,0.0,True
16,6,0,"[[6, 3], [5, 2]]","[5, 2]",23,8.3055,0.5893,0,38.0,greedy,2,opening,False,0.0,0.0,False
16,7,1,"[[3, 4], [4, 3]]","[4, 3]",35,17.709,0.5139,0,38.0,greedy,2,opening,False,0.0,0.0,True
16,8,0,"[[5, 2], [3, 4]]","[3, 4]",9,4.0865,0.0,0,38.0,greedy,2,opening,False,0.0,0.0,False
16,9,1,"[[0, 1], [1, 0]]","[1, 0]",25,29.7072,0.5536,-12,38.0,greedy,2,opening,False,0.0,0.0,True
16,10,0,"[[6, 5], [5, 4]]","[5, 4]",24,7.853,0.6667,-12,38.0,greedy,2,opening,True,0,0.0,False
16,11,1,"[[0, 3], [1, 2]]","[1, 2]",25,4.9837,0.4792,-12,38.0,greedy,2,opening,False,0.0,0.0,True
16,12,0,"[[5, 4], [4, 3]]","[4, 3]",30,4.8907,0.6591,-12,38.0,greedy,2,opening,False,0.0,0.0,False
16,13,1,"[[1, 2], [2, 3]]","[2, 3]",33,13.5341,0.4107,-12,38.0,greedy,2,opening,False,0.0,0.0,False
16,14,0,"[[3, 4], [1, 2]]","[1, 2]",7,2.0669,0.125,-12,119.0,greedy,2,opening,False,0.0,0.0,False
16,15,1,"[[1, 6], [2, 7]]","[2, 7]",40,12.6448,0.0,-20,119.0,greedy,2,opening,True,30.0,0.0,False
16,16,0,"[[1, 2], [0, 1]]","[0, 1]",31,6.8347,0.6477,-20,149.0,greedy,2,opening,False,0.0,0.0,False
16,17,1,"[[0, 5], [1, 6]]","[1, 6]",22,3.279,0.5417,-20,149.0,greedy,2,opening,False,0.0,0.0,False
16,18,0,"[[0, 1], [1, 2]]","[1, 2]",27,4.7815,0.6625,-20,249.0,greedy,2,opening,False,0.0,0.0,False
16,19,1,"[[1, 0], [2, 1]]","[2, 1]",17,5.1117,0.575,-16,249.0,greedy,2,opening,False,0.0,0.0,False
16,20,0,"[[1, 2], [3, 0]]","[3, 0]",6,1.5178,0.25,-16,250.0,greedy,2,midgame,True,18,0.0,False
16,21,1,"[[2, 7], [3, 6]]","[3, 6]",35,9.9802,0.0,2,250.0,greedy,2,midgame,False,0.0,0.0,False
16,22,0,"[[3, 0], [2, 1]]","[2, 1]",30,7.6015,0.6591,2,250.0,greedy,2,midgame,False,0.0,0.0,False
16,23,1,"[[1, 6], [2, 7]]","[2, 7]",47,12.4612,0.0208,2,250.0,greedy,2,midgame,False,0.0,0.0,False
16,24,0,"[[2, 1], [1, 0]]","[1, 0]",31,6.3715,0.7019,2,270.0,greedy,2,midgame,False,0.0,0.0,True
16,25,1,"[[0, 7], [1, 6]]","[1, 6]",21,3.8197,0.475,2,270.0,greedy,2,midgame,True,0.0,0.0,True
16,26,0,"[[1, 0], [0, 1]]","[0, 1]",29,8.3869,0.6705,2,270.0,greedy,2,midgame,False,0.0,0.0,False
16,27,1,"[[3, 6], [4, 5]]","[4, 5]",41,7.0009,0.0,2,270.0,greedy,2,midgame,False,0.0,0.0,True
16,28,0,"[[0, 1], [1, 0]]","[1, 0]",31,5.9133,0.6477,2,270.0,greedy,2,midgame,False,0.0,0.0,True
16,29,1,"[[1, 4], [2, 3]]","[2, 3]",40,9.4516,0.1667,2,270.0,greedy,2,midgame,False,0.0,0.0,True
16,30,0,"[[1, 0], [0, 1]]","[0, 1]",29,8.6443,0.6705,2,270.0,greedy,2,midgame,True,0,0.0,False
16,31,1,"[[2, 7], [3, 6]]","[3, 6]",36,11.3177,0.25,2,270.0,greedy,2,midgame,False,0.0,0.0,False
16,32,0,"[[0, 1], [1, 0]]","[1, 0]",36,11.8535,0.5909,2,270.0,greedy,2,midgame,False,0.0,0.0,True
16,33,1,"[[1, 6], [2, 7]]","[2, 7]",42,13.6862,0.25,2,270.0,greedy,2,midgame,False,0.0,0.0,True
16,34,0,"[[1, 0], [0, 1]]","[0, 1]",39,13.3514,0.5568,2,292.0,greedy,2,midgame,False,0.0,0.0,False
16,35,1,"[[4, 5], [5, 6]]","[5, 6]",24,8.086,0.4,2,292.0,greedy,2,midgame,True,225.0,0.0,False
16,36,0,"[[6, 7], [4, 5]]","[4, 5]",3,0.5457,0.625,2,517.0,greedy,2,midgame,False,0.0,0.0,False
16,37,1,"[[3, 6], [5, 4]]","[5, 4]",13,3.5305,0.0,20,517.0,greedy,2,midgame,False,0.0,0.0,False
16,38,0,"[[4, 3], [3, 2]]","[3, 2]",33,11.4436,0.625,20,547.0,greedy,2,midgame,False,0.0,0.0,False
16,39,1,"[[2, 3], [4, 1]]","[4, 1]",11,2.6171,0.0,20,547.0,greedy,2,midgame,False,0.0,0.0,False
16,40,0,"[[7, 4], [6, 3]]","[6, 3]",26,6.2847,0.6389,20,575.0,greedy,2,midgame,True,0,0.0,True
16,41,1,"[[4, 1], [5, 0]]","[5, 0]",9,0.9418,0.7188,20,575.0,greedy,2,midgame,False,0.0,0.0,True
16,42,0,"[[6, 3], [4, 5]]","[4, 5]",4,0.5929,0.5,20,575.0,greedy,2,midgame,False,0.0,0.0,False
16,43,1,"[[2, 7], [3, 6]]","[3, 6]",5,0.4437,0.6875,16,575.0,greedy,2,midgame,False,0.0,0.0,False
16,44,0,"[[4, 5], [2, 7]]","[2, 7]",3,0.3755,0.625,16,575.0,greedy,2,midgame,False,0.0,0.0,False
16,45,1,"[[5, 0], [6, 1]]","[6, 1]",4,0.3116,0.5,33,575.0,greedy,2,midgame,True,143.0,143.0,False
16,46,0,"[[7, 0], [5, 2]]","[5, 2]",3,0.2198,0.8125,33,576.0,greedy,2,midgame,False,0.0,0.0,True
17,0,0,"[[6, 1], [5, 0]]","[5, 0]",21,3.7687,0.625,0,0,greedy,2,opening,False,0,0.0,False
17,1,1,"[[1, 0], [2, 1]]","[2, 1]",22,5.893,0.6071,0,0,greedy,2,opening,False,0.0,0.0,True
17,2,0,"[[5, 0], [4, 1]]","[4, 1]",24,7.4234,0.625,0,1.0,greedy,2,opening,False,0.0,0.0,False
17,3,1,"[[2, 1], [3, 2]]","[3, 2]",37,11.409,0.4219,0,1.0,greedy,2,opening,False,0.0,0.0,True
17,4,0,"[[4, 1], [2, 3]]","[2, 3]",4,1.0304,0.5,0,25.0,greedy,2,opening,False,0.0,0.0,False
17,5,1,"[[1, 2], [3, 4]]","[3, 4]",11,2.5952,0.3125,0,25.0,greedy,2,opening,True,13.0,0.0,True
17,6,0,"[[6, 3], [5, 2]]","[5, 2]",23,6.1388,0.5893,0,38.0,greedy,2,opening,False,0.0,0.0,False
17,7,1,"[[3, 4], [4, 3]]","[4, 3]",35,8.4534,0.5139,0,38.0,greedy,2,opening,False,0.0,0.0,True
17,8,0,"[[5, 2], [3, 4]]","[3, 4]",9,2.5902,0.0,0,38.0,greedy,2,opening,False,0.0,0.0,False
17,9,1,"[[0, 1], [1, 0]]","[1, 0]",25,5.3465,0.5536,-12,38.0,greedy,2,opening,False,0.0,0.0,True
17,10,0,"[[6, 5], [5, 4]]","[5, 4]",24,7.6888,0.6667,-12,38.0,greedy,2,opening,True,0,0.0,False
17,11,1,"[[0, 3], [1, 2]]","[1, 2]",25,4.9746,0.4792,-12,38.0,greedy,2,opening,False,0.0,0.0,True
17,12,0,"[[5, 4], [4, 3]]","[4, 3]",30,5.4345,0.6591,-12,38.0,greedy,2,opening,False,0.0,0.0,False
17,13,1,"[[1, 2], [2, 3]]","[2, 3]",33,10.57,0.4107,-12,38.0,greedy,2,opening,False,0.0,0.0,False
17,14,0,"[[3, 4], [1, 2]]","[1, 2]",7,0.9947,0.125,-12,119.0,greedy,2,opening,False,0.0,0.0,False
17,15,1,"[[1, 6], [2, 7]]","[2, 7]",40,8.9996,0.0,-20,119.0,greedy,2,opening,True,30.0,0.0,False
17,16,0,"[[1, 2], [0, 1]]","[0, 1]",31,9.7806,0.6477,-20,149.0,greedy,2,opening,False,0.0,0.0,False
17,17,1,"[[0, 5], [1, 6]]","[1, 6]",22,3.7465,0.5417,-20,149.0,greedy,2,opening,False,0.0,0.0,False
17,18,0,"[[0, 1], [1, 2]]","[1, 2]",27,4.4825,0.6625,-20,249.0,greedy,2,opening,False,0.0,0.0,False
17,19,1,"[[1, 0], [2, 1]]","[2, 1]",17,3.4213,0.575,-16,249.0,greedy,2,opening,False,0.0,0.0,False
17,20,0,"[[1, 2], [3, 0]]","[3, 0]",6,1.5509,0.25,-16,250.0,greedy,2,midgame,True,18,0.0,False
17,21,1,"[[2, 7], [3, 6]]","[3, 6]",35,10.0021,0.0,2,250.0,greedy,2,midgame,False,0.0,0.0,False
17,22,0,"[[3, 0], [2, 1]]","[2, 1]",30,8.3566,0.6591,2,250.0,greedy,2,midgame,False,0.0,0.0,False
17,23,1,"[[1, 6], [2, 7]]","[2, 7]",47,14.2772,0.0208,2,250.0,greedy,2,midgame,False,0.0,0.0,False
17,24,0,"[[2, 1], [1, 0]]","[1, 0]",31,8.9815,0.7019,2,270.0,greedy,2,midgame,False,0.0,0.0,True
17,25,1,"[[0, 7], [1, 6]]","[1, 6]",21,4.6327,0.475,2,270.0,greedy,2,midgame,True,0.0,0.0,True
17,26,0,"[[1, 0], [0, 1]]","[0, 1]",29,8.7569,0.6705,2,270.0,greedy,2,midgame,False,0.0,0.0,False
17,27,1,"[[3, 6], [4, 5]]","[4, 5]",41,6.4628,0.0,2,270.0,greedy,2,midgame,False,0.0,0.0,True
17,28,0,"[[0, 1], [1, 0]]","[1, 0]",31,4.8223,0.6477,2,270.0,greedy,2,midgame,False,0.0,0.0,True
17,29,1,"[[1, 4], [2, 3]]","[2, 3]",40,11.1582,0.1667,2,270.0,greedy,2,midgame,False,0.0,0.0,True
17,30,0,"[[1, 0], [0, 1]]","[0, 1]",29,7.92,0.6705,2,270.0,greedy,2,midgame,True,0,0.0,False
17,31,1,"[[2, 7], [3, 6]]","[3, 6]",36,5.7261,0.25,2,270.0,greedy,2,midgame,False,0.0,0.0,False
17,32,0,"[[0, 1], [1, 0]]","[1, 0]",36,10.932,0.5909,2,270.0,greedy,2,midgame,False,0.0,0.0,True
17,33,1,"[[1, 6], [2, 7]]","[2, 7]",42,11.4613,0.25,2,270.0,greedy,2,midgame,False,0.0,0.0,True
17,34,0,"[[1, 0], [0, 1]]","[0, 1]",39,7.1139,0.5568,2,292.0,greedy,2,midgame,False,0.0,0.0,False
17,35,1,"[[4, 5], [5, 6]]","[5, 6]",24,6.9025,0.4,2,292.0,greedy,2,midgame,True,225.0,0.0,False
17,36,0,"[[6, 7], [4, 5]]","[4, 5]",3,0.2995,0.625,2,517.0,greedy,2,midgame,False,0.0,0.0,False
17,37,1,"[[3, 6], [5, 4]]","[5, 4]",13,1.8959,0.0,20,517.0,greedy,2,midgame,False,0.0,0.0,False
17,38,0,"[[4, 3], [3, 2]]","[3, 2]",33,6.7444,0.625,20,547.0,greedy,2,midgame,False,0.0,0.0,False
17,39,1,"[[2, 3], [4, 1]]","[4, 1]",11,2.686,0.0,20,547.0,greedy,2,midgame,False,0.0,0.0,False
17,40,0,"[[7, 4], [6, 3]]","[6, 3]",26,3.9258,0.6389,20,575.0,greedy,2,midgame,True,0,0.0,True
17,41,1,"[[4, 1], [5, 0]]","[5, 0]",9,0.9325,0.7188,20,575.0,greedy,2,midgame,False,0.0,0.0,True
17,42,0,"[[6, 3], [4, 5]]","[4, 5]",4,0.598,0.5,20,575.0,greedy,2,midgame,False,0.0,0.0,False
17,43,1,"[[2, 7], [3, 6]]","[3, 6]",5,1.3657,0.6875,16,575.0,greedy,2,midgame,False,0.0,0.0,False
17,44,0,"[[4, 5], [2, 7]]","[2, 7]",3,0.531,0.625,16,575.0,greedy,2,midgame,False,0.0,0.0,False
17,45,1,"[[5, 0], [6, 1]]","[6, 1]",4,0.3166,0.5,33,575.0,greedy,2,midgame,True,143.0,143.0,False
17,46,0,"[[7, 0], [5, 2]]","[5, 2]",3,0.2224,0.8125,33,576.0,greedy,2,midgame,False,0.0,0.0,True
18,0,0,"[[6, 1], [5, 0]]","[5, 0]",21,5.8966,0.625,0,0,greedy,2,opening,False,0,0.0,False
18,1,1,"[[1, 0], [2, 1]]","[2, 1]",22,7.4413,0.6071,0,0,greedy,2,opening,False,0.0,0.0,True
18,2,0,"[[5, 0], [4, 1]]","[4, 1]",24,8.405,0.625,0,1.0,greedy,2,opening,False,0.0,0.0,False
18,3,1,"[[2, 1], [3, 2]]","[3, 2]",37,10.5519,0.4219,0,1.0,greedy,2,opening,False,0.0,0.0,True
18,4,0,"[[4, 1], [2, 3]]","[2, 3]",4,1.0357,0.5,0,25.0,greedy,2,opening,False,0.0,0.0,False
18,5,1,"[[1, 2], [3, 4]]","[3, 4]",11,2.538,0.3125,0,25.0,greedy,2,opening,True,13.0,0.0,True
18,6,0,"[[6, 3], [5, 2]]","[5, 2]",23,3.8688,0.5893,0,38.0,greedy,2,opening,False,0.0,0.0,False
18,7,1,"[[3, 4], [4, 3]]","[4, 3]",35,7.4356,0.5139,0,38.0,greedy,2,opening,False,0.0,0.0,True
18,8,0,"[[5, 2], [3, 4]]","[3, 4]",9,1.5976,0.0,0,38.0,greedy,2,opening,False,0.0,0.0,False
18,9,1,"[[0, 1], [1, 0]]","[1, 0]",25,5.3775,0.5536,-12,38.0,greedy,2,opening,False,0.0,0.0,True
18,10,0,"[[6, 5], [5, 4]]","[5, 4]",24,4.8006,0.6667,-12,38.0,greedy,2,opening,True,0,0.0,False
18,11,1,"[[0, 3], [1, 2]]","[1, 2]",25,7.3793,0.4792,-12,38.0,greedy,2,opening,False,0.0,0.0,True
18,12,0,"[[5, 4], [4, 3]]","[4, 3]",30,5.465,0.6591,-12,38.0,greedy,2,opening,False,0.0,0.0,False
18,13,1,"[[1, 2], [2, 3]]","[2, 3]",33,11.0915,0.4107,-12,38.0,greedy,2,opening,False,0.0,0.0,False
18,14,0,"[[3, 4], [1, 2]]","[1, 2]",7,1.9555,0.125,-12,119.0,greedy,2,opening,False,0.0,0.0,False
18,15,1,"[[1, 6], [2, 7]]","[2, 7]",40,6.5877,0.0,-20,119.0,greedy,2,opening,True,30.0,0.0,False
18,16,0,"[[1, 2], [0, 1]]","[0, 1]",31,8.6615,0.6477,-20,149.0,greedy,2,opening,False,0.0,0.0,False
18,17,1,"[[0, 5], [1, 6]]","[1, 6]",22,6.0799,0.5417,-20,149.0,greedy,2,opening,False,0.0,0.0,False
18,18,0,"[[0, 1], [1, 2]]","[1, 2]",27,8.2736,0.6625,-20,249.0,greedy,2,opening,False,0.0,0.0,False
18,19,1,"[[1, 0], [2, 1]]","[2, 1]",17,2.7816,0.575,-16,249.0,greedy,2,opening,False,0.0,0.0,False
18,20,0,"[[1, 2], [3, 0]]","[3, 0]",6,0.8013,0.25,-16,250.0,greedy,2,midgame,True,18,0.0,False
18,21,1,"[[2, 7], [3, 6]]","[3, 6]",35,5.3494,0.0,2,250.0,greedy,2,midgame,False,0.0,0.0,False
18,22,0,"[[3, 0], [2, 1]]","[2, 1]",30,7.1466,0.6591,2,250.0,greedy,2,midgame,False,0.0,0.0,False
18,23,1,"[[1, 6], [2, 7]]","[2, 7]",47,11.9114,0.0208,2,250.0,greedy,2,midgame,False,0.0,0.0,False
18,24,0,"[[2, 1], [1, 0]]","[1, 0]",31,7.951,0.7019,2,270.0,greedy,2,midgame,False,0.0,0.0,True
18,25,1,"[[0, 7], [1, 6]]","[1, 6]",21,5.4202,0.475,2,270.0,greedy,2,midgame,True,0.0,0.0,True
18,26,0,"[[1, 0], [0, 1]]","[0, 1]",29,8.0869,0.6705,2,270.0,greedy,2,midgame,False,0.0,0.0,False
18,27,1,"[[3, 6], [4, 5]]","[4, 5]",41,12.2306,0.0,2,270.0,greedy,2,midgame,False,0.0,0.0,True
18,28,0,"[[0, 1], [1, 0]]","[1, 0]",31,9.0506,0.6477,2,270.0,greedy,2,midgame,False,0.0,0.0,True
18,29,1,"[[1, 4], [2, 3]]","[2, 3]",40,10.3502,0.1667,2,270.0,greedy,2,midgame,False,0.0,0.0,True
18,30,0,"[[1, 0], [0, 1]]","[0, 1]",29,7.9885,0.6705,2,270.0,greedy,2,midgame,True,0,0.0,False
18,31,1,"[[2, 7], [3, 6]]","[3, 6]",36,10.7052,0.25,2,270.0,greedy,2,midgame,False,0.0,0.0,False
18,32,0,"[[0, 1], [1, 0]]","[1, 0]",36,11.1747,0.5909,2,270.0,greedy,2,midgame,False,0.0,0.0,True
18,33,1,"[[1, 6], [2, 7]]","[2, 7]",42,12.1796,0.25,2,270.0,greedy,2,midgame,False,0.0,0.0,True
18,34,0,"[[1, 0], [0, 1]]","[0, 1]",39,7.7968,0.5568,2,292.0,greedy,2,midgame,False,0.0,0.0,False
18,35,1,"[[4, 5], [5, 6]]","[5, 6]",24,4.3645,0.4,2,292.0,greedy,2,midgame,True,225.0,0.0,False
18,36,0,"[[6, 7], [4, 5]]","[4, 5]",3,0.2985,0.625,2,517.0,greedy,2,midgame,False,0.0,0.0,False
18,37,1,"[[3, 6], [5, 4]]","[5, 4]",13,3.2811,0.0,20,517.0,greedy,2,midgame,False,0.0,0.0,False
18,38,0,"[[4, 3], [3, 2]]","[3, 2]",33,5.8622,0.625,20,547.0,greedy,2,midgame,False,0.0,0.0,False
18,39,1,"[[2, 3], [4, 1]]","[4, 1]",11,1.4062,0.0,20,547.0,greedy,2,midgame,False,0.0,0.0,False
18,40,0,"[[7, 4], [6, 3]]","[6, 3]",26,4.5323,0.6389,20,575.0,greedy,2,midgame,True,0,0.0,True
18,41,1,"[[4, 1], [5, 0]]","[5, 0]",9,1.9202,0.7188,20,575.0,greedy,2,midgame,False,0.0,0.0,True
18,42,0,"[[6, 3], [4, 5]]","[4, 5]",4,0.6006,0.5,20,575.0,greedy,2,midgame,False,0.0,0.0,False
18,43,1,"[[2, 7], [3, 6]]","[3, 6]",5,0.4444,0.6875,16,575.0,greedy,2,midgame,False,0.0,0.0,False
18,44,0,"[[4, 5], [2, 7]]","[2, 7]",3,0.3769,0.625,16,575.0,greedy,2,midgame,False,0.0,0.0,False
18,45,1,"[[5, 0], [6, 1]]","[6, 1]",4,0.3145,0.5,33,575.0,greedy,2,midgame,True,143.0,143.0,False
18,46,0,"[[7, 0], [5, 2]]","[5, 2]",3,0.2189,0.8125,33,576.0,greedy,2,midgame,False,0.0,0.0,True
19,0,0,"[[6, 1], [5, 0]]","[5, 0]",21,8.5521,0.625,0,0,greedy,2,opening,False,0,0.0,False
19,1,1,"[[1, 0], [2, 1]]","[2, 1]",22,4.5748,0.6071,0,0,greedy,2,opening,False,0.0,0.0,True
19,2,0,"[[5, 0], [4, 1]]","[4, 1]",24,6.3818,0.625,0,1.0,greedy,2,opening,False,0.0,0.0,False
19,3,1,"[[2, 1], [3, 2]]","[3, 2]",37,20.7388,0.4219,0,1.0,greedy,2,opening,False,0.0,0.0,True
19,4,0,"[[4, 1], [2, 3]]","[2, 3]",4,0.5674,0.5,0,25.0,greedy,2,opening,False,0.0,0.0,False
19,5,1,"[[1, 2], [3, 4]]","[3, 4]",11,2.0189,0.3125,0,25.0,greedy,2,opening,True,13.0,0.0,True
19,6,0,"[[6, 3], [5, 2]]","[5, 2]",23,7.8456,0.5893,0,38.0,greedy,2,opening,False,0.0,0.0,False
19,7,1,"[[3, 4], [4, 3]]","[4, 3]",35,7.35,0.5139,0,38.0,greedy,2,opening,False,0.0,0.0,True
19,8,0,"[[5, 2], [3, 4]]","[3, 4]",9,1.5898,0.0,0,38.0,greedy,2,opening,False,0.0,0.0,False
19,9,1,"[[0, 1], [1, 0]]","[1, 0]",25,6.9327,0.5536,-12,38.0,greedy,2,opening,False,0.0,0.0,True
19,10,0,"[[6, 5], [5, 4]]","[5, 4]",24,5.1203,0.6667,-12,38.0,greedy,2,opening,True,0,0.0,False
19,11,1,"[[0, 3], [1, 2]]","[1, 2]",25,8.8835,0.4792,-12,38.0,greedy,2,opening,False,0.0,0.0,True
19,12,0,"[[5, 4], [4, 3]]","[4, 3]",30,7.3757,0.6591,-12,38.0,greedy,2,opening,False,0.0,0.0,False
19,13,1,"[[1, 2], [2, 3]]","[2, 3]",33,10.7522,0.4107,-12,38.0,greedy,2,opening,False,0.0,0.0,False
19,14,0,"[[3, 4], [1, 2]]","[1, 2]",7,1.8604,0.125,-12,119.0,greedy,2,opening,False,0.0,0.0,False
19,15,1,"[[1, 6], [2, 7]]","[2, 7]",40,12.9135,0.0,-20,119.0,greedy,2,opening,True,30.0,0.0,False
19,16,0,"[[1, 2], [0, 1]]","[0, 1]",31,9.4211,0.6477,-20,149.0,greedy,2,opening,False,0.0,0.0,False
19,17,1,"[[0, 5], [1, 6]]","[1, 6]",22,3.2451,0.5417,-20,149.0,greedy,2,opening,False,0.0,0.0,False
19,18,0,"[[0, 1], [1, 2]]","[1, 2]",27,4.4472,0.6625,-20,249.0,greedy,2,opening,False,0.0,0.0,False
19,19,1,"[[1, 0], [2, 1]]","[2, 1]",17,5.5425,0.575,-16,249.0,greedy,2,opening,False,0.0,0.0,False
19,20,0,"[[1, 2], [3, 0]]","[3, 0]",6,1.5144,0.25,-16,250.0,greedy,2,midgame,True,18,0.0,False
19,21,1,"[[2, 7], [3, 6]]","[3, 6]",35,10.16,0.0,2,250.0,greedy,2,midgame,False,0.0,0.0,False
19,22,0,"[[3, 0], [2, 1]]","[2, 1]",30,8.4493,0.6591,2,250.0,greedy,2,midgame,False,0.0,0.0,False
19,23,1,"[[1, 6], [2, 7]]","[2, 7]",47,9.9909,0.0208,2,250.0,greedy,2,midgame,False,0.0,0.0,False
19,24,0,"[[2, 1], [1, 0]]","[1, 0]",31,4.4456,0.7019,2,270.0,greedy,2,midgame,False,0.0,0.0,True
19,25,1,"[[0, 7], [1, 6]]","[1, 6]",21,4.5667,0.475,2,270.0,greedy,2,midgame,True,0.0,0.0,True
19,26,0,"[[1, 0], [0, 1]]","[0, 1]",29,8.0967,0.6705,2,270.0,greedy,2,midgame,False,0.0,0.0,False
19,27,1,"[[3, 6], [4, 5]]","[4, 5]",41,12.6832,0.0,2,270.0,greedy,2,midgame,False,0.0,0.0,True
19,28,0,"[[0, 1], [1, 0]]","[1, 0]",31,8.4994,0.6477,2,270.0,greedy,2,midgame,False,0.0,0.0,True
19,29,1,"[[1, 4], [2, 3]]","[2, 3]",40,11.246,0.1667,2,270.0,greedy,2,midgame,False,0.0,0.0,True
19,30,0,"[[1, 0], [0, 1]]","[0, 1]",29,5.2445,0.6705,2,270.0,greedy,2,midgame,True,0,0.0,False
19,31,1,"[[2, 7], [3, 6]]","[3, 6]",36,6.2099,0.25,2,270.0,greedy,2,midgame,False,0.0,0.0,False
19,32,0,"[[0, 1], [1, 0]]","[1, 0]",36,7.6027,0.5909,2,270.0,greedy,2,midgame,False,0.0,0.0,True
19,33,1,"[[1, 6], [2, 7]]","[2, 7]",42,7.6375,0.25,2,270.0,greedy,2,midgame,False,0.0,0.0,True
19,34,0,"[[1, 0], [0, 1]]","[0, 1]",39,12.238,0.5568,2,292.0,greedy,2,midgame,False,0.0,0.0,False
19,35,1,"[[4, 5], [5, 6]]","[5, 6]",24,6.5029,0.4,2,292.0,greedy,2,midgame,True,225.0,0.0,False
19,36,0,"[[6, 7], [4, 5]]","[4, 5]",3,0.2987,0.625,2,517.0,greedy,2,midgame,False,0.0,0.0,False
19,37,1,"[[3, 6], [5, 4]]","[5, 4]",13,1.909,0.0,20,517.0,greedy,2,midgame,False,0.0,0.0,False
19,38,0,"[[4, 3], [3, 2]]","[3, 2]",33,8.0221,0.625,20,547.0,greedy,2,midgame,False,0.0,0.0,False
19,39,1,"[[2, 3], [4, 1]]","[4, 1]",11,1.8771,0.0,20,547.0,greedy,2,midgame,False,0.0,0.0,False
19,40,0,"[[7, 4], [6, 3]]","[6, 3]",26,3.9146,0.6389,20,575.0,greedy,2,midgame,True,0,0.0,True
19,41,1,"[[4, 1], [5, 0]]","[5, 0]",9,1.4246,0.7188,20,575.0,greedy,2,midgame,False,0.0,0.0,True
19,42,0,"[[6, 3], [4, 5]]","[4, 5]",4,0.6001,0.5,20,575.0,greedy,2,midgame,False,0.0,0.0,False
19,43,1,"[[2, 7], [3, 6]]","[3, 6]",5,0.4485,0.6875,16,575.0,greedy,2,midgame,False,0.0,0.0,False
19,44,0,"[[4, 5], [2, 7]]","[2, 7]",3,0.3779,0.625,16,575.0,greedy,2,midgame,False,0.0,0.0,False
19,45,1,"[[5, 0], [6, 1]]","[6, 1]",4,0.3128,0.5,33,575.0,greedy,2,midgame,True,143.0,143.0,False
19,46,0,"[[7, 0], [5, 2]]","[5, 2]",3,0.2236,0.8125,33,576.0,greedy,2,midgame,False,0.0,0.0,True
20,0,0,"[[6, 1], [5, 0]]","[5, 0]",21,5.0256,0.625,0,0,greedy,2,opening,False,0,0.0,False
20,1,1,"[[1, 0], [2, 1]]","[2, 1]",22,7.3707,0.6071,0,0,greedy,2,opening,False,0.0,0.0,True
20,2,0,"[[5, 0], [4, 1]]","[4, 1]",24,7.0958,0.625,0,1.0,greedy,2,opening,False,0.0,0.0,False
20,3,1,"[[2, 1], [3, 2]]","[3, 2]",37,9.2814,0.4219,0,1.0,greedy,2,opening,False,0.0,0.0,True
20,4,0,"[[4, 1], [2, 3]]","[2, 3]",4,0.5629,0.5,0,25.0,greedy,2,opening,False,0.0,0.0,False
20,5,1,"[[1, 2], [3, 4]]","[3, 4]",11,3.2091,0.3125,0,25.0,greedy,2,opening,True,13.0,0.0,True
20,6,0,"[[6, 3], [5, 2]]","[5, 2]",23,6.0515,0.5893,0,38.0,greedy,2,opening,False,0.0,0.0,False
20,7,1,"[[3, 4], [4, 3]]","[4, 3]",35,12.8329,0.5139,0,38.0,greedy,2,opening,False,0.0,0.0,True
20,8,0,"[[5, 2], [3, 4]]","[3, 4]",9,1.5826,0.0,0,38.0,greedy,2,opening,False,0.0,0.0,False
20,9,1,"[[0, 1], [1, 0]]","[1, 0]",25,5.3959,0.5536,-12,38.0,greedy,2,opening,False,0.0,0.0,True
20,10,0,"[[6, 5], [5, 4]]","[5, 4]",24,7.5872,0.6667,-12,38.0,greedy,2,opening,True,0,0.0,False
20,11,1,"[[0, 3], [1, 2]]","[1, 2]",25,9.7568,0.4792,-12,38.0,greedy,2,opening,False,0.0,0.0,True
20,12,0,"[[5, 4], [4, 3]]","[4, 3]",30,9.1505,0.6591,-12,38.0,greedy,2,opening,False,0.0,0.0,False
20,13,1,"[[1, 2], [2, 3]]","[2, 3]",33,11.7474,0.4107,-12,38.0,greedy,2,opening,False,0.0,0.0,False
20,14,0,"[[3, 4], [1, 2]]","[1, 2]",7,1.8795,0.125,-12,119.0,greedy,2,opening,False,0.0,0.0,False
20,15,1,"[[1, 6], [2, 7]]","[2, 7]",40,13.0706,0.0,-20,119.0,greedy,2,opening,True,30.0,0.0,False
20,16,0,"[[1, 2], [0, 1]]","[0, 1]",31,9.4371,0.6477,-20,149.0,greedy,2,opening,False,0.0,0.0,False
20,17,1,"[[0, 5], [1, 6]]","[1, 6]",22,3.2775,0.5417,-20,149.0,greedy,2,opening,False,0.0,0.0,False
20,18,0,"[[0, 1], [1, 2]]","[1, 2]",27,5.0535,0.6625,-20,249.0,greedy,2,opening,False,0.0,0.0,False
20,19,1,"[[1, 0], [2, 1]]","[2, 1]",17,2.7771,0.575,-16,249.0,greedy,2,opening,False,0.0,0.0,False
20,20,0,"[[1, 2], [3, 0]]","[3, 0]",6,1.0338,0.25,-16,250.0,greedy,2,midgame,True,18,0.0,False
20,21,1,"[[2, 7], [3, 6]]","[3, 6]",35,10.5829,0.0,2,250.0,greedy,2,midgame,False,0.0,0.0,False
20,22,0,"[[3, 0], [2, 1]]","[2, 1]",30,8.5335,0.6591,2,250.0,greedy,2,midgame,False,0.0,0.0,False
20,23,1,"[[1, 6], [2, 7]]","[2, 7]",47,12.1,0.0208,2,250.0,greedy,2,midgame,False,0.0,0.0,False
20,24,0,"[[2, 1], [1, 0]]","[1, 0]",31,8.3911,0.7019,2,270.0,greedy,2,midgame,False,0.0,0.0,True
20,25,1,"[[0, 7], [1, 6]]","[1, 6]",21,5.486,0.475,2,270.0,greedy,2,midgame,True,0.0,0.0,True
20,26,0,"[[1, 0], [0, 1]]","[0, 1]",29,4.369,0.6705,2,270.0,greedy,2,midgame,False,0.0,0.0,False
20,27,1,"[[3, 6], [4, 5]]","[4, 5]",41,10.1604,0.0,2,270.0,greedy,2,midgame,False,0.0,0.0,True
20,28,0,"[[0, 1], [1, 0]]","[1, 0]",31,6.5098,0.6477,2,270.0,greedy,2,midgame,False,0.0,0.0,True
20,29,1,"[[1, 4], [2, 3]]","[2, 3]",40,9.2223,0.1667,2,270.0,greedy,2,midgame,False,0.0,0.0,True
20,30,0,"[[1, 0], [0, 1]]","[0, 1]",29,6.4881,0.6705,2,270.0,greedy,2,midgame,True,0,0.0,False
20,31,1,"[[2, 7], [3, 6]]","[3, 6]",36,11.1475,0.25,2,270.0,greedy,2,midgame,False,0.0,0.0,False
20,32,0,"[[0, 1], [1, 0]]","[1, 0]",36,12.1274,0.5909,2,270.0,greedy,2,midgame,False,0.0,0.0,True
20,33,1,"[[1, 6], [2, 7]]","[2, 7]",42,10.6902,0.25,2,270.0,greedy,2,midgame,False,0.0,0.0,True
20,34,0,"[[1, 0], [0, 1]]","[0, 1]",39,11.1933,0.5568,2,292.0,greedy,2,midgame,False,0.0,0.0,False
20,35,1,"[[4, 5], [5, 6]]","[5, 6]",24,6.3531,0.4,2,292.0,greedy,2,midgame,True,225.0,0.0,False
20,36,0,"[[6, 7], [4, 5]]","[4, 5]",3,0.5488,0.625,2,517.0,greedy,2,midgame,False,0.0,0.0,False
20,37,1,"[[3, 6], [5, 4]]","[5, 4]",13,3.1526,0.0,20,517.0,greedy,2,midgame,False,0.0,0.0,False
20,38,0,"[[4, 3], [3, 2]]","[3, 2]",33,6.3624,0.625,20,547.0,greedy,2,midgame,False,0.0,0.0,False
20,39,1,"[[2, 3], [4, 1]]","[4, 1]",11,1.4064,0.0,20,547.0,greedy,2,midgame,False,0.0,0.0,False
20,40,0,"[[7, 4], [6, 3]]","[6, 3]",26,4.7519,0.6389,20,575.0,greedy,2,midgame,True,0,0.0,True
20,41,1,"[[4, 1], [5, 0]]","[5, 0]",9,1.4102,0.7188,20,575.0,greedy,2,midgame,False,0.0,0.0,True
20,42,0,"[[6, 3], [4, 5]]","[4, 5]",4,0.6025,0.5,20,575.0,greedy,2,midgame,False,0.0,0.0,False
20,43,1,"[[2, 7], [3, 6]]","[3, 6]",5,0.4468,0.6875,16,575.0,greedy,2,midgame,False,0.0,0.0,False
20,44,0,"[[4, 5], [2, 7]]","[2, 7]",3,0.3774,0.625,16,575.0,greedy,2,midgame,False,0.0,0.0,False
20,45,1,"[[5, 0], [6, 1]]","[6, 1]",4,0.3114,0.5,33,575.0,greedy,2,midgame,True,143.0,143.0,False
20,46,0,"[[7, 0], [5, 2]]","[5, 2]",3,0.2182,0.8125,33,576.0,greedy,2,midgame,False,0.0,0.0,True
21,0,0,"[[6, 1], [5, 0]]","[5, 0]",21,3.8049,0.625,0,0,greedy,2,opening,False,0,0.0,False
21,1,1,"[[1, 0], [2, 1]]","[2, 1]",22,4.1401,0.6071,0,0,greedy,2,opening,False,0.0,0.0,True
21,2,0,"[[5, 0], [4, 1]]","[4, 1]",24,7.4368,0.625,0,1.0,greedy,2,opening,False,0.0,0.0,False
21,3,1,"[[2, 1], [3, 2]]","[3, 2]",37,12.1851,0.4219,0,1.0,greedy,2,opening,False,0.0,0.0,True
21,4,0,"[[4, 1], [2, 3]]","[2, 3]",4,0.5605,0.5,0,25.0,greedy,2,opening,False,0.0,0.0,False
21,5,1,"[[1, 2], [3, 4]]","[3, 4]",11,1.8973,0.3125,0,25.0,greedy,2,opening,True,13.0,0.0,True
21,6,0,"[[6, 3], [5, 2]]","[5, 2]",23,7.8549,0.5893,0,38.0,greedy,2,opening,False,0.0,0.0,False
21,7,1,"[[3, 4], [4, 3]]","[4, 3]",35,11.7059,0.5139,0,38.0,greedy,2,opening,False,0.0,0.0,True
21,8,0,"[[5, 2], [3, 4]]","[3, 4]",9,1.6153,0.0,0,38.0,greedy,2,opening,False,0.0,0.0,False
21,9,1,"[[0, 1], [1, 0]]","[1, 0]",25,5.3844,0.5536,-12,38.0,greedy,2,opening,False,0.0,0.0,True
21,10,0,"[[6, 5], [5, 4]]","[5, 4]",24,3.9289,0.6667,-12,38.0,greedy,2,opening,True,0,0.0,False
21,11,1,"[[0, 3], [1, 2]]","[1, 2]",25,8.4484,0.4792,-12,38.0,greedy,2,opening,False,0.0,0.0,True
21,12,0,"[[5, 4], [4, 3]]","[4, 3]",30,8.75,0.6591,-12,38.0,greedy,2,opening,False,0.0,0.0,False
21,13,1,"[[1, 2], [2, 3]]","[2, 3]",33,12.7132,0.4107,-12,38.0,greedy,2,opening,False,0.0,0.0,False
21,14,0,"[[3, 4], [1, 2]]","[1, 2]",7,1.8747,0.125,-12,119.0,greedy,2,opening,False,0.0,0.0,False
21,15,1,"[[1, 6], [2, 7]]","[2, 7]",40,10.5934,0.0,-20,119.0,greedy,2,opening,True,30.0,0.0,False
21,16,0,"[[1, 2], [0, 1]]","[0, 1]",31,8.5108,0.6477,-20,149.0,greedy,2,opening,False,0.0,0.0,False
21,17,1,"[[0, 5], [1, 6]]","[1, 6]",22,7.2415,0.5417,-20,149.0,greedy,2,opening,False,0.0,0.0,False
21,18,0,"[[0, 1], [1, 2]]","[1, 2]",27,7.2875,0.6625,-20,249.0,greedy,2,opening,False,0.0,0.0,False
21,19,1,"[[1, 0], [2, 1]]","[2, 1]",17,5.1739,0.575,-16,249.0,greedy,2,opening,False,0.0,0.0,False
21,20,0,"[[1, 2], [3, 0]]","[3, 0]",6,0.8154,0.25,-16,250.0,greedy,2,midgame,True,18,0.0,False
21,21,1,"[[2, 7], [3, 6]]","[3, 6]",35,5.3742,0.0,2,250.0,greedy,2,midgame,False,0.0,0.0,False
21,22,0,"[[3, 0], [2, 1]]","[2, 1]",30,4.9913,0.6591,2,250.0,greedy,2,midgame,False,0.0,0.0,False
21,23,1,"[[1, 6], [2, 7]]","[2, 7]",47,12.3401,0.0208,2,250.0,greedy,2,midgame,False,0.0,0.0,False
21,24,0,"[[2, 1], [1, 0]]","[1, 0]",31,4.4024,0.7019,2,270.0,greedy,2,midgame,False,0.0,0.0,True
21,25,1,"[[0, 7], [1, 6]]","[1, 6]",21,5.4724,0.475,2,270.0,greedy,2,midgame,True,0.0,0.0,True
21,26,0,"[[1, 0], [0, 1]]","[0, 1]",29,8.3072,0.6705,2,270.0,greedy,2,midgame,False,0.0,0.0,False
21,27,1,"[[3, 6], [4, 5]]","[4, 5]",41,9.553,0.0,2,270.0,greedy,2,midgame,False,0.0,0.0,True
21,28,0,"[[0, 1], [1, 0]]","[1, 0]",31,5.4271,0.6477,2,270.0,greedy,2,midgame,False,0.0,0.0,True
21,29,1,"[[1, 4], [2, 3]]","[2, 3]",40,11.9205,0.1667,2,270.0,greedy,2,midgame,False,0.0,0.0,True
21,30,0,"[[1, 0], [0, 1]]","[0, 1]",29,8.1811,0.6705,2,270.0,greedy,2,midgame,True,0,0.0,False
21,31,1,"[[2, 7], [3, 6]]","[3, 6]",36,6.5646,0.25,2,270.0,greedy,2,midgame,False,0.0,0.0,False
21,32,0,"[[0, 1], [1, 0]]","[1, 0]",36,12.0595,0.5909,2,270.0,greedy,2,midgame,False,0.0,0.0,True
21,33,1,"[[1, 6], [2, 7]]","[2, 7]",42,9.0456,0.25,2,270.0,greedy,2,midgame,False,0.0,0.0,True
21,34,0,"[[1, 0], [0, 1]]","[0, 1]",39,7.108,0.5568,2,292.0,greedy,2,midgame,False,0.0,0.0,False
21,35,1,"[[4, 5], [5, 6]]","[5, 6]",24,6.0482,0.4,2,292.0,greedy,2,midgame,True,225.0,0.0,False
21,36,0,"[[6, 7], [4, 5]]","[4, 5]",3,0.5453,0.625,2,517.0,greedy,2,midgame,False,0.0,0.0,False
21,37,1,"[[3, 6], [5, 4]]","[5, 4]",13,3.5429,0.0,20,517.0,greedy,2,midgame,False,0.0,0.0,False
21,38,0,"[[4, 3], [3, 2]]","[3, 2]",33,10.2587,0.625,20,547.0,greedy,2,midgame,False,0.0,0.0,False
21,39,1,"[[2, 3], [4, 1]]","[4, 1]",11,1.4105,0.0,20,547.0,greedy,2,midgame,False,0.0,0.0,False
21,40,0,"[[7, 4], [6, 3]]","[6, 3]",26,3.8867,0.6389,20,575.0,greedy,2,midgame,True,0,0.0,True
21,41,1,"[[4, 1], [5, 0]]","[5, 0]",9,0.936,0.7188,20,575.0,greedy,2,midgame,False,0.0,0.0,True
21,42,0,"[[6, 3], [4, 5]]","[4, 5]",4,0.5958,0.5,20,575.0,greedy,2,midgame,False,0.0,0.0,False
21,43,1,"[[2, 7], [3, 6]]","[3, 6]",5,0.4447,0.6875,16,575.0,greedy,2,midgame,False,0.0,0.0,False
21,44,0,"[[4, 5], [2, 7]]","[2, 7]",3,0.468,0.625,16,575.0,greedy,2,midgame,False,0.0,0.0,False
21,45,1,"[[5, 0], [6, 1]]","[6, 1]",4,0.6073,0.5,33,575.0,greedy,2,midgame,True,143.0,143.0,False
21,46,0,"[[7, 0], [5, 2]]","[5, 2]",3,0.6685,0.8125,33,576.0,greedy,2,midgame,False,0.0,0.0,True
22,0,0,"[[6, 1], [5, 0]]","[5, 0]",21,6.2275,0.625,0,0,greedy,2,opening,False,0,0.0,False
22,1,1,"[[1, 0], [2, 1]]","[2, 1]",22,6.8719,0.6071,0,0,greedy,2,opening,False,0.0,0.0,True
22,2,0,"[[5, 0], [4, 1]]","[4, 1]",24,6.2866,0.625,0,1.0,greedy,2,opening,False,0.0,0.0,False
22,3,1,"[[2, 1], [3, 2]]","[3, 2]",37,13.9484,0.4219,0,1.0,greedy,2,opening,False,0.0,0.0,True
22,4,0,"[[4, 1], [2, 3]]","[2, 3]",4,0.5586,0.5,0,25.0,greedy,2,opening,False,0.0,0.0,False
22,5,1,"[[1, 2], [3, 4]]","[3, 4]",11,1.7762,0.3125,0,25.0,greedy,2,opening,True,13.0,0.0,True
22,6,0,"[[6, 3], [5, 2]]","[5, 2]",23,6.8731,0.5893,0,38.0,greedy,2,opening,False,0.0,0.0,False
22,7,1,"[[3, 4], [4, 3]]","[4, 3]",35,7.2126,0.5139,0,38.0,greedy,2,opening,False,0.0,0.0,True
22,8,0,"[[5, 2], [3, 4]]","[3, 4]",9,2.9316,0.0,0,38.0,greedy,2,opening,False,0.0,0.0,False
22,9,1,"[[0, 1], [1, 0]]","[1, 0]",25,7.1125,0.5536,-12,38.0,greedy,2,opening,False,0.0,0.0,True
22,10,0,"[[6, 5], [5, 4]]","[5, 4]",24,5.5902,0.6667,-12,38.0,greedy,2,opening,True,0,0.0,False
22,11,1,"[[0, 3], [1, 2]]","[1, 2]",25,9.7144,0.4792,-12,38.0,greedy,2,opening,False,0.0,0.0,True
22,12,0,"[[5, 4], [4, 3]]","[4, 3]",30,8.8069,0.6591,-12,38.0,greedy,2,opening,False,0.0,0.0,False
22,13,1,"[[1, 2], [2, 3]]","[2, 3]",33,8.8763,0.4107,-12,38.0,greedy,2,opening,False,0.0,0.0,False
22,14,0,"[[3, 4], [1, 2]]","[1, 2]",7,1.8754,0.125,-12,119.0,greedy,2,opening,False,0.0,0.0,False
22,15,1,"[[1, 6], [2, 7]]","[2, 7]",40,11.0636,0.0,-20,119.0,greedy,2,opening,True,30.0,0.0,False
22,16,0,"[[1, 2], [0, 1]]","[0, 1]",31,8.2045,0.6477,-20,149.0,greedy,2,opening,False,0.0,0.0,False
22,17,1,"[[0, 5], [1, 6]]","[1, 6]",22,6.0344,0.5417,-20,149.0,greedy,2,opening,False,0.0,0.0,False
22,18,0,"[[0, 1], [1, 2]]","[1, 2]",27,6.691,0.6625,-20,249.0,greedy,2,opening,False,0.0,0.0,False
22,19,1,"[[1, 0], [2, 1]]","[2, 1]",17,4.7526,0.575,-16,249.0,greedy,2,opening,False,0.0,0.0,False
22,20,0,"[[1, 2], [3, 0]]","[3, 0]",6,1.5149,0.25,-16,250.0,greedy,2,midgame,True,18,0.0,False
22,21,1,"[[2, 7], [3, 6]]","[3, 6]",35,8.1153,0.0,2,250.0,greedy,2,midgame,False,0.0,0.0,False
22,22,0,"[[3, 0], [2, 1]]","[2, 1]",30,4.5133,0.6591,2,250.0,greedy,2,midgame,False,0.0,0.0,False
22,23,1,"[[1, 6], [2, 7]]","[2, 7]",47,10.7396,0.0208,2,250.0,greedy,2,midgame,False,0.0,0.0,False
22,24,0,"[[2, 1], [1, 0]]","[1, 0]",31,8.7698,0.7019,2,270.0,greedy,2,midgame,False,0.0,0.0,True
22,25,1,"[[0, 7], [1, 6]]","[1, 6]",21,3.02,0.475,2,270.0,greedy,2,midgame,True,0.0,0.0,True
22,26,0,"[[1, 0], [0, 1]]","[0, 1]",29,4.3588,0.6705,2,270.0,greedy,2,midgame,False,0.0,0.0,False
22,27,1,"[[3, 6], [4, 5]]","[4, 5]",41,9.0325,0.0,2,270.0,greedy,2,midgame,False,0.0,0.0,True
22,28,0,"[[0, 1], [1, 0]]","[1, 0]",31,8.9922,0.6477,2,270.0,greedy,2,midgame,False,0.0,0.0,True
22,29,1,"[[1, 4], [2, 3]]","[2, 3]",40,7.8962,0.1667,2,270.0,greedy,2,midgame,False,0.0,0.0,True
22,30,0,"[[1, 0], [0, 1]]","[0, 1]",29,4.5927,0.6705,2,270.0,greedy,2,midgame,True,0,0.0,False
22,31,1,"[[2, 7], [3, 6]]","[3, 6]",36,10.174,0.25,2,270.0,greedy,2,midgame,False,0.0,0.0,False
22,32,0,"[[0, 1], [1, 0]]","[1, 0]",36,12.6312,0.5909,2,270.0,greedy,2,midgame,False,0.0,0.0,True
22,33,1,"[[1, 6], [2, 7]]","[2, 7]",42,11.9524,0.25,2,270.0,greedy,2,midgame,False,0.0,0.0,True
22,34,0,"[[1, 0], [0, 1]]","[0, 1]",39,7.0767,0.5568,2,292.0,greedy,2,midgame,False,0.0,0.0,False
22,35,1,"[[4, 5], [5, 6]]","[5, 6]",24,4.4894,0.4,2,292.0,greedy,2,midgame,True,225.0,0.0,False
22,36,0,"[[6, 7], [4, 5]]","[4, 5]",3,0.5686,0.625,2,517.0,greedy,2,midgame,False,0.0,0.0,False
22,37,1,"[[3, 6], [5, 4]]","[5, 4]",13,3.5324,0.0,20,517.0,greedy,2,midgame,False,0.0,0.0,False
22,38,0,"[[4, 3], [3, 2]]","[3, 2]",33,10.6621,0.625,20,547.0,greedy,2,midgame,False,0.0,0.0,False
22,39,1,"[[2, 3], [4, 1]]","[4, 1]",11,1.4205,0.0,20,547.0,greedy,2,midgame,False,0.0,0.0,False
22,40,0,"[[7, 4], [6, 3]]","[6, 3]",26,3.8786,0.6389,20,575.0,greedy,2,midgame,True,0,0.0,True
22,41,1,"[[4, 1], [5, 0]]","[5, 0]",9,1.6477,0.7188,20,575.0,greedy,2,midgame,False,0.0,0.0,True
22,42,0,"[[6, 3], [4, 5]]","[4, 5]",4,1.0819,0.5,20,575.0,greedy,2,midgame,False,0.0,0.0,False
22,43,1,"[[2, 7], [3, 6]]","[3, 6]",5,0.8199,0.6875,16,575.0,greedy,2,midgame,False,0.0,0.0,False
22,44,0,"[[4, 5], [2, 7]]","[2, 7]",3,0.3793,0.625,16,575.0,greedy,2,midgame,False,0.0,0.0,False
22,45,1,"[[5, 0], [6, 1]]","[6, 1]",4,0.3119,0.5,33,575.0,greedy,2,midgame,True,143.0,143.0,False
22,46,0,"[[7, 0], [5, 2]]","[5, 2]",3,0.4206,0.8125,33,576.0,greedy,2,midgame,False,0.0,0.0,True
23,0,0,"[[6, 1], [5, 0]]","[5, 0]",21,6.1395,0.625,0,0,greedy,2,opening,False,0,0.0,False
23,1,1,"[[1, 0], [2, 1]]","[2, 1]",22,7.885,0.6071,0,0,greedy,2,opening,False,0.0,0.0,True
23,2,0,"[[5, 0], [4, 1]]","[4, 1]",24,4.457,0.625,0,1.0,greedy,2,opening,False,0.0,0.0,False
23,3,1,"[[2, 1], [3, 2]]","[3, 2]",37,13.8881,0.4219,0,1.0,greedy,2,opening,False,0.0,0.0,True
23,4,0,"[[4, 1], [2, 3]]","[2, 3]",4,1.0371,0.5,0,25.0,greedy,2,opening,False,0.0,0.0,False
23,5,1,"[[1, 2], [3, 4]]","[3, 4]",11,3.3224,0.3125,0,25.0,greedy,2,opening,True,13.0,0.0,True
23,6,0,"[[6, 3], [5, 2]]","[5, 2]",23,8.0311,0.5893,0,38.0,greedy,2,opening,False,0.0,0.0,False
23,7,1,"[[3, 4], [4, 3]]","[4, 3]",35,11.3859,0.5139,0,38.0,greedy,2,opening,False,0.0,0.0,True
23,8,0,"[[5, 2], [3, 4]]","[3, 4]",9,1.9772,0.0,0,38.0,greedy,2,opening,False,0.0,0.0,False
23,9,1,"[[0, 1], [1, 0]]","[1, 0]",25,10.0908,0.5536,-12,38.0,greedy,2,opening,False,0.0,0.0,True
23,10,0,"[[6, 5], [5, 4]]","[5, 4]",24,7.5548,0.6667,-12,38.0,greedy,2,opening,True,0,0.0,False
23,11,1,"[[0, 3], [1, 2]]","[1, 2]",25,9.3701,0.4792,-12,38.0,greedy,2,opening,False,0.0,0.0,True
23,12,0,"[[5, 4], [4, 3]]","[4, 3]",30,4.9441,0.6591,-12,38.0,greedy,2,opening,False,0.0,0.0,False
23,13,1,"[[1, 2], [2, 3]]","[2, 3]",33,7.9465,0.4107,-12,38.0,greedy,2,opening,False,0.0,0.0,False
23,14,0,"[[3, 4], [1, 2]]","[1, 2]",7,1.0154,0.125,-12,119.0,greedy,2,opening,False,0.0,0.0,False
23,15,1,"[[1, 6], [2, 7]]","[2, 7]",40,6.5978,0.0,-20,119.0,greedy,2,opening,True,30.0,0.0,False
23,16,0,"[[1, 2], [0, 1]]","[0, 1]",31,6.259,0.6477,-20,149.0,greedy,2,opening,False,0.0,0.0,False
23,17,1,"[[0, 5], [1, 6]]","[1, 6]",22,3.2735,0.5417,-20,149.0,greedy,2,opening,False,0.0,0.0,False
23,18,0,"[[0, 1], [1, 2]]","[1, 2]",27,4.4708,0.6625,-20,249.0,greedy,2,opening,False,0.0,0.0,False
23,19,1,"[[1, 0], [2, 1]]","[2, 1]",17,3.7227,0.575,-16,249.0,greedy,2,opening,False,0.0,0.0,False
23,20,0,"[[1, 2], [3, 0]]","[3, 0]",6,0.8411,0.25,-16,250.0,greedy,2,midgame,True,18,0.0,False
23,21,1,"[[2, 7], [3, 6]]","[3, 6]",35,5.3551,0.0,2,250.0,greedy,2,midgame,False,0.0,0.0,False
23,22,0,"[[3, 0], [2, 1]]","[2, 1]",30,4.7121,0.6591,2,250.0,greedy,2,midgame,False,0.0,0.0,False
23,23,1,"[[1, 6], [2, 7]]","[2, 7]",47,13.4876,0.0208,2,250.0,greedy,2,midgame,False,0.0,0.0,False
23,24,0,"[[2, 1], [1, 0]]","[1, 0]",31,6.187,0.7019,2,270.0,greedy,2,midgame,False,0.0,0.0,True
23,25,1,"[[0, 7], [1, 6]]","[1, 6]",21,2.9197,0.475,2,270.0,greedy,2,midgame,True,0.0,0.0,True
23,26,0,"[[1, 0], [0, 1]]","[0, 1]",29,5.1823,0.6705,2,270.0,greedy,2,midgame,False,0.0,0.0,False
23,27,1,"[[3, 6], [4, 5]]","[4, 5]",41,12.9759,0.0,2,270.0,greedy,2,midgame,False,0.0,0.0,True
23,28,0,"[[0, 1], [1, 0]]","[1, 0]",31,7.0674,0.6477,2,270.0,greedy,2,midgame,False,0.0,0.0,True
23,29,1,"[[1, 4], [2, 3]]","[2, 3]",40,8.6579,0.1667,2,270.0,greedy,2,midgame,False,0.0,0.0,True
23,30,0,"[[1, 0], [0, 1]]","[0, 1]",29,5.7337,0.6705,2,270.0,greedy,2,midgame,True,0,0.0,False
23,31,1,"[[2, 7], [3, 6]]","[3, 6]",36,6.2621,0.25,2,270.0,greedy,2,midgame,False,0.0,0.0,False
23,32,0,"[[0, 1], [1, 0]]","[1, 0]",36,8.0163,0.5909,2,270.0,greedy,2,midgame,False,0.0,0.0,True
23,33,1,"[[1, 6], [2, 7]]","[2, 7]",42,9.9349,0.25,2,270.0,greedy,2,midgame,False,0.0,0.0,True
23,34,0,"[[1, 0], [0, 1]]","[0, 1]",39,7.6165,0.5568,2,292.0,greedy,2,midgame,False,0.0,0.0,False
23,35,1,"[[4, 5], [5, 6]]","[5, 6]",24,7.1144,0.4,2,292.0,greedy,2,midgame,True,225.0,0.0,False
23,36,0,"[[6, 7], [4, 5]]","[4, 5]",3,0.2944,0.625,2,517.0,greedy,2,midgame,False,0.0,0.0,False
23,37,1,"[[3, 6], [5, 4]]","[5, 4]",13,1.9119,0.0,20,517.0,greedy,2,midgame,False,0.0,0.0,False
23,38,0,"[[4, 3], [3, 2]]","[3, 2]",33,6.3741,0.625,20,547.0,greedy,2,midgame,False,0.0,0.0,False
23,39,1,"[[2, 3], [4, 1]]","[4, 1]",11,1.4062,0.0,20,547.0,greedy,2,midgame,False,0.0,0.0,False
23,40,0,"[[7, 4], [6, 3]]","[6, 3]",26,5.518,0.6389,20,575.0,greedy,2,midgame,True,0,0.0,True
23,41,1,"[[4, 1], [5, 0]]","[5, 0]",9,0.9391,0.7188,20,575.0,greedy,2,midgame,False,0.0,0.0,True
23,42,0,"[[6, 3], [4, 5]]","[4, 5]",4,0.7968,0.5,20,575.0,greedy,2,midgame,False,0.0,0.0,False
23,43,1,"[[2, 7], [3, 6]]","[3, 6]",5,0.4928,0.6875,16,575.0,greedy,2,midgame,False,0.0,0.0,False
23,44,0,"[[4, 5], [2, 7]]","[2, 7]",3,0.3855,0.625,16,575.0,greedy,2,midgame,False,0.0,0.0,False
23,45,1,"[[5, 0], [6, 1]]","[6, 1]",4,0.3171,0.5,33,575.0,greedy,2,midgame,True,143.0,143.0,False
23,46,0,"[[7, 0], [5, 2]]","[5, 2]",3,0.2248,0.8125,33,576.0,greedy,2,midgame,False,0.0,0.0,True
24,0,0,"[[6, 1], [5, 0]]","[5, 0]",21,3.7537,0.625,0,0,greedy,2,opening,False,0,0.0,False
24,1,1,"[[1, 0], [2, 1]]","[2, 1]",22,7.74,0.6071,0,0,greedy,2,opening,False,0.0,0.0,True
24,2,0,"[[5, 0], [4, 1]]","[4, 1]",24,8.4019,0.625,0,1.0,greedy,2,opening,False,0.0,0.0,False
24,3,1,"[[2, 1], [3, 2]]","[3, 2]",37,10.6137,0.4219,0,1.0,greedy,2,opening,False,0.0,0.0,True
24,4,0,"[[4, 1], [2, 3]]","[2, 3]",4,0.5579,0.5,0,25.0,greedy,2,opening,False,0.0,0.0,False
24,5,1,"[[1, 2], [3, 4]]","[3, 4]",11,2.7936,0.3125,0,25.0,greedy,2,opening,True,13.0,0.0,True
24,6,0,"[[6, 3], [5, 2]]","[5, 2]",23,5.7611,0.5893,0,38.0,greedy,2,opening,False,0.0,0.0,False
24,7,1,"[[3, 4], [4, 3]]","[4, 3]",35,11.0266,0.5139,0,38.0,greedy,2,opening,False,0.0,0.0,True
24,8,0,"[[5, 2], [3, 4]]","[3, 4]",9,2.9297,0.0,0,38.0,greedy,2,opening,False,0.0,0.0,False
24,9,1,"[[0, 1], [1, 0]]","[1, 0]",25,9.7015,0.5536,-12,38.0,greedy,2,opening,False,0.0,0.0,True
24,10,0,"[[6, 5], [5, 4]]","[5, 4]",24,6.7396,0.6667,-12,38.0,greedy,2,opening,True,0,0.0,False
24,11,1,"[[0, 3], [1, 2]]","[1, 2]",25,9.46,0.4792,-12,38.0,greedy,2,opening,False,0.0,0.0,True
24,12,0,"[[5, 4], [4, 3]]","[4, 3]",30,10.1848,0.6591,-12,38.0,greedy,2,opening,False,0.0,0.0,False
24,13,1,"[[1, 2], [2, 3]]","[2, 3]",33,11.3022,0.4107,-12,38.0,greedy,2,opening,False,0.0,0.0,False
24,14,0,"[[3, 4], [1, 2]]","[1, 2]",7,2.1081,0.125,-12,119.0,greedy,2,opening,False,0.0,0.0,False
24,15,1,"[[1, 6], [2, 7]]","[2, 7]",40,10.4933,0.0,-20,119.0,greedy,2,opening,True,30.0,0.0,False
24,16,0,"[[1, 2], [0, 1]]","[0, 1]",31,8.5959,0.6477,-20,149.0,greedy,2,opening,False,0.0,0.0,False
24,17,1,"[[0, 5], [1, 6]]","[1, 6]",22,6.2962,0.5417,-20,149.0,greedy,2,opening,False,0.0,0.0,False
24,18,0,"[[0, 1], [1, 2]]","[1, 2]",27,5.3909,0.6625,-20,249.0,greedy,2,opening,False,0.0,0.0,False
24,19,1,"[[1, 0], [2, 1]]","[2, 1]",17,2.7955,0.575,-16,249.0,greedy,2,opening,False,0.0,0.0,False
24,20,0,"[[1, 2], [3, 0]]","[3, 0]",6,0.8044,0.25,-16,250.0,greedy,2,midgame,True,18,0.0,False
24,21,1,"[[2, 7], [3, 6]]","[3, 6]",35,6.2668,0.0,2,250.0,greedy,2,midgame,False,0.0,0.0,False
24,22,0,"[[3, 0], [2, 1]]","[2, 1]",30,8.4107,0.6591,2,250.0,greedy,2,midgame,False,0.0,0.0,False
24,23,1,"[[1, 6], [2, 7]]","[2, 7]",47,13.695,0.0208,2,250.0,greedy,2,midgame,False,0.0,0.0,False
24,24,0,"[[2, 1], [1, 0]]","[1, 0]",31,7.5181,0.7019,2,270.0,greedy,2,midgame,False,0.0,0.0,True
24,25,1,"[[0, 7], [1, 6]]","[1, 6]",21,5.6527,0.475,2,270.0,greedy,2,midgame,True,0.0,0.0,True
24,26,0,"[[1, 0], [0, 1]]","[0, 1]",29,8.7526,0.6705,2,270.0,greedy,2,midgame,False,0.0,0.0,False
24,27,1,"[[3, 6], [4, 5]]","[4, 5]",41,12.2766,0.0,2,270.0,greedy,2,midgame,False,0.0,0.0,True
24,28,0,"[[0, 1], [1, 0]]","[1, 0]",31,6.6378,0.6477,2,270.0,greedy,2,midgame,False,0.0,0.0,True
24,29,1,"[[1, 4], [2, 3]]","[2, 3]",40,12.2547,0.1667,2,270.0,greedy,2,midgame,False,0.0,0.0,True
24,30,0,"[[1, 0], [0, 1]]","[0, 1]",29,7.2856,0.6705,2,270.0,greedy,2,midgame,True,0,0.0,False
24,31,1,"[[2, 7], [3, 6]]","[3, 6]",36,9.1231,0.25,2,270.0,greedy,2,midgame,False,0.0,0.0,False
24,32,0,"[[0, 1], [1, 0]]","[1, 0]",36,6.4933,0.5909,2,270.0,greedy,2,midgame,False,0.0,0.0,True
24,33,1,"[[1, 6], [2, 7]]","[2, 7]",42,10.4141,0.25,2,270.0,greedy,2,midgame,False,0.0,0.0,True
24,34,0,"[[1, 0], [0, 1]]","[0, 1]",39,10.0443,0.5568,2,292.0,greedy,2,midgame,False,0.0,0.0,False
24,35,1,"[[4, 5], [5, 6]]","[5, 6]",24,7.1752,0.4,2,292.0,greedy,2,midgame,True,225.0,0.0,False
24,36,0,"[[6, 7], [4, 5]]","[4, 5]",3,0.8137,0.625,2,517.0,greedy,2,midgame,False,0.0,0.0,False
24,37,1,"[[3, 6], [5, 4]]","[5, 4]",13,1.9436,0.0,20,517.0,greedy,2,midgame,False,0.0,0.0,False
24,38,0,"[[4, 3], [3, 2]]","[3, 2]",33,5.863,0.625,20,547.0,greedy,2,midgame,False,0.0,0.0,False
24,39,1,"[[2, 3], [4, 1]]","[4, 1]",11,1.4021,0.0,20,547.0,greedy,2,midgame,False,0.0,0.0,False
24,40,0,"[[7, 4], [6, 3]]","[6, 3]",26,5.5521,0.6389,20,575.0,greedy,2,midgame,True,0,0.0,True
24,41,1,"[[4, 1], [5, 0]]","[5, 0]",9,1.7228,0.7188,20,575.0,greedy,2,midgame,False,0.0,0.0,True
24,42,0,"[[6, 3], [4, 5]]","[4, 5]",4,1.08,0.5,20,575.0,greedy,2,midgame,False,0.0,0.0,False
24,43,1,"[[2, 7], [3, 6]]","[3, 6]",5,0.8209,0.6875,16,575.0,greedy,2,midgame,False,0.0,0.0,False
24,44,0,"[[4, 5], [2, 7]]","[2, 7]",3,0.6804,0.625,16,575.0,greedy,2,midgame,False,0.0,0.0,False
24,45,1,"[[5, 0], [6, 1]]","[6, 1]",4,0.5891,0.5,33,575.0,greedy,2,midgame,True,143.0,143.0,False
24,46,0,"[[7, 0], [5, 2]]","[5, 2]",3,0.4251,0.8125,33,576.0,greedy,2,midgame,False,0.0,0.0,True
25,0,0,"[[6, 1], [5, 0]]","[5, 0]",21,6.7136,0.625,0,0,greedy,2,opening,False,0,0.0,False
25,1,1,"[[1, 0], [2, 1]]","[2, 1]",22,7.3454,0.6071,0,0,greedy,2,opening,False,0.0,0.0,True
25,2,0,"[[5, 0], [4, 1]]","[4, 1]",24,13.6149,0.625,0,1.0,greedy,2,opening,False,0.0,0.0,False
25,3,1,"[[2, 1], [3, 2]]","[3, 2]",37,14.1535,0.4219,0,1.0,greedy,2,opening,False,0.0,0.0,True
25,4,0,"[[4, 1], [2, 3]]","[2, 3]",4,1.1308,0.5,0,25.0,greedy,2,opening,False,0.0,0.0,False
25,5,1,"[[1, 2], [3, 4]]","[3, 4]",11,5.3096,0.3125,0,25.0,greedy,2,opening,True,13.0,0.0,True
25,6,0,"[[6, 3], [5, 2]]","[5, 2]",23,6.1994,0.5893,0,38.0,greedy,2,opening,False,0.0,0.0,False
25,7,1,"[[3, 4], [4, 3]]","[4, 3]",35,9.9492,0.5139,0,38.0,greedy,2,opening,False,0.0,0.0,True
25,8,0,"[[5, 2], [3, 4]]","[3, 4]",9,2.9287,0.0,0,38.0,greedy,2,opening,False,0.0,0.0,False
25,9,1,"[[0, 1], [1, 0]]","[1, 0]",25,9.3279,0.5536,-12,38.0,greedy,2,opening,False,0.0,0.0,True
25,10,0,"[[6, 5], [5, 4]]","[5, 4]",24,6.6316,0.6667,-12,38.0,greedy,2,opening,True,0,0.0,False
25,11,1,"[[0, 3], [1, 2]]","[1, 2]",25,10.1004,0.4792,-12,38.0,greedy,2,opening,False,0.0,0.0,True
25,12,0,"[[5, 4], [4, 3]]","[4, 3]",30,9.2099,0.6591,-12,38.0,greedy,2,opening,False,0.0,0.0,False
25,13,1,"[[1, 2], [2, 3]]","[2, 3]",33,7.334,0.4107,-12,38.0,greedy,2,opening,False,0.0,0.0,False
25,14,0,"[[3, 4], [1, 2]]","[1, 2]",7,0.9916,0.125,-12,119.0,greedy,2,opening,False,0.0,0.0,False
25,15,1,"[[1, 6], [2, 7]]","[2, 7]",40,9.1236,0.0,-20,119.0,greedy,2,opening,True,30.0,0.0,False
25,16,0,"[[1, 2], [0, 1]]","[0, 1]",31,13.9415,0.6477,-20,149.0,greedy,2,opening,False,0.0,0.0,False
25,17,1,"[[0, 5], [1, 6]]","[1, 6]",22,5.7647,0.5417,-20,149.0,greedy,2,opening,False,0.0,0.0,False
25,18,0,"[[0, 1], [1, 2]]","[1, 2]",27,8.2481,0.6625,-20,249.0,greedy,2,opening,False,0.0,0.0,False
25,19,1,"[[1, 0], [2, 1]]","[2, 1]",17,5.6245,0.575,-16,249.0,greedy,2,opening,False,0.0,0.0,False
25,20,0,"[[1, 2], [3, 0]]","[3, 0]",6,2.8379,0.25,-16,250.0,greedy,2,midgame,True,18,0.0,False
25,21,1,"[[2, 7], [3, 6]]","[3, 6]",35,9.9282,0.0,2,250.0,greedy,2,midgame,False,0.0,0.0,False
25,22,0,"[[3, 0], [2, 1]]","[2, 1]",30,10.2386,0.6591,2,250.0,greedy,2,midgame,False,0.0,0.0,False
25,23,1,"[[1, 6], [2, 7]]","[2, 7]",47,14.2186,0.0208,2,250.0,greedy,2,midgame,False,0.0,0.0,False
25,24,0,"[[2, 1], [1, 0]]","[1, 0]",31,8.7805,0.7019,2,270.0,greedy,2,midgame,False,0.0,0.0,True
25,25,1,"[[0, 7], [1, 6]]","[1, 6]",21,4.6091,0.475,2,270.0,greedy,2,midgame,True,0.0,0.0,True
25,26,0,"[[1, 0], [0, 1]]","[0, 1]",29,8.3382,0.6705,2,270.0,greedy,2,midgame,False,0.0,0.0,False
25,27,1,"[[3, 6], [4, 5]]","[4, 5]",41,6.4182,0.0,2,270.0,greedy,2,midgame,False,0.0,0.0,True
25,28,0,"[[0, 1], [1, 0]]","[1, 0]",31,8.4341,0.6477,2,270.0,greedy,2,midgame,False,0.0,0.0,True
25,29,1,"[[1, 4], [2, 3]]","[2, 3]",40,6.2768,0.1667,2,270.0,greedy,2,midgame,False,0.0,0.0,True
25,30,0,"[[1, 0], [0, 1]]","[0, 1]",29,5.1386,0.6705,2,270.0,greedy,2,midgame,True,0,0.0,False
25,31,1,"[[2, 7], [3, 6]]","[3, 6]",36,12.2542,0.25,2,270.0,greedy,2,midgame,False,0.0,0.0,False
25,32,0,"[[0, 1], [1, 0]]","[1, 0]",36,8.7249,0.5909,2,270.0,greedy,2,midgame,False,0.0,0.0,True
25,33,1,"[[1, 6], [2, 7]]","[2, 7]",42,12.399,0.25,2,270.0,greedy,2,midgame,False,0.0,0.0,True
25,34,0,"[[1, 0], [0, 1]]","[0, 1]",39,7.6315,0.5568,2,292.0,greedy,2,midgame,False,0.0,0.0,False
25,35,1,"[[4, 5], [5, 6]]","[5, 6]",24,4.5321,0.4,2,292.0,greedy,2,midgame,True,225.0,0.0,False
25,36,0,"[[6, 7], [4, 5]]","[4, 5]",3,0.5574,0.625,2,517.0,greedy,2,midgame,False,0.0,0.0,False
25,37,1,"[[3, 6], [5, 4]]","[5, 4]",13,3.5751,0.0,20,517.0,greedy,2,midgame,False,0.0,0.0,False
25,38,0,"[[4, 3], [3, 2]]","[3, 2]",33,11.4741,0.625,20,547.0,greedy,2,midgame,False,0.0,0.0,False
25,39,1,"[[2, 3], [4, 1]]","[4, 1]",11,1.55,0.0,20,547.0,greedy,2,midgame,False,0.0,0.0,False
25,40,0,"[[7, 4], [6, 3]]","[6, 3]",26,3.881,0.6389,20,575.0,greedy,2,midgame,True,0,0.0,True
25,41,1,"[[4, 1], [5, 0]]","[5, 0]",9,0.9334,0.7188,20,575.0,greedy,2,midgame,False,0.0,0.0,True
25,42,0,"[[6, 3], [4, 5]]","[4, 5]",4,0.5949,0.5,20,575.0,greedy,2,midgame,False,0.0,0.0,False
25,43,1,"[[2, 7], [3, 6]]","[3, 6]",5,0.4454,0.6875,16,575.0,greedy,2,midgame,False,0.0,0.0,False
25,44,0,"[[4, 5], [2, 7]]","[2, 7]",3,0.3753,0.625,16,575.0,greedy,2,midgame,False,0.0,0.0,False
25,45,1,"[[5, 0], [6, 1]]","[6, 1]",4,0.3147,0.5,33,575.0,greedy,2,midgame,True,143.0,143.0,False
25,46,0,"[[7, 0], [5, 2]]","[5, 2]",3,0.2236,0.8125,33,576.0,greedy,2,midgame,False,0.0,0.0,True
26,0,0,"[[6, 1], [5, 0]]","[5, 0]",21,7.1647,0.625,0,0,greedy,2,opening,False,0,0.0,False
26,1,1,"[[1, 0], [2, 1]]","[2, 1]",22,7.3082,0.6071,0,0,greedy,2,opening,False,0.0,0.0,True
26,2,0,"[[5, 0], [4, 1]]","[4, 1]",24,5.1095,0.625,0,1.0,greedy,2,opening,False,0.0,0.0,False
26,3,1,"[[2, 1], [3, 2]]","[3, 2]",37,10.8004,0.4219,0,1.0,greedy,2,opening,False,0.0,0.0,True
26,4,0,"[[4, 1], [2, 3]]","[2, 3]",4,1.0378,0.5,0,25.0,greedy,2,opening,False,0.0,0.0,False
26,5,1,"[[1, 2], [3, 4]]","[3, 4]",11,3.319,0.3125,0,25.0,greedy,2,opening,True,13.0,0.0,True
26,6,0,"[[6, 3], [5, 2]]","[5, 2]",23,7.8397,0.5893,0,38.0,greedy,2,opening,False,0.0,0.0,False
26,7,1,"[[3, 4], [4, 3]]","[4, 3]",35,6.6755,0.5139,0,38.0,greedy,2,opening,False,0.0,0.0,True
26,8,0,"[[5, 2], [3, 4]]","[3, 4]",9,1.5683,0.0,0,38.0,greedy,2,opening,False,0.0,0.0,False
26,9,1,"[[0, 1], [1, 0]]","[1, 0]",25,9.2936,0.5536,-12,38.0,greedy,2,opening,False,0.0,0.0,True
26,10,0,"[[6, 5], [5, 4]]","[5, 4]",24,7.3521,0.6667,-12,38.0,greedy,2,opening,True,0,0.0,False
26,11,1,"[[0, 3], [1, 2]]","[1, 2]",25,7.4921,0.4792,-12,38.0,greedy,2,opening,False,0.0,0.0,True
26,12,0,"[[5, 4], [4, 3]]","[4, 3]",30,9.2032,0.6591,-12,38.0,greedy,2,opening,False,0.0,0.0,False
26,13,1,"[[1, 2], [2, 3]]","[2, 3]",33,6.9113,0.4107,-12,38.0,greedy,2,opening,False,0.0,0.0,False
26,14,0,"[[3, 4], [1, 2]]","[1, 2]",7,1.0004,0.125,-12,119.0,greedy,2,opening,False,0.0,0.0,False
26,15,1,"[[1, 6], [2, 7]]","[2, 7]",40,9.8157,0.0,-20,119.0,greedy,2,opening,True,30.0,0.0,False
26,16,0,"[[1, 2], [0, 1]]","[0, 1]",31,5.6317,0.6477,-20,149.0,greedy,2,opening,False,0.0,0.0,False
26,17,1,"[[0, 5], [1, 6]]","[1, 6]",22,3.4006,0.5417,-20,149.0,greedy,2,opening,False,0.0,0.0,False
26,18,0,"[[0, 1], [1, 2]]","[1, 2]",27,4.4584,0.6625,-20,249.0,greedy,2,opening,False,0.0,0.0,False
26,19,1,"[[1, 0], [2, 1]]","[2, 1]",17,4.5059,0.575,-16,249.0,greedy,2,opening,False,0.0,0.0,False
26,20,0,"[[1, 2], [3, 0]]","[3, 0]",6,1.5063,0.25,-16,250.0,greedy,2,midgame,True,18,0.0,False
26,21,1,"[[2, 7], [3, 6]]","[3, 6]",35,6.8364,0.0,2,250.0,greedy,2,midgame,False,0.0,0.0,False
26,22,0,"[[3, 0], [2, 1]]","[2, 1]",30,5.0616,0.6591,2,250.0,greedy,2,midgame,False,0.0,0.0,False
26,23,1,"[[1, 6], [2, 7]]","[2, 7]",47,10.8469,0.0208,2,250.0,greedy,2,midgame,False,0.0,0.0,False
26,24,0,"[[2, 1], [1, 0]]","[1, 0]",31,7.8218,0.7019,2,270.0,greedy,2,midgame,False,0.0,0.0,True
26,25,1,"[[0, 7], [1, 6]]","[1, 6]",21,5.1899,0.475,2,270.0,greedy,2,midgame,True,0.0,0.0,True
26,26,0,"[[1, 0], [0, 1]]","[0, 1]",29,8.1501,0.6705,2,270.0,greedy,2,midgame,False,0.0,0.0,False
26,27,1,"[[3, 6], [4, 5]]","[4, 5]",41,6.9447,0.0,2,270.0,greedy,2,midgame,False,0.0,0.0,True
26,28,0,"[[0, 1], [1, 0]]","[1, 0]",31,4.818,0.6477,2,270.0,greedy,2,midgame,False,0.0,0.0,True
26,29,1,"[[1, 4], [2, 3]]","[2, 3]",40,11.236,0.1667,2,270.0,greedy,2,midgame,False,0.0,0.0,True
26,30,0,"[[1, 0], [0, 1]]","[0, 1]",29,8.6353,0.6705,2,270.0,greedy,2,midgame,True,0,0.0,False
26,31,1,"[[2, 7], [3, 6]]","[3, 6]",36,11.2607,0.25,2,270.0,greedy,2,midgame,False,0.0,0.0,False
26,32,0,"[[0, 1], [1, 0]]","[1, 0]",36,12.0049,0.5909,2,270.0,greedy,2,midgame,False,0.0,0.0,True
26,33,1,"[[1, 6], [2, 7]]","[2, 7]",42,13.2525,0.25,2,270.0,greedy,2,midgame,False,0.0,0.0,True
26,34,0,"[[1, 0], [0, 1]]","[0, 1]",39,13.2444,0.5568,2,292.0,greedy,2,midgame,False,0.0,0.0,False
26,35,1,"[[4, 5], [5, 6]]","[5, 6]",24,6.1097,0.4,2,292.0,greedy,2,midgame,True,225.0,0.0,False
26,36,0,"[[6, 7], [4, 5]]","[4, 5]",3,0.3002,0.625,2,517.0,greedy,2,midgame,False,0.0,0.0,False
26,37,1,"[[3, 6], [5, 4]]","[5, 4]",13,1.919,0.0,20,517.0,greedy,2,midgame,False,0.0,0.0,False
26,38,0,"[[4, 3], [3, 2]]","[3, 2]",33,5.9025,0.625,20,547.0,greedy,2,midgame,False,0.0,0.0,False
26,39,1,"[[2, 3], [4, 1]]","[4, 1]",11,2.3329,0.0,20,547.0,greedy,2,midgame,False,0.0,0.0,False
26,40,0,"[[7, 4], [6, 3]]","[6, 3]",26,3.9494,0.6389,20,575.0,greedy,2,midgame,True,0,0.0,True
26,41,1,"[[4, 1], [5, 0]]","[5, 0]",9,0.9394,0.7188,20,575.0,greedy,2,midgame,False,0.0,0.0,True
26,42,0,"[[6, 3], [4, 5]]","[4, 5]",4,0.6025,0.5,20,575.0,greedy,2,midgame,False,0.0,0.0,False
26,43,1,"[[2, 7], [3, 6]]","[3, 6]",5,0.4461,0.6875,16,575.0,greedy,2,midgame,False,0.0,0.0,False
26,44,0,"[[4, 5], [2, 7]]","[2, 7]",3,0.3793,0.625,16,575.0,greedy,2,midgame,False,0.0,0.0,False
26,45,1,"[[5, 0], [6, 1]]","[6, 1]",4,0.3169,0.5,33,575.0,greedy,2,midgame,True,143.0,143.0,False
26,46,0,"[[7, 0], [5, 2]]","[5, 2]",3,0.221,0.8125,33,576.0,greedy,2,midgame,False,0.0,0.0,True
27,0,0,"[[6, 1], [5, 0]]","[5, 0]",21,4.9686,0.625,0,0,greedy,2,opening,False,0,0.0,False
27,1,1,"[[1, 0], [2, 1]]","[2, 1]",22,8.8532,0.6071,0,0,greedy,2,opening,False,0.0,0.0,True
27,2,0,"[[5, 0], [4, 1]]","[4, 1]",24,6.2606,0.625,0,1.0,greedy,2,opening,False,0.0,0.0,False
27,3,1,"[[2, 1], [3, 2]]","[3, 2]",37,9.2466,0.4219,0,1.0,greedy,2,opening,False,0.0,0.0,True
27,4,0,"[[4, 1], [2, 3]]","[2, 3]",4,0.5589,0.5,0,25.0,greedy,2,opening,False,0.0,0.0,False
27,5,1,"[[1, 2], [3, 4]]","[3, 4]",11,2.5423,0.3125,0,25.0,greedy,2,opening,True,13.0,0.0,True
27,6,0,"[[6, 3], [5, 2]]","[5, 2]",23,3.8881,0.5893,0,38.0,greedy,2,opening,False,0.0,0.0,False
27,7,1,"[[3, 4], [4, 3]]","[4, 3]",35,10.1137,0.5139,0,38.0,greedy,2,opening,False,0.0,0.0,True
27,8,0,"[[5, 2], [3, 4]]","[3, 4]",9,2.9533,0.0,0,38.0,greedy,2,opening,False,0.0,0.0,False
27,9,1,"[[0, 1], [1, 0]]","[1, 0]",25,9.9645,0.5536,-12,38.0,greedy,2,opening,False,0.0,0.0,True
27,10,0,"[[6, 5], [5, 4]]","[5, 4]",24,7.2744,0.6667,-12,38.0,greedy,2,opening,True,0,0.0,False
27,11,1,"[[0, 3], [1, 2]]","[1, 2]",25,8.3046,0.4792,-12,38.0,greedy,2,opening,False,0.0,0.0,True
27,12,0,"[[5, 4], [4, 3]]","[4, 3]",30,9.0909,0.6591,-12,38.0,greedy,2,opening,False,0.0,0.0,False
27,13,1,"[[1, 2], [2, 3]]","[2, 3]",33,11.4305,0.4107,-12,38.0,greedy,2,opening,False,0.0,0.0,False
27,14,0,"[[3, 4], [1, 2]]","[1, 2]",7,0.9997,0.125,-12,119.0,greedy,2,opening,False,0.0,0.0,False
27,15,1,"[[1, 6], [2, 7]]","[2, 7]",40,8.9016,0.0,-20,119.0,greedy,2,opening,True,30.0,0.0,False
27,16,0,"[[1, 2], [0, 1]]","[0, 1]",31,6.0272,0.6477,-20,149.0,greedy,2,opening,False,0.0,0.0,False
27,17,1,"[[0, 5], [1, 6]]","[1, 6]",22,3.8204,0.5417,-20,149.0,greedy,2,opening,False,0.0,0.0,False
27,18,0,"[[0, 1], [1, 2]]","[1, 2]",27,8.2467,0.6625,-20,249.0,greedy,2,opening,False,0.0,0.0,False
27,19,1,"[[1, 0], [2, 1]]","[2, 1]",17,5.1308,0.575,-16,249.0,greedy,2,opening,False,0.0,0.0,False
27,20,0,"[[1, 2], [3, 0]]","[3, 0]",6,1.5116,0.25,-16,250.0,greedy,2,midgame,True,18,0.0,False
27,21,1,"[[2, 7], [3, 6]]","[3, 6]",35,10.0965,0.0,2,250.0,greedy,2,midgame,False,0.0,0.0,False
27,22,0,"[[3, 0], [2, 1]]","[2, 1]",30,7.668,0.6591,2,250.0,greedy,2,midgame,False,0.0,0.0,False
27,23,1,"[[1, 6], [2, 7]]","[2, 7]",47,12.9991,0.0208,2,250.0,greedy,2,midgame,False,0.0,0.0,False
27,24,0,"[[2, 1], [1, 0]]","[1, 0]",31,7.4513,0.7019,2,270.0,greedy,2,midgame,False,0.0,0.0,True
27,25,1,"[[0, 7], [1, 6]]","[1, 6]",21,5.7161,0.475,2,270.0,greedy,2,midgame,True,0.0,0.0,True
27,26,0,"[[1, 0], [0, 1]]","[0, 1]",29,7.2484,0.6705,2,270.0,greedy,2,midgame,False,0.0,0.0,False
27,27,1,"[[3, 6], [4, 5]]","[4, 5]",41,8.3759,0.0,2,270.0,greedy,2,midgame,False,0.0,0.0,True
27,28,0,"[[0, 1], [1, 0]]","[1, 0]",31,4.8475,0.6477,2,270.0,greedy,2,midgame,False,0.0,0.0,True
27,29,1,"[[1, 4], [2, 3]]","[2, 3]",40,8.7261,0.1667,2,270.0,greedy,2,midgame,False,0.0,0.0,True
27,30,0,"[[1, 0], [0, 1]]","[0, 1]",29,9.0752,0.6705,2,270.0,greedy,2,midgame,True,0,0.0,False
27,31,1,"[[2, 7], [3, 6]]","[3, 6]",36,9.8054,0.25,2,270.0,greedy,2,midgame,False,0.0,0.0,False
27,32,0,"[[0, 1], [1, 0]]","[1, 0]",36,11.924,0.5909,2,270.0,greedy,2,midgame,False,0.0,0.0,True
27,33,1,"[[1, 6], [2, 7]]","[2, 7]",42,10.1135,0.25,2,270.0,greedy,2,midgame,False,0.0,0.0,True
27,34,0,"[[1, 0], [0, 1]]","[0, 1]",39,7.081,0.5568,2,292.0,greedy,2,midgame,False,0.0,0.0,False
27,35,1,"[[4, 5], [5, 6]]","[5, 6]",24,5.6279,0.4,2,292.0,greedy,2,midgame,True,225.0,0.0,False
27,36,0,"[[6, 7], [4, 5]]","[4, 5]",3,0.2973,0.625,2,517.0,greedy,2,midgame,False,0.0,0.0,False
27,37,1,"[[3, 6], [5, 4]]","[5, 4]",13,1.9102,0.0,20,517.0,greedy,2,midgame,False,0.0,0.0,False
27,38,0,"[[4, 3], [3, 2]]","[3, 2]",33,5.8594,0.625,20,547.0,greedy,2,midgame,False,0.0,0.0,False
27,39,1,"[[2, 3], [4, 1]]","[4, 1]",11,3.0892,0.0,20,547.0,greedy,2,midgame,False,0.0,0.0,False
27,40,0,"[[7, 4], [6, 3]]","[6, 3]",26,9.7611,0.6389,20,575.0,greedy,2,midgame,True,0,0.0,True
27,41,1,"[[4, 1], [5, 0]]","[5, 0]",9,3.7088,0.7188,20,575.0,greedy,2,midgame,False,0.0,0.0,True
27,42,0,"[[6, 3], [4, 5]]","[4, 5]",4,0.9027,0.5,20,575.0,greedy,2,midgame,False,0.0,0.0,False
27,43,1,"[[2, 7], [3, 6]]","[3, 6]",5,0.4539,0.6875,16,575.0,greedy,2,midgame,False,0.0,0.0,False
27,44,0,"[[4, 5], [2, 7]]","[2, 7]",3,0.38,0.625,16,575.0,greedy,2,midgame,False,0.0,0.0,False
27,45,1,"[[5, 0], [6, 1]]","[6, 1]",4,0.3161,0.5,33,575.0,greedy,2,midgame,True,143.0,143.0,False
27,46,0,"[[7, 0], [5, 2]]","[5, 2]",3,0.2215,0.8125,33,576.0,greedy,2,midgame,False,0.0,0.0,True
28,0,0,"[[6, 1], [5, 0]]","[5, 0]",21,3.7513,0.625,0,0,greedy,2,opening,False,0,0.0,False
28,1,1,"[[1, 0], [2, 1]]","[2, 1]",22,9.1643,0.6071,0,0,greedy,2,opening,False,0.0,0.0,True
28,2,0,"[[5, 0], [4, 1]]","[4, 1]",24,4.4224,0.625,0,1.0,greedy,2,opening,False,0.0,0.0,False
28,3,1,"[[2, 1], [3, 2]]","[3, 2]",37,11.3521,0.4219,0,1.0,greedy,2,opening,False,0.0,0.0,True
28,4,0,"[[4, 1], [2, 3]]","[2, 3]",4,1.0412,0.5,0,25.0,greedy,2,opening,False,0.0,0.0,False
28,5,1,"[[1, 2], [3, 4]]","[3, 4]",11,3.4018,0.3125,0,25.0,greedy,2,opening,True,13.0,0.0,True
28,6,0,"[[6, 3], [5, 2]]","[5, 2]",23,9.4886,0.5893,0,38.0,greedy,2,opening,False,0.0,0.0,False
28,7,1,"[[3, 4], [4, 3]]","[4, 3]",35,11.6062,0.5139,0,38.0,greedy,2,opening,False,0.0,0.0,True
28,8,0,"[[5, 2], [3, 4]]","[3, 4]",9,1.5957,0.0,0,38.0,greedy,2,opening,False,0.0,0.0,False
28,9,1,"[[0, 1], [1, 0]]","[1, 0]",25,9.1624,0.5536,-12,38.0,greedy,2,opening,False,0.0,0.0,True
28,10,0,"[[6, 5], [5, 4]]","[5, 4]",24,4.0956,0.6667,-12,38.0,greedy,2,opening,True,0,0.0,False
28,11,1,"[[0, 3], [1, 2]]","[1, 2]",25,5.4781,0.4792,-12,38.0,greedy,2,opening,False,0.0,0.0,True
28,12,0,"[[5, 4], [4, 3]]","[4, 3]",30,6.8493,0.6591,-12,38.0,greedy,2,opening,False,0.0,0.0,False
28,13,1,"[[1, 2], [2, 3]]","[2, 3]",33,13.4194,0.4107,-12,38.0,greedy,2,opening,False,0.0,0.0,False
28,14,0,"[[3, 4], [1, 2]]","[1, 2]",7,1.0049,0.125,-12,119.0,greedy,2,opening,False,0.0,0.0,False
28,15,1,"[[1, 6], [2, 7]]","[2, 7]",40,11.5337,0.0,-20,119.0,greedy,2,opening,True,30.0,0.0,False
28,16,0,"[[1, 2], [0, 1]]","[0, 1]",31,9.3215,0.6477,-20,149.0,greedy,2,opening,False,0.0,0.0,False
28,17,1,"[[0, 5], [1, 6]]","[1, 6]",22,5.7023,0.5417,-20,149.0,greedy,2,opening,False,0.0,0.0,False
28,18,0,"[[0, 1], [1, 2]]","[1, 2]",27,4.6234,0.6625,-20,249.0,greedy,2,opening,False,0.0,0.0,False
28,19,1,"[[1, 0], [2, 1]]","[2, 1]",17,2.7866,0.575,-16,249.0,greedy,2,opening,False,0.0,0.0,False
28,20,0,"[[1, 2], [3, 0]]","[3, 0]",6,0.8068,0.25,-16,250.0,greedy,2,midgame,True,18,0.0,False
28,21,1,"[[2, 7], [3, 6]]","[3, 6]",35,9.9621,0.0,2,250.0,greedy,2,midgame,False,0.0,0.0,False
28,22,0,"[[3, 0], [2, 1]]","[2, 1]",30,9.0449,0.6591,2,250.0,greedy,2,midgame,False,0.0,0.0,False
28,23,1,"[[1, 6], [2, 7]]","[2, 7]",47,15.6846,0.0208,2,250.0,greedy,2,midgame,False,0.0,0.0,False
28,24,0,"[[2, 1], [1, 0]]","[1, 0]",31,8.3032,0.7019,2,270.0,greedy,2,midgame,False,0.0,0.0,True
28,25,1,"[[0, 7], [1, 6]]","[1, 6]",21,5.3499,0.475,2,270.0,greedy,2,midgame,True,0.0,0.0,True
28,26,0,"[[1, 0], [0, 1]]","[0, 1]",29,4.3466,0.6705,2,270.0,greedy,2,midgame,False,0.0,0.0,False
28,27,1,"[[3, 6], [4, 5]]","[4, 5]",41,9.6273,0.0,2,270.0,greedy,2,midgame,False,0.0,0.0,True
28,28,0,"[[0, 1], [1, 0]]","[1, 0]",31,8.822,0.6477,2,270.0,greedy,2,midgame,False,0.0,0.0,True
28,29,1,"[[1, 4], [2, 3]]","[2, 3]",40,7.5455,0.1667,2,270.0,greedy,2,midgame,False,0.0,0.0,True
28,30,0,"[[1, 0], [0, 1]]","[0, 1]",29,4.5938,0.6705,2,270.0,greedy,2,midgame,True,0,0.0,False
28,31,1,"[[2, 7], [3, 6]]","[3, 6]",36,7.8418,0.25,2,270.0,greedy,2,midgame,False,0.0,0.0,False
28,32,0,"[[0, 1], [1, 0]]","[1, 0]",36,7.1738,0.5909,2,270.0,greedy,2,midgame,False,0.0,0.0,True
28,33,1,"[[1, 6], [2, 7]]","[2, 7]",42,8.9459,0.25,2,270.0,greedy,2,midgame,False,0.0,0.0,True
28,34,0,"[[1, 0], [0, 1]]","[0, 1]",39,11.0223,0.5568,2,292.0,greedy,2,midgame,False,0.0,0.0,False
28,35,1,"[[4, 5], [5, 6]]","[5, 6]",24,7.025,0.4,2,292.0,greedy,2,midgame,True,225.0,0.0,False
28,36,0,"[[6, 7], [4, 5]]","[4, 5]",3,0.298,0.625,2,517.0,greedy,2,midgame,False,0.0,0.0,False
28,37,1,"[[3, 6], [5, 4]]","[5, 4]",13,1.9264,0.0,20,517.0,greedy,2,midgame,False,0.0,0.0,False
28,38,0,"[[4, 3], [3, 2]]","[3, 2]",33,10.4368,0.625,20,547.0,greedy,2,midgame,False,0.0,0.0,False
28,39,1,"[[2, 3], [4, 1]]","[4, 1]",11,2.6228,0.0,20,547.0,greedy,2,midgame,False,0.0,0.0,False
28,40,0,"[[7, 4], [6, 3]]","[6, 3]",26,7.8092,0.6389,20,575.0,greedy,2,midgame,True,0,0.0,True
28,41,1,"[[4, 1], [5, 0]]","[5, 0]",9,1.8613,0.7188,20,575.0,greedy,2,midgame,False,0.0,0.0,True
28,42,0,"[[6, 3], [4, 5]]","[4, 5]",4,0.8521,0.5,20,575.0,greedy,2,midgame,False,0.0,0.0,False
28,43,1,"[[2, 7], [3, 6]]","[3, 6]",5,0.5786,0.6875,16,575.0,greedy,2,midgame,False,0.0,0.0,False
28,44,0,"[[4, 5], [2, 7]]","[2, 7]",3,0.6807,0.625,16,575.0,greedy,2,midgame,False,0.0,0.0,False
28,45,1,"[[5, 0], [6, 1]]","[6, 1]",4,0.5891,0.5,33,575.0,greedy,2,midgame,True,143.0,143.0,False
28,46,0,"[[7, 0], [5, 2]]","[5, 2]",3,0.4234,0.8125,33,576.0,greedy,2,midgame,False,0.0,0.0,True
29,0,0,"[[6, 1], [5, 0]]","[5, 0]",21,6.5472,0.625,0,0,greedy,2,opening,False,0,0.0,False
29,1,1,"[[1, 0], [2, 1]]","[2, 1]",22,6.5212,0.6071,0,0,greedy,2,opening,False,0.0,0.0,True
29,2,0,"[[5, 0], [4, 1]]","[4, 1]",24,6.2883,0.625,0,1.0,greedy,2,opening,False,0.0,0.0,False
29,3,1,"[[2, 1], [3, 2]]","[3, 2]",37,14.3468,0.4219,0,1.0,greedy,2,opening,False,0.0,0.0,True
29,4,0,"[[4, 1], [2, 3]]","[2, 3]",4,1.0338,0.5,0,25.0,greedy,2,opening,False,0.0,0.0,False
29,5,1,"[[1, 2], [3, 4]]","[3, 4]",11,3.3224,0.3125,0,25.0,greedy,2,opening,True,13.0,0.0,True
29,6,0,"[[6, 3], [5, 2]]","[5, 2]",23,7.4015,0.5893,0,38.0,greedy,2,opening,False,0.0,0.0,False
29,7,1,"[[3, 4], [4, 3]]","[4, 3]",35,7.2131,0.5139,0,38.0,greedy,2,opening,False,0.0,0.0,True
29,8,0,"[[5, 2], [3, 4]]","[3, 4]",9,1.5843,0.0,0,38.0,greedy,2,opening,False,0.0,0.0,False
29,9,1,"[[0, 1], [1, 0]]","[1, 0]",25,7.2243,0.5536,-12,38.0,greedy,2,opening,False,0.0,0.0,True
29,10,0,"[[6, 5], [5, 4]]","[5, 4]",24,3.9423,0.6667,-12,38.0,greedy,2,opening,True,0,0.0,False
29,11,1,"[[0, 3], [1, 2]]","[1, 2]",25,4.9479,0.4792,-12,38.0,greedy,2,opening,False,0.0,0.0,True
29,12,0,"[[5, 4], [4, 3]]","[4, 3]",30,9.0444,0.6591,-12,38.0,greedy,2,opening,False,0.0,0.0,False
29,13,1,"[[1, 2], [2, 3]]","[2, 3]",33,10.7937,0.4107,-12,38.0,greedy,2,opening,False,0.0,0.0,False
29,14,0,"[[3, 4], [1, 2]]","[1, 2]",7,0.9954,0.125,-12,119.0,greedy,2,opening,False,0.0,0.0,False
29,15,1,"[[1, 6], [2, 7]]","[2, 7]",40,6.568,0.0,-20,119.0,greedy,2,opening,True,30.0,0.0,False
29,16,0,"[[1, 2], [0, 1]]","[0, 1]",31,8.6176,0.6477,-20,149.0,greedy,2,opening,False,0.0,0.0,False
29,17,1,"[[0, 5], [1, 6]]","[1, 6]",22,6.2499,0.5417,-20,149.0,greedy,2,opening,False,0.0,0.0,False
29,18,0,"[[0, 1], [1, 2]]","[1, 2]",27,4.5345,0.6625,-20,249.0,greedy,2,opening,False,0.0,0.0,False
29,19,1,"[[1, 0], [2, 1]]","[2, 1]",17,2.7838,0.575,-16,249.0,greedy,2,opening,False,0.0,0.0,False
29,20,0,"[[1, 2], [3, 0]]","[3, 0]",6,0.7985,0.25,-16,250.0,greedy,2,midgame,True,18,0.0,False
29,21,1,"[[2, 7], [3, 6]]","[3, 6]",35,11.0266,0.0,2,250.0,greedy,2,midgame,False,0.0,0.0,False
29,22,0,"[[3, 0], [2, 1]]","[2, 1]",30,7.0043,0.6591,2,250.0,greedy,2,midgame,False,0.0,0.0,False
29,23,1,"[[1, 6], [2, 7]]","[2, 7]",47,7.278,0.0208,2,250.0,greedy,2,midgame,False,0.0,0.0,False
29,24,0,"[[2, 1], [1, 0]]","[1, 0]",31,4.9236,0.7019,2,270.0,greedy,2,midgame,False,0.0,0.0,True
29,25,1,"[[0, 7], [1, 6]]","[1, 6]",21,4.2784,0.475,2,270.0,greedy,2,midgame,True,0.0,0.0,True
29,26,0,"[[1, 0], [0, 1]]","[0, 1]",29,4.3833,0.6705,2,270.0,greedy,2,midgame,False,0.0,0.0,False
29,27,1,"[[3, 6], [4, 5]]","[4, 5]",41,9.8305,0.0,2,270.0,greedy,2,midgame,False,0.0,0.0,True
29,28,0,"[[0, 1], [1, 0]]","[1, 0]",31,4.8606,0.6477,2,270.0,greedy,2,midgame,False,0.0,0.0,True
29,29,1,"[[1, 4], [2, 3]]","[2, 3]",40,7.6549,0.1667,2,270.0,greedy,2,midgame,False,0.0,0.0,True
29,30,0,"[[1, 0], [0, 1]]","[0, 1]",29,4.6358,0.6705,2,270.0,greedy,2,midgame,True,0,0.0,False
29,31,1,"[[2, 7], [3, 6]]","[3, 6]",36,10.3841,0.25,2,270.0,greedy,2,midgame,False,0.0,0.0,False
29,32,0,"[[0, 1], [1, 0]]","[1, 0]",36,7.055,0.5909,2,270.0,greedy,2,midgame,False,0.0,0.0,True
29,33,1,"[[1, 6], [2, 7]]","[2, 7]",42,8.2631,0.25,2,270.0,greedy,2,midgame,False,0.0,0.0,True
29,34,0,"[[1, 0], [0, 1]]","[0, 1]",39,10.7203,0.5568,2,292.0,greedy,2,midgame,False,0.0,0.0,False
29,35,1,"[[4, 5], [5, 6]]","[5, 6]",24,4.3561,0.4,2,292.0,greedy,2,midgame,True,225.0,0.0,False
29,36,0,"[[6, 7], [4, 5]]","[4, 5]",3,0.5572,0.625,2,517.0,greedy,2,midgame,False,0.0,0.0,False
29,37,1,"[[3, 6], [5, 4]]","[5, 4]",13,3.5324,0.0,20,517.0,greedy,2,midgame,False,0.0,0.0,False
29,38,0,"[[4, 3], [3, 2]]","[3, 2]",33,9.1755,0.625,20,547.0,greedy,2,midgame,False,0.0,0.0,False
29,39,1,"[[2, 3], [4, 1]]","[4, 1]",11,1.3962,0.0,20,547.0,greedy,2,midgame,False,0.0,0.0,False
29,40,0,"[[7, 4], [6, 3]]","[6, 3]",26,3.8893,0.6389,20,575.0,greedy,2,midgame,True,0,0.0,True
29,41,1,"[[4, 1], [5, 0]]","[5, 0]",9,0.9377,0.7188,20,575.0,greedy,2,midgame,False,0.0,0.0,True
29,42,0,"[[6, 3], [4, 5]]","[4, 5]",4,0.6092,0.5,20,575.0,greedy,2,midgame,False,0.0,0.0,False
29,43,1,"[[2, 7], [3, 6]]","[3, 6]",5,0.4478,0.6875,16,575.0,greedy,2,midgame,False,0.0,0.0,False
29,44,0,"[[4, 5], [2, 7]]","[2, 7]",3,0.6785,0.625,16,575.0,greedy,2,midgame,False,0.0,0.0,False
29,45,1,"[[5, 0], [6, 1]]","[6, 1]",4,0.9823,0.5,33,575.0,greedy,2,midgame,True,143.0,143.0,False
29,46,0,"[[7, 0], [5, 2]]","[5, 2]",3,0.4339,0.8125,33,576.0,greedy,2,midgame,False,0.0,0.0,True
30,0,0,"[[6, 1], [5, 0]]","[5, 0]",21,8.3582,0.625,0,0,greedy,2,opening,False,0,0.0,False
30,1,1,"[[1, 0], [2, 1]]","[2, 1]",22,7.159,0.6071,0,0,greedy,2,opening,False,0.0,0.0,True
30,2,0,"[[5, 0], [4, 1]]","[4, 1]",24,4.4372,0.625,0,1.0,greedy,2,opening,False,0.0,0.0,False
30,3,1,"[[2, 1], [3, 2]]","[3, 2]",37,13.0684,0.4219,0,1.0,greedy,2,opening,False,0.0,0.0,True
30,4,0,"[[4, 1], [2, 3]]","[2, 3]",4,1.0338,0.5,0,25.0,greedy,2,opening,False,0.0,0.0,False
30,5,1,"[[1, 2], [3, 4]]","[3, 4]",11,3.4022,0.3125,0,25.0,greedy,2,opening,True,13.0,0.0,True
30,6,0,"[[6, 3], [5, 2]]","[5, 2]",23,7.5319,0.5893,0,38.0,greedy,2,opening,False,0.0,0.0,False
30,7,1,"[[3, 4], [4, 3]]","[4, 3]",35,12.5513,0.5139,0,38.0,greedy,2,opening,False,0.0,0.0,True
30,8,0,"[[5, 2], [3, 4]]","[3, 4]",9,2.9225,0.0,0,38.0,greedy,2,opening,False,0.0,0.0,False
30,9,1,"[[0, 1], [1, 0]]","[1, 0]",25,9.5413,0.5536,-12,38.0,greedy,2,opening,False,0.0,0.0,True
30,10,0,"[[6, 5], [5, 4]]","[5, 4]",24,3.937,0.6667,-12,38.0,greedy,2,opening,True,0,0.0,False
30,11,1,"[[0, 3], [1, 2]]","[1, 2]",25,4.9448,0.4792,-12,38.0,greedy,2,opening,False,0.0,0.0,True
30,12,0,"[[5, 4], [4, 3]]","[4, 3]",30,6.3541,0.6591,-12,38.0,greedy,2,opening,False,0.0,0.0,False
30,13,1,"[[1, 2], [2, 3]]","[2, 3]",33,6.8769,0.4107,-12,38.0,greedy,2,opening,False,0.0,0.0,False
30,14,0,"[[3, 4], [1, 2]]","[1, 2]",7,1.013,0.125,-12,119.0,greedy,2,opening,False,0.0,0.0,False
30,15,1,"[[1, 6], [2, 7]]","[2, 7]",40,11.6353,0.0,-20,119.0,greedy,2,opening,True,30.0,0.0,False
30,16,0,"[[1, 2], [0, 1]]","[0, 1]",31,7.6327,0.6477,-20,149.0,greedy,2,opening,False,0.0,0.0,False
30,17,1,"[[0, 5], [1, 6]]","[1, 6]",22,3.2542,0.5417,-20,149.0,greedy,2,opening,False,0.0,0.0,False
30,18,0,"[[0, 1], [1, 2]]","[1, 2]",27,4.4811,0.6625,-20,249.0,greedy,2,opening,False,0.0,0.0,False
30,19,1,"[[1, 0], [2, 1]]","[2, 1]",17,5.2016,0.575,-16,249.0,greedy,2,opening,False,0.0,0.0,False
30,20,0,"[[1, 2], [3, 0]]","[3, 0]",6,0.807,0.25,-16,250.0,greedy,2,midgame,True,18,0.0,False
30,21,1,"[[2, 7], [3, 6]]","[3, 6]",35,5.3587,0.0,2,250.0,greedy,2,midgame,False,0.0,0.0,False
30,22,0,"[[3, 0], [2, 1]]","[2, 1]",30,7.3812,0.6591,2,250.0,greedy,2,midgame,False,0.0,0.0,False
30,23,1,"[[1, 6], [2, 7]]","[2, 7]",47,12.6827,0.0208,2,250.0,greedy,2,midgame,False,0.0,0.0,False
30,24,0,"[[2, 1], [1, 0]]","[1, 0]",31,7.4282,0.7019,2,270.0,greedy,2,midgame,False,0.0,0.0,True
30,25,1,"[[0, 7], [1, 6]]","[1, 6]",21,5.4655,0.475,2,270.0,greedy,2,midgame,True,0.0,0.0,True
30,26,0,"[[1, 0], [0, 1]]","[0, 1]",29,7.3442,0.6705,2,270.0,greedy,2,midgame,False,0.0,0.0,False
30,27,1,"[[3, 6], [4, 5]]","[4, 5]",41,10.5937,0.0,2,270.0,greedy,2,midgame,False,0.0,0.0,True
30,28,0,"[[0, 1], [1, 0]]","[1, 0]",31,9.3095,0.6477,2,270.0,greedy,2,midgame,False,0.0,0.0,True
30,29,1,"[[1, 4], [2, 3]]","[2, 3]",40,11.8885,0.1667,2,270.0,greedy,2,midgame,False,0.0,0.0,True
30,30,0,"[[1, 0], [0, 1]]","[0, 1]",29,8.6057,0.6705,2,270.0,greedy,2,midgame,True,0,0.0,False
30,31,1,"[[2, 7], [3, 6]]","[3, 6]",36,7.2577,0.25,2,270.0,greedy,2,midgame,False,0.0,0.0,False
30,32,0,"[[0, 1], [1, 0]]","[1, 0]",36,8.0249,0.5909,2,270.0,greedy,2,midgame,False,0.0,0.0,True
30,33,1,"[[1, 6], [2, 7]]","[2, 7]",42,6.8891,0.25,2,270.0,greedy,2,midgame,False,0.0,0.0,True
30,34,0,"[[1, 0], [0, 1]]","[0, 1]",39,11.4346,0.5568,2,292.0,greedy,2,midgame,False,0.0,0.0,False
30,35,1,"[[4, 5], [5, 6]]","[5, 6]",24,12.7039,0.4,2,292.0,greedy,2,midgame,True,225.0,0.0,False
30,36,0,"[[6, 7], [4, 5]]","[4, 5]",3,0.5486,0.625,2,517.0,greedy,2,midgame,False,0.0,0.0,False
30,37,1,"[[3, 6], [5, 4]]","[5, 4]",13,4.0436,0.0,20,517.0,greedy,2,midgame,False,0.0,0.0,False
30,38,0,"[[4, 3], [3, 2]]","[3, 2]",33,9.2807,0.625,20,547.0,greedy,2,midgame,False,0.0,0.0,False
30,39,1,"[[2, 3], [4, 1]]","[4, 1]",11,3.8021,0.0,20,547.0,greedy,2,midgame,False,0.0,0.0,False
30,40,0,"[[7, 4], [6, 3]]","[6, 3]",26,10.3352,0.6389,20,575.0,greedy,2,midgame,True,0,0.0,True
30,41,1,"[[4, 1], [5, 0]]","[5, 0]",9,3.6488,0.7188,20,575.0,greedy,2,midgame,False,0.0,0.0,True
30,42,0,"[[6, 3], [4, 5]]","[4, 5]",4,1.2217,0.5,20,575.0,greedy,2,midgame,False,0.0,0.0,False
30,43,1,"[[2, 7], [3, 6]]","[3, 6]",5,0.8307,0.6875,16,575.0,greedy,2,midgame,False,0.0,0.0,False
30,44,0,"[[4, 5], [2, 7]]","[2, 7]",3,0.6881,0.625,16,575.0,greedy,2,midgame,False,0.0,0.0,False
30,45,1,"[[5, 0], [6, 1]]","[6, 1]",4,0.5958,0.5,33,575.0,greedy,2,midgame,True,143.0,143.0,False
30,46,0,"[[7, 0], [5, 2]]","[5, 2]",3,0.4225,0.8125,33,576.0,greedy,2,midgame,False,0.0,0.0,True
31,0,0,"[[6, 1], [5, 0]]","[5, 0]",21,7.479,0.625,0,0,greedy,2,opening,False,0,0.0,False
31,1,1,"[[1, 0], [2, 1]]","[2, 1]",22,7.365,0.6071,0,0,greedy,2,opening,False,0.0,0.0,True
31,2,0,"[[5, 0], [4, 1]]","[4, 1]",24,7.7577,0.625,0,1.0,greedy,2,opening,False,0.0,0.0,False
31,3,1,"[[2, 1], [3, 2]]","[3, 2]",37,12.0177,0.4219,0,1.0,greedy,2,opening,False,0.0,0.0,True
31,4,0,"[[4, 1], [2, 3]]","[2, 3]",4,0.5782,0.5,0,25.0,greedy,2,opening,False,0.0,0.0,False
31,5,1,"[[1, 2], [3, 4]]","[3, 4]",11,1.7748,0.3125,0,25.0,greedy,2,opening,True,13.0,0.0,True
31,6,0,"[[6, 3], [5, 2]]","[5, 2]",23,4.36,0.5893,0,38.0,greedy,2,opening,False,0.0,0.0,False
31,7,1,"[[3, 4], [4, 3]]","[4, 3]",35,9.932,0.5139,0,38.0,greedy,2,opening,False,0.0,0.0,True
31,8,0,"[[5, 2], [3, 4]]","[3, 4]",9,1.5988,0.0,0,38.0,greedy,2,opening,False,0.0,0.0,False
31,9,1,"[[0, 1], [1, 0]]","[1, 0]",25,10.3936,0.5536,-12,38.0,greedy,2,opening,False,0.0,0.0,True
31,10,0,"[[6, 5], [5, 4]]","[5, 4]",24,4.1447,0.6667,-12,38.0,greedy,2,opening,True,0,0.0,False
31,11,1,"[[0, 3], [1, 2]]","[1, 2]",25,7.7012,0.4792,-12,38.0,greedy,2,opening,False,0.0,0.0,True
31,12,0,"[[5, 4], [4, 3]]","[4, 3]",30,6.1507,0.6591,-12,38.0,greedy,2,opening,False,0.0,0.0,False
31,13,1,"[[1, 2], [2, 3]]","[2, 3]",33,11.431,0.4107,-12,38.0,greedy,2,opening,False,0.0,0.0,False
31,14,0,"[[3, 4], [1, 2]]","[1, 2]",7,1.004,0.125,-12,119.0,greedy,2,opening,False,0.0,0.0,False
31,15,1,"[[1, 6], [2, 7]]","[2, 7]",40,7.1049,0.0,-20,119.0,greedy,2,opening,True,30.0,0.0,False
31,16,0,"[[1, 2], [0, 1]]","[0, 1]",31,6.4328,0.6477,-20,149.0,greedy,2,opening,False,0.0,0.0,False
31,17,1,"[[0, 5], [1, 6]]","[1, 6]",22,5.3475,0.5417,-20,149.0,greedy,2,opening,False,0.0,0.0,False
31,18,0,"[[0, 1], [1, 2]]","[1, 2]",27,8.1325,0.6625,-20,249.0,greedy,2,opening,False,0.0,0.0,False
31,19,1,"[[1, 0], [2, 1]]","[2, 1]",17,5.0941,0.575,-16,249.0,greedy,2,opening,False,0.0,0.0,False
31,20,0,"[[1, 2], [3, 0]]","[3, 0]",6,0.8054,0.25,-16,250.0,greedy,2,midgame,True,18,0.0,False
31,21,1,"[[2, 7], [3, 6]]","[3, 6]",35,8.9633,0.0,2,250.0,greedy,2,midgame,False,0.0,0.0,False
31,22,0,"[[3, 0], [2, 1]]","[2, 1]",30,4.5156,0.6591,2,250.0,greedy,2,midgame,False,0.0,0.0,False
31,23,1,"[[1, 6], [2, 7]]","[2, 7]",47,10.2119,0.0208,2,250.0,greedy,2,midgame,False,0.0,0.0,False
31,24,0,"[[2, 1], [1, 0]]","[1, 0]",31,7.4258,0.7019,2,270.0,greedy,2,midgame,False,0.0,0.0,True
31,25,1,"[[0, 7], [1, 6]]","[1, 6]",21,4.2398,0.475,2,270.0,greedy,2,midgame,True,0.0,0.0,True
31,26,0,"[[1, 0], [0, 1]]","[0, 1]",29,4.3406,0.6705,2,270.0,greedy,2,midgame,False,0.0,0.0,False
31,27,1,"[[3, 6], [4, 5]]","[4, 5]",41,7.308,0.0,2,270.0,greedy,2,midgame,False,0.0,0.0,True
31,28,0,"[[0, 1], [1, 0]]","[1, 0]",31,7.8306,0.6477,2,270.0,greedy,2,midgame,False,0.0,0.0,True
31,29,1,"[[1, 4], [2, 3]]","[2, 3]",40,12.4164,0.1667,2,270.0,greedy,2,midgame,False,0.0,0.0,True
31,30,0,"[[1, 0], [0, 1]]","[0, 1]",29,8.5084,0.6705,2,270.0,greedy,2,midgame,True,0,0.0,False
31,31,1,"[[2, 7], [3, 6]]","[3, 6]",36,6.582,0.25,2,270.0,greedy,2,midgame,False,0.0,0.0,False
31,32,0,"[[0, 1], [1, 0]]","[1, 0]",36,14.4534,0.5909,2,270.0,greedy,2,midgame,False,0.0,0.0,True
31,33,1,"[[1, 6], [2, 7]]","[2, 7]",42,13.0506,0.25,2,270.0,greedy,2,midgame,False,0.0,0.0,True
31,34,0,"[[1, 0], [0, 1]]","[0, 1]",39,11.7915,0.5568,2,292.0,greedy,2,midgame,False,0.0,0.0,False
31,35,1,"[[4, 5], [5, 6]]","[5, 6]",24,7.3206,0.4,2,292.0,greedy,2,midgame,True,225.0,0.0,False
31,36,0,"[[6, 7], [4, 5]]","[4, 5]",3,0.5445,0.625,2,517.0,greedy,2,midgame,False,0.0,0.0,False
31,37,1,"[[3, 6], [5, 4]]","[5, 4]",13,2.9099,0.0,20,517.0,greedy,2,midgame,False,0.0,0.0,False
31,38,0,"[[4, 3], [3, 2]]","[3, 2]",33,5.8994,0.625,20,547.0,greedy,2,midgame,False,0.0,0.0,False
31,39,1,"[[2, 3], [4, 1]]","[4, 1]",11,2.6338,0.0,20,547.0,greedy,2,midgame,False,0.0,0.0,False
31,40,0,"[[7, 4], [6, 3]]","[6, 3]",26,6.7041,0.6389,20,575.0,greedy,2,midgame,True,0,0.0,True
31,41,1,"[[4, 1], [5, 0]]","[5, 0]",9,0.9367,0.7188,20,575.0,greedy,2,midgame,False,0.0,0.0,True
31,42,0,"[[6, 3], [4, 5]]","[4, 5]",4,0.5953,0.5,20,575.0,greedy,2,midgame,False,0.0,0.0,False
31,43,1,"[[2, 7], [3, 6]]","[3, 6]",5,0.4458,0.6875,16,575.0,greedy,2,midgame,False,0.0,0.0,False
31,44,0,"[[4, 5], [2, 7]]","[2, 7]",3,0.3707,0.625,16,575.0,greedy,2,midgame,False,0.0,0.0,False
31,45,1,"[[5, 0], [6, 1]]","[6, 1]",4,0.7944,0.5,33,575.0,greedy,2,midgame,True,143.0,143.0,False
31,46,0,"[[7, 0], [5, 2]]","[5, 2]",3,0.4437,0.8125,33,576.0,greedy,2,midgame,False,0.0,0.0,True
32,0,0,"[[6, 1], [5, 0]]","[5, 0]",21,4.6675,0.625,0,0,greedy,2,opening,False,0,0.0,False
32,1,1,"[[1, 0], [2, 1]]","[2, 1]",22,6.496,0.6071,0,0,greedy,2,opening,False,0.0,0.0,True
32,2,0,"[[5, 0], [4, 1]]","[4, 1]",24,4.8871,0.625,0,1.0,greedy,2,opening,False,0.0,0.0,False
32,3,1,"[[2, 1], [3, 2]]","[3, 2]",37,16.0422,0.4219,0,1.0,greedy,2,opening,False,0.0,0.0,True
32,4,0,"[[4, 1], [2, 3]]","[2, 3]",4,0.5615,0.5,0,25.0,greedy,2,opening,False,0.0,0.0,False
32,5,1,"[[1, 2], [3, 4]]","[3, 4]",11,1.8067,0.3125,0,25.0,greedy,2,opening,True,13.0,0.0,True
32,6,0,"[[6, 3], [5, 2]]","[5, 2]",23,4.3933,0.5893,0,38.0,greedy,2,opening,False,0.0,0.0,False
32,7,1,"[[3, 4], [4, 3]]","[4, 3]",35,9.1448,0.5139,0,38.0,greedy,2,opening,False,0.0,0.0,True
32,8,0,"[[5, 2], [3, 4]]","[3, 4]",9,2.2867,0.0,0,38.0,greedy,2,opening,False,0.0,0.0,False
32,9,1,"[[0, 1], [1, 0]]","[1, 0]",25,5.4226,0.5536,-12,38.0,greedy,2,opening,False,0.0,0.0,True
32,10,0,"[[6, 5], [5, 4]]","[5, 4]",24,5.4092,0.6667,-12,38.0,greedy,2,opening,True,0,0.0,False
32,11,1,"[[0, 3], [1, 2]]","[1, 2]",25,8.2703,0.4792,-12,38.0,greedy,2,opening,False,0.0,0.0,True
32,12,0,"[[5, 4], [4, 3]]","[4, 3]",30,8.7199,0.6591,-12,38.0,greedy,2,opening,False,0.0,0.0,False
32,13,1,"[[1, 2], [2, 3]]","[2, 3]",33,12.1579,0.4107,-12,38.0,greedy,2,opening,False,0.0,0.0,False
32,14,0,"[[3, 4], [1, 2]]","[1, 2]",7,1.0018,0.125,-12,119.0,greedy,2,opening,False,0.0,0.0,False
32,15,1,"[[1, 6], [2, 7]]","[2, 7]",40,7.597,0.0,-20,119.0,greedy,2,opening,True,30.0,0.0,False
32,16,0,"[[1, 2], [0, 1]]","[0, 1]",31,6.7358,0.6477,-20,149.0,greedy,2,opening,False,0.0,0.0,False
32,17,1,"[[0, 5], [1, 6]]","[1, 6]",22,3.2482,0.5417,-20,149.0,greedy,2,opening,False,0.0,0.0,False
32,18,0,"[[0, 1], [1, 2]]","[1, 2]",27,5.6877,0.6625,-20,249.0,greedy,2,opening,False,0.0,0.0,False
32,19,1,"[[1, 0], [2, 1]]","[2, 1]",17,2.7797,0.575,-16,249.0,greedy,2,opening,False,0.0,0.0,False
32,20,0,"[[1, 2], [3, 0]]","[3, 0]",6,0.8044,0.25,-16,250.0,greedy,2,midgame,True,18,0.0,False
32,21,1,"[[2, 7], [3, 6]]","[3, 6]",35,5.3482,0.0,2,250.0,greedy,2,midgame,False,0.0,0.0,False
32,22,0,"[[3, 0], [2, 1]]","[2, 1]",30,7.5505,0.6591,2,250.0,greedy,2,midgame,False,0.0,0.0,False
32,23,1,"[[1, 6], [2, 7]]","[2, 7]",47,12.6476,0.0208,2,250.0,greedy,2,midgame,False,0.0,0.0,False
32,24,0,"[[2, 1], [1, 0]]","[1, 0]",31,4.4272,0.7019,2,270.0,greedy,2,midgame,False,0.0,0.0,True
32,25,1,"[[0, 7], [1, 6]]","[1, 6]",21,2.9283,0.475,2,270.0,greedy,2,midgame,True,0.0,0.0,True
32,26,0,"[[1, 0], [0, 1]]","[0, 1]",29,5.9786,0.6705,2,270.0,greedy,2,midgame,False,0.0,0.0,False
32,27,1,"[[3, 6], [4, 5]]","[4, 5]",41,6.4704,0.0,2,270.0,greedy,2,midgame,False,0.0,0.0,True
32,28,0,"[[0, 1], [1, 0]]","[1, 0]",31,7.0589,0.6477,2,270.0,greedy,2,midgame,False,0.0,0.0,True
32,29,1,"[[1, 4], [2, 3]]","[2, 3]",40,11.7092,0.1667,2,270.0,greedy,2,midgame,False,0.0,0.0,True
32,30,0,"[[1, 0], [0, 1]]","[0, 1]",29,7.1568,0.6705,2,270.0,greedy,2,midgame,True,0,0.0,False
32,31,1,"[[2, 7], [3, 6]]","[3, 6]",36,10.268,0.25,2,270.0,greedy,2,midgame,False,0.0,0.0,False
32,32,0,"[[0, 1], [1, 0]]","[1, 0]",36,6.5308,0.5909,2,270.0,greedy,2,midgame,False,0.0,0.0,True
32,33,1,"[[1, 6], [2, 7]]","[2, 7]",42,10.6833,0.25,2,270.0,greedy,2,midgame,False,0.0,0.0,True
32,34,0,"[[1, 0], [0, 1]]","[0, 1]",39,10.0188,0.5568,2,292.0,greedy,2,midgame,False,0.0,0.0,False
32,35,1,"[[4, 5], [5, 6]]","[5, 6]",24,3.885,0.4,2,292.0,greedy,2,midgame,True,225.0,0.0,False
32,36,0,"[[6, 7], [4, 5]]","[4, 5]",3,0.2992,0.625,2,517.0,greedy,2,midgame,False,0.0,0.0,False
32,37,1,"[[3, 6], [5, 4]]","[5, 4]",13,2.1753,0.0,20,517.0,greedy,2,midgame,False,0.0,0.0,False
32,38,0,"[[4, 3], [3, 2]]","[3, 2]",33,9.3894,0.625,20,547.0,greedy,2,midgame,False,0.0,0.0,False
32,39,1,"[[2, 3], [4, 1]]","[4, 1]",11,1.4157,0.0,20,547.0,greedy,2,midgame,False,0.0,0.0,False
32,40,0,"[[7, 4], [6, 3]]","[6, 3]",26,5.4021,0.6389,20,575.0,greedy,2,midgame,True,0,0.0,True
32,41,1,"[[4, 1], [5, 0]]","[5, 0]",9,1.72,0.7188,20,575.0,greedy,2,midgame,False,0.0,0.0,True
32,42,0,"[[6, 3], [4, 5]]","[4, 5]",4,1.4691,0.5,20,575.0,greedy,2,midgame,False,0.0,0.0,False
32,43,1,"[[2, 7], [3, 6]]","[3, 6]",5,0.4549,0.6875,16,575.0,greedy,2,midgame,False,0.0,0.0,False
32,44,0,"[[4, 5], [2, 7]]","[2, 7]",3,0.3788,0.625,16,575.0,greedy,2,midgame,False,0.0,0.0,False
32,45,1,"[[5, 0], [6, 1]]","[6, 1]",4,0.319,0.5,33,575.0,greedy,2,midgame,True,143.0,143.0,False
32,46,0,"[[7, 0], [5, 2]]","[5, 2]",3,0.2193,0.8125,33,576.0,greedy,2,midgame,False,0.0,0.0,True
33,0,0,"[[6, 1], [5, 0]]","[5, 0]",21,3.7873,0.625,0,0,greedy,2,opening,False,0,0.0,False
33,1,1,"[[1, 0], [2, 1]]","[2, 1]",22,7.3435,0.6071,0,0,greedy,2,opening,False,0.0,0.0,True
33,2,0,"[[5, 0], [4, 1]]","[4, 1]",24,7.7116,0.625,0,1.0,greedy,2,opening,False,0.0,0.0,False
33,3,1,"[[2, 1], [3, 2]]","[3, 2]",37,11.1454,0.4219,0,1.0,greedy,2,opening,False,0.0,0.0,True
33,4,0,"[[4, 1], [2, 3]]","[2, 3]",4,0.5836,0.5,0,25.0,greedy,2,opening,False,0.0,0.0,False
33,5,1,"[[1, 2], [3, 4]]","[3, 4]",11,1.7745,0.3125,0,25.0,greedy,2,opening,True,13.0,0.0,True
33,6,0,"[[6, 3], [5, 2]]","[5, 2]",23,4.4885,0.5893,0,38.0,greedy,2,opening,False,0.0,0.0,False
33,7,1,"[[3, 4], [4, 3]]","[4, 3]",35,9.881,0.5139,0,38.0,greedy,2,opening,False,0.0,0.0,True
33,8,0,"[[5, 2], [3, 4]]","[3, 4]",9,2.9147,0.0,0,38.0,greedy,2,opening,False,0.0,0.0,False
33,9,1,"[[0, 1], [1, 0]]","[1, 0]",25,9.8732,0.5536,-12,38.0,greedy,2,opening,False,0.0,0.0,True
33,10,0,"[[6, 5], [5, 4]]","[5, 4]",24,7.2813,0.6667,-12,38.0,greedy,2,opening,True,0,0.0,False
33,11,1,"[[0, 3], [1, 2]]","[1, 2]",25,9.0868,0.4792,-12,38.0,greedy,2,opening,False,0.0,0.0,True
33,12,0,"[[5, 4], [4, 3]]","[4, 3]",30,8.4705,0.6591,-12,38.0,greedy,2,opening,False,0.0,0.0,False
33,13,1,"[[1, 2], [2, 3]]","[2, 3]",33,12.3227,0.4107,-12,38.0,greedy,2,opening,False,0.0,0.0,False
33,14,0,"[[3, 4], [1, 2]]","[1, 2]",7,1.8847,0.125,-12,119.0,greedy,2,opening,False,0.0,0.0,False
33,15,1,"[[1, 6], [2, 7]]","[2, 7]",40,12.4474,0.0,-20,119.0,greedy,2,opening,True,30.0,0.0,False
33,16,0,"[[1, 2], [0, 1]]","[0, 1]",31,9.2688,0.6477,-20,149.0,greedy,2,opening,False,0.0,0.0,False
33,17,1,"[[0, 5], [1, 6]]","[1, 6]",22,3.2594,0.5417,-20,149.0,greedy,2,opening,False,0.0,0.0,False
33,18,0,"[[0, 1], [1, 2]]","[1, 2]",27,4.4446,0.6625,-20,249.0,greedy,2,opening,False,0.0,0.0,False
33,19,1,"[[1, 0], [2, 1]]","[2, 1]",17,2.7874,0.575,-16,249.0,greedy,2,opening,False,0.0,0.0,False
33,20,0,"[[1, 2], [3, 0]]","[3, 0]",6,1.4029,0.25,-16,250.0,greedy,2,midgame,True,18,0.0,False
33,21,1,"[[2, 7], [3, 6]]","[3, 6]",35,5.3976,0.0,2,250.0,greedy,2,midgame,False,0.0,0.0,False
33,22,0,"[[3, 0], [2, 1]]","[2, 1]",30,4.5097,0.6591,2,250.0,greedy,2,midgame,False,0.0,0.0,False
33,23,1,"[[1, 6], [2, 7]]","[2, 7]",47,11.2131,0.0208,2,250.0,greedy,2,midgame,False,0.0,0.0,False
33,24,0,"[[2, 1], [1, 0]]","[1, 0]",31,7.4966,0.7019,2,270.0,greedy,2,midgame,False,0.0,0.0,True
33,25,1,"[[0, 7], [1, 6]]","[1, 6]",21,5.4548,0.475,2,270.0,greedy,2,midgame,True,0.0,0.0,True
33,26,0,"[[1, 0], [0, 1]]","[0, 1]",29,8.327,0.6705,2,270.0,greedy,2,midgame,False,0.0,0.0,False
33,27,1,"[[3, 6], [4, 5]]","[4, 5]",41,11.2672,0.0,2,270.0,greedy,2,midgame,False,0.0,0.0,True
33,28,0,"[[0, 1], [1, 0]]","[1, 0]",31,9.0482,0.6477,2,270.0,greedy,2,midgame,False,0.0,0.0,True
33,29,1,"[[1, 4], [2, 3]]","[2, 3]",40,10.8795,0.1667,2,270.0,greedy,2,midgame,False,0.0,0.0,True
33,30,0,"[[1, 0], [0, 1]]","[0, 1]",29,8.2765,0.6705,2,270.0,greedy,2,midgame,True,0,0.0,False
33,31,1,"[[2, 7], [3, 6]]","[3, 6]",36,7.611,0.25,2,270.0,greedy,2,midgame,False,0.0,0.0,False
33,32,0,"[[0, 1], [1, 0]]","[1, 0]",36,11.8248,0.5909,2,270.0,greedy,2,midgame,False,0.0,0.0,True
33,33,1,"[[1, 6], [2, 7]]","[2, 7]",42,9.1536,0.25,2,270.0,greedy,2,midgame,False,0.0,0.0,True
33,34,0,"[[1, 0], [0, 1]]","[0, 1]",39,9.8279,0.5568,2,292.0,greedy,2,midgame,False,0.0,0.0,False
33,35,1,"[[4, 5], [5, 6]]","[5, 6]",24,3.9101,0.4,2,292.0,greedy,2,midgame,True,225.0,0.0,False
33,36,0,"[[6, 7], [4, 5]]","[4, 5]",3,0.3126,0.625,2,517.0,greedy,2,midgame,False,0.0,0.0,False
33,37,1,"[[3, 6], [5, 4]]","[5, 4]",13,1.915,0.0,20,517.0,greedy,2,midgame,False,0.0,0.0,False
33,38,0,"[[4, 3], [3, 2]]","[3, 2]",33,11.5285,0.625,20,547.0,greedy,2,midgame,False,0.0,0.0,False
33,39,1,"[[2, 3], [4, 1]]","[4, 1]",11,2.6205,0.0,20,547.0,greedy,2,midgame,False,0.0,0.0,False
33,40,0,"[[7, 4], [6, 3]]","[6, 3]",26,6.9199,0.6389,20,575.0,greedy,2,midgame,True,0,0.0,True
33,41,1,"[[4, 1], [5, 0]]","[5, 0]",9,2.3239,0.7188,20,575.0,greedy,2,midgame,False,0.0,0.0,True
33,42,0,"[[6, 3], [4, 5]]","[4, 5]",4,0.9885,0.5,20,575.0,greedy,2,midgame,False,0.0,0.0,False
33,43,1,"[[2, 7], [3, 6]]","[3, 6]",5,0.4539,0.6875,16,575.0,greedy,2,midgame,False,0.0,0.0,False
33,44,0,"[[4, 5], [2, 7]]","[2, 7]",3,0.689,0.625,16,575.0,greedy,2,midgame,False,0.0,0.0,False
33,45,1,"[[5, 0], [6, 1]]","[6, 1]",4,2.3098,0.5,33,575.0,greedy,2,midgame,True,143.0,143.0,False
33,46,0,"[[7, 0], [5, 2]]","[5, 2]",3,0.6177,0.8125,33,576.0,greedy,2,midgame,False,0.0,0.0,True
34,0,0,"[[6, 1], [5, 0]]","[5, 0]",21,6.1066,0.625,0,0,greedy,2,opening,False,0,0.0,False
34,1,1,"[[1, 0], [2, 1]]","[2, 1]",22,8.6558,0.6071,0,0,greedy,2,opening,False,0.0,0.0,True
34,2,0,"[[5, 0], [4, 1]]","[4, 1]",24,4.4363,0.625,0,1.0,greedy,2,opening,False,0.0,0.0,False
34,3,1,"[[2, 1], [3, 2]]","[3, 2]",37,10.1774,0.4219,0,1.0,greedy,2,opening,False,0.0,0.0,True
34,4,0,"[[4, 1], [2, 3]]","[2, 3]",4,0.5627,0.5,0,25.0,greedy,2,opening,False,0.0,0.0,False
34,5,1,"[[1, 2], [3, 4]]","[3, 4]",11,1.7726,0.3125,0,25.0,greedy,2,opening,True,13.0,0.0,True
34,6,0,"[[6, 3], [5, 2]]","[5, 2]",23,3.8891,0.5893,0,38.0,greedy,2,opening,False,0.0,0.0,False
34,7,1,"[[3, 4], [4, 3]]","[4, 3]",35,8.8725,0.5139,0,38.0,greedy,2,opening,False,0.0,0.0,True
34,8,0,"[[5, 2], [3, 4]]","[3, 4]",9,1.5759,0.0,0,38.0,greedy,2,opening,False,0.0,0.0,False
34,9,1,"[[0, 1], [1, 0]]","[1, 0]",25,6.2754,0.5536,-12,38.0,greedy,2,opening,False,0.0,0.0,True
34,10,0,"[[6, 5], [5, 4]]","[5, 4]",24,7.318,0.6667,-12,38.0,greedy,2,opening,True,0,0.0,False
34,11,1,"[[0, 3], [1, 2]]","[1, 2]",25,8.8596,0.4792,-12,38.0,greedy,2,opening,False,0.0,0.0,True
34,12,0,"[[5, 4], [4, 3]]","[4, 3]",30,4.94,0.6591,-12,38.0,greedy,2,opening,False,0.0,0.0,False
34,13,1,"[[1, 2], [2, 3]]","[2, 3]",33,8.4183,0.4107,-12,38.0,greedy,2,opening,False,0.0,0.0,False
34,14,0,"[[3, 4], [1, 2]]","[1, 2]",7,0.9954,0.125,-12,119.0,greedy,2,opening,False,0.0,0.0,False
34,15,1,"[[1, 6], [2, 7]]","[2, 7]",40,6.5589,0.0,-20,119.0,greedy,2,opening,True,30.0,0.0,False
34,16,0,"[[1, 2], [0, 1]]","[0, 1]",31,7.1383,0.6477,-20,149.0,greedy,2,opening,False,0.0,0.0,False
34,17,1,"[[0, 5], [1, 6]]","[1, 6]",22,5.1854,0.5417,-20,149.0,greedy,2,opening,False,0.0,0.0,False
34,18,0,"[[0, 1], [1, 2]]","[1, 2]",27,7.5009,0.6625,-20,249.0,greedy,2,opening,False,0.0,0.0,False
34,19,1,"[[1, 0], [2, 1]]","[2, 1]",17,2.7671,0.575,-16,249.0,greedy,2,opening,False,0.0,0.0,False
34,20,0,"[[1, 2], [3, 0]]","[3, 0]",6,0.8078,0.25,-16,250.0,greedy,2,midgame,True,18,0.0,False
34,21,1,"[[2, 7], [3, 6]]","[3, 6]",35,5.7778,0.0,2,250.0,greedy,2,midgame,False,0.0,0.0,False
34,22,0,"[[3, 0], [2, 1]]","[2, 1]",30,7.9951,0.6591,2,250.0,greedy,2,midgame,False,0.0,0.0,False
34,23,1,"[[1, 6], [2, 7]]","[2, 7]",47,11.5428,0.0208,2,250.0,greedy,2,midgame,False,0.0,0.0,False
34,24,0,"[[2, 1], [1, 0]]","[1, 0]",31,4.9024,0.7019,2,270.0,greedy,2,midgame,False,0.0,0.0,True
34,25,1,"[[0, 7], [1, 6]]","[1, 6]",21,5.1999,0.475,2,270.0,greedy,2,midgame,True,0.0,0.0,True
34,26,0,"[[1, 0], [0, 1]]","[0, 1]",29,4.6349,0.6705,2,270.0,greedy,2,midgame,False,0.0,0.0,False
34,27,1,"[[3, 6], [4, 5]]","[4, 5]",41,10.9246,0.0,2,270.0,greedy,2,midgame,False,0.0,0.0,True
34,28,0,"[[0, 1], [1, 0]]","[1, 0]",31,5.2581,0.6477,2,270.0,greedy,2,midgame,False,0.0,0.0,True
34,29,1,"[[1, 4], [2, 3]]","[2, 3]",40,7.5781,0.1667,2,270.0,greedy,2,midgame,False,0.0,0.0,True
34,30,0,"[[1, 0], [0, 1]]","[0, 1]",29,7.9565,0.6705,2,270.0,greedy,2,midgame,True,0,0.0,False
34,31,1,"[[2, 7], [3, 6]]","[3, 6]",36,10.6313,0.25,2,270.0,greedy,2,midgame,False,0.0,0.0,False
34,32,0,"[[0, 1], [1, 0]]","[1, 0]",36,10.9079,0.5909,2,270.0,greedy,2,midgame,False,0.0,0.0,True
34,33,1,"[[1, 6], [2, 7]]","[2, 7]",42,6.9795,0.25,2,270.0,greedy,2,midgame,False,0.0,0.0,True
34,34,0,"[[1, 0], [0, 1]]","[0, 1]",39,8.7578,0.5568,2,292.0,greedy,2,midgame,False,0.0,0.0,False
34,35,1,"[[4, 5], [5, 6]]","[5, 6]",24,3.895,0.4,2,292.0,greedy,2,midgame,True,225.0,0.0,False
34,36,0,"[[6, 7], [4, 5]]","[4, 5]",3,0.299,0.625,2,517.0,greedy,2,midgame,False,0.0,0.0,False
34,37,1,"[[3, 6], [5, 4]]","[5, 4]",13,1.9112,0.0,20,517.0,greedy,2,midgame,False,0.0,0.0,False
34,38,0,"[[4, 3], [3, 2]]","[3, 2]",33,10.2861,0.625,20,547.0,greedy,2,midgame,False,0.0,0.0,False
34,39,1,"[[2, 3], [4, 1]]","[4, 1]",11,2.6376,0.0,20,547.0,greedy,2,midgame,False,0.0,0.0,False
34,40,0,"[[7, 4], [6, 3]]","[6, 3]",26,7.6449,0.6389,20,575.0,greedy,2,midgame,True,0,0.0,True
34,41,1,"[[4, 1], [5, 0]]","[5, 0]",9,1.7238,0.7188,20,575.0,greedy,2,midgame,False,0.0,0.0,True
34,42,0,"[[6, 3], [4, 5]]","[4, 5]",4,1.0827,0.5,20,575.0,greedy,2,midgame,False,0.0,0.0,False
34,43,1,"[[2, 7], [3, 6]]","[3, 6]",5,0.8202,0.6875,16,575.0,greedy,2,midgame,False,0.0,0.0,False
34,44,0,"[[4, 5], [2, 7]]","[2, 7]",3,0.6828,0.625,16,575.0,greedy,2,midgame,False,0.0,0.0,False
34,45,1,"[[5, 0], [6, 1]]","[6, 1]",4,0.5918,0.5,33,575.0,greedy,2,midgame,True,143.0,143.0,False
34,46,0,"[[7, 0], [5, 2]]","[5, 2]",3,0.4275,0.8125,33,576.0,greedy,2,midgame,False,0.0,0.0,True
35,0,0,"[[6, 1], [5, 0]]","[5, 0]",21,6.8052,0.625,0,0,greedy,2,opening,False,0,0.0,False
35,1,1,"[[1, 0], [2, 1]]","[2, 1]",22,7.9274,0.6071,0,0,greedy,2,opening,False,0.0,0.0,True
35,2,0,"[[5, 0], [4, 1]]","[4, 1]",24,8.5514,0.625,0,1.0,greedy,2,opening,False,0.0,0.0,False
35,3,1,"[[2, 1], [3, 2]]","[3, 2]",37,11.9381,0.4219,0,1.0,greedy,2,opening,False,0.0,0.0,True
35,4,0,"[[4, 1], [2, 3]]","[2, 3]",4,0.5579,0.5,0,25.0,greedy,2,opening,False,0.0,0.0,False
35,5,1,"[[1, 2], [3, 4]]","[3, 4]",11,1.7769,0.3125,0,25.0,greedy,2,opening,True,13.0,0.0,True
35,6,0,"[[6, 3], [5, 2]]","[5, 2]",23,4.3583,0.5893,0,38.0,greedy,2,opening,False,0.0,0.0,False
35,7,1,"[[3, 4], [4, 3]]","[4, 3]",35,12.8913,0.5139,0,38.0,greedy,2,opening,False,0.0,0.0,True
35,8,0,"[[5, 2], [3, 4]]","[3, 4]",9,3.5572,0.0,0,38.0,greedy,2,opening,False,0.0,0.0,False
35,9,1,"[[0, 1], [1, 0]]","[1, 0]",25,9.8782,0.5536,-12,38.0,greedy,2,opening,False,0.0,0.0,True
35,10,0,"[[6, 5], [5, 4]]","[5, 4]",24,6.5041,0.6667,-12,38.0,greedy,2,opening,True,0,0.0,False
35,11,1,"[[0, 3], [1, 2]]","[1, 2]",25,8.2738,0.4792,-12,38.0,greedy,2,opening,False,0.0,0.0,True
35,12,0,"[[5, 4], [4, 3]]","[4, 3]",30,7.1476,0.6591,-12,38.0,greedy,2,opening,False,0.0,0.0,False
35,13,1,"[[1, 2], [2, 3]]","[2, 3]",33,7.5655,0.4107,-12,38.0,greedy,2,opening,False,0.0,0.0,False
35,14,0,"[[3, 4], [1, 2]]","[1, 2]",7,0.9942,0.125,-12,119.0,greedy,2,opening,False,0.0,0.0,False
35,15,1,"[[1, 6], [2, 7]]","[2, 7]",40,8.0233,0.0,-20,119.0,greedy,2,opening,True,30.0,0.0,False
35,16,0,"[[1, 2], [0, 1]]","[0, 1]",31,5.012,0.6477,-20,149.0,greedy,2,opening,False,0.0,0.0,False
35,17,1,"[[0, 5], [1, 6]]","[1, 6]",22,6.2475,0.5417,-20,149.0,greedy,2,opening,False,0.0,0.0,False
35,18,0,"[[0, 1], [1, 2]]","[1, 2]",27,8.2352,0.6625,-20,249.0,greedy,2,opening,False,0.0,0.0,False
35,19,1,"[[1, 0], [2, 1]]","[2, 1]",17,5.1637,0.575,-16,249.0,greedy,2,opening,False,0.0,0.0,False
35,20,0,"[[1, 2], [3, 0]]","[3, 0]",6,0.8087,0.25,-16,250.0,greedy,2,midgame,True,18,0.0,False
35,21,1,"[[2, 7], [3, 6]]","[3, 6]",35,9.8507,0.0,2,250.0,greedy,2,midgame,False,0.0,0.0,False
35,22,0,"[[3, 0], [2, 1]]","[2, 1]",30,5.1801,0.6591,2,250.0,greedy,2,midgame,False,0.0,0.0,False
35,23,1,"[[1, 6], [2, 7]]","[2, 7]",47,9.351,0.0208,2,250.0,greedy,2,midgame,False,0.0,0.0,False
35,24,0,"[[2, 1], [1, 0]]","[1, 0]",31,6.9339,0.7019,2,270.0,greedy,2,midgame,False,0.0,0.0,True
35,25,1,"[[0, 7], [1, 6]]","[1, 6]",21,5.8596,0.475,2,270.0,greedy,2,midgame,True,0.0,0.0,True
35,26,0,"[[1, 0], [0, 1]]","[0, 1]",29,4.3807,0.6705,2,270.0,greedy,2,midgame,False,0.0,0.0,False
35,27,1,"[[3, 6], [4, 5]]","[4, 5]",41,6.4042,0.0,2,270.0,greedy,2,midgame,False,0.0,0.0,True
35,28,0,"[[0, 1], [1, 0]]","[1, 0]",31,6.1908,0.6477,2,270.0,greedy,2,midgame,False,0.0,0.0,True
35,29,1,"[[1, 4], [2, 3]]","[2, 3]",40,6.2335,0.1667,2,270.0,greedy,2,midgame,False,0.0,0.0,True
35,30,0,"[[1, 0], [0, 1]]","[0, 1]",29,6.9573,0.6705,2,270.0,greedy,2,midgame,True,0,0.0,False
35,31,1,"[[2, 7], [3, 6]]","[3, 6]",36,5.7182,0.25,2,270.0,greedy,2,midgame,False,0.0,0.0,False
35,32,0,"[[0, 1], [1, 0]]","[1, 0]",36,9.975,0.5909,2,270.0,greedy,2,midgame,False,0.0,0.0,True
35,33,1,"[[1, 6], [2, 7]]","[2, 7]",42,12.7766,0.25,2,270.0,greedy,2,midgame,False,0.0,0.0,True
35,34,0,"[[1, 0], [0, 1]]","[0, 1]",39,11.2445,0.5568,2,292.0,greedy,2,midgame,False,0.0,0.0,False
35,35,1,"[[4, 5], [5, 6]]","[5, 6]",24,4.2286,0.4,2,292.0,greedy,2,midgame,True,225.0,0.0,False
35,36,0,"[[6, 7], [4, 5]]","[4, 5]",3,0.3114,0.625,2,517.0,greedy,2,midgame,False,0.0,0.0,False
35,37,1,"[[3, 6], [5, 4]]","[5, 4]",13,1.8952,0.0,20,517.0,greedy,2,midgame,False,0.0,0.0,False
35,38,0,"[[4, 3], [3, 2]]","[3, 2]",33,6.3355,0.625,20,547.0,greedy,2,midgame,False,0.0,0.0,False
35,39,1,"[[2, 3], [4, 1]]","[4, 1]",11,1.879,0.0,20,547.0,greedy,2,midgame,False,0.0,0.0,False
35,40,0,"[[7, 4], [6, 3]]","[6, 3]",26,3.9303,0.6389,20,575.0,greedy,2,midgame,True,0,0.0,True
35,41,1,"[[4, 1], [5, 0]]","[5, 0]",9,0.9363,0.7188,20,575.0,greedy,2,midgame,False,0.0,0.0,True
35,42,0,"[[6, 3], [4, 5]]","[4, 5]",4,0.6931,0.5,20,575.0,greedy,2,midgame,False,0.0,0.0,False
35,43,1,"[[2, 7], [3, 6]]","[3, 6]",5,0.4482,0.6875,16,575.0,greedy,2,midgame,False,0.0,0.0,False
35,44,0,"[[4, 5], [2, 7]]","[2, 7]",3,0.3784,0.625,16,575.0,greedy,2,midgame,False,0.0,0.0,False
35,45,1,"[[5, 0], [6, 1]]","[6, 1]",4,0.3102,0.5,33,575.0,greedy,2,midgame,True,143.0,143.0,False
35,46,0,"[[7, 0], [5, 2]]","[5, 2]",3,0.2232,0.8125,33,576.0,greedy,2,midgame,False,0.0,0.0,True
36,0,0,"[[6, 1], [5, 0]]","[5, 0]",21,5.3544,0.625,0,0,greedy,2,opening,False,0,0.0,False
36,1,1,"[[1, 0], [2, 1]]","[2, 1]",22,7.3936,0.6071,0,0,greedy,2,opening,False,0.0,0.0,True
36,2,0,"[[5, 0], [4, 1]]","[4, 1]",24,7.4286,0.625,0,1.0,greedy,2,opening,False,0.0,0.0,False
36,3,1,"[[2, 1], [3, 2]]","[3, 2]",37,14.2159,0.4219,0,1.0,greedy,2,opening,False,0.0,0.0,True
36,4,0,"[[4, 1], [2, 3]]","[2, 3]",4,0.5634,0.5,0,25.0,greedy,2,opening,False,0.0,0.0,False
36,5,1,"[[1, 2], [3, 4]]","[3, 4]",11,1.7824,0.3125,0,25.0,greedy,2,opening,True,13.0,0.0,True
36,6,0,"[[6, 3], [5, 2]]","[5, 2]",23,7.4866,0.5893,0,38.0,greedy,2,opening,False,0.0,0.0,False
36,7,1,"[[3, 4], [4, 3]]","[4, 3]",35,7.6551,0.5139,0,38.0,greedy,2,opening,False,0.0,0.0,True
36,8,0,"[[5, 2], [3, 4]]","[3, 4]",9,2.9342,0.0,0,38.0,greedy,2,opening,False,0.0,0.0,False
36,9,1,"[[0, 1], [1, 0]]","[1, 0]",25,7.8211,0.5536,-12,38.0,greedy,2,opening,False,0.0,0.0,True
36,10,0,"[[6, 5], [5, 4]]","[5, 4]",24,6.2253,0.6667,-12,38.0,greedy,2,opening,True,0,0.0,False
36,11,1,"[[0, 3], [1, 2]]","[1, 2]",25,9.2258,0.4792,-12,38.0,greedy,2,opening,False,0.0,0.0,True
36,12,0,"[[5, 4], [4, 3]]","[4, 3]",30,4.9167,0.6591,-12,38.0,greedy,2,opening,False,0.0,0.0,False
36,13,1,"[[1, 2], [2, 3]]","[2, 3]",33,9.9685,0.4107,-12,38.0,greedy,2,opening,False,0.0,0.0,False
36,14,0,"[[3, 4], [1, 2]]","[1, 2]",7,1.8656,0.125,-12,119.0,greedy,2,opening,False,0.0,0.0,False
36,15,1,"[[1, 6], [2, 7]]","[2, 7]",40,12.4078,0.0,-20,119.0,greedy,2,opening,True,30.0,0.0,False
36,16,0,"[[1, 2], [0, 1]]","[0, 1]",31,8.4798,0.6477,-20,149.0,greedy,2,opening,False,0.0,0.0,False
36,17,1,"[[0, 5], [1, 6]]","[1, 6]",22,5.5585,0.5417,-20,149.0,greedy,2,opening,False,0.0,0.0,False
36,18,0,"[[0, 1], [1, 2]]","[1, 2]",27,8.2827,0.6625,-20,249.0,greedy,2,opening,False,0.0,0.0,False
36,19,1,"[[1, 0], [2, 1]]","[2, 1]",17,5.1024,0.575,-16,249.0,greedy,2,opening,False,0.0,0.0,False
36,20,0,"[[1, 2], [3, 0]]","[3, 0]",6,1.5099,0.25,-16,250.0,greedy,2,midgame,True,18,0.0,False
36,21,1,"[[2, 7], [3, 6]]","[3, 6]",35,8.6629,0.0,2,250.0,greedy,2,midgame,False,0.0,0.0,False
36,22,0,"[[3, 0], [2, 1]]","[2, 1]",30,8.4167,0.6591,2,250.0,greedy,2,midgame,False,0.0,0.0,False
36,23,1,"[[1, 6], [2, 7]]","[2, 7]",47,12.6662,0.0208,2,250.0,greedy,2,midgame,False,0.0,0.0,False
36,24,0,"[[2, 1], [1, 0]]","[1, 0]",31,6.0666,0.7019,2,270.0,greedy,2,midgame,False,0.0,0.0,True
36,25,1,"[[0, 7], [1, 6]]","[1, 6]",21,2.9163,0.475,2,270.0,greedy,2,midgame,True,0.0,0.0,True
36,26,0,"[[1, 0], [0, 1]]","[0, 1]",29,4.3225,0.6705,2,270.0,greedy,2,midgame,False,0.0,0.0,False
36,27,1,"[[3, 6], [4, 5]]","[4, 5]",41,6.9444,0.0,2,270.0,greedy,2,midgame,False,0.0,0.0,True
36,28,0,"[[0, 1], [1, 0]]","[1, 0]",31,4.827,0.6477,2,270.0,greedy,2,midgame,False,0.0,0.0,True
36,29,1,"[[1, 4], [2, 3]]","[2, 3]",40,8.0092,0.1667,2,270.0,greedy,2,midgame,False,0.0,0.0,True
36,30,0,"[[1, 0], [0, 1]]","[0, 1]",29,8.5435,0.6705,2,270.0,greedy,2,midgame,True,0,0.0,False
36,31,1,"[[2, 7], [3, 6]]","[3, 6]",36,6.6049,0.25,2,270.0,greedy,2,midgame,False,0.0,0.0,False
36,32,0,"[[0, 1], [1, 0]]","[1, 0]",36,6.5103,0.5909,2,270.0,greedy,2,midgame,False,0.0,0.0,True
36,33,1,"[[1, 6], [2, 7]]","[2, 7]",42,12.2561,0.25,2,270.0,greedy,2,midgame,False,0.0,0.0,True
36,34,0,"[[1, 0], [0, 1]]","[0, 1]",39,10.8469,0.5568,2,292.0,greedy,2,midgame,False,0.0,0.0,False
36,35,1,"[[4, 5], [5, 6]]","[5, 6]",24,3.9091,0.4,2,292.0,greedy,2,midgame,True,225.0,0.0,False
36,36,0,"[[6, 7], [4, 5]]","[4, 5]",3,0.2949,0.625,2,517.0,greedy,2,midgame,False,0.0,0.0,False
36,37,1,"[[3, 6], [5, 4]]","[5, 4]",13,2.2178,0.0,20,517.0,greedy,2,midgame,False,0.0,0.0,False
36,38,0,"[[4, 3], [3, 2]]","[3, 2]",33,7.2854,0.625,20,547.0,greedy,2,midgame,False,0.0,0.0,False
36,39,1,"[[2, 3], [4, 1]]","[4, 1]",11,1.4441,0.0,20,547.0,greedy,2,midgame,False,0.0,0.0,False
36,40,0,"[[7, 4], [6, 3]]","[6, 3]",26,4.3669,0.6389,20,575.0,greedy,2,midgame,True,0,0.0,True
36,41,1,"[[4, 1], [5, 0]]","[5, 0]",9,0.948,0.7188,20,575.0,greedy,2,midgame,False,0.0,0.0,True
36,42,0,"[[6, 3], [4, 5]]","[4, 5]",4,0.5977,0.5,20,575.0,greedy,2,midgame,False,0.0,0.0,False
36,43,1,"[[2, 7], [3, 6]]","[3, 6]",5,0.447,0.6875,16,575.0,greedy,2,midgame,False,0.0,0.0,False
36,44,0,"[[4, 5], [2, 7]]","[2, 7]",3,0.9084,0.625,16,575.0,greedy,2,midgame,False,0.0,0.0,False
36,45,1,"[[5, 0], [6, 1]]","[6, 1]",4,0.6087,0.5,33,575.0,greedy,2,midgame,True,143.0,143.0,False
36,46,0,"[[7, 0], [5, 2]]","[5, 2]",3,0.2232,0.8125,33,576.0,greedy,2,midgame,False,0.0,0.0,True
37,0,0,"[[6, 1], [5, 0]]","[5, 0]",21,3.7923,0.625,0,0,greedy,2,opening,False,0,0.0,False
37,1,1,"[[1, 0], [2, 1]]","[2, 1]",22,8.3039,0.6071,0,0,greedy,2,opening,False,0.0,0.0,True
37,2,0,"[[5, 0], [4, 1]]","[4, 1]",24,8.8091,0.625,0,1.0,greedy,2,opening,False,0.0,0.0,False
37,3,1,"[[2, 1], [3, 2]]","[3, 2]",37,11.9643,0.4219,0,1.0,greedy,2,opening,False,0.0,0.0,True
37,4,0,"[[4, 1], [2, 3]]","[2, 3]",4,0.5741,0.5,0,25.0,greedy,2,opening,False,0.0,0.0,False
37,5,1,"[[1, 2], [3, 4]]","[3, 4]",11,3.9115,0.3125,0,25.0,greedy,2,opening,True,13.0,0.0,True
37,6,0,"[[6, 3], [5, 2]]","[5, 2]",23,10.4456,0.5893,0,38.0,greedy,2,opening,False,0.0,0.0,False
37,7,1,"[[3, 4], [4, 3]]","[4, 3]",35,11.4923,0.5139,0,38.0,greedy,2,opening,False,0.0,0.0,True
37,8,0,"[[5, 2], [3, 4]]","[3, 4]",9,2.9554,0.0,0,38.0,greedy,2,opening,False,0.0,0.0,False
37,9,1,"[[0, 1], [1, 0]]","[1, 0]",25,9.7494,0.5536,-12,38.0,greedy,2,opening,False,0.0,0.0,True
37,10,0,"[[6, 5], [5, 4]]","[5, 4]",24,7.5088,0.6667,-12,38.0,greedy,2,opening,True,0,0.0,False
37,11,1,"[[0, 3], [1, 2]]","[1, 2]",25,7.1638,0.4792,-12,38.0,greedy,2,opening,False,0.0,0.0,True
37,12,0,"[[5, 4], [4, 3]]","[4, 3]",30,4.9698,0.6591,-12,38.0,greedy,2,opening,False,0.0,0.0,False
37,13,1,"[[1, 2], [2, 3]]","[2, 3]",33,11.4458,0.4107,-12,38.0,greedy,2,opening,False,0.0,0.0,False
37,14,0,"[[3, 4], [1, 2]]","[1, 2]",7,1.8656,0.125,-12,119.0,greedy,2,opening,False,0.0,0.0,False
37,15,1,"[[1, 6], [2, 7]]","[2, 7]",40,12.5661,0.0,-20,119.0,greedy,2,opening,True,30.0,0.0,False
37,16,0,"[[1, 2], [0, 1]]","[0, 1]",31,10.2208,0.6477,-20,149.0,greedy,2,opening,False,0.0,0.0,False
37,17,1,"[[0, 5], [1, 6]]","[1, 6]",22,6.0689,0.5417,-20,149.0,greedy,2,opening,False,0.0,0.0,False
37,18,0,"[[0, 1], [1, 2]]","[1, 2]",27,7.7629,0.6625,-20,249.0,greedy,2,opening,False,0.0,0.0,False
37,19,1,"[[1, 0], [2, 1]]","[2, 1]",17,5.0714,0.575,-16,249.0,greedy,2,opening,False,0.0,0.0,False
37,20,0,"[[1, 2], [3, 0]]","[3, 0]",6,0.9351,0.25,-16,250.0,greedy,2,midgame,True,18,0.0,False
37,21,1,"[[2, 7], [3, 6]]","[3, 6]",35,9.7992,0.0,2,250.0,greedy,2,midgame,False,0.0,0.0,False
37,22,0,"[[3, 0], [2, 1]]","[2, 1]",30,6.9692,0.6591,2,250.0,greedy,2,midgame,False,0.0,0.0,False
37,23,1,"[[1, 6], [2, 7]]","[2, 7]",47,12.1603,0.0208,2,250.0,greedy,2,midgame,False,0.0,0.0,False
37,24,0,"[[2, 1], [1, 0]]","[1, 0]",31,8.4498,0.7019,2,270.0,greedy,2,midgame,False,0.0,0.0,True
37,25,1,"[[0, 7], [1, 6]]","[1, 6]",21,4.1928,0.475,2,270.0,greedy,2,midgame,True,0.0,0.0,True
37,26,0,"[[1, 0], [0, 1]]","[0, 1]",29,5.7445,0.6705,2,270.0,greedy,2,midgame,False,0.0,0.0,False
37,27,1,"[[3, 6], [4, 5]]","[4, 5]",41,6.9766,0.0,2,270.0,greedy,2,midgame,False,0.0,0.0,True
37,28,0,"[[0, 1], [1, 0]]","[1, 0]",31,6.0625,0.6477,2,270.0,greedy,2,midgame,False,0.0,0.0,True
37,29,1,"[[1, 4], [2, 3]]","[2, 3]",40,6.2866,0.1667,2,270.0,greedy,2,midgame,False,0.0,0.0,True
37,30,0,"[[1, 0], [0, 1]]","[0, 1]",29,7.9665,0.6705,2,270.0,greedy,2,midgame,True,0,0.0,False
37,31,1,"[[2, 7], [3, 6]]","[3, 6]",36,6.2797,0.25,2,270.0,greedy,2,midgame,False,0.0,0.0,False
37,32,0,"[[0, 1], [1, 0]]","[1, 0]",36,9.1658,0.5909,2,270.0,greedy,2,midgame,False,0.0,0.0,True
37,33,1,"[[1, 6], [2, 7]]","[2, 7]",42,12.7385,0.25,2,270.0,greedy,2,midgame,False,0.0,0.0,True
37,34,0,"[[1, 0], [0, 1]]","[0, 1]",39,7.6113,0.5568,2,292.0,greedy,2,midgame,False,0.0,0.0,False
37,35,1,"[[4, 5], [5, 6]]","[5, 6]",24,3.8736,0.4,2,292.0,greedy,2,midgame,True,225.0,0.0,False
37,36,0,"[[6, 7], [4, 5]]","[4, 5]",3,0.6604,0.625,2,517.0,greedy,2,midgame,False,0.0,0.0,False
37,37,1,"[[3, 6], [5, 4]]","[5, 4]",13,1.9507,0.0,20,517.0,greedy,2,midgame,False,0.0,0.0,False
37,38,0,"[[4, 3], [3, 2]]","[3, 2]",33,6.3765,0.625,20,547.0,greedy,2,midgame,False,0.0,0.0,False
37,39,1,"[[2, 3], [4, 1]]","[4, 1]",11,1.4083,0.0,20,547.0,greedy,2,midgame,False,0.0,0.0,False
37,40,0,"[[7, 4], [6, 3]]","[6, 3]",26,5.8258,0.6389,20,575.0,greedy,2,midgame,True,0,0.0,True
37,41,1,"[[4, 1], [5, 0]]","[5, 0]",9,0.9356,0.7188,20,575.0,greedy,2,midgame,False,0.0,0.0,True
37,42,0,"[[6, 3], [4, 5]]","[4, 5]",4,0.5991,0.5,20,575.0,greedy,2,midgame,False,0.0,0.0,False
37,43,1,"[[2, 7], [3, 6]]","[3, 6]",5,0.4444,0.6875,16,575.0,greedy,2,midgame,False,0.0,0.0,False
37,44,0,"[[4, 5], [2, 7]]","[2, 7]",3,0.4294,0.625,16,575.0,greedy,2,midgame,False,0.0,0.0,False
37,45,1,"[[5, 0], [6, 1]]","[6, 1]",4,0.315,0.5,33,575.0,greedy,2,midgame,True,143.0,143.0,False
37,46,0,"[[7, 0], [5, 2]]","[5, 2]",3,0.2203,0.8125,33,576.0,greedy,2,midgame,False,0.0,0.0,True
38,0,0,"[[6, 1], [5, 0]]","[5, 0]",21,3.7704,0.625,0,0,greedy,2,opening,False,0,0.0,False
38,1,1,"[[1, 0], [2, 1]]","[2, 1]",22,5.686,0.6071,0,0,greedy,2,opening,False,0.0,0.0,True
38,2,0,"[[5, 0], [4, 1]]","[4, 1]",24,7.7102,0.625,0,1.0,greedy,2,opening,False,0.0,0.0,False
38,3,1,"[[2, 1], [3, 2]]","[3, 2]",37,16.2852,0.4219,0,1.0,greedy,2,opening,False,0.0,0.0,True
38,4,0,"[[4, 1], [2, 3]]","[2, 3]",4,0.5667,0.5,0,25.0,greedy,2,opening,False,0.0,0.0,False
38,5,1,"[[1, 2], [3, 4]]","[3, 4]",11,2.8536,0.3125,0,25.0,greedy,2,opening,True,13.0,0.0,True
38,6,0,"[[6, 3], [5, 2]]","[5, 2]",23,4.3747,0.5893,0,38.0,greedy,2,opening,False,0.0,0.0,False
38,7,1,"[[3, 4], [4, 3]]","[4, 3]",35,6.6917,0.5139,0,38.0,greedy,2,opening,False,0.0,0.0,True
38,8,0,"[[5, 2], [3, 4]]","[3, 4]",9,3.0811,0.0,0,38.0,greedy,2,opening,False,0.0,0.0,False
38,9,1,"[[0, 1], [1, 0]]","[1, 0]",25,5.3718,0.5536,-12,38.0,greedy,2,opening,False,0.0,0.0,True
38,10,0,"[[6, 5], [5, 4]]","[5, 4]",24,3.9196,0.6667,-12,38.0,greedy,2,opening,True,0,0.0,False
38,11,1,"[[0, 3], [1, 2]]","[1, 2]",25,6.1228,0.4792,-12,38.0,greedy,2,opening,False,0.0,0.0,True
38,12,0,"[[5, 4], [4, 3]]","[4, 3]",30,4.9436,0.6591,-12,38.0,greedy,2,opening,False,0.0,0.0,False
38,13,1,"[[1, 2], [2, 3]]","[2, 3]",33,9.7547,0.4107,-12,38.0,greedy,2,opening,False,0.0,0.0,False
38,14,0,"[[3, 4], [1, 2]]","[1, 2]",7,1.8938,0.125,-12,119.0,greedy,2,opening,False,0.0,0.0,False
38,15,1,"[[1, 6], [2, 7]]","[2, 7]",40,10.6745,0.0,-20,119.0,greedy,2,opening,True,30.0,0.0,False
38,16,0,"[[1, 2], [0, 1]]","[0, 1]",31,6.1495,0.6477,-20,149.0,greedy,2,opening,False,0.0,0.0,False
38,17,1,"[[0, 5], [1, 6]]","[1, 6]",22,5.5695,0.5417,-20,149.0,greedy,2,opening,False,0.0,0.0,False
38,18,0,"[[0, 1], [1, 2]]","[1, 2]",27,8.3239,0.6625,-20,249.0,greedy,2,opening,False,0.0,0.0,False
38,19,1,"[[1, 0], [2, 1]]","[2, 1]",17,4.0183,0.575,-16,249.0,greedy,2,opening,False,0.0,0.0,False
38,20,0,"[[1, 2], [3, 0]]","[3, 0]",6,0.8073,0.25,-16,250.0,greedy,2,midgame,True,18,0.0,False
38,21,1,"[[2, 7], [3, 6]]","[3, 6]",35,5.3744,0.0,2,250.0,greedy,2,midgame,False,0.0,0.0,False
38,22,0,"[[3, 0], [2, 1]]","[2, 1]",30,8.512,0.6591,2,250.0,greedy,2,midgame,False,0.0,0.0,False
38,23,1,"[[1, 6], [2, 7]]","[2, 7]",47,8.1401,0.0208,2,250.0,greedy,2,midgame,False,0.0,0.0,False
38,24,0,"[[2, 1], [1, 0]]","[1, 0]",31,8.5962,0.7019,2,270.0,greedy,2,midgame,False,0.0,0.0,True
38,25,1,"[[0, 7], [1, 6]]","[1, 6]",21,5.5754,0.475,2,270.0,greedy,2,midgame,True,0.0,0.0,True
38,26,0,"[[1, 0], [0, 1]]","[0, 1]",29,7.174,0.6705,2,270.0,greedy,2,midgame,False,0.0,0.0,False
38,27,1,"[[3, 6], [4, 5]]","[4, 5]",41,7.0448,0.0,2,270.0,greedy,2,midgame,False,0.0,0.0,True
38,28,0,"[[0, 1], [1, 0]]","[1, 0]",31,7.4561,0.6477,2,270.0,greedy,2,midgame,False,0.0,0.0,True
38,29,1,"[[1, 4], [2, 3]]","[2, 3]",40,8.7492,0.1667,2,270.0,greedy,2,midgame,False,0.0,0.0,True
38,30,0,"[[1, 0], [0, 1]]","[0, 1]",29,6.1677,0.6705,2,270.0,greedy,2,midgame,True,0,0.0,False
38,31,1,"[[2, 7], [3, 6]]","[3, 6]",36,10.7846,0.25,2,270.0,greedy,2,midgame,False,0.0,0.0,False
38,32,0,"[[0, 1], [1, 0]]","[1, 0]",36,11.6956,0.5909,2,270.0,greedy,2,midgame,False,0.0,0.0,True
38,33,1,"[[1, 6], [2, 7]]","[2, 7]",42,12.7144,0.25,2,270.0,greedy,2,midgame,False,0.0,0.0,True
38,34,0,"[[1, 0], [0, 1]]","[0, 1]",39,12.1894,0.5568,2,292.0,greedy,2,midgame,False,0.0,0.0,False
38,35,1,"[[4, 5], [5, 6]]","[5, 6]",24,7.3931,0.4,2,292.0,greedy,2,midgame,True,225.0,0.0,False
38,36,0,"[[6, 7], [4, 5]]","[4, 5]",3,0.4261,0.625,2,517.0,greedy,2,midgame,False,0.0,0.0,False
38,37,1,"[[3, 6], [5, 4]]","[5, 4]",13,1.9035,0.0,20,517.0,greedy,2,midgame,False,0.0,0.0,False
38,38,0,"[[4, 3], [3, 2]]","[3, 2]",33,5.8403,0.625,20,547.0,greedy,2,midgame,False,0.0,0.0,False
38,39,1,"[[2, 3], [4, 1]]","[4, 1]",11,1.4093,0.0,20,547.0,greedy,2,midgame,False,0.0,0.0,False
38,40,0,"[[7, 4], [6, 3]]","[6, 3]",26,6.8793,0.6389,20,575.0,greedy,2,midgame,True,0,0.0,True
38,41,1,"[[4, 1], [5, 0]]","[5, 0]",9,0.9322,0.7188,20,575.0,greedy,2,midgame,False,0.0,0.0,True
38,42,0,"[[6, 3], [4, 5]]","[4, 5]",4,0.597,0.5,20,575.0,greedy,2,midgame,False,0.0,0.0,False
38,43,1,"[[2, 7], [3, 6]]","[3, 6]",5,0.447,0.6875,16,575.0,greedy,2,midgame,False,0.0,0.0,False
38,44,0,"[[4, 5], [2, 7]]","[2, 7]",3,0.3738,0.625,16,575.0,greedy,2,midgame,False,0.0,0.0,False
38,45,1,"[[5, 0], [6, 1]]","[6, 1]",4,0.3123,0.5,33,575.0,greedy,2,midgame,True,143.0,143.0,False
38,46,0,"[[7, 0], [5, 2]]","[5, 2]",3,0.2213,0.8125,33,576.0,greedy,2,midgame,False,0.0,0.0,True
39,0,0,"[[6, 1], [5, 0]]","[5, 0]",21,6.17,0.625,0,0,greedy,2,opening,False,0,0.0,False
39,1,1,"[[1, 0], [2, 1]]","[2, 1]",22,3.9587,0.6071,0,0,greedy,2,opening,False,0.0,0.0,True
39,2,0,"[[5, 0], [4, 1]]","[4, 1]",24,4.4994,0.625,0,1.0,greedy,2,opening,False,0.0,0.0,False
39,3,1,"[[2, 1], [3, 2]]","[3, 2]",37,14.5938,0.4219,0,1.0,greedy,2,opening,False,0.0,0.0,True
39,4,0,"[[4, 1], [2, 3]]","[2, 3]",4,1.0355,0.5,0,25.0,greedy,2,opening,False,0.0,0.0,False
39,5,1,"[[1, 2], [3, 4]]","[3, 4]",11,3.304,0.3125,0,25.0,greedy,2,opening,True,13.0,0.0,True
39,6,0,"[[6, 3], [5, 2]]","[5, 2]",23,3.8643,0.5893,0,38.0,greedy,2,opening,False,0.0,0.0,False
39,7,1,"[[3, 4], [4, 3]]","[4, 3]",35,7.3204,0.5139,0,38.0,greedy,2,opening,False,0.0,0.0,True
39,8,0,"[[5, 2], [3, 4]]","[3, 4]",9,2.8448,0.0,0,38.0,greedy,2,opening,False,0.0,0.0,False
39,9,1,"[[0, 1], [1, 0]]","[1, 0]",25,5.414,0.5536,-12,38.0,greedy,2,opening,False,0.0,0.0,True
39,10,0,"[[6, 5], [5, 4]]","[5, 4]",24,4.2224,0.6667,-12,38.0,greedy,2,opening,True,0,0.0,False
39,11,1,"[[0, 3], [1, 2]]","[1, 2]",25,5.7628,0.4792,-12,38.0,greedy,2,opening,False,0.0,0.0,True
39,12,0,"[[5, 4], [4, 3]]","[4, 3]",30,4.9038,0.6591,-12,38.0,greedy,2,opening,False,0.0,0.0,False
39,13,1,"[[1, 2], [2, 3]]","[2, 3]",33,12.2252,0.4107,-12,38.0,greedy,2,opening,False,0.0,0.0,False
39,14,0,"[[3, 4], [1, 2]]","[1, 2]",7,1.9212,0.125,-12,119.0,greedy,2,opening,False,0.0,0.0,False
39,15,1,"[[1, 6], [2, 7]]","[2, 7]",40,12.3541,0.0,-20,119.0,greedy,2,opening,True,30.0,0.0,False
39,16,0,"[[1, 2], [0, 1]]","[0, 1]",31,9.3491,0.6477,-20,149.0,greedy,2,opening,False,0.0,0.0,False
39,17,1,"[[0, 5], [1, 6]]","[1, 6]",22,6.3257,0.5417,-20,149.0,greedy,2,opening,False,0.0,0.0,False
39,18,0,"[[0, 1], [1, 2]]","[1, 2]",27,8.306,0.6625,-20,249.0,greedy,2,opening,False,0.0,0.0,False
39,19,1,"[[1, 0], [2, 1]]","[2, 1]",17,5.1813,0.575,-16,249.0,greedy,2,opening,False,0.0,0.0,False
39,20,0,"[[1, 2], [3, 0]]","[3, 0]",6,1.0903,0.25,-16,250.0,greedy,2,midgame,True,18,0.0,False
39,21,1,"[[2, 7], [3, 6]]","[3, 6]",35,9.9092,0.0,2,250.0,greedy,2,midgame,False,0.0,0.0,False
39,22,0,"[[3, 0], [2, 1]]","[2, 1]",30,8.4751,0.6591,2,250.0,greedy,2,midgame,False,0.0,0.0,False
39,23,1,"[[1, 6], [2, 7]]","[2, 7]",47,11.9233,0.0208,2,250.0,greedy,2,midgame,False,0.0,0.0,False
39,24,0,"[[2, 1], [1, 0]]","[1, 0]",31,8.3175,0.7019,2,270.0,greedy,2,midgame,False,0.0,0.0,True
39,25,1,"[[0, 7], [1, 6]]","[1, 6]",21,5.4827,0.475,2,270.0,greedy,2,midgame,True,0.0,0.0,True
39,26,0,"[[1, 0], [0, 1]]","[0, 1]",29,8.1155,0.6705,2,270.0,greedy,2,midgame,False,0.0,0.0,False
39,27,1,"[[3, 6], [4, 5]]","[4, 5]",41,12.0697,0.0,2,270.0,greedy,2,midgame,False,0.0,0.0,True
39,28,0,"[[0, 1], [1, 0]]","[1, 0]",31,9.0284,0.6477,2,270.0,greedy,2,midgame,False,0.0,0.0,True
39,29,1,"[[1, 4], [2, 3]]","[2, 3]",40,11.7459,0.1667,2,270.0,greedy,2,midgame,False,0.0,0.0,True
39,30,0,"[[1, 0], [0, 1]]","[0, 1]",29,8.858,0.6705,2,270.0,greedy,2,midgame,True,0,0.0,False
39,31,1,"[[2, 7], [3, 6]]","[3, 6]",36,9.9223,0.25,2,270.0,greedy,2,midgame,False,0.0,0.0,False
39,32,0,"[[0, 1], [1, 0]]","[1, 0]",36,12.0375,0.5909,2,270.0,greedy,2,midgame,False,0.0,0.0,True
39,33,1,"[[1, 6], [2, 7]]","[2, 7]",42,12.7871,0.25,2,270.0,greedy,2,midgame,False,0.0,0.0,True
39,34,0,"[[1, 0], [0, 1]]","[0, 1]",39,11.8406,0.5568,2,292.0,greedy,2,midgame,False,0.0,0.0,False
39,35,1,"[[4, 5], [5, 6]]","[5, 6]",24,5.7254,0.4,2,292.0,greedy,2,midgame,True,225.0,0.0,False
39,36,0,"[[6, 7], [4, 5]]","[4, 5]",3,0.2999,0.625,2,517.0,greedy,2,midgame,False,0.0,0.0,False
39,37,1,"[[3, 6], [5, 4]]","[5, 4]",13,1.9324,0.0,20,517.0,greedy,2,midgame,False,0.0,0.0,False
39,38,0,"[[4, 3], [3, 2]]","[3, 2]",33,5.9619,0.625,20,547.0,greedy,2,midgame,False,0.0,0.0,False
39,39,1,"[[2, 3], [4, 1]]","[4, 1]",11,2.7862,0.0,20,547.0,greedy,2,midgame,False,0.0,0.0,False
39,40,0,"[[7, 4], [6, 3]]","[6, 3]",26,3.9663,0.6389,20,575.0,greedy,2,midgame,True,0,0.0,True
39,41,1,"[[4, 1], [5, 0]]","[5, 0]",9,0.9441,0.7188,20,575.0,greedy,2,midgame,False,0.0,0.0,True
39,42,0,"[[6, 3], [4, 5]]","[4, 5]",4,0.6039,0.5,20,575.0,greedy,2,midgame,False,0.0,0.0,False
39,43,1,"[[2, 7], [3, 6]]","[3, 6]",5,0.4466,0.6875,16,575.0,greedy,2,midgame,False,0.0,0.0,False
39,44,0,"[[4, 5], [2, 7]]","[2, 7]",3,0.3755,0.625,16,575.0,greedy,2,midgame,False,0.0,0.0,False
39,45,1,"[[5, 0], [6, 1]]","[6, 1]",4,0.3109,0.5,33,575.0,greedy,2,midgame,True,143.0,143.0,False
39,46,0,"[[7, 0], [5, 2]]","[5, 2]",3,0.2184,0.8125,33,576.0,greedy,2,midgame,False,0.0,0.0,True
40,0,0,"[[6, 1], [5, 0]]","[5, 0]",21,6.1817,0.625,0,0,greedy,2,opening,False,0,0.0,False
40,1,1,"[[1, 0], [2, 1]]","[2, 1]",22,3.9599,0.6071,0,0,greedy,2,opening,False,0.0,0.0,True
40,2,0,"[[5, 0], [4, 1]]","[4, 1]",24,4.4429,0.625,0,1.0,greedy,2,opening,False,0.0,0.0,False
40,3,1,"[[2, 1], [3, 2]]","[3, 2]",37,10.663,0.4219,0,1.0,greedy,2,opening,False,0.0,0.0,True
40,4,0,"[[4, 1], [2, 3]]","[2, 3]",4,0.5615,0.5,0,25.0,greedy,2,opening,False,0.0,0.0,False
40,5,1,"[[1, 2], [3, 4]]","[3, 4]",11,2.8133,0.3125,0,25.0,greedy,2,opening,True,13.0,0.0,True
40,6,0,"[[6, 3], [5, 2]]","[5, 2]",23,8.9958,0.5893,0,38.0,greedy,2,opening,False,0.0,0.0,False
40,7,1,"[[3, 4], [4, 3]]","[4, 3]",35,14.4258,0.5139,0,38.0,greedy,2,opening,False,0.0,0.0,True
40,8,0,"[[5, 2], [3, 4]]","[3, 4]",9,2.9252,0.0,0,38.0,greedy,2,opening,False,0.0,0.0,False
40,9,1,"[[0, 1], [1, 0]]","[1, 0]",25,10.4644,0.5536,-12,38.0,greedy,2,opening,False,0.0,0.0,True
40,10,0,"[[6, 5], [5, 4]]","[5, 4]",24,3.9411,0.6667,-12,38.0,greedy,2,opening,True,0,0.0,False
40,11,1,"[[0, 3], [1, 2]]","[1, 2]",25,8.4035,0.4792,-12,38.0,greedy,2,opening,False,0.0,0.0,True
40,12,0,"[[5, 4], [4, 3]]","[4, 3]",30,5.1882,0.6591,-12,38.0,greedy,2,opening,False,0.0,0.0,False
40,13,1,"[[1, 2], [2, 3]]","[2, 3]",33,13.2456,0.4107,-12,38.0,greedy,2,opening,False,0.0,0.0,False
40,14,0,"[[3, 4], [1, 2]]","[1, 2]",7,1.869,0.125,-12,119.0,greedy,2,opening,False,0.0,0.0,False
40,15,1,"[[1, 6], [2, 7]]","[2, 7]",40,9.0213,0.0,-20,119.0,greedy,2,opening,True,30.0,0.0,False
40,16,0,"[[1, 2], [0, 1]]","[0, 1]",31,8.4667,0.6477,-20,149.0,greedy,2,opening,False,0.0,0.0,False
40,17,1,"[[0, 5], [1, 6]]","[1, 6]",22,4.7405,0.5417,-20,149.0,greedy,2,opening,False,0.0,0.0,False
40,18,0,"[[0, 1], [1, 2]]","[1, 2]",27,4.946,0.6625,-20,249.0,greedy,2,opening,False,0.0,0.0,False
40,19,1,"[[1, 0], [2, 1]]","[2, 1]",17,2.754,0.575,-16,249.0,greedy,2,opening,False,0.0,0.0,False
40,20,0,"[[1, 2], [3, 0]]","[3, 0]",6,0.8049,0.25,-16,250.0,greedy,2,midgame,True,18,0.0,False
40,21,1,"[[2, 7], [3, 6]]","[3, 6]",35,9.7077,0.0,2,250.0,greedy,2,midgame,False,0.0,0.0,False
40,22,0,"[[3, 0], [2, 1]]","[2, 1]",30,8.2283,0.6591,2,250.0,greedy,2,midgame,False,0.0,0.0,False
40,23,1,"[[1, 6], [2, 7]]","[2, 7]",47,14.2519,0.0208,2,250.0,greedy,2,midgame,False,0.0,0.0,False
40,24,0,"[[2, 1], [1, 0]]","[1, 0]",31,8.266,0.7019,2,270.0,greedy,2,midgame,False,0.0,0.0,True
40,25,1,"[[0, 7], [1, 6]]","[1, 6]",21,5.4235,0.475,2,270.0,greedy,2,midgame,True,0.0,0.0,True
40,26,0,"[[1, 0], [0, 1]]","[0, 1]",29,4.4909,0.6705,2,270.0,greedy,2,midgame,False,0.0,0.0,False
40,27,1,"[[3, 6], [4, 5]]","[4, 5]",41,7.57,0.0,2,270.0,greedy,2,midgame,False,0.0,0.0,True
40,28,0,"[[0, 1], [1, 0]]","[1, 0]",31,8.8389,0.6477,2,270.0,greedy,2,midgame,False,0.0,0.0,True
40,29,1,"[[1, 4], [2, 3]]","[2, 3]",40,9.4955,0.1667,2,270.0,greedy,2,midgame,False,0.0,0.0,True
40,30,0,"[[1, 0], [0, 1]]","[0, 1]",29,4.6201,0.6705,2,270.0,greedy,2,midgame,True,0,0.0,False
40,31,1,"[[2, 7], [3, 6]]","[3, 6]",36,8.5752,0.25,2,270.0,greedy,2,midgame,False,0.0,0.0,False
40,32,0,"[[0, 1], [1, 0]]","[1, 0]",36,10.5917,0.5909,2,270.0,greedy,2,midgame,False,0.0,0.0,True
40,33,1,"[[1, 6], [2, 7]]","[2, 7]",42,12.5661,0.25,2,270.0,greedy,2,midgame,False,0.0,0.0,True
40,34,0,"[[1, 0], [0, 1]]","[0, 1]",39,12.6219,0.5568,2,292.0,greedy,2,midgame,False,0.0,0.0,False
40,35,1,"[[4, 5], [5, 6]]","[5, 6]",24,4.9548,0.4,2,292.0,greedy,2,midgame,True,225.0,0.0,False
40,36,0,"[[6, 7], [4, 5]]","[4, 5]",3,0.2987,0.625,2,517.0,greedy,2,midgame,False,0.0,0.0,False
40,37,1,"[[3, 6], [5, 4]]","[5, 4]",13,1.8957,0.0,20,517.0,greedy,2,midgame,False,0.0,0.0,False
40,38,0,"[[4, 3], [3, 2]]","[3, 2]",33,6.2163,0.625,20,547.0,greedy,2,midgame,False,0.0,0.0,False
40,39,1,"[[2, 3], [4, 1]]","[4, 1]",11,1.4088,0.0,20,547.0,greedy,2,midgame,False,0.0,0.0,False
40,40,0,"[[7, 4], [6, 3]]","[6, 3]",26,5.1386,0.6389,20,575.0,greedy,2,midgame,True,0,0.0,True
40,41,1,"[[4, 1], [5, 0]]","[5, 0]",9,0.9382,0.7188,20,575.0,greedy,2,midgame,False,0.0,0.0,True
40,42,0,"[[6, 3], [4, 5]]","[4, 5]",4,0.5989,0.5,20,575.0,greedy,2,midgame,False,0.0,0.0,False
40,43,1,"[[2, 7], [3, 6]]","[3, 6]",5,0.4468,0.6875,16,575.0,greedy,2,midgame,False,0.0,0.0,False
40,44,0,"[[4, 5], [2, 7]]","[2, 7]",3,0.38,0.625,16,575.0,greedy,2,midgame,False,0.0,0.0,False
40,45,1,"[[5, 0], [6, 1]]","[6, 1]",4,0.3114,0.5,33,575.0,greedy,2,midgame,True,143.0,143.0,False
40,46,0,"[[7, 0], [5, 2]]","[5, 2]",3,0.2201,0.8125,33,576.0,greedy,2,midgame,False,0.0,0.0,True
41,0,0,"[[6, 1], [5, 0]]","[5, 0]",21,4.9598,0.625,0,0,greedy,2,opening,False,0,0.0,False
41,1,1,"[[1, 0], [2, 1]]","[2, 1]",22,5.8901,0.6071,0,0,greedy,2,opening,False,0.0,0.0,True
41,2,0,"[[5, 0], [4, 1]]","[4, 1]",24,4.9114,0.625,0,1.0,greedy,2,opening,False,0.0,0.0,False
41,3,1,"[[2, 1], [3, 2]]","[3, 2]",37,13.5312,0.4219,0,1.0,greedy,2,opening,False,0.0,0.0,True
41,4,0,"[[4, 1], [2, 3]]","[2, 3]",4,1.0347,0.5,0,25.0,greedy,2,opening,False,0.0,0.0,False
41,5,1,"[[1, 2], [3, 4]]","[3, 4]",11,2.8181,0.3125,0,25.0,greedy,2,opening,True,13.0,0.0,True
41,6,0,"[[6, 3], [5, 2]]","[5, 2]",23,5.27,0.5893,0,38.0,greedy,2,opening,False,0.0,0.0,False
41,7,1,"[[3, 4], [4, 3]]","[4, 3]",35,12.2855,0.5139,0,38.0,greedy,2,opening,False,0.0,0.0,True
41,8,0,"[[5, 2], [3, 4]]","[3, 4]",9,1.5831,0.0,0,38.0,greedy,2,opening,False,0.0,0.0,False
41,9,1,"[[0, 1], [1, 0]]","[1, 0]",25,5.8625,0.5536,-12,38.0,greedy,2,opening,False,0.0,0.0,True
41,10,0,"[[6, 5], [5, 4]]","[5, 4]",24,3.9215,0.6667,-12,38.0,greedy,2,opening,True,0,0.0,False
41,11,1,"[[0, 3], [1, 2]]","[1, 2]",25,6.933,0.4792,-12,38.0,greedy,2,opening,False,0.0,0.0,True
41,12,0,"[[5, 4], [4, 3]]","[4, 3]",30,9.7048,0.6591,-12,38.0,greedy,2,opening,False,0.0,0.0,False
41,13,1,"[[1, 2], [2, 3]]","[2, 3]",33,12.4321,0.4107,-12,38.0,greedy,2,opening,False,0.0,0.0,False
41,14,0,"[[3, 4], [1, 2]]","[1, 2]",7,1.4191,0.125,-12,119.0,greedy,2,opening,False,0.0,0.0,False
41,15,1,"[[1, 6], [2, 7]]","[2, 7]",40,6.5691,0.0,-20,119.0,greedy,2,opening,True,30.0,0.0,False
41,16,0,"[[1, 2], [0, 1]]","[0, 1]",31,6.2933,0.6477,-20,149.0,greedy,2,opening,False,0.0,0.0,False
41,17,1,"[[0, 5], [1, 6]]","[1, 6]",22,5.2524,0.5417,-20,149.0,greedy,2,opening,False,0.0,0.0,False
41,18,0,"[[0, 1], [1, 2]]","[1, 2]",27,7.9119,0.6625,-20,249.0,greedy,2,opening,False,0.0,0.0,False
41,19,1,"[[1, 0], [2, 1]]","[2, 1]",17,5.0702,0.575,-16,249.0,greedy,2,opening,False,0.0,0.0,False
41,20,0,"[[1, 2], [3, 0]]","[3, 0]",6,1.5008,0.25,-16,250.0,greedy,2,midgame,True,18,0.0,False
41,21,1,"[[2, 7], [3, 6]]","[3, 6]",35,8.0416,0.0,2,250.0,greedy,2,midgame,False,0.0,0.0,False
41,22,0,"[[3, 0], [2, 1]]","[2, 1]",30,4.5075,0.6591,2,250.0,greedy,2,midgame,False,0.0,0.0,False
41,23,1,"[[1, 6], [2, 7]]","[2, 7]",47,10.39,0.0208,2,250.0,greedy,2,midgame,False,0.0,0.0,False
41,24,0,"[[2, 1], [1, 0]]","[1, 0]",31,8.347,0.7019,2,270.0,greedy,2,midgame,False,0.0,0.0,True
41,25,1,"[[0, 7], [1, 6]]","[1, 6]",21,5.4998,0.475,2,270.0,greedy,2,midgame,True,0.0,0.0,True
41,26,0,"[[1, 0], [0, 1]]","[0, 1]",29,7.4401,0.6705,2,270.0,greedy,2,midgame,False,0.0,0.0,False
41,27,1,"[[3, 6], [4, 5]]","[4, 5]",41,12.1341,0.0,2,270.0,greedy,2,midgame,False,0.0,0.0,True
41,28,0,"[[0, 1], [1, 0]]","[1, 0]",31,6.0229,0.6477,2,270.0,greedy,2,midgame,False,0.0,0.0,True
41,29,1,"[[1, 4], [2, 3]]","[2, 3]",40,6.2482,0.1667,2,270.0,greedy,2,midgame,False,0.0,0.0,True
41,30,0,"[[1, 0], [0, 1]]","[0, 1]",29,9.0487,0.6705,2,270.0,greedy,2,midgame,True,0,0.0,False
41,31,1,"[[2, 7], [3, 6]]","[3, 6]",36,10.4597,0.25,2,270.0,greedy,2,midgame,False,0.0,0.0,False
41,32,0,"[[0, 1], [1, 0]]","[1, 0]",36,6.5389,0.5909,2,270.0,greedy,2,midgame,False,0.0,0.0,True
41,33,1,"[[1, 6], [2, 7]]","[2, 7]",42,12.4145,0.25,2,270.0,greedy,2,midgame,False,0.0,0.0,True
41,34,0,"[[1, 0], [0, 1]]","[0, 1]",39,12.0373,0.5568,2,292.0,greedy,2,midgame,False,0.0,0.0,False
41,35,1,"[[4, 5], [5, 6]]","[5, 6]",24,3.8965,0.4,2,292.0,greedy,2,midgame,True,225.0,0.0,False
41,36,0,"[[6, 7], [4, 5]]","[4, 5]",3,0.5531,0.625,2,517.0,greedy,2,midgame,False,0.0,0.0,False
41,37,1,"[[3, 6], [5, 4]]","[5, 4]",13,3.5155,0.0,20,517.0,greedy,2,midgame,False,0.0,0.0,False
41,38,0,"[[4, 3], [3, 2]]","[3, 2]",33,7.993,0.625,20,547.0,greedy,2,midgame,False,0.0,0.0,False
41,39,1,"[[2, 3], [4, 1]]","[4, 1]",11,3.8815,0.0,20,547.0,greedy,2,midgame,False,0.0,0.0,False
41,40,0,"[[7, 4], [6, 3]]","[6, 3]",26,7.6511,0.6389,20,575.0,greedy,2,midgame,True,0,0.0,True
41,41,1,"[[4, 1], [5, 0]]","[5, 0]",9,0.946,0.7188,20,575.0,greedy,2,midgame,False,0.0,0.0,True
41,42,0,"[[6, 3], [4, 5]]","[4, 5]",4,1.2586,0.5,20,575.0,greedy,2,midgame,False,0.0,0.0,False
41,43,1,"[[2, 7], [3, 6]]","[3, 6]",5,0.4554,0.6875,16,575.0,greedy,2,midgame,False,0.0,0.0,False
41,44,0,"[[4, 5], [2, 7]]","[2, 7]",3,0.4299,0.625,16,575.0,greedy,2,midgame,False,0.0,0.0,False
41,45,1,"[[5, 0], [6, 1]]","[6, 1]",4,0.313,0.5,33,575.0,greedy,2,midgame,True,143.0,143.0,False
41,46,0,"[[7, 0], [5, 2]]","[5, 2]",3,0.2222,0.8125,33,576.0,greedy,2,midgame,False,0.0,0.0,True
42,0,0,"[[6, 1], [5, 0]]","[5, 0]",21,3.7932,0.625,0,0,greedy,2,opening,False,0,0.0,False
42,1,1,"[[1, 0], [2, 1]]","[2, 1]",22,8.2564,0.6071,0,0,greedy,2,opening,False,0.0,0.0,True
42,2,0,"[[5, 0], [4, 1]]","[4, 1]",24,8.6501,0.625,0,1.0,greedy,2,opening,False,0.0,0.0,False
42,3,1,"[[2, 1], [3, 2]]","[3, 2]",37,9.0919,0.4219,0,1.0,greedy,2,opening,False,0.0,0.0,True
42,4,0,"[[4, 1], [2, 3]]","[2, 3]",4,0.5598,0.5,0,25.0,greedy,2,opening,False,0.0,0.0,False
42,5,1,"[[1, 2], [3, 4]]","[3, 4]",11,1.775,0.3125,0,25.0,greedy,2,opening,True,13.0,0.0,True
42,6,0,"[[6, 3], [5, 2]]","[5, 2]",23,6.7387,0.5893,0,38.0,greedy,2,opening,False,0.0,0.0,False
42,7,1,"[[3, 4], [4, 3]]","[4, 3]",35,6.7554,0.5139,0,38.0,greedy,2,opening,False,0.0,0.0,True
42,8,0,"[[5, 2], [3, 4]]","[3, 4]",9,2.6507,0.0,0,38.0,greedy,2,opening,False,0.0,0.0,False
42,9,1,"[[0, 1], [1, 0]]","[1, 0]",25,9.6333,0.5536,-12,38.0,greedy,2,opening,False,0.0,0.0,True
42,10,0,"[[6, 5], [5, 4]]","[5, 4]",24,7.0519,0.6667,-12,38.0,greedy,2,opening,True,0,0.0,False
42,11,1,"[[0, 3], [1, 2]]","[1, 2]",25,5.0011,0.4792,-12,38.0,greedy,2,opening,False,0.0,0.0,True
42,12,0,"[[5, 4], [4, 3]]","[4, 3]",30,4.9279,0.6591,-12,38.0,greedy,2,opening,False,0.0,0.0,False
42,13,1,"[[1, 2], [2, 3]]","[2, 3]",33,12.6944,0.4107,-12,38.0,greedy,2,opening,False,0.0,0.0,False
42,14,0,"[[3, 4], [1, 2]]","[1, 2]",7,1.0133,0.125,-12,119.0,greedy,2,opening,False,0.0,0.0,False
42,15,1,"[[1, 6], [2, 7]]","[2, 7]",40,12.3086,0.0,-20,119.0,greedy,2,opening,True,30.0,0.0,False
42,16,0,"[[1, 2], [0, 1]]","[0, 1]",31,7.5758,0.6477,-20,149.0,greedy,2,opening,False,0.0,0.0,False
42,17,1,"[[0, 5], [1, 6]]","[1, 6]",22,6.1295,0.5417,-20,149.0,greedy,2,opening,False,0.0,0.0,False
42,18,0,"[[0, 1], [1, 2]]","[1, 2]",27,6.9585,0.6625,-20,249.0,greedy,2,opening,False,0.0,0.0,False
42,19,1,"[[1, 0], [2, 1]]","[2, 1]",17,5.1644,0.575,-16,249.0,greedy,2,opening,False,0.0,0.0,False
42,20,0,"[[1, 2], [3, 0]]","[3, 0]",6,1.5132,0.25,-16,250.0,greedy,2,midgame,True,18,0.0,False
42,21,1,"[[2, 7], [3, 6]]","[3, 6]",35,10.0725,0.0,2,250.0,greedy,2,midgame,False,0.0,0.0,False
42,22,0,"[[3, 0], [2, 1]]","[2, 1]",30,5.0428,0.6591,2,250.0,greedy,2,midgame,False,0.0,0.0,False
42,23,1,"[[1, 6], [2, 7]]","[2, 7]",47,13.108,0.0208,2,250.0,greedy,2,midgame,False,0.0,0.0,False
42,24,0,"[[2, 1], [1, 0]]","[1, 0]",31,8.3041,0.7019,2,270.0,greedy,2,midgame,False,0.0,0.0,True
42,25,1,"[[0, 7], [1, 6]]","[1, 6]",21,5.4984,0.475,2,270.0,greedy,2,midgame,True,0.0,0.0,True
42,26,0,"[[1, 0], [0, 1]]","[0, 1]",29,8.1279,0.6705,2,270.0,greedy,2,midgame,False,0.0,0.0,False
42,27,1,"[[3, 6], [4, 5]]","[4, 5]",41,9.9485,0.0,2,270.0,greedy,2,midgame,False,0.0,0.0,True
42,28,0,"[[0, 1], [1, 0]]","[1, 0]",31,9.074,0.6477,2,270.0,greedy,2,midgame,False,0.0,0.0,True
42,29,1,"[[1, 4], [2, 3]]","[2, 3]",40,10.4735,0.1667,2,270.0,greedy,2,midgame,False,0.0,0.0,True
42,30,0,"[[1, 0], [0, 1]]","[0, 1]",29,7.6058,0.6705,2,270.0,greedy,2,midgame,True,0,0.0,False
42,31,1,"[[2, 7], [3, 6]]","[3, 6]",36,6.83,0.25,2,270.0,greedy,2,midgame,False,0.0,0.0,False
42,32,0,"[[0, 1], [1, 0]]","[1, 0]",36,8.0113,0.5909,2,270.0,greedy,2,midgame,False,0.0,0.0,True
42,33,1,"[[1, 6], [2, 7]]","[2, 7]",42,12.7323,0.25,2,270.0,greedy,2,midgame,False,0.0,0.0,True
42,34,0,"[[1, 0], [0, 1]]","[0, 1]",39,13.0312,0.5568,2,292.0,greedy,2,midgame,False,0.0,0.0,False
42,35,1,"[[4, 5], [5, 6]]","[5, 6]",24,3.9101,0.4,2,292.0,greedy,2,midgame,True,225.0,0.0,False
42,36,0,"[[6, 7], [4, 5]]","[4, 5]",3,0.2983,0.625,2,517.0,greedy,2,midgame,False,0.0,0.0,False
42,37,1,"[[3, 6], [5, 4]]","[5, 4]",13,1.8995,0.0,20,517.0,greedy,2,midgame,False,0.0,0.0,False
42,38,0,"[[4, 3], [3, 2]]","[3, 2]",33,5.8613,0.625,20,547.0,greedy,2,midgame,False,0.0,0.0,False
42,39,1,"[[2, 3], [4, 1]]","[4, 1]",11,1.8513,0.0,20,547.0,greedy,2,midgame,False,0.0,0.0,False
42,40,0,"[[7, 4], [6, 3]]","[6, 3]",26,7.1955,0.6389,20,575.0,greedy,2,midgame,True,0,0.0,True
42,41,1,"[[4, 1], [5, 0]]","[5, 0]",9,1.7242,0.7188,20,575.0,greedy,2,midgame,False,0.0,0.0,True
42,42,0,"[[6, 3], [4, 5]]","[4, 5]",4,0.6015,0.5,20,575.0,greedy,2,midgame,False,0.0,0.0,False
42,43,1,"[[2, 7], [3, 6]]","[3, 6]",5,0.4642,0.6875,16,575.0,greedy,2,midgame,False,0.0,0.0,False
42,44,0,"[[4, 5], [2, 7]]","[2, 7]",3,1.0395,0.625,16,575.0,greedy,2,midgame,False,0.0,0.0,False
42,45,1,"[[5, 0], [6, 1]]","[6, 1]",4,0.3476,0.5,33,575.0,greedy,2,midgame,True,143.0,143.0,False
42,46,0,"[[7, 0], [5, 2]]","[5, 2]",3,0.2208,0.8125,33,576.0,greedy,2,midgame,False,0.0,0.0,True
43,0,0,"[[6, 1], [5, 0]]","[5, 0]",21,6.0823,0.625,0,0,greedy,2,opening,False,0,0.0,False
43,1,1,"[[1, 0], [2, 1]]","[2, 1]",22,7.5109,0.6071,0,0,greedy,2,opening,False,0.0,0.0,True
43,2,0,"[[5, 0], [4, 1]]","[4, 1]",24,4.4115,0.625,0,1.0,greedy,2,opening,False,0.0,0.0,False
43,3,1,"[[2, 1], [3, 2]]","[3, 2]",37,11.3504,0.4219,0,1.0,greedy,2,opening,False,0.0,0.0,True
43,4,0,"[[4, 1], [2, 3]]","[2, 3]",4,0.5679,0.5,0,25.0,greedy,2,opening,False,0.0,0.0,False
43,5,1,"[[1, 2], [3, 4]]","[3, 4]",11,1.7717,0.3125,0,25.0,greedy,2,opening,True,13.0,0.0,True
43,6,0,"[[6, 3], [5, 2]]","[5, 2]",23,3.8803,0.5893,0,38.0,greedy,2,opening,False,0.0,0.0,False
43,7,1,"[[3, 4], [4, 3]]","[4, 3]",35,11.6756,0.5139,0,38.0,greedy,2,opening,False,0.0,0.0,True
43,8,0,"[[5, 2], [3, 4]]","[3, 4]",9,2.9459,0.0,0,38.0,greedy,2,opening,False,0.0,0.0,False
43,9,1,"[[0, 1], [1, 0]]","[1, 0]",25,34.9226,0.5536,-12,38.0,greedy,2,opening,False,0.0,0.0,True
43,10,0,"[[6, 5], [5, 4]]","[5, 4]",24,31.198,0.6667,-12,38.0,greedy,2,opening,True,0,0.0,False
43,11,1,"[[0, 3], [1, 2]]","[1, 2]",25,25.1613,0.4792,-12,38.0,greedy,2,opening,False,0.0,0.0,True
43,12,0,"[[5, 4], [4, 3]]","[4, 3]",30,16.5977,0.6591,-12,38.0,greedy,2,opening,False,0.0,0.0,False
43,13,1,"[[1, 2], [2, 3]]","[2, 3]",33,25.4693,0.4107,-12,38.0,greedy,2,opening,False,0.0,0.0,False
43,14,0,"[[3, 4], [1, 2]]","[1, 2]",7,3.0861,0.125,-12,119.0,greedy,2,opening,False,0.0,0.0,False
43,15,1,"[[1, 6], [2, 7]]","[2, 7]",40,23.3419,0.0,-20,119.0,greedy,2,opening,True,30.0,0.0,False
43,16,0,"[[1, 2], [0, 1]]","[0, 1]",31,19.4476,0.6477,-20,149.0,greedy,2,opening,False,0.0,0.0,False
43,17,1,"[[0, 5], [1, 6]]","[1, 6]",22,12.171,0.5417,-20,149.0,greedy,2,opening,False,0.0,0.0,False
43,18,0,"[[0, 1], [1, 2]]","[1, 2]",27,15.1827,0.6625,-20,249.0,greedy,2,opening,False,0.0,0.0,False
43,19,1,"[[1, 0], [2, 1]]","[2, 1]",17,9.5098,0.575,-16,249.0,greedy,2,opening,False,0.0,0.0,False
43,20,0,"[[1, 2], [3, 0]]","[3, 0]",6,3.1171,0.25,-16,250.0,greedy,2,midgame,True,18,0.0,False
43,21,1,"[[2, 7], [3, 6]]","[3, 6]",35,19.007,0.0,2,250.0,greedy,2,midgame,False,0.0,0.0,False
43,22,0,"[[3, 0], [2, 1]]","[2, 1]",30,15.7635,0.6591,2,250.0,greedy,2,midgame,False,0.0,0.0,False
43,23,1,"[[1, 6], [2, 7]]","[2, 7]",47,13.2489,0.0208,2,250.0,greedy,2,midgame,False,0.0,0.0,False
43,24,0,"[[2, 1], [1, 0]]","[1, 0]",31,14.1382,0.7019,2,270.0,greedy,2,midgame,False,0.0,0.0,True
43,25,1,"[[0, 7], [1, 6]]","[1, 6]",21,5.5068,0.475,2,270.0,greedy,2,midgame,True,0.0,0.0,True
43,26,0,"[[1, 0], [0, 1]]","[0, 1]",29,17.1905,0.6705,2,270.0,greedy,2,midgame,False,0.0,0.0,False
43,27,1,"[[3, 6], [4, 5]]","[4, 5]",41,20.2875,0.0,2,270.0,greedy,2,midgame,False,0.0,0.0,True
43,28,0,"[[0, 1], [1, 0]]","[1, 0]",31,16.9103,0.6477,2,270.0,greedy,2,midgame,False,0.0,0.0,True
43,29,1,"[[1, 4], [2, 3]]","[2, 3]",40,22.3706,0.1667,2,270.0,greedy,2,midgame,False,0.0,0.0,True
43,30,0,"[[1, 0], [0, 1]]","[0, 1]",29,14.0333,0.6705,2,270.0,greedy,2,midgame,True,0,0.0,False
43,31,1,"[[2, 7], [3, 6]]","[3, 6]",36,16.7398,0.25,2,270.0,greedy,2,midgame,False,0.0,0.0,False
43,32,0,"[[0, 1], [1, 0]]","[1, 0]",36,7.7145,0.5909,2,270.0,greedy,2,midgame,False,0.0,0.0,True
43,33,1,"[[1, 6], [2, 7]]","[2, 7]",42,16.4239,0.25,2,270.0,greedy,2,midgame,False,0.0,0.0,True
43,34,0,"[[1, 0], [0, 1]]","[0, 1]",39,10.9918,0.5568,2,292.0,greedy,2,midgame,False,0.0,0.0,False
43,35,1,"[[4, 5], [5, 6]]","[5, 6]",24,12.6815,0.4,2,292.0,greedy,2,midgame,True,225.0,0.0,False
43,36,0,"[[6, 7], [4, 5]]","[4, 5]",3,0.9825,0.625,2,517.0,greedy,2,midgame,False,0.0,0.0,False
43,37,1,"[[3, 6], [5, 4]]","[5, 4]",13,6.2659,0.0,20,517.0,greedy,2,midgame,False,0.0,0.0,False
43,38,0,"[[4, 3], [3, 2]]","[3, 2]",33,18.059,0.625,20,547.0,greedy,2,midgame,False,0.0,0.0,False
43,39,1,"[[2, 3], [4, 1]]","[4, 1]",11,2.2426,0.0,20,547.0,greedy,2,midgame,False,0.0,0.0,False
43,40,0,"[[7, 4], [6, 3]]","[6, 3]",26,12.0218,0.6389,20,575.0,greedy,2,midgame,True,0,0.0,True
43,41,1,"[[4, 1], [5, 0]]","[5, 0]",9,3.1769,0.7188,20,575.0,greedy,2,midgame,False,0.0,0.0,True
43,42,0,"[[6, 3], [4, 5]]","[4, 5]",4,1.729,0.5,20,575.0,greedy,2,midgame,False,0.0,0.0,False
43,43,1,"[[2, 7], [3, 6]]","[3, 6]",5,0.9012,0.6875,16,575.0,greedy,2,midgame,False,0.0,0.0,False
43,44,0,"[[4, 5], [2, 7]]","[2, 7]",3,1.193,0.625,16,575.0,greedy,2,midgame,False,0.0,0.0,False
43,45,1,"[[5, 0], [6, 1]]","[6, 1]",4,0.3295,0.5,33,575.0,greedy,2,midgame,True,143.0,143.0,False
43,46,0,"[[7, 0], [5, 2]]","[5, 2]",3,0.2263,0.8125,33,576.0,greedy,2,midgame,False,0.0,0.0,True
44,0,0,"[[6, 1], [5, 0]]","[5, 0]",21,7.3123,0.625,0,0,greedy,2,opening,False,0,0.0,False
44,1,1,"[[1, 0], [2, 1]]","[2, 1]",22,10.7055,0.6071,0,0,greedy,2,opening,False,0.0,0.0,True
44,2,0,"[[5, 0], [4, 1]]","[4, 1]",24,12.4042,0.625,0,1.0,greedy,2,opening,False,0.0,0.0,False
44,3,1,"[[2, 1], [3, 2]]","[3, 2]",37,20.1588,0.4219,0,1.0,greedy,2,opening,False,0.0,0.0,True
44,4,0,"[[4, 1], [2, 3]]","[2, 3]",4,1.4796,0.5,0,25.0,greedy,2,opening,False,0.0,0.0,False
44,5,1,"[[1, 2], [3, 4]]","[3, 4]",11,3.3698,0.3125,0,25.0,greedy,2,opening,True,13.0,0.0,True
44,6,0,"[[6, 3], [5, 2]]","[5, 2]",23,6.2363,0.5893,0,38.0,greedy,2,opening,False,0.0,0.0,False
44,7,1,"[[3, 4], [4, 3]]","[4, 3]",35,8.7657,0.5139,0,38.0,greedy,2,opening,False,0.0,0.0,True
44,8,0,"[[5, 2], [3, 4]]","[3, 4]",9,3.546,0.0,0,38.0,greedy,2,opening,False,0.0,0.0,False
44,9,1,"[[0, 1], [1, 0]]","[1, 0]",25,8.8742,0.5536,-12,38.0,greedy,2,opening,False,0.0,0.0,True
44,10,0,"[[6, 5], [5, 4]]","[5, 4]",24,5.362,0.6667,-12,38.0,greedy,2,opening,True,0,0.0,False
44,11,1,"[[0, 3], [1, 2]]","[1, 2]",25,4.9679,0.4792,-12,38.0,greedy,2,opening,False,0.0,0.0,True
44,12,0,"[[5, 4], [4, 3]]","[4, 3]",30,9.9277,0.6591,-12,38.0,greedy,2,opening,False,0.0,0.0,False
44,13,1,"[[1, 2], [2, 3]]","[2, 3]",33,16.2432,0.4107,-12,38.0,greedy,2,opening,False,0.0,0.0,False
44,14,0,"[[3, 4], [1, 2]]","[1, 2]",7,1.9903,0.125,-12,119.0,greedy,2,opening,False,0.0,0.0,False
44,15,1,"[[1, 6], [2, 7]]","[2, 7]",40,10.3271,0.0,-20,119.0,greedy,2,opening,True,30.0,0.0,False
44,16,0,"[[1, 2], [0, 1]]","[0, 1]",31,8.3046,0.6477,-20,149.0,greedy,2,opening,False,0.0,0.0,False
44,17,1,"[[0, 5], [1, 6]]","[1, 6]",22,3.8514,0.5417,-20,149.0,greedy,2,opening,False,0.0,0.0,False
44,18,0,"[[0, 1], [1, 2]]","[1, 2]",27,9.6855,0.6625,-20,249.0,greedy,2,opening,False,0.0,0.0,False
44,19,1,"[[1, 0], [2, 1]]","[2, 1]",17,4.7586,0.575,-16,249.0,greedy,2,opening,False,0.0,0.0,False
44,20,0,"[[1, 2], [3, 0]]","[3, 0]",6,1.5116,0.25,-16,250.0,greedy,2,midgame,True,18,0.0,False
44,21,1,"[[2, 7], [3, 6]]","[3, 6]",35,9.2266,0.0,2,250.0,greedy,2,midgame,False,0.0,0.0,False
44,22,0,"[[3, 0], [2, 1]]","[2, 1]",30,7.9262,0.6591,2,250.0,greedy,2,midgame,False,0.0,0.0,False
44,23,1,"[[1, 6], [2, 7]]","[2, 7]",47,15.2836,0.0208,2,250.0,greedy,2,midgame,False,0.0,0.0,False
44,24,0,"[[2, 1], [1, 0]]","[1, 0]",31,7.5858,0.7019,2,270.0,greedy,2,midgame,False,0.0,0.0,True
44,25,1,"[[0, 7], [1, 6]]","[1, 6]",21,4.0169,0.475,2,270.0,greedy,2,midgame,True,0.0,0.0,True
44,26,0,"[[1, 0], [0, 1]]","[0, 1]",29,5.6336,0.6705,2,270.0,greedy,2,midgame,False,0.0,0.0,False
44,27,1,"[[3, 6], [4, 5]]","[4, 5]",41,13.8972,0.0,2,270.0,greedy,2,midgame,False,0.0,0.0,True
44,28,0,"[[0, 1], [1, 0]]","[1, 0]",31,11.5137,0.6477,2,270.0,greedy,2,midgame,False,0.0,0.0,True
44,29,1,"[[1, 4], [2, 3]]","[2, 3]",40,9.2058,0.1667,2,270.0,greedy,2,midgame,False,0.0,0.0,True
44,30,0,"[[1, 0], [0, 1]]","[0, 1]",29,6.3007,0.6705,2,270.0,greedy,2,midgame,True,0,0.0,False
44,31,1,"[[2, 7], [3, 6]]","[3, 6]",36,18.3663,0.25,2,270.0,greedy,2,midgame,False,0.0,0.0,False
44,32,0,"[[0, 1], [1, 0]]","[1, 0]",36,19.8989,0.5909,2,270.0,greedy,2,midgame,False,0.0,0.0,True
44,33,1,"[[1, 6], [2, 7]]","[2, 7]",42,29.5405,0.25,2,270.0,greedy,2,midgame,False,0.0,0.0,True
44,34,0,"[[1, 0], [0, 1]]","[0, 1]",39,12.7418,0.5568,2,292.0,greedy,2,midgame,False,0.0,0.0,False
44,35,1,"[[4, 5], [5, 6]]","[5, 6]",24,3.9096,0.4,2,292.0,greedy,2,midgame,True,225.0,0.0,False
44,36,0,"[[6, 7], [4, 5]]","[4, 5]",3,0.2992,0.625,2,517.0,greedy,2,midgame,False,0.0,0.0,False
44,37,1,"[[3, 6], [5, 4]]","[5, 4]",13,4.7469,0.0,20,517.0,greedy,2,midgame,False,0.0,0.0,False
44,38,0,"[[4, 3], [3, 2]]","[3, 2]",33,16.5918,0.625,20,547.0,greedy,2,midgame,False,0.0,0.0,False
44,39,1,"[[2, 3], [4, 1]]","[4, 1]",11,2.1508,0.0,20,547.0,greedy,2,midgame,False,0.0,0.0,False
44,40,0,"[[7, 4], [6, 3]]","[6, 3]",26,4.7469,0.6389,20,575.0,greedy,2,midgame,True,0,0.0,True
44,41,1,"[[4, 1], [5, 0]]","[5, 0]",9,1.864,0.7188,20,575.0,greedy,2,midgame,False,0.0,0.0,True
44,42,0,"[[6, 3], [4, 5]]","[4, 5]",4,1.1024,0.5,20,575.0,greedy,2,midgame,False,0.0,0.0,False
44,43,1,"[[2, 7], [3, 6]]","[3, 6]",5,0.8185,0.6875,16,575.0,greedy,2,midgame,False,0.0,0.0,False
44,44,0,"[[4, 5], [2, 7]]","[2, 7]",3,1.1609,0.625,16,575.0,greedy,2,midgame,False,0.0,0.0,False
44,45,1,"[[5, 0], [6, 1]]","[6, 1]",4,0.8278,0.5,33,575.0,greedy,2,midgame,True,143.0,143.0,False
44,46,0,"[[7, 0], [5, 2]]","[5, 2]",3,0.2291,0.8125,33,576.0,greedy,2,midgame,False,0.0,0.0,True
45,0,0,"[[6, 1], [5, 0]]","[5, 0]",21,4.529,0.625,0,0,greedy,2,opening,False,0,0.0,False
45,1,1,"[[1, 0], [2, 1]]","[2, 1]",22,7.1237,0.6071,0,0,greedy,2,opening,False,0.0,0.0,True
45,2,0,"[[5, 0], [4, 1]]","[4, 1]",24,9.7046,0.625,0,1.0,greedy,2,opening,False,0.0,0.0,False
45,3,1,"[[2, 1], [3, 2]]","[3, 2]",37,13.176,0.4219,0,1.0,greedy,2,opening,False,0.0,0.0,True
45,4,0,"[[4, 1], [2, 3]]","[2, 3]",4,0.5586,0.5,0,25.0,greedy,2,opening,False,0.0,0.0,False
45,5,1,"[[1, 2], [3, 4]]","[3, 4]",11,1.7796,0.3125,0,25.0,greedy,2,opening,True,13.0,0.0,True
45,6,0,"[[6, 3], [5, 2]]","[5, 2]",23,6.7849,0.5893,0,38.0,greedy,2,opening,False,0.0,0.0,False
45,7,1,"[[3, 4], [4, 3]]","[4, 3]",35,6.706,0.5139,0,38.0,greedy,2,opening,False,0.0,0.0,True
45,8,0,"[[5, 2], [3, 4]]","[3, 4]",9,1.574,0.0,0,38.0,greedy,2,opening,False,0.0,0.0,False
45,9,1,"[[0, 1], [1, 0]]","[1, 0]",25,10.005,0.5536,-12,38.0,greedy,2,opening,False,0.0,0.0,True
45,10,0,"[[6, 5], [5, 4]]","[5, 4]",24,5.7261,0.6667,-12,38.0,greedy,2,opening,True,0,0.0,False
45,11,1,"[[0, 3], [1, 2]]","[1, 2]",25,9.1023,0.4792,-12,38.0,greedy,2,opening,False,0.0,0.0,True
45,12,0,"[[5, 4], [4, 3]]","[4, 3]",30,9.6898,0.6591,-12,38.0,greedy,2,opening,False,0.0,0.0,False
45,13,1,"[[1, 2], [2, 3]]","[2, 3]",33,11.6127,0.4107,-12,38.0,greedy,2,opening,False,0.0,0.0,False
45,14,0,"[[3, 4], [1, 2]]","[1, 2]",7,1.8589,0.125,-12,119.0,greedy,2,opening,False,0.0,0.0,False
45,15,1,"[[1, 6], [2, 7]]","[2, 7]",40,12.6793,0.0,-20,119.0,greedy,2,opening,True,30.0,0.0,False
45,16,0,"[[1, 2], [0, 1]]","[0, 1]",31,9.2895,0.6477,-20,149.0,greedy,2,opening,False,0.0,0.0,False
45,17,1,"[[0, 5], [1, 6]]","[1, 6]",22,3.9904,0.5417,-20,149.0,greedy,2,opening,False,0.0,0.0,False
45,18,0,"[[0, 1], [1, 2]]","[1, 2]",27,4.4608,0.6625,-20,249.0,greedy,2,opening,False,0.0,0.0,False
45,19,1,"[[1, 0], [2, 1]]","[2, 1]",17,3.269,0.575,-16,249.0,greedy,2,opening,False,0.0,0.0,False
45,20,0,"[[1, 2], [3, 0]]","[3, 0]",6,1.4226,0.25,-16,250.0,greedy,2,midgame,True,18,0.0,False
45,21,1,"[[2, 7], [3, 6]]","[3, 6]",35,5.4946,0.0,2,250.0,greedy,2,midgame,False,0.0,0.0,False
45,22,0,"[[3, 0], [2, 1]]","[2, 1]",30,5.0278,0.6591,2,250.0,greedy,2,midgame,False,0.0,0.0,False
45,23,1,"[[1, 6], [2, 7]]","[2, 7]",47,8.2841,0.0208,2,250.0,greedy,2,midgame,False,0.0,0.0,False
45,24,0,"[[2, 1], [1, 0]]","[1, 0]",31,4.9396,0.7019,2,270.0,greedy,2,midgame,False,0.0,0.0,True
45,25,1,"[[0, 7], [1, 6]]","[1, 6]",21,6.0551,0.475,2,270.0,greedy,2,midgame,True,0.0,0.0,True
45,26,0,"[[1, 0], [0, 1]]","[0, 1]",29,7.6094,0.6705,2,270.0,greedy,2,midgame,False,0.0,0.0,False
45,27,1,"[[3, 6], [4, 5]]","[4, 5]",41,8.811,0.0,2,270.0,greedy,2,midgame,False,0.0,0.0,True
45,28,0,"[[0, 1], [1, 0]]","[1, 0]",31,8.1234,0.6477,2,270.0,greedy,2,midgame,False,0.0,0.0,True
45,29,1,"[[1, 4], [2, 3]]","[2, 3]",40,8.2648,0.1667,2,270.0,greedy,2,midgame,False,0.0,0.0,True
45,30,0,"[[1, 0], [0, 1]]","[0, 1]",29,4.6372,0.6705,2,270.0,greedy,2,midgame,True,0,0.0,False
45,31,1,"[[2, 7], [3, 6]]","[3, 6]",36,7.7386,0.25,2,270.0,greedy,2,midgame,False,0.0,0.0,False
45,32,0,"[[0, 1], [1, 0]]","[1, 0]",36,12.567,0.5909,2,270.0,greedy,2,midgame,False,0.0,0.0,True
45,33,1,"[[1, 6], [2, 7]]","[2, 7]",42,10.8898,0.25,2,270.0,greedy,2,midgame,False,0.0,0.0,True
45,34,0,"[[1, 0], [0, 1]]","[0, 1]",39,7.7136,0.5568,2,292.0,greedy,2,midgame,False,0.0,0.0,False
45,35,1,"[[4, 5], [5, 6]]","[5, 6]",24,10.0458,0.4,2,292.0,greedy,2,midgame,True,225.0,0.0,False
45,36,0,"[[6, 7], [4, 5]]","[4, 5]",3,0.2952,0.625,2,517.0,greedy,2,midgame,False,0.0,0.0,False
45,37,1,"[[3, 6], [5, 4]]","[5, 4]",13,1.9031,0.0,20,517.0,greedy,2,midgame,False,0.0,0.0,False
45,38,0,"[[4, 3], [3, 2]]","[3, 2]",33,5.9247,0.625,20,547.0,greedy,2,midgame,False,0.0,0.0,False
45,39,1,"[[2, 3], [4, 1]]","[4, 1]",11,1.4732,0.0,20,547.0,greedy,2,midgame,False,0.0,0.0,False
45,40,0,"[[7, 4], [6, 3]]","[6, 3]",26,3.8917,0.6389,20,575.0,greedy,2,midgame,True,0,0.0,True
45,41,1,"[[4, 1], [5, 0]]","[5, 0]",9,0.9305,0.7188,20,575.0,greedy,2,midgame,False,0.0,0.0,True
45,42,0,"[[6, 3], [4, 5]]","[4, 5]",4,0.5932,0.5,20,575.0,greedy,2,midgame,False,0.0,0.0,False
45,43,1,"[[2, 7], [3, 6]]","[3, 6]",5,0.4454,0.6875,16,575.0,greedy,2,midgame,False,0.0,0.0,False
45,44,0,"[[4, 5], [2, 7]]","[2, 7]",3,0.3717,0.625,16,575.0,greedy,2,midgame,False,0.0,0.0,False
45,45,1,"[[5, 0], [6, 1]]","[6, 1]",4,0.3145,0.5,33,575.0,greedy,2,midgame,True,143.0,143.0,False
45,46,0,"[[7, 0], [5, 2]]","[5, 2]",3,0.2179,0.8125,33,576.0,greedy,2,midgame,False,0.0,0.0,True
46,0,0,"[[6, 1], [5, 0]]","[5, 0]",21,5.5602,0.625,0,0,greedy,2,opening,False,0,0.0,False
46,1,1,"[[1, 0], [2, 1]]","[2, 1]",22,3.9368,0.6071,0,0,greedy,2,opening,False,0.0,0.0,True
46,2,0,"[[5, 0], [4, 1]]","[4, 1]",24,4.4012,0.625,0,1.0,greedy,2,opening,False,0.0,0.0,False
46,3,1,"[[2, 1], [3, 2]]","[3, 2]",37,17.6594,0.4219,0,1.0,greedy,2,opening,False,0.0,0.0,True
46,4,0,"[[4, 1], [2, 3]]","[2, 3]",4,1.0419,0.5,0,25.0,greedy,2,opening,False,0.0,0.0,False
46,5,1,"[[1, 2], [3, 4]]","[3, 4]",11,3.3164,0.3125,0,25.0,greedy,2,opening,True,13.0,0.0,True
46,6,0,"[[6, 3], [5, 2]]","[5, 2]",23,6.6366,0.5893,0,38.0,greedy,2,opening,False,0.0,0.0,False
46,7,1,"[[3, 4], [4, 3]]","[4, 3]",35,9.5356,0.5139,0,38.0,greedy,2,opening,False,0.0,0.0,True
46,8,0,"[[5, 2], [3, 4]]","[3, 4]",9,5.0335,0.0,0,38.0,greedy,2,opening,False,0.0,0.0,False
46,9,1,"[[0, 1], [1, 0]]","[1, 0]",25,7.4096,0.5536,-12,38.0,greedy,2,opening,False,0.0,0.0,True
46,10,0,"[[6, 5], [5, 4]]","[5, 4]",24,6.3589,0.6667,-12,38.0,greedy,2,opening,True,0,0.0,False
46,11,1,"[[0, 3], [1, 2]]","[1, 2]",25,8.6322,0.4792,-12,38.0,greedy,2,opening,False,0.0,0.0,True
46,12,0,"[[5, 4], [4, 3]]","[4, 3]",30,4.9021,0.6591,-12,38.0,greedy,2,opening,False,0.0,0.0,False
46,13,1,"[[1, 2], [2, 3]]","[2, 3]",33,8.5399,0.4107,-12,38.0,greedy,2,opening,False,0.0,0.0,False
46,14,0,"[[3, 4], [1, 2]]","[1, 2]",7,0.9995,0.125,-12,119.0,greedy,2,opening,False,0.0,0.0,False
46,15,1,"[[1, 6], [2, 7]]","[2, 7]",40,11.0979,0.0,-20,119.0,greedy,2,opening,True,30.0,0.0,False
46,16,0,"[[1, 2], [0, 1]]","[0, 1]",31,4.9777,0.6477,-20,149.0,greedy,2,opening,False,0.0,0.0,False
46,17,1,"[[0, 5], [1, 6]]","[1, 6]",22,5.7974,0.5417,-20,149.0,greedy,2,opening,False,0.0,0.0,False
46,18,0,"[[0, 1], [1, 2]]","[1, 2]",27,7.5095,0.6625,-20,249.0,greedy,2,opening,False,0.0,0.0,False
46,19,1,"[[1, 0], [2, 1]]","[2, 1]",17,5.4345,0.575,-16,249.0,greedy,2,opening,False,0.0,0.0,False
46,20,0,"[[1, 2], [3, 0]]","[3, 0]",6,1.5159,0.25,-16,250.0,greedy,2,midgame,True,18,0.0,False
46,21,1,"[[2, 7], [3, 6]]","[3, 6]",35,9.7859,0.0,2,250.0,greedy,2,midgame,False,0.0,0.0,False
46,22,0,"[[3, 0], [2, 1]]","[2, 1]",30,8.2014,0.6591,2,250.0,greedy,2,midgame,False,0.0,0.0,False
46,23,1,"[[1, 6], [2, 7]]","[2, 7]",47,10.0284,0.0208,2,250.0,greedy,2,midgame,False,0.0,0.0,False
46,24,0,"[[2, 1], [1, 0]]","[1, 0]",31,4.4036,0.7019,2,270.0,greedy,2,midgame,False,0.0,0.0,True
46,25,1,"[[0, 7], [1, 6]]","[1, 6]",21,4.1361,0.475,2,270.0,greedy,2,midgame,True,0.0,0.0,True
46,26,0,"[[1, 0], [0, 1]]","[0, 1]",29,4.364,0.6705,2,270.0,greedy,2,midgame,False,0.0,0.0,False
46,27,1,"[[3, 6], [4, 5]]","[4, 5]",41,6.3815,0.0,2,270.0,greedy,2,midgame,False,0.0,0.0,True
46,28,0,"[[0, 1], [1, 0]]","[1, 0]",31,9.2356,0.6477,2,270.0,greedy,2,midgame,False,0.0,0.0,True
46,29,1,"[[1, 4], [2, 3]]","[2, 3]",40,10.4916,0.1667,2,270.0,greedy,2,midgame,False,0.0,0.0,True
46,30,0,"[[1, 0], [0, 1]]","[0, 1]",29,4.5824,0.6705,2,270.0,greedy,2,midgame,True,0,0.0,False
46,31,1,"[[2, 7], [3, 6]]","[3, 6]",36,8.4765,0.25,2,270.0,greedy,2,midgame,False,0.0,0.0,False
46,32,0,"[[0, 1], [1, 0]]","[1, 0]",36,11.9991,0.5909,2,270.0,greedy,2,midgame,False,0.0,0.0,True
46,33,1,"[[1, 6], [2, 7]]","[2, 7]",42,7.014,0.25,2,270.0,greedy,2,midgame,False,0.0,0.0,True
46,34,0,"[[1, 0], [0, 1]]","[0, 1]",39,8.7452,0.5568,2,292.0,greedy,2,midgame,False,0.0,0.0,False
46,35,1,"[[4, 5], [5, 6]]","[5, 6]",24,6.3276,0.4,2,292.0,greedy,2,midgame,True,225.0,0.0,False
46,36,0,"[[6, 7], [4, 5]]","[4, 5]",3,0.5527,0.625,2,517.0,greedy,2,midgame,False,0.0,0.0,False
46,37,1,"[[3, 6], [5, 4]]","[5, 4]",13,3.6948,0.0,20,517.0,greedy,2,midgame,False,0.0,0.0,False
46,38,0,"[[4, 3], [3, 2]]","[3, 2]",33,6.0148,0.625,20,547.0,greedy,2,midgame,False,0.0,0.0,False
46,39,1,"[[2, 3], [4, 1]]","[4, 1]",11,1.8053,0.0,20,547.0,greedy,2,midgame,False,0.0,0.0,False
46,40,0,"[[7, 4], [6, 3]]","[6, 3]",26,6.6454,0.6389,20,575.0,greedy,2,midgame,True,0,0.0,True
46,41,1,"[[4, 1], [5, 0]]","[5, 0]",9,1.7314,0.7188,20,575.0,greedy,2,midgame,False,0.0,0.0,True
46,42,0,"[[6, 3], [4, 5]]","[4, 5]",4,1.0951,0.5,20,575.0,greedy,2,midgame,False,0.0,0.0,False
46,43,1,"[[2, 7], [3, 6]]","[3, 6]",5,0.8178,0.6875,16,575.0,greedy,2,midgame,False,0.0,0.0,False
46,44,0,"[[4, 5], [2, 7]]","[2, 7]",3,1.0448,0.625,16,575.0,greedy,2,midgame,False,0.0,0.0,False
46,45,1,"[[5, 0], [6, 1]]","[6, 1]",4,0.8333,0.5,33,575.0,greedy,2,midgame,True,143.0,143.0,False
46,46,0,"[[7, 0], [5, 2]]","[5, 2]",3,0.375,0.8125,33,576.0,greedy,2,midgame,False,0.0,0.0,True
47,0,0,"[[6, 1], [5, 0]]","[5, 0]",21,3.7735,0.625,0,0,greedy,2,opening,False,0,0.0,False
47,1,1,"[[1, 0], [2, 1]]","[2, 1]",22,7.5133,0.6071,0,0,greedy,2,opening,False,0.0,0.0,True
47,2,0,"[[5, 0], [4, 1]]","[4, 1]",24,4.3995,0.625,0,1.0,greedy,2,opening,False,0.0,0.0,False
47,3,1,"[[2, 1], [3, 2]]","[3, 2]",37,12.9077,0.4219,0,1.0,greedy,2,opening,False,0.0,0.0,True
47,4,0,"[[4, 1], [2, 3]]","[2, 3]",4,0.5636,0.5,0,25.0,greedy,2,opening,False,0.0,0.0,False
47,5,1,"[[1, 2], [3, 4]]","[3, 4]",11,1.816,0.3125,0,25.0,greedy,2,opening,True,13.0,0.0,True
47,6,0,"[[6, 3], [5, 2]]","[5, 2]",23,9.9421,0.5893,0,38.0,greedy,2,opening,False,0.0,0.0,False
47,7,1,"[[3, 4], [4, 3]]","[4, 3]",35,13.0119,0.5139,0,38.0,greedy,2,opening,False,0.0,0.0,True
47,8,0,"[[5, 2], [3, 4]]","[3, 4]",9,2.9359,0.0,0,38.0,greedy,2,opening,False,0.0,0.0,False
47,9,1,"[[0, 1], [1, 0]]","[1, 0]",25,10.458,0.5536,-12,38.0,greedy,2,opening,False,0.0,0.0,True
47,10,0,"[[6, 5], [5, 4]]","[5, 4]",24,3.9134,0.6667,-12,38.0,greedy,2,opening,True,0,0.0,False
47,11,1,"[[0, 3], [1, 2]]","[1, 2]",25,4.9541,0.4792,-12,38.0,greedy,2,opening,False,0.0,0.0,True
47,12,0,"[[5, 4], [4, 3]]","[4, 3]",30,10.0968,0.6591,-12,38.0,greedy,2,opening,False,0.0,0.0,False
47,13,1,"[[1, 2], [2, 3]]","[2, 3]",33,11.1203,0.4107,-12,38.0,greedy,2,opening,False,0.0,0.0,False
47,14,0,"[[3, 4], [1, 2]]","[1, 2]",7,1.8759,0.125,-12,119.0,greedy,2,opening,False,0.0,0.0,False
47,15,1,"[[1, 6], [2, 7]]","[2, 7]",40,10.9293,0.0,-20,119.0,greedy,2,opening,True,30.0,0.0,False
47,16,0,"[[1, 2], [0, 1]]","[0, 1]",31,5.5923,0.6477,-20,149.0,greedy,2,opening,False,0.0,0.0,False
47,17,1,"[[0, 5], [1, 6]]","[1, 6]",22,6.2575,0.5417,-20,149.0,greedy,2,opening,False,0.0,0.0,False
47,18,0,"[[0, 1], [1, 2]]","[1, 2]",27,4.4394,0.6625,-20,249.0,greedy,2,opening,False,0.0,0.0,False
47,19,1,"[[1, 0], [2, 1]]","[2, 1]",17,4.7803,0.575,-16,249.0,greedy,2,opening,False,0.0,0.0,False
47,20,0,"[[1, 2], [3, 0]]","[3, 0]",6,2.284,0.25,-16,250.0,greedy,2,midgame,True,18,0.0,False
47,21,1,"[[2, 7], [3, 6]]","[3, 6]",35,9.9916,0.0,2,250.0,greedy,2,midgame,False,0.0,0.0,False
47,22,0,"[[3, 0], [2, 1]]","[2, 1]",30,8.3299,0.6591,2,250.0,greedy,2,midgame,False,0.0,0.0,False
47,23,1,"[[1, 6], [2, 7]]","[2, 7]",47,13.9084,0.0208,2,250.0,greedy,2,midgame,False,0.0,0.0,False
47,24,0,"[[2, 1], [1, 0]]","[1, 0]",31,4.4844,0.7019,2,270.0,greedy,2,midgame,False,0.0,0.0,True
47,25,1,"[[0, 7], [1, 6]]","[1, 6]",21,4.5867,0.475,2,270.0,greedy,2,midgame,True,0.0,0.0,True
47,26,0,"[[1, 0], [0, 1]]","[0, 1]",29,4.9379,0.6705,2,270.0,greedy,2,midgame,False,0.0,0.0,False
47,27,1,"[[3, 6], [4, 5]]","[4, 5]",41,8.5063,0.0,2,270.0,greedy,2,midgame,False,0.0,0.0,True
47,28,0,"[[0, 1], [1, 0]]","[1, 0]",31,7.534,0.6477,2,270.0,greedy,2,midgame,False,0.0,0.0,True
47,29,1,"[[1, 4], [2, 3]]","[2, 3]",40,12.3768,0.1667,2,270.0,greedy,2,midgame,False,0.0,0.0,True
47,30,0,"[[1, 0], [0, 1]]","[0, 1]",29,8.213,0.6705,2,270.0,greedy,2,midgame,True,0,0.0,False
47,31,1,"[[2, 7], [3, 6]]","[3, 6]",36,10.2229,0.25,2,270.0,greedy,2,midgame,False,0.0,0.0,False
47,32,0,"[[0, 1], [1, 0]]","[1, 0]",36,8.5359,0.5909,2,270.0,greedy,2,midgame,False,0.0,0.0,True
47,33,1,"[[1, 6], [2, 7]]","[2, 7]",42,6.8762,0.25,2,270.0,greedy,2,midgame,False,0.0,0.0,True
47,34,0,"[[1, 0], [0, 1]]","[0, 1]",39,12.8281,0.5568,2,292.0,greedy,2,midgame,False,0.0,0.0,False
47,35,1,"[[4, 5], [5, 6]]","[5, 6]",24,10.9003,0.4,2,292.0,greedy,2,midgame,True,225.0,0.0,False
47,36,0,"[[6, 7], [4, 5]]","[4, 5]",3,0.8273,0.625,2,517.0,greedy,2,midgame,False,0.0,0.0,False
47,37,1,"[[3, 6], [5, 4]]","[5, 4]",13,4.7631,0.0,20,517.0,greedy,2,midgame,False,0.0,0.0,False
47,38,0,"[[4, 3], [3, 2]]","[3, 2]",33,10.1933,0.625,20,547.0,greedy,2,midgame,False,0.0,0.0,False
47,39,1,"[[2, 3], [4, 1]]","[4, 1]",11,3.8843,0.0,20,547.0,greedy,2,midgame,False,0.0,0.0,False
47,40,0,"[[7, 4], [6, 3]]","[6, 3]",26,3.8886,0.6389,20,575.0,greedy,2,midgame,True,0,0.0,True
47,41,1,"[[4, 1], [5, 0]]","[5, 0]",9,0.931,0.7188,20,575.0,greedy,2,midgame,False,0.0,0.0,True
47,42,0,"[[6, 3], [4, 5]]","[4, 5]",4,0.597,0.5,20,575.0,greedy,2,midgame,False,0.0,0.0,False
47,43,1,"[[2, 7], [3, 6]]","[3, 6]",5,0.4404,0.6875,16,575.0,greedy,2,midgame,False,0.0,0.0,False
47,44,0,"[[4, 5], [2, 7]]","[2, 7]",3,0.3731,0.625,16,575.0,greedy,2,midgame,False,0.0,0.0,False
47,45,1,"[[5, 0], [6, 1]]","[6, 1]",4,0.3135,0.5,33,575.0,greedy,2,midgame,True,143.0,143.0,False
47,46,0,"[[7, 0], [5, 2]]","[5, 2]",3,0.2193,0.8125,33,576.0,greedy,2,midgame,False,0.0,0.0,True
48,0,0,"[[6, 1], [5, 0]]","[5, 0]",21,6.2153,0.625,0,0,greedy,2,opening,False,0,0.0,False
48,1,1,"[[1, 0], [2, 1]]","[2, 1]",22,6.3851,0.6071,0,0,greedy,2,opening,False,0.0,0.0,True
48,2,0,"[[5, 0], [4, 1]]","[4, 1]",24,8.0247,0.625,0,1.0,greedy,2,opening,False,0.0,0.0,False
48,3,1,"[[2, 1], [3, 2]]","[3, 2]",37,8.8718,0.4219,0,1.0,greedy,2,opening,False,0.0,0.0,True
48,4,0,"[[4, 1], [2, 3]]","[2, 3]",4,0.5577,0.5,0,25.0,greedy,2,opening,False,0.0,0.0,False
48,5,1,"[[1, 2], [3, 4]]","[3, 4]",11,2.0571,0.3125,0,25.0,greedy,2,opening,True,13.0,0.0,True
48,6,0,"[[6, 3], [5, 2]]","[5, 2]",23,7.2353,0.5893,0,38.0,greedy,2,opening,False,0.0,0.0,False
48,7,1,"[[3, 4], [4, 3]]","[4, 3]",35,9.9945,0.5139,0,38.0,greedy,2,opening,False,0.0,0.0,True
48,8,0,"[[5, 2], [3, 4]]","[3, 4]",9,2.3062,0.0,0,38.0,greedy,2,opening,False,0.0,0.0,False
48,9,1,"[[0, 1], [1, 0]]","[1, 0]",25,10.0982,0.5536,-12,38.0,greedy,2,opening,False,0.0,0.0,True
48,10,0,"[[6, 5], [5, 4]]","[5, 4]",24,3.9334,0.6667,-12,38.0,greedy,2,opening,True,0,0.0,False
48,11,1,"[[0, 3], [1, 2]]","[1, 2]",25,5.439,0.4792,-12,38.0,greedy,2,opening,False,0.0,0.0,True
48,12,0,"[[5, 4], [4, 3]]","[4, 3]",30,6.1996,0.6591,-12,38.0,greedy,2,opening,False,0.0,0.0,False
48,13,1,"[[1, 2], [2, 3]]","[2, 3]",33,8.9593,0.4107,-12,38.0,greedy,2,opening,False,0.0,0.0,False
48,14,0,"[[3, 4], [1, 2]]","[1, 2]",7,2.1031,0.125,-12,119.0,greedy,2,opening,False,0.0,0.0,False
48,15,1,"[[1, 6], [2, 7]]","[2, 7]",40,10.1557,0.0,-20,119.0,greedy,2,opening,True,30.0,0.0,False
48,16,0,"[[1, 2], [0, 1]]","[0, 1]",31,6.5637,0.6477,-20,149.0,greedy,2,opening,False,0.0,0.0,False
48,17,1,"[[0, 5], [1, 6]]","[1, 6]",22,3.2268,0.5417,-20,149.0,greedy,2,opening,False,0.0,0.0,False
48,18,0,"[[0, 1], [1, 2]]","[1, 2]",27,4.4603,0.6625,-20,249.0,greedy,2,opening,False,0.0,0.0,False
48,19,1,"[[1, 0], [2, 1]]","[2, 1]",17,5.1196,0.575,-16,249.0,greedy,2,opening,False,0.0,0.0,False
48,20,0,"[[1, 2], [3, 0]]","[3, 0]",6,1.5106,0.25,-16,250.0,greedy,2,midgame,True,18,0.0,False
48,21,1,"[[2, 7], [3, 6]]","[3, 6]",35,10.6852,0.0,2,250.0,greedy,2,midgame,False,0.0,0.0,False
48,22,0,"[[3, 0], [2, 1]]","[2, 1]",30,8.5063,0.6591,2,250.0,greedy,2,midgame,False,0.0,0.0,False
48,23,1,"[[1, 6], [2, 7]]","[2, 7]",47,9.3575,0.0208,2,250.0,greedy,2,midgame,False,0.0,0.0,False
48,24,0,"[[2, 1], [1, 0]]","[1, 0]",31,4.4844,0.7019,2,270.0,greedy,2,midgame,False,0.0,0.0,True
48,25,1,"[[0, 7], [1, 6]]","[1, 6]",21,3.4375,0.475,2,270.0,greedy,2,midgame,True,0.0,0.0,True
48,26,0,"[[1, 0], [0, 1]]","[0, 1]",29,4.9968,0.6705,2,270.0,greedy,2,midgame,False,0.0,0.0,False
48,27,1,"[[3, 6], [4, 5]]","[4, 5]",41,6.3765,0.0,2,270.0,greedy,2,midgame,False,0.0,0.0,True
48,28,0,"[[0, 1], [1, 0]]","[1, 0]",31,8.5251,0.6477,2,270.0,greedy,2,midgame,False,0.0,0.0,True
48,29,1,"[[1, 4], [2, 3]]","[2, 3]",40,12.1727,0.1667,2,270.0,greedy,2,midgame,False,0.0,0.0,True
48,30,0,"[[1, 0], [0, 1]]","[0, 1]",29,4.6098,0.6705,2,270.0,greedy,2,midgame,True,0,0.0,False
48,31,1,"[[2, 7], [3, 6]]","[3, 6]",36,6.7475,0.25,2,270.0,greedy,2,midgame,False,0.0,0.0,False
48,32,0,"[[0, 1], [1, 0]]","[1, 0]",36,6.5374,0.5909,2,270.0,greedy,2,midgame,False,0.0,0.0,True
48,33,1,"[[1, 6], [2, 7]]","[2, 7]",42,8.1794,0.25,2,270.0,greedy,2,midgame,False,0.0,0.0,True
48,34,0,"[[1, 0], [0, 1]]","[0, 1]",39,7.1027,0.5568,2,292.0,greedy,2,midgame,False,0.0,0.0,False
48,35,1,"[[4, 5], [5, 6]]","[5, 6]",24,3.9082,0.4,2,292.0,greedy,2,midgame,True,225.0,0.0,False
48,36,0,"[[6, 7], [4, 5]]","[4, 5]",3,0.9634,0.625,2,517.0,greedy,2,midgame,False,0.0,0.0,False
48,37,1,"[[3, 6], [5, 4]]","[5, 4]",13,2.4865,0.0,20,517.0,greedy,2,midgame,False,0.0,0.0,False
48,38,0,"[[4, 3], [3, 2]]","[3, 2]",33,5.8339,0.625,20,547.0,greedy,2,midgame,False,0.0,0.0,False
48,39,1,"[[2, 3], [4, 1]]","[4, 1]",11,1.4179,0.0,20,547.0,greedy,2,midgame,False,0.0,0.0,False
48,40,0,"[[7, 4], [6, 3]]","[6, 3]",26,6.65,0.6389,20,575.0,greedy,2,midgame,True,0,0.0,True
48,41,1,"[[4, 1], [5, 0]]","[5, 0]",9,0.9418,0.7188,20,575.0,greedy,2,midgame,False,0.0,0.0,True
48,42,0,"[[6, 3], [4, 5]]","[4, 5]",4,0.5975,0.5,20,575.0,greedy,2,midgame,False,0.0,0.0,False
48,43,1,"[[2, 7], [3, 6]]","[3, 6]",5,0.4451,0.6875,16,575.0,greedy,2,midgame,False,0.0,0.0,False
48,44,0,"[[4, 5], [2, 7]]","[2, 7]",3,0.3762,0.625,16,575.0,greedy,2,midgame,False,0.0,0.0,False
48,45,1,"[[5, 0], [6, 1]]","[6, 1]",4,0.3169,0.5,33,575.0,greedy,2,midgame,True,143.0,143.0,False
48,46,0,"[[7, 0], [5, 2]]","[5, 2]",3,0.2186,0.8125,33,576.0,greedy,2,midgame,False,0.0,0.0,True
49,0,0,"[[6, 1], [5, 0]]","[5, 0]",21,3.8004,0.625,0,0,greedy,2,opening,False,0,0.0,False
49,1,1,"[[1, 0], [2, 1]]","[2, 1]",22,5.2993,0.6071,0,0,greedy,2,opening,False,0.0,0.0,True
49,2,0,"[[5, 0], [4, 1]]","[4, 1]",24,4.39,0.625,0,1.0,greedy,2,opening,False,0.0,0.0,False
49,3,1,"[[2, 1], [3, 2]]","[3, 2]",37,11.9693,0.4219,0,1.0,greedy,2,opening,False,0.0,0.0,True
49,4,0,"[[4, 1], [2, 3]]","[2, 3]",4,1.0383,0.5,0,25.0,greedy,2,opening,False,0.0,0.0,False
49,5,1,"[[1, 2], [3, 4]]","[3, 4]",11,2.5866,0.3125,0,25.0,greedy,2,opening,True,13.0,0.0,True
49,6,0,"[[6, 3], [5, 2]]","[5, 2]",23,5.096,0.5893,0,38.0,greedy,2,opening,False,0.0,0.0,False
49,7,1,"[[3, 4], [4, 3]]","[4, 3]",35,12.5868,0.5139,0,38.0,greedy,2,opening,False,0.0,0.0,True
49,8,0,"[[5, 2], [3, 4]]","[3, 4]",9,2.7175,0.0,0,38.0,greedy,2,opening,False,0.0,0.0,False
49,9,1,"[[0, 1], [1, 0]]","[1, 0]",25,5.3761,0.5536,-12,38.0,greedy,2,opening,False,0.0,0.0,True
49,10,0,"[[6, 5], [5, 4]]","[5, 4]",24,4.4258,0.6667,-12,38.0,greedy,2,opening,True,0,0.0,False
49,11,1,"[[0, 3], [1, 2]]","[1, 2]",25,6.038,0.4792,-12,38.0,greedy,2,opening,False,0.0,0.0,True
49,12,0,"[[5, 4], [4, 3]]","[4, 3]",30,4.9322,0.6591,-12,38.0,greedy,2,opening,False,0.0,0.0,False
49,13,1,"[[1, 2], [2, 3]]","[2, 3]",33,8.7705,0.4107,-12,38.0,greedy,2,opening,False,0.0,0.0,False
49,14,0,"[[3, 4], [1, 2]]","[1, 2]",7,1.0123,0.125,-12,119.0,greedy,2,opening,False,0.0,0.0,False
49,15,1,"[[1, 6], [2, 7]]","[2, 7]",40,9.0241,0.0,-20,119.0,greedy,2,opening,True,30.0,0.0,False
49,16,0,"[[1, 2], [0, 1]]","[0, 1]",31,6.5215,0.6477,-20,149.0,greedy,2,opening,False,0.0,0.0,False
49,17,1,"[[0, 5], [1, 6]]","[1, 6]",22,4.853,0.5417,-20,149.0,greedy,2,opening,False,0.0,0.0,False
49,18,0,"[[0, 1], [1, 2]]","[1, 2]",27,6.6576,0.6625,-20,249.0,greedy,2,opening,False,0.0,0.0,False
49,19,1,"[[1, 0], [2, 1]]","[2, 1]",17,3.8335,0.575,-16,249.0,greedy,2,opening,False,0.0,0.0,False
49,20,0,"[[1, 2], [3, 0]]","[3, 0]",6,0.7997,0.25,-16,250.0,greedy,2,midgame,True,18,0.0,False
49,21,1,"[[2, 7], [3, 6]]","[3, 6]",35,6.5658,0.0,2,250.0,greedy,2,midgame,False,0.0,0.0,False
49,22,0,"[[3, 0], [2, 1]]","[2, 1]",30,5.2946,0.6591,2,250.0,greedy,2,midgame,False,0.0,0.0,False
49,23,1,"[[1, 6], [2, 7]]","[2, 7]",47,8.2726,0.0208,2,250.0,greedy,2,midgame,False,0.0,0.0,False
49,24,0,"[[2, 1], [1, 0]]","[1, 0]",31,8.3425,0.7019,2,270.0,greedy,2,midgame,False,0.0,0.0,True
49,25,1,"[[0, 7], [1, 6]]","[1, 6]",21,6.5129,0.475,2,270.0,greedy,2,midgame,True,0.0,0.0,True
49,26,0,"[[1, 0], [0, 1]]","[0, 1]",29,7.632,0.6705,2,270.0,greedy,2,midgame,False,0.0,0.0,False
49,27,1,"[[3, 6], [4, 5]]","[4, 5]",41,12.7285,0.0,2,270.0,greedy,2,midgame,False,0.0,0.0,True
49,28,0,"[[0, 1], [1, 0]]","[1, 0]",31,10.9649,0.6477,2,270.0,greedy,2,midgame,False,0.0,0.0,True
49,29,1,"[[1, 4], [2, 3]]","[2, 3]",40,12.8794,0.1667,2,270.0,greedy,2,midgame,False,0.0,0.0,True
49,30,0,"[[1, 0], [0, 1]]","[0, 1]",29,4.6124,0.6705,2,270.0,greedy,2,midgame,True,0,0.0,False
49,31,1,"[[2, 7], [3, 6]]","[3, 6]",36,8.3492,0.25,2,270.0,greedy,2,midgame,False,0.0,0.0,False
49,32,0,"[[0, 1], [1, 0]]","[1, 0]",36,11.0438,0.5909,2,270.0,greedy,2,midgame,False,0.0,0.0,True
49,33,1,"[[1, 6], [2, 7]]","[2, 7]",42,12.5997,0.25,2,270.0,greedy,2,midgame,False,0.0,0.0,True
49,34,0,"[[1, 0], [0, 1]]","[0, 1]",39,13.5834,0.5568,2,292.0,greedy,2,midgame,False,0.0,0.0,False
49,35,1,"[[4, 5], [5, 6]]","[5, 6]",24,6.5837,0.4,2,292.0,greedy,2,midgame,True,225.0,0.0,False
49,36,0,"[[6, 7], [4, 5]]","[4, 5]",3,0.2978,0.625,2,517.0,greedy,2,midgame,False,0.0,0.0,False
49,37,1,"[[3, 6], [5, 4]]","[5, 4]",13,1.9088,0.0,20,517.0,greedy,2,midgame,False,0.0,0.0,False
49,38,0,"[[4, 3], [3, 2]]","[3, 2]",33,16.8841,0.625,20,547.0,greedy,2,midgame,False,0.0,0.0,False
49,39,1,"[[2, 3], [4, 1]]","[4, 1]",11,1.4129,0.0,20,547.0,greedy,2,midgame,False,0.0,0.0,False
49,40,0,"[[7, 4], [6, 3]]","[6, 3]",26,3.8884,0.6389,20,575.0,greedy,2,midgame,True,0,0.0,True
49,41,1,"[[4, 1], [5, 0]]","[5, 0]",9,1.9276,0.7188,20,575.0,greedy,2,midgame,False,0.0,0.0,True
49,42,0,"[[6, 3], [4, 5]]","[4, 5]",4,1.081,0.5,20,575.0,greedy,2,midgame,False,0.0,0.0,False
49,43,1,"[[2, 7], [3, 6]]","[3, 6]",5,0.8214,0.6875,16,575.0,greedy,2,midgame,False,0.0,0.0,False
49,44,0,"[[4, 5], [2, 7]]","[2, 7]",3,0.6781,0.625,16,575.0,greedy,2,midgame,False,0.0,0.0,False
49,45,1,"[[5, 0], [6, 1]]","[6, 1]",4,0.5879,0.5,33,575.0,greedy,2,midgame,True,143.0,143.0,False
49,46,0,"[[7, 0], [5, 2]]","[5, 2]",3,0.4199,0.8125,33,576.0,greedy,2,midgame,False,0.0,0.0,True
