game,turn,player,move,land_square,nodes,time_ms,pruning_ratio,score_p0,score_p1,heuristic,depth,game_phase,suboptimal,score_deviation,score_loss,operator_blind
0,0,0,"[[6, 1], [5, 0]]","[5, 0]",194,60.9691,0.9459,0,0,piece_count,4,opening,False,0,0.0,False
0,1,1,"[[1, 0], [2, 1]]","[2, 1]",209,46.8056,0.9417,0,0,piece_count,4,opening,False,0.0,0.0,True
0,2,0,"[[5, 0], [4, 1]]","[4, 1]",225,72.1579,0.9451,0,1.0,piece_count,4,opening,False,0.0,0.0,False
0,3,1,"[[0, 1], [1, 0]]","[1, 0]",228,44.4841,0.9443,0,1.0,piece_count,4,opening,False,0.0,0.0,True
0,4,0,"[[4, 1], [3, 0]]","[3, 0]",222,62.3798,0.9518,0,1.0,piece_count,4,opening,False,0.0,0.0,False
0,5,1,"[[1, 4], [2, 3]]","[2, 3]",145,32.6438,0.9528,0,1.0,piece_count,4,opening,False,0.0,0.0,True
0,6,0,"[[6, 3], [5, 2]]","[5, 2]",185,58.603,0.9484,0,1.0,piece_count,4,opening,False,0.0,0.0,False
0,7,1,"[[0, 3], [1, 4]]","[1, 4]",195,42.2916,0.9456,0,1.0,piece_count,4,opening,False,0.0,0.0,True
0,8,0,"[[5, 2], [4, 3]]","[4, 3]",290,77.1043,0.9371,0,1.0,piece_count,4,opening,False,0.0,0.0,False
0,9,1,"[[1, 4], [2, 5]]","[2, 5]",229,60.1761,0.9255,0,1.0,piece_count,4,opening,False,0.0,0.0,True
0,10,0,"[[7, 0], [6, 1]]","[6, 1]",430,114.1424,0.9067,0,1.0,piece_count,4,opening,True,0,0.0,False
0,11,1,"[[0, 5], [1, 4]]","[1, 4]",259,80.8718,0.9277,0,1.0,piece_count,4,opening,False,0.0,0.0,True
0,12,0,"[[6, 1], [5, 2]]","[5, 2]",293,80.9624,0.9364,0,1.0,piece_count,4,opening,False,0.0,0.0,False
0,13,1,"[[1, 6], [2, 7]]","[2, 7]",170,40.1678,0.9447,0,1.0,piece_count,4,opening,False,0.0,0.0,True
0,14,0,"[[4, 3], [3, 2]]","[3, 2]",177,53.3745,0.9616,0,31.0,piece_count,4,opening,False,0.0,0.0,False
0,15,1,"[[2, 1], [4, 3], [6, 1]]","[6, 1]",40,10.7121,0.9609,0,31.0,piece_count,4,opening,True,60.0,0.0,True
0,16,0,"[[7, 2], [5, 0]]","[5, 0]",53,14.2865,0.8965,0,91.0,piece_count,4,opening,False,0.0,0.0,False
0,17,1,"[[0, 7], [1, 6]]","[1, 6]",111,30.6797,0.9729,17,91.0,piece_count,4,opening,False,0.0,0.0,False
0,18,0,"[[3, 0], [2, 1]]","[2, 1]",100,20.6349,0.9674,17,91.0,piece_count,4,opening,False,0.0,0.0,False
0,19,1,"[[1, 0], [3, 2]]","[3, 2]",75,19.3086,0.9268,17,91.0,piece_count,4,opening,False,0.0,0.0,True
0,20,0,"[[6, 5], [5, 4]]","[5, 4]",154,39.4385,0.9398,17,99.0,piece_count,4,midgame,True,0,0.0,False
0,21,1,"[[1, 2], [2, 1]]","[2, 1]",202,51.5482,0.9436,17,99.0,piece_count,4,midgame,False,0.0,0.0,True
0,22,0,"[[6, 7], [5, 6]]","[5, 6]",234,58.394,0.9347,17,99.0,piece_count,4,midgame,False,0.0,0.0,False
0,23,1,"[[2, 1], [3, 0]]","[3, 0]",286,73.8313,0.9202,17,99.0,piece_count,4,midgame,False,0.0,0.0,True
0,24,0,"[[5, 6], [4, 7]]","[4, 7]",273,66.1373,0.9408,17,99.0,piece_count,4,midgame,False,0.0,0.0,False
0,25,1,"[[2, 3], [3, 4]]","[3, 4]",169,31.1103,0.9528,17,99.0,piece_count,4,midgame,True,0.0,0.0,True
0,26,0,"[[7, 4], [6, 3]]","[6, 3]",246,42.3932,0.9399,17,99.0,piece_count,4,midgame,False,0.0,0.0,False
0,27,1,"[[1, 4], [2, 3]]","[2, 3]",245,54.7795,0.9402,17,99.0,piece_count,4,midgame,False,0.0,0.0,True
0,28,0,"[[6, 3], [5, 2]]","[5, 2]",185,25.0552,0.9484,17,99.0,piece_count,4,midgame,False,0.0,0.0,False
0,29,1,"[[2, 7], [3, 6]]","[3, 6]",153,36.3264,0.9573,17,99.0,piece_count,4,midgame,False,0.0,0.0,True
0,30,0,"[[5, 4], [4, 3]]","[4, 3]",194,35.0449,0.9459,17,99.0,piece_count,4,midgame,True,0,0.0,False
0,31,1,"[[3, 2], [5, 4]]","[5, 4]",41,9.3222,0.9199,17,99.0,piece_count,4,midgame,False,0.0,0.0,False
0,32,0,"[[5, 0], [4, 1]]","[4, 1]",199,28.0352,0.9223,17,105.0,piece_count,4,midgame,False,0.0,0.0,False
0,33,1,"[[5, 4], [6, 3]]","[6, 3]",176,34.3034,0.9509,17,105.0,piece_count,4,midgame,False,0.0,0.0,True
0,34,0,"[[7, 6], [6, 5]]","[6, 5]",138,27.8835,0.9326,17,105.0,piece_count,4,midgame,False,0.0,0.0,False
0,35,1,"[[6, 3], [7, 2]]","[7, 2]",142,44.0876,0.9604,17,105.0,piece_count,4,midgame,True,0.0,0.0,True
0,36,0,"[[6, 5], [5, 4]]","[5, 4]",136,24.112,0.9336,17,105.0,piece_count,4,midgame,False,0.0,0.0,False
0,37,1,"[[1, 6], [2, 7]]","[2, 7]",160,33.3622,0.9554,17,105.0,piece_count,4,midgame,False,0.0,0.0,False
0,38,0,"[[5, 2], [4, 3]]","[4, 3]",60,8.9779,0.9707,17,127.0,piece_count,4,midgame,False,0.0,0.0,False
0,39,1,"[[3, 0], [5, 2]]","[5, 2]",14,1.6119,0.9863,17,127.0,piece_count,4,midgame,False,0.0,0.0,False
0,40,0,"[[4, 3], [3, 2]]","[3, 2]",19,2.1365,0.9814,17,145.0,piece_count,4,midgame,True,0,0.0,False
0,41,1,"[[2, 3], [4, 1]]","[4, 1]",20,3.0811,0.9609,17,145.0,piece_count,4,midgame,False,0.0,0.0,False
0,42,0,"[[5, 4], [4, 5]]","[4, 5]",80,17.364,0.9219,17,205.0,piece_count,4,midgame,False,0.0,0.0,False
0,43,1,"[[3, 6], [5, 4]]","[5, 4]",6,1.0772,0.9941,17,205.0,piece_count,4,midgame,False,0.0,0.0,False
0,44,0,"[[4, 7], [3, 6]]","[3, 6]",4,0.6373,0.9922,17,310.0,piece_count,4,midgame,False,0.0,0.0,False
0,45,1,"[[2, 5], [4, 7]]","[4, 7]",3,0.4869,0.9971,17,310.0,piece_count,4,midgame,True,132.0,132.0,True
1,0,0,"[[6, 1], [5, 0]]","[5, 0]",194,62.572,0.9459,0,0,piece_count,4,opening,False,0,0.0,False
1,1,1,"[[1, 0], [2, 1]]","[2, 1]",209,65.6552,0.9417,0,0,piece_count,4,opening,False,0.0,0.0,True
1,2,0,"[[5, 0], [4, 1]]","[4, 1]",225,62.8488,0.9451,0,1.0,piece_count,4,opening,False,0.0,0.0,False
1,3,1,"[[0, 1], [1, 0]]","[1, 0]",228,56.1368,0.9443,0,1.0,piece_count,4,opening,False,0.0,0.0,True
1,4,0,"[[4, 1], [3, 0]]","[3, 0]",222,57.1196,0.9518,0,1.0,piece_count,4,opening,False,0.0,0.0,False
1,5,1,"[[1, 4], [2, 3]]","[2, 3]",145,37.3876,0.9528,0,1.0,piece_count,4,opening,False,0.0,0.0,True
1,6,0,"[[6, 3], [5, 2]]","[5, 2]",185,33.6635,0.9484,0,1.0,piece_count,4,opening,False,0.0,0.0,False
1,7,1,"[[0, 3], [1, 4]]","[1, 4]",195,42.9399,0.9456,0,1.0,piece_count,4,opening,False,0.0,0.0,True
1,8,0,"[[5, 2], [4, 3]]","[4, 3]",290,66.205,0.9371,0,1.0,piece_count,4,opening,False,0.0,0.0,False
1,9,1,"[[1, 4], [2, 5]]","[2, 5]",229,57.653,0.9255,0,1.0,piece_count,4,opening,False,0.0,0.0,True
1,10,0,"[[7, 0], [6, 1]]","[6, 1]",430,119.1497,0.9067,0,1.0,piece_count,4,opening,True,0,0.0,False
1,11,1,"[[0, 5], [1, 4]]","[1, 4]",259,70.2412,0.9277,0,1.0,piece_count,4,opening,False,0.0,0.0,True
1,12,0,"[[6, 1], [5, 2]]","[5, 2]",293,56.3917,0.9364,0,1.0,piece_count,4,opening,False,0.0,0.0,False
1,13,1,"[[1, 6], [2, 7]]","[2, 7]",170,29.8872,0.9447,0,1.0,piece_count,4,opening,False,0.0,0.0,True
1,14,0,"[[4, 3], [3, 2]]","[3, 2]",177,50.0236,0.9616,0,31.0,piece_count,4,opening,False,0.0,0.0,False
1,15,1,"[[2, 1], [4, 3], [6, 1]]","[6, 1]",40,5.8768,0.9609,0,31.0,piece_count,4,opening,True,60.0,0.0,True
1,16,0,"[[7, 2], [5, 0]]","[5, 0]",53,8.8773,0.8965,0,91.0,piece_count,4,opening,False,0.0,0.0,False
1,17,1,"[[0, 7], [1, 6]]","[1, 6]",111,16.6664,0.9729,17,91.0,piece_count,4,opening,False,0.0,0.0,False
1,18,0,"[[3, 0], [2, 1]]","[2, 1]",100,19.4421,0.9674,17,91.0,piece_count,4,opening,False,0.0,0.0,False
1,19,1,"[[1, 0], [3, 2]]","[3, 2]",75,19.573,0.9268,17,91.0,piece_count,4,opening,False,0.0,0.0,True
1,20,0,"[[6, 5], [5, 4]]","[5, 4]",154,28.2893,0.9398,17,99.0,piece_count,4,midgame,True,0,0.0,False
1,21,1,"[[1, 2], [2, 1]]","[2, 1]",202,51.2781,0.9436,17,99.0,piece_count,4,midgame,False,0.0,0.0,True
1,22,0,"[[6, 7], [5, 6]]","[5, 6]",234,49.5384,0.9347,17,99.0,piece_count,4,midgame,False,0.0,0.0,False
1,23,1,"[[2, 1], [3, 0]]","[3, 0]",286,70.0359,0.9202,17,99.0,piece_count,4,midgame,False,0.0,0.0,True
1,24,0,"[[5, 6], [4, 7]]","[4, 7]",273,67.5874,0.9408,17,99.0,piece_count,4,midgame,False,0.0,0.0,False
1,25,1,"[[2, 3], [3, 4]]","[3, 4]",169,40.7593,0.9528,17,99.0,piece_count,4,midgame,True,0.0,0.0,True
1,26,0,"[[7, 4], [6, 3]]","[6, 3]",246,58.0549,0.9399,17,99.0,piece_count,4,midgame,False,0.0,0.0,False
1,27,1,"[[1, 4], [2, 3]]","[2, 3]",245,38.506,0.9402,17,99.0,piece_count,4,midgame,False,0.0,0.0,True
1,28,0,"[[6, 3], [5, 2]]","[5, 2]",185,32.4125,0.9484,17,99.0,piece_count,4,midgame,False,0.0,0.0,False
1,29,1,"[[2, 7], [3, 6]]","[3, 6]",153,36.334,0.9573,17,99.0,piece_count,4,midgame,False,0.0,0.0,True
1,30,0,"[[5, 4], [4, 3]]","[4, 3]",194,46.8948,0.9459,17,99.0,piece_count,4,midgame,True,0,0.0,False
1,31,1,"[[3, 2], [5, 4]]","[5, 4]",41,9.7504,0.9199,17,99.0,piece_count,4,midgame,False,0.0,0.0,False
1,32,0,"[[5, 0], [4, 1]]","[4, 1]",199,46.0863,0.9223,17,105.0,piece_count,4,midgame,False,0.0,0.0,False
1,33,1,"[[5, 4], [6, 3]]","[6, 3]",176,46.8304,0.9509,17,105.0,piece_count,4,midgame,False,0.0,0.0,True
1,34,0,"[[7, 6], [6, 5]]","[6, 5]",138,39.4404,0.9326,17,105.0,piece_count,4,midgame,False,0.0,0.0,False
1,35,1,"[[6, 3], [7, 2]]","[7, 2]",142,31.7056,0.9604,17,105.0,piece_count,4,midgame,True,0.0,0.0,True
1,36,0,"[[6, 5], [5, 4]]","[5, 4]",136,21.2104,0.9336,17,105.0,piece_count,4,midgame,False,0.0,0.0,False
1,37,1,"[[1, 6], [2, 7]]","[2, 7]",160,28.6825,0.9554,17,105.0,piece_count,4,midgame,False,0.0,0.0,False
1,38,0,"[[5, 2], [4, 3]]","[4, 3]",60,7.5777,0.9707,17,127.0,piece_count,4,midgame,False,0.0,0.0,False
1,39,1,"[[3, 0], [5, 2]]","[5, 2]",14,1.6272,0.9863,17,127.0,piece_count,4,midgame,False,0.0,0.0,False
1,40,0,"[[4, 3], [3, 2]]","[3, 2]",19,2.1527,0.9814,17,145.0,piece_count,4,midgame,True,0,0.0,False
1,41,1,"[[2, 3], [4, 1]]","[4, 1]",20,2.809,0.9609,17,145.0,piece_count,4,midgame,False,0.0,0.0,False
1,42,0,"[[5, 4], [4, 5]]","[4, 5]",80,9.3744,0.9219,17,205.0,piece_count,4,midgame,False,0.0,0.0,False
1,43,1,"[[3, 6], [5, 4]]","[5, 4]",6,0.5903,0.9941,17,205.0,piece_count,4,midgame,False,0.0,0.0,False
1,44,0,"[[4, 7], [3, 6]]","[3, 6]",4,0.3526,0.9922,17,310.0,piece_count,4,midgame,False,0.0,0.0,False
1,45,1,"[[2, 5], [4, 7]]","[4, 7]",3,0.2441,0.9971,17,310.0,piece_count,4,midgame,True,132.0,132.0,True
2,0,0,"[[6, 1], [5, 0]]","[5, 0]",194,51.3301,0.9459,0,0,piece_count,4,opening,False,0,0.0,False
2,1,1,"[[1, 0], [2, 1]]","[2, 1]",209,56.6182,0.9417,0,0,piece_count,4,opening,False,0.0,0.0,True
2,2,0,"[[5, 0], [4, 1]]","[4, 1]",225,68.6259,0.9451,0,1.0,piece_count,4,opening,False,0.0,0.0,False
2,3,1,"[[0, 1], [1, 0]]","[1, 0]",228,59.3588,0.9443,0,1.0,piece_count,4,opening,False,0.0,0.0,True
2,4,0,"[[4, 1], [3, 0]]","[3, 0]",222,46.0341,0.9518,0,1.0,piece_count,4,opening,False,0.0,0.0,False
2,5,1,"[[1, 4], [2, 3]]","[2, 3]",145,32.9773,0.9528,0,1.0,piece_count,4,opening,False,0.0,0.0,True
2,6,0,"[[6, 3], [5, 2]]","[5, 2]",185,47.1454,0.9484,0,1.0,piece_count,4,opening,False,0.0,0.0,False
2,7,1,"[[0, 3], [1, 4]]","[1, 4]",195,33.9115,0.9456,0,1.0,piece_count,4,opening,False,0.0,0.0,True
2,8,0,"[[5, 2], [4, 3]]","[4, 3]",290,86.3612,0.9371,0,1.0,piece_count,4,opening,False,0.0,0.0,False
2,9,1,"[[1, 4], [2, 5]]","[2, 5]",229,58.9588,0.9255,0,1.0,piece_count,4,opening,False,0.0,0.0,True
2,10,0,"[[7, 0], [6, 1]]","[6, 1]",430,129.1287,0.9067,0,1.0,piece_count,4,opening,True,0,0.0,False
2,11,1,"[[0, 5], [1, 4]]","[1, 4]",259,92.587,0.9277,0,1.0,piece_count,4,opening,False,0.0,0.0,True
2,12,0,"[[6, 1], [5, 2]]","[5, 2]",293,90.6279,0.9364,0,1.0,piece_count,4,opening,False,0.0,0.0,False
2,13,1,"[[1, 6], [2, 7]]","[2, 7]",170,47.8535,0.9447,0,1.0,piece_count,4,opening,False,0.0,0.0,True
2,14,0,"[[4, 3], [3, 2]]","[3, 2]",177,46.6752,0.9616,0,31.0,piece_count,4,opening,False,0.0,0.0,False
2,15,1,"[[2, 1], [4, 3], [6, 1]]","[6, 1]",40,14.4651,0.9609,0,31.0,piece_count,4,opening,True,60.0,0.0,True
2,16,0,"[[7, 2], [5, 0]]","[5, 0]",53,14.3807,0.8965,0,91.0,piece_count,4,opening,False,0.0,0.0,False
2,17,1,"[[0, 7], [1, 6]]","[1, 6]",111,31.2858,0.9729,17,91.0,piece_count,4,opening,False,0.0,0.0,False
2,18,0,"[[3, 0], [2, 1]]","[2, 1]",100,27.3864,0.9674,17,91.0,piece_count,4,opening,False,0.0,0.0,False
2,19,1,"[[1, 0], [3, 2]]","[3, 2]",75,19.5663,0.9268,17,91.0,piece_count,4,opening,False,0.0,0.0,True
2,20,0,"[[6, 5], [5, 4]]","[5, 4]",154,22.2552,0.9398,17,99.0,piece_count,4,midgame,True,0,0.0,False
2,21,1,"[[1, 2], [2, 1]]","[2, 1]",202,45.2375,0.9436,17,99.0,piece_count,4,midgame,False,0.0,0.0,True
2,22,0,"[[6, 7], [5, 6]]","[5, 6]",234,59.9146,0.9347,17,99.0,piece_count,4,midgame,False,0.0,0.0,False
2,23,1,"[[2, 1], [3, 0]]","[3, 0]",286,71.075,0.9202,17,99.0,piece_count,4,midgame,False,0.0,0.0,True
2,24,0,"[[5, 6], [4, 7]]","[4, 7]",273,66.8755,0.9408,17,99.0,piece_count,4,midgame,False,0.0,0.0,False
2,25,1,"[[2, 3], [3, 4]]","[3, 4]",169,23.1261,0.9528,17,99.0,piece_count,4,midgame,True,0.0,0.0,True
2,26,0,"[[7, 4], [6, 3]]","[6, 3]",246,56.2775,0.9399,17,99.0,piece_count,4,midgame,False,0.0,0.0,False
2,27,1,"[[1, 4], [2, 3]]","[2, 3]",245,59.9682,0.9402,17,99.0,piece_count,4,midgame,False,0.0,0.0,True
2,28,0,"[[6, 3], [5, 2]]","[5, 2]",185,44.1942,0.9484,17,99.0,piece_count,4,midgame,False,0.0,0.0,False
2,29,1,"[[2, 7], [3, 6]]","[3, 6]",153,35.0847,0.9573,17,99.0,piece_count,4,midgame,False,0.0,0.0,True
2,30,0,"[[5, 4], [4, 3]]","[4, 3]",194,45.6862,0.9459,17,99.0,piece_count,4,midgame,True,0,0.0,False
2,31,1,"[[3, 2], [5, 4]]","[5, 4]",41,9.794,0.9199,17,99.0,piece_count,4,midgame,False,0.0,0.0,False
2,32,0,"[[5, 0], [4, 1]]","[4, 1]",199,45.9664,0.9223,17,105.0,piece_count,4,midgame,False,0.0,0.0,False
2,33,1,"[[5, 4], [6, 3]]","[6, 3]",176,40.3008,0.9509,17,105.0,piece_count,4,midgame,False,0.0,0.0,True
2,34,0,"[[7, 6], [6, 5]]","[6, 5]",138,31.1699,0.9326,17,105.0,piece_count,4,midgame,False,0.0,0.0,False
2,35,1,"[[6, 3], [7, 2]]","[7, 2]",142,29.0358,0.9604,17,105.0,piece_count,4,midgame,True,0.0,0.0,True
2,36,0,"[[6, 5], [5, 4]]","[5, 4]",136,31.8151,0.9336,17,105.0,piece_count,4,midgame,False,0.0,0.0,False
2,37,1,"[[1, 6], [2, 7]]","[2, 7]",160,36.84,0.9554,17,105.0,piece_count,4,midgame,False,0.0,0.0,False
2,38,0,"[[5, 2], [4, 3]]","[4, 3]",60,13.7632,0.9707,17,127.0,piece_count,4,midgame,False,0.0,0.0,False
2,39,1,"[[3, 0], [5, 2]]","[5, 2]",14,2.9619,0.9863,17,127.0,piece_count,4,midgame,False,0.0,0.0,False
2,40,0,"[[4, 3], [3, 2]]","[3, 2]",19,3.1428,0.9814,17,145.0,piece_count,4,midgame,True,0,0.0,False
2,41,1,"[[2, 3], [4, 1]]","[4, 1]",20,4.271,0.9609,17,145.0,piece_count,4,midgame,False,0.0,0.0,False
2,42,0,"[[5, 4], [4, 5]]","[4, 5]",80,17.3101,0.9219,17,205.0,piece_count,4,midgame,False,0.0,0.0,False
2,43,1,"[[3, 6], [5, 4]]","[5, 4]",6,0.5767,0.9941,17,205.0,piece_count,4,midgame,False,0.0,0.0,False
2,44,0,"[[4, 7], [3, 6]]","[3, 6]",4,0.6385,0.9922,17,310.0,piece_count,4,midgame,False,0.0,0.0,False
2,45,1,"[[2, 5], [4, 7]]","[4, 7]",3,0.4532,0.9971,17,310.0,piece_count,4,midgame,True,132.0,132.0,True
3,0,0,"[[6, 1], [5, 0]]","[5, 0]",194,52.608,0.9459,0,0,piece_count,4,opening,False,0,0.0,False
3,1,1,"[[1, 0], [2, 1]]","[2, 1]",209,62.1374,0.9417,0,0,piece_count,4,opening,False,0.0,0.0,True
3,2,0,"[[5, 0], [4, 1]]","[4, 1]",225,62.1288,0.9451,0,1.0,piece_count,4,opening,False,0.0,0.0,False
3,3,1,"[[0, 1], [1, 0]]","[1, 0]",228,49.2699,0.9443,0,1.0,piece_count,4,opening,False,0.0,0.0,True
3,4,0,"[[4, 1], [3, 0]]","[3, 0]",222,57.2968,0.9518,0,1.0,piece_count,4,opening,False,0.0,0.0,False
3,5,1,"[[1, 4], [2, 3]]","[2, 3]",145,44.2827,0.9528,0,1.0,piece_count,4,opening,False,0.0,0.0,True
3,6,0,"[[6, 3], [5, 2]]","[5, 2]",185,56.4916,0.9484,0,1.0,piece_count,4,opening,False,0.0,0.0,False
3,7,1,"[[0, 3], [1, 4]]","[1, 4]",195,47.7521,0.9456,0,1.0,piece_count,4,opening,False,0.0,0.0,True
3,8,0,"[[5, 2], [4, 3]]","[4, 3]",290,83.9791,0.9371,0,1.0,piece_count,4,opening,False,0.0,0.0,False
3,9,1,"[[1, 4], [2, 5]]","[2, 5]",229,68.877,0.9255,0,1.0,piece_count,4,opening,False,0.0,0.0,True
3,10,0,"[[7, 0], [6, 1]]","[6, 1]",430,103.5879,0.9067,0,1.0,piece_count,4,opening,True,0,0.0,False
3,11,1,"[[0, 5], [1, 4]]","[1, 4]",259,78.6974,0.9277,0,1.0,piece_count,4,opening,False,0.0,0.0,True
3,12,0,"[[6, 1], [5, 2]]","[5, 2]",293,81.8105,0.9364,0,1.0,piece_count,4,opening,False,0.0,0.0,False
3,13,1,"[[1, 6], [2, 7]]","[2, 7]",170,37.5497,0.9447,0,1.0,piece_count,4,opening,False,0.0,0.0,True
3,14,0,"[[4, 3], [3, 2]]","[3, 2]",177,41.6522,0.9616,0,31.0,piece_count,4,opening,False,0.0,0.0,False
3,15,1,"[[2, 1], [4, 3], [6, 1]]","[6, 1]",40,7.3342,0.9609,0,31.0,piece_count,4,opening,True,60.0,0.0,True
3,16,0,"[[7, 2], [5, 0]]","[5, 0]",53,7.7717,0.8965,0,91.0,piece_count,4,opening,False,0.0,0.0,False
3,17,1,"[[0, 7], [1, 6]]","[1, 6]",111,27.3209,0.9729,17,91.0,piece_count,4,opening,False,0.0,0.0,False
3,18,0,"[[3, 0], [2, 1]]","[2, 1]",100,26.1583,0.9674,17,91.0,piece_count,4,opening,False,0.0,0.0,False
3,19,1,"[[1, 0], [3, 2]]","[3, 2]",75,19.2807,0.9268,17,91.0,piece_count,4,opening,False,0.0,0.0,True
3,20,0,"[[6, 5], [5, 4]]","[5, 4]",154,37.1327,0.9398,17,99.0,piece_count,4,midgame,True,0,0.0,False
3,21,1,"[[1, 2], [2, 1]]","[2, 1]",202,41.5499,0.9436,17,99.0,piece_count,4,midgame,False,0.0,0.0,True
3,22,0,"[[6, 7], [5, 6]]","[5, 6]",234,47.4606,0.9347,17,99.0,piece_count,4,midgame,False,0.0,0.0,False
3,23,1,"[[2, 1], [3, 0]]","[3, 0]",286,59.0405,0.9202,17,99.0,piece_count,4,midgame,False,0.0,0.0,True
3,24,0,"[[5, 6], [4, 7]]","[4, 7]",273,48.2225,0.9408,17,99.0,piece_count,4,midgame,False,0.0,0.0,False
3,25,1,"[[2, 3], [3, 4]]","[3, 4]",169,29.053,0.9528,17,99.0,piece_count,4,midgame,True,0.0,0.0,True
3,26,0,"[[7, 4], [6, 3]]","[6, 3]",246,58.8467,0.9399,17,99.0,piece_count,4,midgame,False,0.0,0.0,False
3,27,1,"[[1, 4], [2, 3]]","[2, 3]",245,63.89,0.9402,17,99.0,piece_count,4,midgame,False,0.0,0.0,True
3,28,0,"[[6, 3], [5, 2]]","[5, 2]",185,33.6707,0.9484,17,99.0,piece_count,4,midgame,False,0.0,0.0,False
3,29,1,"[[2, 7], [3, 6]]","[3, 6]",153,27.6949,0.9573,17,99.0,piece_count,4,midgame,False,0.0,0.0,True
3,30,0,"[[5, 4], [4, 3]]","[4, 3]",194,26.756,0.9459,17,99.0,piece_count,4,midgame,True,0,0.0,False
3,31,1,"[[3, 2], [5, 4]]","[5, 4]",41,5.6686,0.9199,17,99.0,piece_count,4,midgame,False,0.0,0.0,False
3,32,0,"[[5, 0], [4, 1]]","[4, 1]",199,25.908,0.9223,17,105.0,piece_count,4,midgame,False,0.0,0.0,False
3,33,1,"[[5, 4], [6, 3]]","[6, 3]",176,23.6688,0.9509,17,105.0,piece_count,4,midgame,False,0.0,0.0,True
3,34,0,"[[7, 6], [6, 5]]","[6, 5]",138,24.8163,0.9326,17,105.0,piece_count,4,midgame,False,0.0,0.0,False
3,35,1,"[[6, 3], [7, 2]]","[7, 2]",142,26.8571,0.9604,17,105.0,piece_count,4,midgame,True,0.0,0.0,True
3,36,0,"[[6, 5], [5, 4]]","[5, 4]",136,18.2161,0.9336,17,105.0,piece_count,4,midgame,False,0.0,0.0,False
3,37,1,"[[1, 6], [2, 7]]","[2, 7]",160,21.0321,0.9554,17,105.0,piece_count,4,midgame,False,0.0,0.0,False
3,38,0,"[[5, 2], [4, 3]]","[4, 3]",60,7.5667,0.9707,17,127.0,piece_count,4,midgame,False,0.0,0.0,False
3,39,1,"[[3, 0], [5, 2]]","[5, 2]",14,1.6284,0.9863,17,127.0,piece_count,4,midgame,False,0.0,0.0,False
3,40,0,"[[4, 3], [3, 2]]","[3, 2]",19,2.8172,0.9814,17,145.0,piece_count,4,midgame,True,0,0.0,False
3,41,1,"[[2, 3], [4, 1]]","[4, 1]",20,4.2632,0.9609,17,145.0,piece_count,4,midgame,False,0.0,0.0,False
3,42,0,"[[5, 4], [4, 5]]","[4, 5]",80,15.7406,0.9219,17,205.0,piece_count,4,midgame,False,0.0,0.0,False
3,43,1,"[[3, 6], [5, 4]]","[5, 4]",6,1.0674,0.9941,17,205.0,piece_count,4,midgame,False,0.0,0.0,False
3,44,0,"[[4, 7], [3, 6]]","[3, 6]",4,0.6371,0.9922,17,310.0,piece_count,4,midgame,False,0.0,0.0,False
3,45,1,"[[2, 5], [4, 7]]","[4, 7]",3,0.4864,0.9971,17,310.0,piece_count,4,midgame,True,132.0,132.0,True
4,0,0,"[[6, 1], [5, 0]]","[5, 0]",194,60.4692,0.9459,0,0,piece_count,4,opening,False,0,0.0,False
4,1,1,"[[1, 0], [2, 1]]","[2, 1]",209,64.2447,0.9417,0,0,piece_count,4,opening,False,0.0,0.0,True
4,2,0,"[[5, 0], [4, 1]]","[4, 1]",225,71.4481,0.9451,0,1.0,piece_count,4,opening,False,0.0,0.0,False
4,3,1,"[[0, 1], [1, 0]]","[1, 0]",228,69.1187,0.9443,0,1.0,piece_count,4,opening,False,0.0,0.0,True
4,4,0,"[[4, 1], [3, 0]]","[3, 0]",222,58.4691,0.9518,0,1.0,piece_count,4,opening,False,0.0,0.0,False
4,5,1,"[[1, 4], [2, 3]]","[2, 3]",145,39.0604,0.9528,0,1.0,piece_count,4,opening,False,0.0,0.0,True
4,6,0,"[[6, 3], [5, 2]]","[5, 2]",185,34.3733,0.9484,0,1.0,piece_count,4,opening,False,0.0,0.0,False
4,7,1,"[[0, 3], [1, 4]]","[1, 4]",195,45.5301,0.9456,0,1.0,piece_count,4,opening,False,0.0,0.0,True
4,8,0,"[[5, 2], [4, 3]]","[4, 3]",290,89.6866,0.9371,0,1.0,piece_count,4,opening,False,0.0,0.0,False
4,9,1,"[[1, 4], [2, 5]]","[2, 5]",229,55.3205,0.9255,0,1.0,piece_count,4,opening,False,0.0,0.0,True
4,10,0,"[[7, 0], [6, 1]]","[6, 1]",430,119.0336,0.9067,0,1.0,piece_count,4,opening,True,0,0.0,False
4,11,1,"[[0, 5], [1, 4]]","[1, 4]",259,80.2183,0.9277,0,1.0,piece_count,4,opening,False,0.0,0.0,True
4,12,0,"[[6, 1], [5, 2]]","[5, 2]",293,88.9702,0.9364,0,1.0,piece_count,4,opening,False,0.0,0.0,False
4,13,1,"[[1, 6], [2, 7]]","[2, 7]",170,51.6775,0.9447,0,1.0,piece_count,4,opening,False,0.0,0.0,True
4,14,0,"[[4, 3], [3, 2]]","[3, 2]",177,50.9512,0.9616,0,31.0,piece_count,4,opening,False,0.0,0.0,False
4,15,1,"[[2, 1], [4, 3], [6, 1]]","[6, 1]",40,10.7892,0.9609,0,31.0,piece_count,4,opening,True,60.0,0.0,True
4,16,0,"[[7, 2], [5, 0]]","[5, 0]",53,13.4835,0.8965,0,91.0,piece_count,4,opening,False,0.0,0.0,False
4,17,1,"[[0, 7], [1, 6]]","[1, 6]",111,29.5484,0.9729,17,91.0,piece_count,4,opening,False,0.0,0.0,False
4,18,0,"[[3, 0], [2, 1]]","[2, 1]",100,27.1273,0.9674,17,91.0,piece_count,4,opening,False,0.0,0.0,False
4,19,1,"[[1, 0], [3, 2]]","[3, 2]",75,18.9242,0.9268,17,91.0,piece_count,4,opening,False,0.0,0.0,True
4,20,0,"[[6, 5], [5, 4]]","[5, 4]",154,23.8357,0.9398,17,99.0,piece_count,4,midgame,True,0,0.0,False
4,21,1,"[[1, 2], [2, 1]]","[2, 1]",202,35.4292,0.9436,17,99.0,piece_count,4,midgame,False,0.0,0.0,True
4,22,0,"[[6, 7], [5, 6]]","[5, 6]",234,57.4684,0.9347,17,99.0,piece_count,4,midgame,False,0.0,0.0,False
4,23,1,"[[2, 1], [3, 0]]","[3, 0]",286,50.1549,0.9202,17,99.0,piece_count,4,midgame,False,0.0,0.0,True
4,24,0,"[[5, 6], [4, 7]]","[4, 7]",273,53.5245,0.9408,17,99.0,piece_count,4,midgame,False,0.0,0.0,False
4,25,1,"[[2, 3], [3, 4]]","[3, 4]",169,41.7678,0.9528,17,99.0,piece_count,4,midgame,True,0.0,0.0,True
4,26,0,"[[7, 4], [6, 3]]","[6, 3]",246,52.1662,0.9399,17,99.0,piece_count,4,midgame,False,0.0,0.0,False
4,27,1,"[[1, 4], [2, 3]]","[2, 3]",245,58.7168,0.9402,17,99.0,piece_count,4,midgame,False,0.0,0.0,True
4,28,0,"[[6, 3], [5, 2]]","[5, 2]",185,42.8712,0.9484,17,99.0,piece_count,4,midgame,False,0.0,0.0,False
4,29,1,"[[2, 7], [3, 6]]","[3, 6]",153,36.1152,0.9573,17,99.0,piece_count,4,midgame,False,0.0,0.0,True
4,30,0,"[[5, 4], [4, 3]]","[4, 3]",194,47.0276,0.9459,17,99.0,piece_count,4,midgame,True,0,0.0,False
4,31,1,"[[3, 2], [5, 4]]","[5, 4]",41,8.4016,0.9199,17,99.0,piece_count,4,midgame,False,0.0,0.0,False
4,32,0,"[[5, 0], [4, 1]]","[4, 1]",199,26.5636,0.9223,17,105.0,piece_count,4,midgame,False,0.0,0.0,False
4,33,1,"[[5, 4], [6, 3]]","[6, 3]",176,38.9943,0.9509,17,105.0,piece_count,4,midgame,False,0.0,0.0,True
4,34,0,"[[7, 6], [6, 5]]","[6, 5]",138,32.2125,0.9326,17,105.0,piece_count,4,midgame,False,0.0,0.0,False
4,35,1,"[[6, 3], [7, 2]]","[7, 2]",142,33.2265,0.9604,17,105.0,piece_count,4,midgame,True,0.0,0.0,True
4,36,0,"[[6, 5], [5, 4]]","[5, 4]",136,31.285,0.9336,17,105.0,piece_count,4,midgame,False,0.0,0.0,False
4,37,1,"[[1, 6], [2, 7]]","[2, 7]",160,36.9909,0.9554,17,105.0,piece_count,4,midgame,False,0.0,0.0,False
4,38,0,"[[5, 2], [4, 3]]","[4, 3]",60,13.798,0.9707,17,127.0,piece_count,4,midgame,False,0.0,0.0,False
4,39,1,"[[3, 0], [5, 2]]","[5, 2]",14,3.7186,0.9863,17,127.0,piece_count,4,midgame,False,0.0,0.0,False
4,40,0,"[[4, 3], [3, 2]]","[3, 2]",19,2.5134,0.9814,17,145.0,piece_count,4,midgame,True,0,0.0,False
4,41,1,"[[2, 3], [4, 1]]","[4, 1]",20,2.3379,0.9609,17,145.0,piece_count,4,midgame,False,0.0,0.0,False
4,42,0,"[[5, 4], [4, 5]]","[4, 5]",80,13.6213,0.9219,17,205.0,piece_count,4,midgame,False,0.0,0.0,False
4,43,1,"[[3, 6], [5, 4]]","[5, 4]",6,1.0428,0.9941,17,205.0,piece_count,4,midgame,False,0.0,0.0,False
4,44,0,"[[4, 7], [3, 6]]","[3, 6]",4,0.6387,0.9922,17,310.0,piece_count,4,midgame,False,0.0,0.0,False
4,45,1,"[[2, 5], [4, 7]]","[4, 7]",3,0.4463,0.9971,17,310.0,piece_count,4,midgame,True,132.0,132.0,True
5,0,0,"[[6, 1], [5, 0]]","[5, 0]",194,55.4092,0.9459,0,0,piece_count,4,opening,False,0,0.0,False
5,1,1,"[[1, 0], [2, 1]]","[2, 1]",209,47.2302,0.9417,0,0,piece_count,4,opening,False,0.0,0.0,True
5,2,0,"[[5, 0], [4, 1]]","[4, 1]",225,70.0169,0.9451,0,1.0,piece_count,4,opening,False,0.0,0.0,False
5,3,1,"[[0, 1], [1, 0]]","[1, 0]",228,59.922,0.9443,0,1.0,piece_count,4,opening,False,0.0,0.0,True
5,4,0,"[[4, 1], [3, 0]]","[3, 0]",222,55.4698,0.9518,0,1.0,piece_count,4,opening,False,0.0,0.0,False
5,5,1,"[[1, 4], [2, 3]]","[2, 3]",145,42.702,0.9528,0,1.0,piece_count,4,opening,False,0.0,0.0,True
5,6,0,"[[6, 3], [5, 2]]","[5, 2]",185,39.324,0.9484,0,1.0,piece_count,4,opening,False,0.0,0.0,False
5,7,1,"[[0, 3], [1, 4]]","[1, 4]",195,41.6582,0.9456,0,1.0,piece_count,4,opening,False,0.0,0.0,True
5,8,0,"[[5, 2], [4, 3]]","[4, 3]",290,74.3256,0.9371,0,1.0,piece_count,4,opening,False,0.0,0.0,False
5,9,1,"[[1, 4], [2, 5]]","[2, 5]",229,60.6539,0.9255,0,1.0,piece_count,4,opening,False,0.0,0.0,True
5,10,0,"[[7, 0], [6, 1]]","[6, 1]",430,130.7056,0.9067,0,1.0,piece_count,4,opening,True,0,0.0,False
5,11,1,"[[0, 5], [1, 4]]","[1, 4]",259,77.5702,0.9277,0,1.0,piece_count,4,opening,False,0.0,0.0,True
5,12,0,"[[6, 1], [5, 2]]","[5, 2]",293,77.9035,0.9364,0,1.0,piece_count,4,opening,False,0.0,0.0,False
5,13,1,"[[1, 6], [2, 7]]","[2, 7]",170,38.991,0.9447,0,1.0,piece_count,4,opening,False,0.0,0.0,True
5,14,0,"[[4, 3], [3, 2]]","[3, 2]",177,47.9398,0.9616,0,31.0,piece_count,4,opening,False,0.0,0.0,False
5,15,1,"[[2, 1], [4, 3], [6, 1]]","[6, 1]",40,10.1573,0.9609,0,31.0,piece_count,4,opening,True,60.0,0.0,True
5,16,0,"[[7, 2], [5, 0]]","[5, 0]",53,14.266,0.8965,0,91.0,piece_count,4,opening,False,0.0,0.0,False
5,17,1,"[[0, 7], [1, 6]]","[1, 6]",111,30.2246,0.9729,17,91.0,piece_count,4,opening,False,0.0,0.0,False
5,18,0,"[[3, 0], [2, 1]]","[2, 1]",100,25.5082,0.9674,17,91.0,piece_count,4,opening,False,0.0,0.0,False
5,19,1,"[[1, 0], [3, 2]]","[3, 2]",75,10.5455,0.9268,17,91.0,piece_count,4,opening,False,0.0,0.0,True
5,20,0,"[[6, 5], [5, 4]]","[5, 4]",154,24.4894,0.9398,17,99.0,piece_count,4,midgame,True,0,0.0,False
5,21,1,"[[1, 2], [2, 1]]","[2, 1]",202,46.4468,0.9436,17,99.0,piece_count,4,midgame,False,0.0,0.0,True
5,22,0,"[[6, 7], [5, 6]]","[5, 6]",234,51.4085,0.9347,17,99.0,piece_count,4,midgame,False,0.0,0.0,False
5,23,1,"[[2, 1], [3, 0]]","[3, 0]",286,55.27,0.9202,17,99.0,piece_count,4,midgame,False,0.0,0.0,True
5,24,0,"[[5, 6], [4, 7]]","[4, 7]",273,59.9253,0.9408,17,99.0,piece_count,4,midgame,False,0.0,0.0,False
5,25,1,"[[2, 3], [3, 4]]","[3, 4]",169,30.8897,0.9528,17,99.0,piece_count,4,midgame,True,0.0,0.0,True
5,26,0,"[[7, 4], [6, 3]]","[6, 3]",246,51.7311,0.9399,17,99.0,piece_count,4,midgame,False,0.0,0.0,False
5,27,1,"[[1, 4], [2, 3]]","[2, 3]",245,49.8095,0.9402,17,99.0,piece_count,4,midgame,False,0.0,0.0,True
5,28,0,"[[6, 3], [5, 2]]","[5, 2]",185,25.5568,0.9484,17,99.0,piece_count,4,midgame,False,0.0,0.0,False
5,29,1,"[[2, 7], [3, 6]]","[3, 6]",153,20.7021,0.9573,17,99.0,piece_count,4,midgame,False,0.0,0.0,True
5,30,0,"[[5, 4], [4, 3]]","[4, 3]",194,32.5377,0.9459,17,99.0,piece_count,4,midgame,True,0,0.0,False
5,31,1,"[[3, 2], [5, 4]]","[5, 4]",41,5.3568,0.9199,17,99.0,piece_count,4,midgame,False,0.0,0.0,False
5,32,0,"[[5, 0], [4, 1]]","[4, 1]",199,35.6951,0.9223,17,105.0,piece_count,4,midgame,False,0.0,0.0,False
5,33,1,"[[5, 4], [6, 3]]","[6, 3]",176,27.0801,0.9509,17,105.0,piece_count,4,midgame,False,0.0,0.0,True
5,34,0,"[[7, 6], [6, 5]]","[6, 5]",138,33.1471,0.9326,17,105.0,piece_count,4,midgame,False,0.0,0.0,False
5,35,1,"[[6, 3], [7, 2]]","[7, 2]",142,21.0922,0.9604,17,105.0,piece_count,4,midgame,True,0.0,0.0,True
5,36,0,"[[6, 5], [5, 4]]","[5, 4]",136,26.3216,0.9336,17,105.0,piece_count,4,midgame,False,0.0,0.0,False
5,37,1,"[[1, 6], [2, 7]]","[2, 7]",160,26.0322,0.9554,17,105.0,piece_count,4,midgame,False,0.0,0.0,False
5,38,0,"[[5, 2], [4, 3]]","[4, 3]",60,10.9892,0.9707,17,127.0,piece_count,4,midgame,False,0.0,0.0,False
5,39,1,"[[3, 0], [5, 2]]","[5, 2]",14,2.9755,0.9863,17,127.0,piece_count,4,midgame,False,0.0,0.0,False
5,40,0,"[[4, 3], [3, 2]]","[3, 2]",19,3.9678,0.9814,17,145.0,piece_count,4,midgame,True,0,0.0,False
5,41,1,"[[2, 3], [4, 1]]","[4, 1]",20,4.2665,0.9609,17,145.0,piece_count,4,midgame,False,0.0,0.0,False
5,42,0,"[[5, 4], [4, 5]]","[4, 5]",80,16.695,0.9219,17,205.0,piece_count,4,midgame,False,0.0,0.0,False
5,43,1,"[[3, 6], [5, 4]]","[5, 4]",6,1.0693,0.9941,17,205.0,piece_count,4,midgame,False,0.0,0.0,False
5,44,0,"[[4, 7], [3, 6]]","[3, 6]",4,0.6356,0.9922,17,310.0,piece_count,4,midgame,False,0.0,0.0,False
5,45,1,"[[2, 5], [4, 7]]","[4, 7]",3,0.4478,0.9971,17,310.0,piece_count,4,midgame,True,132.0,132.0,True
6,0,0,"[[6, 1], [5, 0]]","[5, 0]",194,61.4035,0.9459,0,0,piece_count,4,opening,False,0,0.0,False
6,1,1,"[[1, 0], [2, 1]]","[2, 1]",209,58.2185,0.9417,0,0,piece_count,4,opening,False,0.0,0.0,True
6,2,0,"[[5, 0], [4, 1]]","[4, 1]",225,66.5846,0.9451,0,1.0,piece_count,4,opening,False,0.0,0.0,False
6,3,1,"[[0, 1], [1, 0]]","[1, 0]",228,59.2782,0.9443,0,1.0,piece_count,4,opening,False,0.0,0.0,True
6,4,0,"[[4, 1], [3, 0]]","[3, 0]",222,50.1316,0.9518,0,1.0,piece_count,4,opening,False,0.0,0.0,False
6,5,1,"[[1, 4], [2, 3]]","[2, 3]",145,33.4775,0.9528,0,1.0,piece_count,4,opening,False,0.0,0.0,True
6,6,0,"[[6, 3], [5, 2]]","[5, 2]",185,58.1172,0.9484,0,1.0,piece_count,4,opening,False,0.0,0.0,False
6,7,1,"[[0, 3], [1, 4]]","[1, 4]",195,61.4173,0.9456,0,1.0,piece_count,4,opening,False,0.0,0.0,True
6,8,0,"[[5, 2], [4, 3]]","[4, 3]",290,77.2932,0.9371,0,1.0,piece_count,4,opening,False,0.0,0.0,False
6,9,1,"[[1, 4], [2, 5]]","[2, 5]",229,59.0353,0.9255,0,1.0,piece_count,4,opening,False,0.0,0.0,True
6,10,0,"[[7, 0], [6, 1]]","[6, 1]",430,84.1773,0.9067,0,1.0,piece_count,4,opening,True,0,0.0,False
6,11,1,"[[0, 5], [1, 4]]","[1, 4]",259,66.1352,0.9277,0,1.0,piece_count,4,opening,False,0.0,0.0,True
6,12,0,"[[6, 1], [5, 2]]","[5, 2]",293,56.0241,0.9364,0,1.0,piece_count,4,opening,False,0.0,0.0,False
6,13,1,"[[1, 6], [2, 7]]","[2, 7]",170,29.762,0.9447,0,1.0,piece_count,4,opening,False,0.0,0.0,True
6,14,0,"[[4, 3], [3, 2]]","[3, 2]",177,38.4703,0.9616,0,31.0,piece_count,4,opening,False,0.0,0.0,False
6,15,1,"[[2, 1], [4, 3], [6, 1]]","[6, 1]",40,9.963,0.9609,0,31.0,piece_count,4,opening,True,60.0,0.0,True
6,16,0,"[[7, 2], [5, 0]]","[5, 0]",53,14.235,0.8965,0,91.0,piece_count,4,opening,False,0.0,0.0,False
6,17,1,"[[0, 7], [1, 6]]","[1, 6]",111,29.3274,0.9729,17,91.0,piece_count,4,opening,False,0.0,0.0,False
6,18,0,"[[3, 0], [2, 1]]","[2, 1]",100,26.3312,0.9674,17,91.0,piece_count,4,opening,False,0.0,0.0,False
6,19,1,"[[1, 0], [3, 2]]","[3, 2]",75,18.5618,0.9268,17,91.0,piece_count,4,opening,False,0.0,0.0,True
6,20,0,"[[6, 5], [5, 4]]","[5, 4]",154,38.8589,0.9398,17,99.0,piece_count,4,midgame,True,0,0.0,False
6,21,1,"[[1, 2], [2, 1]]","[2, 1]",202,47.2887,0.9436,17,99.0,piece_count,4,midgame,False,0.0,0.0,True
6,22,0,"[[6, 7], [5, 6]]","[5, 6]",234,39.1066,0.9347,17,99.0,piece_count,4,midgame,False,0.0,0.0,False
6,23,1,"[[2, 1], [3, 0]]","[3, 0]",286,54.4057,0.9202,17,99.0,piece_count,4,midgame,False,0.0,0.0,True
6,24,0,"[[5, 6], [4, 7]]","[4, 7]",273,48.3477,0.9408,17,99.0,piece_count,4,midgame,False,0.0,0.0,False
6,25,1,"[[2, 3], [3, 4]]","[3, 4]",169,30.8044,0.9528,17,99.0,piece_count,4,midgame,True,0.0,0.0,True
6,26,0,"[[7, 4], [6, 3]]","[6, 3]",246,39.3403,0.9399,17,99.0,piece_count,4,midgame,False,0.0,0.0,False
6,27,1,"[[1, 4], [2, 3]]","[2, 3]",245,59.6161,0.9402,17,99.0,piece_count,4,midgame,False,0.0,0.0,True
6,28,0,"[[6, 3], [5, 2]]","[5, 2]",185,33.5147,0.9484,17,99.0,piece_count,4,midgame,False,0.0,0.0,False
6,29,1,"[[2, 7], [3, 6]]","[3, 6]",153,35.125,0.9573,17,99.0,piece_count,4,midgame,False,0.0,0.0,True
6,30,0,"[[5, 4], [4, 3]]","[4, 3]",194,35.238,0.9459,17,99.0,piece_count,4,midgame,True,0,0.0,False
6,31,1,"[[3, 2], [5, 4]]","[5, 4]",41,9.7535,0.9199,17,99.0,piece_count,4,midgame,False,0.0,0.0,False
6,32,0,"[[5, 0], [4, 1]]","[4, 1]",199,35.1789,0.9223,17,105.0,piece_count,4,midgame,False,0.0,0.0,False
6,33,1,"[[5, 4], [6, 3]]","[6, 3]",176,29.3984,0.9509,17,105.0,piece_count,4,midgame,False,0.0,0.0,True
6,34,0,"[[7, 6], [6, 5]]","[6, 5]",138,25.9461,0.9326,17,105.0,piece_count,4,midgame,False,0.0,0.0,False
6,35,1,"[[6, 3], [7, 2]]","[7, 2]",142,25.0025,0.9604,17,105.0,piece_count,4,midgame,True,0.0,0.0,True
6,36,0,"[[6, 5], [5, 4]]","[5, 4]",136,22.1257,0.9336,17,105.0,piece_count,4,midgame,False,0.0,0.0,False
6,37,1,"[[1, 6], [2, 7]]","[2, 7]",160,25.491,0.9554,17,105.0,piece_count,4,midgame,False,0.0,0.0,False
6,38,0,"[[5, 2], [4, 3]]","[4, 3]",60,13.8252,0.9707,17,127.0,piece_count,4,midgame,False,0.0,0.0,False
6,39,1,"[[3, 0], [5, 2]]","[5, 2]",14,2.9731,0.9863,17,127.0,piece_count,4,midgame,False,0.0,0.0,False
6,40,0,"[[4, 3], [3, 2]]","[3, 2]",19,3.9613,0.9814,17,145.0,piece_count,4,midgame,True,0,0.0,False
6,41,1,"[[2, 3], [4, 1]]","[4, 1]",20,4.3061,0.9609,17,145.0,piece_count,4,midgame,False,0.0,0.0,False
6,42,0,"[[5, 4], [4, 5]]","[4, 5]",80,17.3719,0.9219,17,205.0,piece_count,4,midgame,False,0.0,0.0,False
6,43,1,"[[3, 6], [5, 4]]","[5, 4]",6,0.9594,0.9941,17,205.0,piece_count,4,midgame,False,0.0,0.0,False
6,44,0,"[[4, 7], [3, 6]]","[3, 6]",4,0.3424,0.9922,17,310.0,piece_count,4,midgame,False,0.0,0.0,False
6,45,1,"[[2, 5], [4, 7]]","[4, 7]",3,0.4478,0.9971,17,310.0,piece_count,4,midgame,True,132.0,132.0,True
7,0,0,"[[6, 1], [5, 0]]","[5, 0]",194,60.0691,0.9459,0,0,piece_count,4,opening,False,0,0.0,False
7,1,1,"[[1, 0], [2, 1]]","[2, 1]",209,64.8141,0.9417,0,0,piece_count,4,opening,False,0.0,0.0,True
7,2,0,"[[5, 0], [4, 1]]","[4, 1]",225,68.9828,0.9451,0,1.0,piece_count,4,opening,False,0.0,0.0,False
7,3,1,"[[0, 1], [1, 0]]","[1, 0]",228,60.5004,0.9443,0,1.0,piece_count,4,opening,False,0.0,0.0,True
7,4,0,"[[4, 1], [3, 0]]","[3, 0]",222,46.5939,0.9518,0,1.0,piece_count,4,opening,False,0.0,0.0,False
7,5,1,"[[1, 4], [2, 3]]","[2, 3]",145,38.1925,0.9528,0,1.0,piece_count,4,opening,False,0.0,0.0,True
7,6,0,"[[6, 3], [5, 2]]","[5, 2]",185,49.5679,0.9484,0,1.0,piece_count,4,opening,False,0.0,0.0,False
7,7,1,"[[0, 3], [1, 4]]","[1, 4]",195,50.2439,0.9456,0,1.0,piece_count,4,opening,False,0.0,0.0,True
7,8,0,"[[5, 2], [4, 3]]","[4, 3]",290,54.7605,0.9371,0,1.0,piece_count,4,opening,False,0.0,0.0,False
7,9,1,"[[1, 4], [2, 5]]","[2, 5]",229,39.8364,0.9255,0,1.0,piece_count,4,opening,False,0.0,0.0,True
7,10,0,"[[7, 0], [6, 1]]","[6, 1]",430,102.612,0.9067,0,1.0,piece_count,4,opening,True,0,0.0,False
7,11,1,"[[0, 5], [1, 4]]","[1, 4]",259,76.9179,0.9277,0,1.0,piece_count,4,opening,False,0.0,0.0,True
7,12,0,"[[6, 1], [5, 2]]","[5, 2]",293,83.0615,0.9364,0,1.0,piece_count,4,opening,False,0.0,0.0,False
7,13,1,"[[1, 6], [2, 7]]","[2, 7]",170,58.2349,0.9447,0,1.0,piece_count,4,opening,False,0.0,0.0,True
7,14,0,"[[4, 3], [3, 2]]","[3, 2]",177,51.0252,0.9616,0,31.0,piece_count,4,opening,False,0.0,0.0,False
7,15,1,"[[2, 1], [4, 3], [6, 1]]","[6, 1]",40,10.7882,0.9609,0,31.0,piece_count,4,opening,True,60.0,0.0,True
7,16,0,"[[7, 2], [5, 0]]","[5, 0]",53,13.4583,0.8965,0,91.0,piece_count,4,opening,False,0.0,0.0,False
7,17,1,"[[0, 7], [1, 6]]","[1, 6]",111,28.98,0.9729,17,91.0,piece_count,4,opening,False,0.0,0.0,False
7,18,0,"[[3, 0], [2, 1]]","[2, 1]",100,26.6554,0.9674,17,91.0,piece_count,4,opening,False,0.0,0.0,False
7,19,1,"[[1, 0], [3, 2]]","[3, 2]",75,19.3202,0.9268,17,91.0,piece_count,4,opening,False,0.0,0.0,True
7,20,0,"[[6, 5], [5, 4]]","[5, 4]",154,39.4878,0.9398,17,99.0,piece_count,4,midgame,True,0,0.0,False
7,21,1,"[[1, 2], [2, 1]]","[2, 1]",202,49.0978,0.9436,17,99.0,piece_count,4,midgame,False,0.0,0.0,True
7,22,0,"[[6, 7], [5, 6]]","[5, 6]",234,38.4834,0.9347,17,99.0,piece_count,4,midgame,False,0.0,0.0,False
7,23,1,"[[2, 1], [3, 0]]","[3, 0]",286,68.4044,0.9202,17,99.0,piece_count,4,midgame,False,0.0,0.0,True
7,24,0,"[[5, 6], [4, 7]]","[4, 7]",273,57.2774,0.9408,17,99.0,piece_count,4,midgame,False,0.0,0.0,False
7,25,1,"[[2, 3], [3, 4]]","[3, 4]",169,41.6992,0.9528,17,99.0,piece_count,4,midgame,True,0.0,0.0,True
7,26,0,"[[7, 4], [6, 3]]","[6, 3]",246,60.7805,0.9399,17,99.0,piece_count,4,midgame,False,0.0,0.0,False
7,27,1,"[[1, 4], [2, 3]]","[2, 3]",245,42.1493,0.9402,17,99.0,piece_count,4,midgame,False,0.0,0.0,True
7,28,0,"[[6, 3], [5, 2]]","[5, 2]",185,25.1369,0.9484,17,99.0,piece_count,4,midgame,False,0.0,0.0,False
7,29,1,"[[2, 7], [3, 6]]","[3, 6]",153,20.6699,0.9573,17,99.0,piece_count,4,midgame,False,0.0,0.0,True
7,30,0,"[[5, 4], [4, 3]]","[4, 3]",194,41.1532,0.9459,17,99.0,piece_count,4,midgame,True,0,0.0,False
7,31,1,"[[3, 2], [5, 4]]","[5, 4]",41,9.7287,0.9199,17,99.0,piece_count,4,midgame,False,0.0,0.0,False
7,32,0,"[[5, 0], [4, 1]]","[4, 1]",199,45.7497,0.9223,17,105.0,piece_count,4,midgame,False,0.0,0.0,False
7,33,1,"[[5, 4], [6, 3]]","[6, 3]",176,40.7376,0.9509,17,105.0,piece_count,4,midgame,False,0.0,0.0,True
7,34,0,"[[7, 6], [6, 5]]","[6, 5]",138,31.3814,0.9326,17,105.0,piece_count,4,midgame,False,0.0,0.0,False
7,35,1,"[[6, 3], [7, 2]]","[7, 2]",142,33.289,0.9604,17,105.0,piece_count,4,midgame,True,0.0,0.0,True
7,36,0,"[[6, 5], [5, 4]]","[5, 4]",136,31.5063,0.9336,17,105.0,piece_count,4,midgame,False,0.0,0.0,False
7,37,1,"[[1, 6], [2, 7]]","[2, 7]",160,36.1266,0.9554,17,105.0,piece_count,4,midgame,False,0.0,0.0,False
7,38,0,"[[5, 2], [4, 3]]","[4, 3]",60,13.6311,0.9707,17,127.0,piece_count,4,midgame,False,0.0,0.0,False
7,39,1,"[[3, 0], [5, 2]]","[5, 2]",14,2.9848,0.9863,17,127.0,piece_count,4,midgame,False,0.0,0.0,False
7,40,0,"[[4, 3], [3, 2]]","[3, 2]",19,3.2387,0.9814,17,145.0,piece_count,4,midgame,True,0,0.0,False
7,41,1,"[[2, 3], [4, 1]]","[4, 1]",20,4.281,0.9609,17,145.0,piece_count,4,midgame,False,0.0,0.0,False
7,42,0,"[[5, 4], [4, 5]]","[4, 5]",80,17.3202,0.9219,17,205.0,piece_count,4,midgame,False,0.0,0.0,False
7,43,1,"[[3, 6], [5, 4]]","[5, 4]",6,1.071,0.9941,17,205.0,piece_count,4,midgame,False,0.0,0.0,False
7,44,0,"[[4, 7], [3, 6]]","[3, 6]",4,0.6406,0.9922,17,310.0,piece_count,4,midgame,False,0.0,0.0,False
7,45,1,"[[2, 5], [4, 7]]","[4, 7]",3,0.4499,0.9971,17,310.0,piece_count,4,midgame,True,132.0,132.0,True
8,0,0,"[[6, 1], [5, 0]]","[5, 0]",194,45.9263,0.9459,0,0,piece_count,4,opening,False,0,0.0,False
8,1,1,"[[1, 0], [2, 1]]","[2, 1]",209,51.1222,0.9417,0,0,piece_count,4,opening,False,0.0,0.0,True
8,2,0,"[[5, 0], [4, 1]]","[4, 1]",225,63.8354,0.9451,0,1.0,piece_count,4,opening,False,0.0,0.0,False
8,3,1,"[[0, 1], [1, 0]]","[1, 0]",228,69.1097,0.9443,0,1.0,piece_count,4,opening,False,0.0,0.0,True
8,4,0,"[[4, 1], [3, 0]]","[3, 0]",222,66.7772,0.9518,0,1.0,piece_count,4,opening,False,0.0,0.0,False
8,5,1,"[[1, 4], [2, 3]]","[2, 3]",145,43.9787,0.9528,0,1.0,piece_count,4,opening,False,0.0,0.0,True
8,6,0,"[[6, 3], [5, 2]]","[5, 2]",185,56.0906,0.9484,0,1.0,piece_count,4,opening,False,0.0,0.0,False
8,7,1,"[[0, 3], [1, 4]]","[1, 4]",195,53.6418,0.9456,0,1.0,piece_count,4,opening,False,0.0,0.0,True
8,8,0,"[[5, 2], [4, 3]]","[4, 3]",290,88.9866,0.9371,0,1.0,piece_count,4,opening,False,0.0,0.0,False
8,9,1,"[[1, 4], [2, 5]]","[2, 5]",229,49.8621,0.9255,0,1.0,piece_count,4,opening,False,0.0,0.0,True
8,10,0,"[[7, 0], [6, 1]]","[6, 1]",430,128.3348,0.9067,0,1.0,piece_count,4,opening,True,0,0.0,False
8,11,1,"[[0, 5], [1, 4]]","[1, 4]",259,78.8119,0.9277,0,1.0,piece_count,4,opening,False,0.0,0.0,True
8,12,0,"[[6, 1], [5, 2]]","[5, 2]",293,87.3232,0.9364,0,1.0,piece_count,4,opening,False,0.0,0.0,False
8,13,1,"[[1, 6], [2, 7]]","[2, 7]",170,54.8122,0.9447,0,1.0,piece_count,4,opening,False,0.0,0.0,True
8,14,0,"[[4, 3], [3, 2]]","[3, 2]",177,35.4962,0.9616,0,31.0,piece_count,4,opening,False,0.0,0.0,False
8,15,1,"[[2, 1], [4, 3], [6, 1]]","[6, 1]",40,10.71,0.9609,0,31.0,piece_count,4,opening,True,60.0,0.0,True
8,16,0,"[[7, 2], [5, 0]]","[5, 0]",53,8.7914,0.8965,0,91.0,piece_count,4,opening,False,0.0,0.0,False
8,17,1,"[[0, 7], [1, 6]]","[1, 6]",111,24.6849,0.9729,17,91.0,piece_count,4,opening,False,0.0,0.0,False
8,18,0,"[[3, 0], [2, 1]]","[2, 1]",100,15.7299,0.9674,17,91.0,piece_count,4,opening,False,0.0,0.0,False
8,19,1,"[[1, 0], [3, 2]]","[3, 2]",75,19.2599,0.9268,17,91.0,piece_count,4,opening,False,0.0,0.0,True
8,20,0,"[[6, 5], [5, 4]]","[5, 4]",154,27.1819,0.9398,17,99.0,piece_count,4,midgame,True,0,0.0,False
8,21,1,"[[1, 2], [2, 1]]","[2, 1]",202,47.4224,0.9436,17,99.0,piece_count,4,midgame,False,0.0,0.0,True
8,22,0,"[[6, 7], [5, 6]]","[5, 6]",234,47.3979,0.9347,17,99.0,piece_count,4,midgame,False,0.0,0.0,False
8,23,1,"[[2, 1], [3, 0]]","[3, 0]",286,64.343,0.9202,17,99.0,piece_count,4,midgame,False,0.0,0.0,True
8,24,0,"[[5, 6], [4, 7]]","[4, 7]",273,67.8015,0.9408,17,99.0,piece_count,4,midgame,False,0.0,0.0,False
8,25,1,"[[2, 3], [3, 4]]","[3, 4]",169,25.4228,0.9528,17,99.0,piece_count,4,midgame,True,0.0,0.0,True
8,26,0,"[[7, 4], [6, 3]]","[6, 3]",246,95.3579,0.9399,17,99.0,piece_count,4,midgame,False,0.0,0.0,False
8,27,1,"[[1, 4], [2, 3]]","[2, 3]",245,60.5879,0.9402,17,99.0,piece_count,4,midgame,False,0.0,0.0,True
8,28,0,"[[6, 3], [5, 2]]","[5, 2]",185,32.0046,0.9484,17,99.0,piece_count,4,midgame,False,0.0,0.0,False
8,29,1,"[[2, 7], [3, 6]]","[3, 6]",153,26.7522,0.9573,17,99.0,piece_count,4,midgame,False,0.0,0.0,True
8,30,0,"[[5, 4], [4, 3]]","[4, 3]",194,38.2974,0.9459,17,99.0,piece_count,4,midgame,True,0,0.0,False
8,31,1,"[[3, 2], [5, 4]]","[5, 4]",41,10.1037,0.9199,17,99.0,piece_count,4,midgame,False,0.0,0.0,False
8,32,0,"[[5, 0], [4, 1]]","[4, 1]",199,43.3354,0.9223,17,105.0,piece_count,4,midgame,False,0.0,0.0,False
8,33,1,"[[5, 4], [6, 3]]","[6, 3]",176,32.4383,0.9509,17,105.0,piece_count,4,midgame,False,0.0,0.0,True
8,34,0,"[[7, 6], [6, 5]]","[6, 5]",138,38.2824,0.9326,17,105.0,piece_count,4,midgame,False,0.0,0.0,False
8,35,1,"[[6, 3], [7, 2]]","[7, 2]",142,41.2304,0.9604,17,105.0,piece_count,4,midgame,True,0.0,0.0,True
8,36,0,"[[6, 5], [5, 4]]","[5, 4]",136,25.8174,0.9336,17,105.0,piece_count,4,midgame,False,0.0,0.0,False
8,37,1,"[[1, 6], [2, 7]]","[2, 7]",160,23.8831,0.9554,17,105.0,piece_count,4,midgame,False,0.0,0.0,False
8,38,0,"[[5, 2], [4, 3]]","[4, 3]",60,9.4454,0.9707,17,127.0,piece_count,4,midgame,False,0.0,0.0,False
8,39,1,"[[3, 0], [5, 2]]","[5, 2]",14,1.6346,0.9863,17,127.0,piece_count,4,midgame,False,0.0,0.0,False
8,40,0,"[[4, 3], [3, 2]]","[3, 2]",19,2.172,0.9814,17,145.0,piece_count,4,midgame,True,0,0.0,False
8,41,1,"[[2, 3], [4, 1]]","[4, 1]",20,2.7316,0.9609,17,145.0,piece_count,4,midgame,False,0.0,0.0,False
8,42,0,"[[5, 4], [4, 5]]","[4, 5]",80,17.8118,0.9219,17,205.0,piece_count,4,midgame,False,0.0,0.0,False
8,43,1,"[[3, 6], [5, 4]]","[5, 4]",6,1.0118,0.9941,17,205.0,piece_count,4,midgame,False,0.0,0.0,False
8,44,0,"[[4, 7], [3, 6]]","[3, 6]",4,0.6466,0.9922,17,310.0,piece_count,4,midgame,False,0.0,0.0,False
8,45,1,"[[2, 5], [4, 7]]","[4, 7]",3,0.5019,0.9971,17,310.0,piece_count,4,midgame,True,132.0,132.0,True
9,0,0,"[[6, 1], [5, 0]]","[5, 0]",194,69.7665,0.9459,0,0,piece_count,4,opening,False,0,0.0,False
9,1,1,"[[1, 0], [2, 1]]","[2, 1]",209,69.0157,0.9417,0,0,piece_count,4,opening,False,0.0,0.0,True
9,2,0,"[[5, 0], [4, 1]]","[4, 1]",225,57.8077,0.9451,0,1.0,piece_count,4,opening,False,0.0,0.0,False
9,3,1,"[[0, 1], [1, 0]]","[1, 0]",228,70.0819,0.9443,0,1.0,piece_count,4,opening,False,0.0,0.0,True
9,4,0,"[[4, 1], [3, 0]]","[3, 0]",222,74.4212,0.9518,0,1.0,piece_count,4,opening,False,0.0,0.0,False
9,5,1,"[[1, 4], [2, 3]]","[2, 3]",145,54.018,0.9528,0,1.0,piece_count,4,opening,False,0.0,0.0,True
9,6,0,"[[6, 3], [5, 2]]","[5, 2]",185,39.4297,0.9484,0,1.0,piece_count,4,opening,False,0.0,0.0,False
9,7,1,"[[0, 3], [1, 4]]","[1, 4]",195,44.6877,0.9456,0,1.0,piece_count,4,opening,False,0.0,0.0,True
9,8,0,"[[5, 2], [4, 3]]","[4, 3]",290,80.3642,0.9371,0,1.0,piece_count,4,opening,False,0.0,0.0,False
9,9,1,"[[1, 4], [2, 5]]","[2, 5]",229,73.2703,0.9255,0,1.0,piece_count,4,opening,False,0.0,0.0,True
9,10,0,"[[7, 0], [6, 1]]","[6, 1]",430,129.9551,0.9067,0,1.0,piece_count,4,opening,True,0,0.0,False
9,11,1,"[[0, 5], [1, 4]]","[1, 4]",259,52.9878,0.9277,0,1.0,piece_count,4,opening,False,0.0,0.0,True
9,12,0,"[[6, 1], [5, 2]]","[5, 2]",293,86.3564,0.9364,0,1.0,piece_count,4,opening,False,0.0,0.0,False
9,13,1,"[[1, 6], [2, 7]]","[2, 7]",170,50.7851,0.9447,0,1.0,piece_count,4,opening,False,0.0,0.0,True
9,14,0,"[[4, 3], [3, 2]]","[3, 2]",177,41.4186,0.9616,0,31.0,piece_count,4,opening,False,0.0,0.0,False
9,15,1,"[[2, 1], [4, 3], [6, 1]]","[6, 1]",40,6.0191,0.9609,0,31.0,piece_count,4,opening,True,60.0,0.0,True
9,16,0,"[[7, 2], [5, 0]]","[5, 0]",53,7.7436,0.8965,0,91.0,piece_count,4,opening,False,0.0,0.0,False
9,17,1,"[[0, 7], [1, 6]]","[1, 6]",111,17.6902,0.9729,17,91.0,piece_count,4,opening,False,0.0,0.0,False
9,18,0,"[[3, 0], [2, 1]]","[2, 1]",100,26.247,0.9674,17,91.0,piece_count,4,opening,False,0.0,0.0,False
9,19,1,"[[1, 0], [3, 2]]","[3, 2]",75,15.5344,0.9268,17,91.0,piece_count,4,opening,False,0.0,0.0,True
9,20,0,"[[6, 5], [5, 4]]","[5, 4]",154,38.6519,0.9398,17,99.0,piece_count,4,midgame,True,0,0.0,False
9,21,1,"[[1, 2], [2, 1]]","[2, 1]",202,39.5081,0.9436,17,99.0,piece_count,4,midgame,False,0.0,0.0,True
9,22,0,"[[6, 7], [5, 6]]","[5, 6]",234,47.9913,0.9347,17,99.0,piece_count,4,midgame,False,0.0,0.0,False
9,23,1,"[[2, 1], [3, 0]]","[3, 0]",286,68.3637,0.9202,17,99.0,piece_count,4,midgame,False,0.0,0.0,True
9,24,0,"[[5, 6], [4, 7]]","[4, 7]",273,45.3682,0.9408,17,99.0,piece_count,4,midgame,False,0.0,0.0,False
9,25,1,"[[2, 3], [3, 4]]","[3, 4]",169,29.5172,0.9528,17,99.0,piece_count,4,midgame,True,0.0,0.0,True
9,26,0,"[[7, 4], [6, 3]]","[6, 3]",246,48.6717,0.9399,17,99.0,piece_count,4,midgame,False,0.0,0.0,False
9,27,1,"[[1, 4], [2, 3]]","[2, 3]",245,47.3156,0.9402,17,99.0,piece_count,4,midgame,False,0.0,0.0,True
9,28,0,"[[6, 3], [5, 2]]","[5, 2]",185,34.5221,0.9484,17,99.0,piece_count,4,midgame,False,0.0,0.0,False
9,29,1,"[[2, 7], [3, 6]]","[3, 6]",153,38.2893,0.9573,17,99.0,piece_count,4,midgame,False,0.0,0.0,True
9,30,0,"[[5, 4], [4, 3]]","[4, 3]",194,42.7458,0.9459,17,99.0,piece_count,4,midgame,True,0,0.0,False
9,31,1,"[[3, 2], [5, 4]]","[5, 4]",41,7.1399,0.9199,17,99.0,piece_count,4,midgame,False,0.0,0.0,False
9,32,0,"[[5, 0], [4, 1]]","[4, 1]",199,68.2585,0.9223,17,105.0,piece_count,4,midgame,False,0.0,0.0,False
9,33,1,"[[5, 4], [6, 3]]","[6, 3]",176,59.6075,0.9509,17,105.0,piece_count,4,midgame,False,0.0,0.0,True
9,34,0,"[[7, 6], [6, 5]]","[6, 5]",138,43.844,0.9326,17,105.0,piece_count,4,midgame,False,0.0,0.0,False
9,35,1,"[[6, 3], [7, 2]]","[7, 2]",142,48.7225,0.9604,17,105.0,piece_count,4,midgame,True,0.0,0.0,True
9,36,0,"[[6, 5], [5, 4]]","[5, 4]",136,64.2095,0.9336,17,105.0,piece_count,4,midgame,False,0.0,0.0,False
9,37,1,"[[1, 6], [2, 7]]","[2, 7]",160,85.1724,0.9554,17,105.0,piece_count,4,midgame,False,0.0,0.0,False
9,38,0,"[[5, 2], [4, 3]]","[4, 3]",60,27.8194,0.9707,17,127.0,piece_count,4,midgame,False,0.0,0.0,False
9,39,1,"[[3, 0], [5, 2]]","[5, 2]",14,2.9266,0.9863,17,127.0,piece_count,4,midgame,False,0.0,0.0,False
9,40,0,"[[4, 3], [3, 2]]","[3, 2]",19,6.5529,0.9814,17,145.0,piece_count,4,midgame,True,0,0.0,False
9,41,1,"[[2, 3], [4, 1]]","[4, 1]",20,5.7206,0.9609,17,145.0,piece_count,4,midgame,False,0.0,0.0,False
9,42,0,"[[5, 4], [4, 5]]","[4, 5]",80,33.1192,0.9219,17,205.0,piece_count,4,midgame,False,0.0,0.0,False
9,43,1,"[[3, 6], [5, 4]]","[5, 4]",6,1.9846,0.9941,17,205.0,piece_count,4,midgame,False,0.0,0.0,False
9,44,0,"[[4, 7], [3, 6]]","[3, 6]",4,0.8905,0.9922,17,310.0,piece_count,4,midgame,False,0.0,0.0,False
9,45,1,"[[2, 5], [4, 7]]","[4, 7]",3,0.7207,0.9971,17,310.0,piece_count,4,midgame,True,132.0,132.0,True
10,0,0,"[[6, 1], [5, 0]]","[5, 0]",194,109.7081,0.9459,0,0,piece_count,4,opening,False,0,0.0,False
10,1,1,"[[1, 0], [2, 1]]","[2, 1]",209,84.2571,0.9417,0,0,piece_count,4,opening,False,0.0,0.0,True
10,2,0,"[[5, 0], [4, 1]]","[4, 1]",225,57.7495,0.9451,0,1.0,piece_count,4,opening,False,0.0,0.0,False
10,3,1,"[[0, 1], [1, 0]]","[1, 0]",228,55.794,0.9443,0,1.0,piece_count,4,opening,False,0.0,0.0,True
10,4,0,"[[4, 1], [3, 0]]","[3, 0]",222,48.9781,0.9518,0,1.0,piece_count,4,opening,False,0.0,0.0,False
10,5,1,"[[1, 4], [2, 3]]","[2, 3]",145,41.1208,0.9528,0,1.0,piece_count,4,opening,False,0.0,0.0,True
10,6,0,"[[6, 3], [5, 2]]","[5, 2]",185,42.0823,0.9484,0,1.0,piece_count,4,opening,False,0.0,0.0,False
10,7,1,"[[0, 3], [1, 4]]","[1, 4]",195,42.2435,0.9456,0,1.0,piece_count,4,opening,False,0.0,0.0,True
10,8,0,"[[5, 2], [4, 3]]","[4, 3]",290,84.4491,0.9371,0,1.0,piece_count,4,opening,False,0.0,0.0,False
10,9,1,"[[1, 4], [2, 5]]","[2, 5]",229,107.4343,0.9255,0,1.0,piece_count,4,opening,False,0.0,0.0,True
10,10,0,"[[7, 0], [6, 1]]","[6, 1]",430,173.0266,0.9067,0,1.0,piece_count,4,opening,True,0,0.0,False
10,11,1,"[[0, 5], [1, 4]]","[1, 4]",259,70.7412,0.9277,0,1.0,piece_count,4,opening,False,0.0,0.0,True
10,12,0,"[[6, 1], [5, 2]]","[5, 2]",293,73.051,0.9364,0,1.0,piece_count,4,opening,False,0.0,0.0,False
10,13,1,"[[1, 6], [2, 7]]","[2, 7]",170,49.4246,0.9447,0,1.0,piece_count,4,opening,False,0.0,0.0,True
10,14,0,"[[4, 3], [3, 2]]","[3, 2]",177,84.4212,0.9616,0,31.0,piece_count,4,opening,False,0.0,0.0,False
10,15,1,"[[2, 1], [4, 3], [6, 1]]","[6, 1]",40,11.1234,0.9609,0,31.0,piece_count,4,opening,True,60.0,0.0,True
10,16,0,"[[7, 2], [5, 0]]","[5, 0]",53,15.7299,0.8965,0,91.0,piece_count,4,opening,False,0.0,0.0,False
10,17,1,"[[0, 7], [1, 6]]","[1, 6]",111,61.3754,0.9729,17,91.0,piece_count,4,opening,False,0.0,0.0,False
10,18,0,"[[3, 0], [2, 1]]","[2, 1]",100,37.1313,0.9674,17,91.0,piece_count,4,opening,False,0.0,0.0,False
10,19,1,"[[1, 0], [3, 2]]","[3, 2]",75,24.0927,0.9268,17,91.0,piece_count,4,opening,False,0.0,0.0,True
10,20,0,"[[6, 5], [5, 4]]","[5, 4]",154,68.8269,0.9398,17,99.0,piece_count,4,midgame,True,0,0.0,False
10,21,1,"[[1, 2], [2, 1]]","[2, 1]",202,51.3258,0.9436,17,99.0,piece_count,4,midgame,False,0.0,0.0,True
10,22,0,"[[6, 7], [5, 6]]","[5, 6]",234,150.8594,0.9347,17,99.0,piece_count,4,midgame,False,0.0,0.0,False
10,23,1,"[[2, 1], [3, 0]]","[3, 0]",286,167.8586,0.9202,17,99.0,piece_count,4,midgame,False,0.0,0.0,True
10,24,0,"[[5, 6], [4, 7]]","[4, 7]",273,83.1356,0.9408,17,99.0,piece_count,4,midgame,False,0.0,0.0,False
10,25,1,"[[2, 3], [3, 4]]","[3, 4]",169,45.0964,0.9528,17,99.0,piece_count,4,midgame,True,0.0,0.0,True
10,26,0,"[[7, 4], [6, 3]]","[6, 3]",246,55.5301,0.9399,17,99.0,piece_count,4,midgame,False,0.0,0.0,False
10,27,1,"[[1, 4], [2, 3]]","[2, 3]",245,54.8785,0.9402,17,99.0,piece_count,4,midgame,False,0.0,0.0,True
10,28,0,"[[6, 3], [5, 2]]","[5, 2]",185,36.5789,0.9484,17,99.0,piece_count,4,midgame,False,0.0,0.0,False
10,29,1,"[[2, 7], [3, 6]]","[3, 6]",153,28.0664,0.9573,17,99.0,piece_count,4,midgame,False,0.0,0.0,True
10,30,0,"[[5, 4], [4, 3]]","[4, 3]",194,36.7696,0.9459,17,99.0,piece_count,4,midgame,True,0,0.0,False
10,31,1,"[[3, 2], [5, 4]]","[5, 4]",41,9.7697,0.9199,17,99.0,piece_count,4,midgame,False,0.0,0.0,False
10,32,0,"[[5, 0], [4, 1]]","[4, 1]",199,34.3485,0.9223,17,105.0,piece_count,4,midgame,False,0.0,0.0,False
10,33,1,"[[5, 4], [6, 3]]","[6, 3]",176,32.5217,0.9509,17,105.0,piece_count,4,midgame,False,0.0,0.0,True
10,34,0,"[[7, 6], [6, 5]]","[6, 5]",138,26.6798,0.9326,17,105.0,piece_count,4,midgame,False,0.0,0.0,False
10,35,1,"[[6, 3], [7, 2]]","[7, 2]",142,37.0119,0.9604,17,105.0,piece_count,4,midgame,True,0.0,0.0,True
10,36,0,"[[6, 5], [5, 4]]","[5, 4]",136,21.9269,0.9336,17,105.0,piece_count,4,midgame,False,0.0,0.0,False
10,37,1,"[[1, 6], [2, 7]]","[2, 7]",160,41.5847,0.9554,17,105.0,piece_count,4,midgame,False,0.0,0.0,False
10,38,0,"[[5, 2], [4, 3]]","[4, 3]",60,12.0771,0.9707,17,127.0,piece_count,4,midgame,False,0.0,0.0,False
10,39,1,"[[3, 0], [5, 2]]","[5, 2]",14,1.8077,0.9863,17,127.0,piece_count,4,midgame,False,0.0,0.0,False
10,40,0,"[[4, 3], [3, 2]]","[3, 2]",19,2.2187,0.9814,17,145.0,piece_count,4,midgame,True,0,0.0,False
10,41,1,"[[2, 3], [4, 1]]","[4, 1]",20,4.3993,0.9609,17,145.0,piece_count,4,midgame,False,0.0,0.0,False
10,42,0,"[[5, 4], [4, 5]]","[4, 5]",80,10.3538,0.9219,17,205.0,piece_count,4,midgame,False,0.0,0.0,False
10,43,1,"[[3, 6], [5, 4]]","[5, 4]",6,0.581,0.9941,17,205.0,piece_count,4,midgame,False,0.0,0.0,False
10,44,0,"[[4, 7], [3, 6]]","[3, 6]",4,0.9751,0.9922,17,310.0,piece_count,4,midgame,False,0.0,0.0,False
10,45,1,"[[2, 5], [4, 7]]","[4, 7]",3,0.4508,0.9971,17,310.0,piece_count,4,midgame,True,132.0,132.0,True
11,0,0,"[[6, 1], [5, 0]]","[5, 0]",194,153.6262,0.9459,0,0,piece_count,4,opening,False,0,0.0,False
11,1,1,"[[1, 0], [2, 1]]","[2, 1]",209,85.6576,0.9417,0,0,piece_count,4,opening,False,0.0,0.0,True
11,2,0,"[[5, 0], [4, 1]]","[4, 1]",225,71.039,0.9451,0,1.0,piece_count,4,opening,False,0.0,0.0,False
11,3,1,"[[0, 1], [1, 0]]","[1, 0]",228,61.2257,0.9443,0,1.0,piece_count,4,opening,False,0.0,0.0,True
11,4,0,"[[4, 1], [3, 0]]","[3, 0]",222,55.4011,0.9518,0,1.0,piece_count,4,opening,False,0.0,0.0,False
11,5,1,"[[1, 4], [2, 3]]","[2, 3]",145,32.2583,0.9528,0,1.0,piece_count,4,opening,False,0.0,0.0,True
11,6,0,"[[6, 3], [5, 2]]","[5, 2]",185,49.3066,0.9484,0,1.0,piece_count,4,opening,False,0.0,0.0,False
11,7,1,"[[0, 3], [1, 4]]","[1, 4]",195,75.9995,0.9456,0,1.0,piece_count,4,opening,False,0.0,0.0,True
11,8,0,"[[5, 2], [4, 3]]","[4, 3]",290,89.3235,0.9371,0,1.0,piece_count,4,opening,False,0.0,0.0,False
11,9,1,"[[1, 4], [2, 5]]","[2, 5]",229,97.878,0.9255,0,1.0,piece_count,4,opening,False,0.0,0.0,True
11,10,0,"[[7, 0], [6, 1]]","[6, 1]",430,214.0596,0.9067,0,1.0,piece_count,4,opening,True,0,0.0,False
11,11,1,"[[0, 5], [1, 4]]","[1, 4]",259,69.3789,0.9277,0,1.0,piece_count,4,opening,False,0.0,0.0,True
11,12,0,"[[6, 1], [5, 2]]","[5, 2]",293,77.8112,0.9364,0,1.0,piece_count,4,opening,False,0.0,0.0,False
11,13,1,"[[1, 6], [2, 7]]","[2, 7]",170,44.4012,0.9447,0,1.0,piece_count,4,opening,False,0.0,0.0,True
11,14,0,"[[4, 3], [3, 2]]","[3, 2]",177,36.6201,0.9616,0,31.0,piece_count,4,opening,False,0.0,0.0,False
11,15,1,"[[2, 1], [4, 3], [6, 1]]","[6, 1]",40,9.4261,0.9609,0,31.0,piece_count,4,opening,True,60.0,0.0,True
11,16,0,"[[7, 2], [5, 0]]","[5, 0]",53,13.0837,0.8965,0,91.0,piece_count,4,opening,False,0.0,0.0,False
11,17,1,"[[0, 7], [1, 6]]","[1, 6]",111,29.0334,0.9729,17,91.0,piece_count,4,opening,False,0.0,0.0,False
11,18,0,"[[3, 0], [2, 1]]","[2, 1]",100,26.9186,0.9674,17,91.0,piece_count,4,opening,False,0.0,0.0,False
11,19,1,"[[1, 0], [3, 2]]","[3, 2]",75,10.5057,0.9268,17,91.0,piece_count,4,opening,False,0.0,0.0,True
11,20,0,"[[6, 5], [5, 4]]","[5, 4]",154,36.5484,0.9398,17,99.0,piece_count,4,midgame,True,0,0.0,False
11,21,1,"[[1, 2], [2, 1]]","[2, 1]",202,50.9775,0.9436,17,99.0,piece_count,4,midgame,False,0.0,0.0,True
11,22,0,"[[6, 7], [5, 6]]","[5, 6]",234,48.4695,0.9347,17,99.0,piece_count,4,midgame,False,0.0,0.0,False
11,23,1,"[[2, 1], [3, 0]]","[3, 0]",286,69.6032,0.9202,17,99.0,piece_count,4,midgame,False,0.0,0.0,True
11,24,0,"[[5, 6], [4, 7]]","[4, 7]",273,83.9374,0.9408,17,99.0,piece_count,4,midgame,False,0.0,0.0,False
11,25,1,"[[2, 3], [3, 4]]","[3, 4]",169,39.3555,0.9528,17,99.0,piece_count,4,midgame,True,0.0,0.0,True
11,26,0,"[[7, 4], [6, 3]]","[6, 3]",246,45.4946,0.9399,17,99.0,piece_count,4,midgame,False,0.0,0.0,False
11,27,1,"[[1, 4], [2, 3]]","[2, 3]",245,54.6653,0.9402,17,99.0,piece_count,4,midgame,False,0.0,0.0,True
11,28,0,"[[6, 3], [5, 2]]","[5, 2]",185,43.0954,0.9484,17,99.0,piece_count,4,midgame,False,0.0,0.0,False
11,29,1,"[[2, 7], [3, 6]]","[3, 6]",153,24.5039,0.9573,17,99.0,piece_count,4,midgame,False,0.0,0.0,True
11,30,0,"[[5, 4], [4, 3]]","[4, 3]",194,35.212,0.9459,17,99.0,piece_count,4,midgame,True,0,0.0,False
11,31,1,"[[3, 2], [5, 4]]","[5, 4]",41,5.784,0.9199,17,99.0,piece_count,4,midgame,False,0.0,0.0,False
11,32,0,"[[5, 0], [4, 1]]","[4, 1]",199,33.8368,0.9223,17,105.0,piece_count,4,midgame,False,0.0,0.0,False
11,33,1,"[[5, 4], [6, 3]]","[6, 3]",176,29.9366,0.9509,17,105.0,piece_count,4,midgame,False,0.0,0.0,True
11,34,0,"[[7, 6], [6, 5]]","[6, 5]",138,18.3585,0.9326,17,105.0,piece_count,4,midgame,False,0.0,0.0,False
11,35,1,"[[6, 3], [7, 2]]","[7, 2]",142,23.3145,0.9604,17,105.0,piece_count,4,midgame,True,0.0,0.0,True
11,36,0,"[[6, 5], [5, 4]]","[5, 4]",136,31.8699,0.9336,17,105.0,piece_count,4,midgame,False,0.0,0.0,False
11,37,1,"[[1, 6], [2, 7]]","[2, 7]",160,30.2372,0.9554,17,105.0,piece_count,4,midgame,False,0.0,0.0,False
11,38,0,"[[5, 2], [4, 3]]","[4, 3]",60,7.9844,0.9707,17,127.0,piece_count,4,midgame,False,0.0,0.0,False
11,39,1,"[[3, 0], [5, 2]]","[5, 2]",14,1.6346,0.9863,17,127.0,piece_count,4,midgame,False,0.0,0.0,False
11,40,0,"[[4, 3], [3, 2]]","[3, 2]",19,2.1548,0.9814,17,145.0,piece_count,4,midgame,True,0,0.0,False
11,41,1,"[[2, 3], [4, 1]]","[4, 1]",20,2.3203,0.9609,17,145.0,piece_count,4,midgame,False,0.0,0.0,False
11,42,0,"[[5, 4], [4, 5]]","[4, 5]",80,13.7513,0.9219,17,205.0,piece_count,4,midgame,False,0.0,0.0,False
11,43,1,"[[3, 6], [5, 4]]","[5, 4]",6,1.0672,0.9941,17,205.0,piece_count,4,midgame,False,0.0,0.0,False
11,44,0,"[[4, 7], [3, 6]]","[3, 6]",4,0.6397,0.9922,17,310.0,piece_count,4,midgame,False,0.0,0.0,False
11,45,1,"[[2, 5], [4, 7]]","[4, 7]",3,0.4463,0.9971,17,310.0,piece_count,4,midgame,True,132.0,132.0,True
12,0,0,"[[6, 1], [5, 0]]","[5, 0]",194,51.7974,0.9459,0,0,piece_count,4,opening,False,0,0.0,False
12,1,1,"[[1, 0], [2, 1]]","[2, 1]",209,44.3947,0.9417,0,0,piece_count,4,opening,False,0.0,0.0,True
12,2,0,"[[5, 0], [4, 1]]","[4, 1]",225,59.988,0.9451,0,1.0,piece_count,4,opening,False,0.0,0.0,False
12,3,1,"[[0, 1], [1, 0]]","[1, 0]",228,75.3379,0.9443,0,1.0,piece_count,4,opening,False,0.0,0.0,True
12,4,0,"[[4, 1], [3, 0]]","[3, 0]",222,66.7763,0.9518,0,1.0,piece_count,4,opening,False,0.0,0.0,False
12,5,1,"[[1, 4], [2, 3]]","[2, 3]",145,29.6073,0.9528,0,1.0,piece_count,4,opening,False,0.0,0.0,True
12,6,0,"[[6, 3], [5, 2]]","[5, 2]",185,52.0582,0.9484,0,1.0,piece_count,4,opening,False,0.0,0.0,False
12,7,1,"[[0, 3], [1, 4]]","[1, 4]",195,57.4262,0.9456,0,1.0,piece_count,4,opening,False,0.0,0.0,True
12,8,0,"[[5, 2], [4, 3]]","[4, 3]",290,81.0466,0.9371,0,1.0,piece_count,4,opening,False,0.0,0.0,False
12,9,1,"[[1, 4], [2, 5]]","[2, 5]",229,70.6902,0.9255,0,1.0,piece_count,4,opening,False,0.0,0.0,True
12,10,0,"[[7, 0], [6, 1]]","[6, 1]",430,119.1161,0.9067,0,1.0,piece_count,4,opening,True,0,0.0,False
12,11,1,"[[0, 5], [1, 4]]","[1, 4]",259,66.0419,0.9277,0,1.0,piece_count,4,opening,False,0.0,0.0,True
12,12,0,"[[6, 1], [5, 2]]","[5, 2]",293,64.5521,0.9364,0,1.0,piece_count,4,opening,False,0.0,0.0,False
12,13,1,"[[1, 6], [2, 7]]","[2, 7]",170,79.8979,0.9447,0,1.0,piece_count,4,opening,False,0.0,0.0,True
12,14,0,"[[4, 3], [3, 2]]","[3, 2]",177,60.9283,0.9616,0,31.0,piece_count,4,opening,False,0.0,0.0,False
12,15,1,"[[2, 1], [4, 3], [6, 1]]","[6, 1]",40,9.2936,0.9609,0,31.0,piece_count,4,opening,True,60.0,0.0,True
12,16,0,"[[7, 2], [5, 0]]","[5, 0]",53,14.1485,0.8965,0,91.0,piece_count,4,opening,False,0.0,0.0,False
12,17,1,"[[0, 7], [1, 6]]","[1, 6]",111,28.0359,0.9729,17,91.0,piece_count,4,opening,False,0.0,0.0,False
12,18,0,"[[3, 0], [2, 1]]","[2, 1]",100,26.9732,0.9674,17,91.0,piece_count,4,opening,False,0.0,0.0,False
12,19,1,"[[1, 0], [3, 2]]","[3, 2]",75,20.7608,0.9268,17,91.0,piece_count,4,opening,False,0.0,0.0,True
12,20,0,"[[6, 5], [5, 4]]","[5, 4]",154,60.8454,0.9398,17,99.0,piece_count,4,midgame,True,0,0.0,False
12,21,1,"[[1, 2], [2, 1]]","[2, 1]",202,47.5011,0.9436,17,99.0,piece_count,4,midgame,False,0.0,0.0,True
12,22,0,"[[6, 7], [5, 6]]","[5, 6]",234,57.6959,0.9347,17,99.0,piece_count,4,midgame,False,0.0,0.0,False
12,23,1,"[[2, 1], [3, 0]]","[3, 0]",286,67.5983,0.9202,17,99.0,piece_count,4,midgame,False,0.0,0.0,True
12,24,0,"[[5, 6], [4, 7]]","[4, 7]",273,40.3252,0.9408,17,99.0,piece_count,4,midgame,False,0.0,0.0,False
12,25,1,"[[2, 3], [3, 4]]","[3, 4]",169,36.3295,0.9528,17,99.0,piece_count,4,midgame,True,0.0,0.0,True
12,26,0,"[[7, 4], [6, 3]]","[6, 3]",246,58.0096,0.9399,17,99.0,piece_count,4,midgame,False,0.0,0.0,False
12,27,1,"[[1, 4], [2, 3]]","[2, 3]",245,60.267,0.9402,17,99.0,piece_count,4,midgame,False,0.0,0.0,True
12,28,0,"[[6, 3], [5, 2]]","[5, 2]",185,43.2813,0.9484,17,99.0,piece_count,4,midgame,False,0.0,0.0,False
12,29,1,"[[2, 7], [3, 6]]","[3, 6]",153,30.3452,0.9573,17,99.0,piece_count,4,midgame,False,0.0,0.0,True
12,30,0,"[[5, 4], [4, 3]]","[4, 3]",194,40.617,0.9459,17,99.0,piece_count,4,midgame,True,0,0.0,False
12,31,1,"[[3, 2], [5, 4]]","[5, 4]",41,5.3549,0.9199,17,99.0,piece_count,4,midgame,False,0.0,0.0,False
12,32,0,"[[5, 0], [4, 1]]","[4, 1]",199,27.4818,0.9223,17,105.0,piece_count,4,midgame,False,0.0,0.0,False
12,33,1,"[[5, 4], [6, 3]]","[6, 3]",176,23.0985,0.9509,17,105.0,piece_count,4,midgame,False,0.0,0.0,True
12,34,0,"[[7, 6], [6, 5]]","[6, 5]",138,36.1917,0.9326,17,105.0,piece_count,4,midgame,False,0.0,0.0,False
12,35,1,"[[6, 3], [7, 2]]","[7, 2]",142,19.6095,0.9604,17,105.0,piece_count,4,midgame,True,0.0,0.0,True
12,36,0,"[[6, 5], [5, 4]]","[5, 4]",136,21.0893,0.9336,17,105.0,piece_count,4,midgame,False,0.0,0.0,False
12,37,1,"[[1, 6], [2, 7]]","[2, 7]",160,21.4107,0.9554,17,105.0,piece_count,4,midgame,False,0.0,0.0,False
12,38,0,"[[5, 2], [4, 3]]","[4, 3]",60,7.5788,0.9707,17,127.0,piece_count,4,midgame,False,0.0,0.0,False
12,39,1,"[[3, 0], [5, 2]]","[5, 2]",14,1.6291,0.9863,17,127.0,piece_count,4,midgame,False,0.0,0.0,False
12,40,0,"[[4, 3], [3, 2]]","[3, 2]",19,2.6712,0.9814,17,145.0,piece_count,4,midgame,True,0,0.0,False
12,41,1,"[[2, 3], [4, 1]]","[4, 1]",20,2.3358,0.9609,17,145.0,piece_count,4,midgame,False,0.0,0.0,False
12,42,0,"[[5, 4], [4, 5]]","[4, 5]",80,9.3009,0.9219,17,205.0,piece_count,4,midgame,False,0.0,0.0,False
12,43,1,"[[3, 6], [5, 4]]","[5, 4]",6,0.5753,0.9941,17,205.0,piece_count,4,midgame,False,0.0,0.0,False
12,44,0,"[[4, 7], [3, 6]]","[3, 6]",4,0.3417,0.9922,17,310.0,piece_count,4,midgame,False,0.0,0.0,False
12,45,1,"[[2, 5], [4, 7]]","[4, 7]",3,0.3088,0.9971,17,310.0,piece_count,4,midgame,True,132.0,132.0,True
13,0,0,"[[6, 1], [5, 0]]","[5, 0]",194,62.0997,0.9459,0,0,piece_count,4,opening,False,0,0.0,False
13,1,1,"[[1, 0], [2, 1]]","[2, 1]",209,62.7944,0.9417,0,0,piece_count,4,opening,False,0.0,0.0,True
13,2,0,"[[5, 0], [4, 1]]","[4, 1]",225,66.6084,0.9451,0,1.0,piece_count,4,opening,False,0.0,0.0,False
13,3,1,"[[0, 1], [1, 0]]","[1, 0]",228,68.2821,0.9443,0,1.0,piece_count,4,opening,False,0.0,0.0,True
13,4,0,"[[4, 1], [3, 0]]","[3, 0]",222,61.5432,0.9518,0,1.0,piece_count,4,opening,False,0.0,0.0,False
13,5,1,"[[1, 4], [2, 3]]","[2, 3]",145,43.2851,0.9528,0,1.0,piece_count,4,opening,False,0.0,0.0,True
13,6,0,"[[6, 3], [5, 2]]","[5, 2]",185,39.8951,0.9484,0,1.0,piece_count,4,opening,False,0.0,0.0,False
13,7,1,"[[0, 3], [1, 4]]","[1, 4]",195,51.0781,0.9456,0,1.0,piece_count,4,opening,False,0.0,0.0,True
13,8,0,"[[5, 2], [4, 3]]","[4, 3]",290,65.5634,0.9371,0,1.0,piece_count,4,opening,False,0.0,0.0,False
13,9,1,"[[1, 4], [2, 5]]","[2, 5]",229,39.4633,0.9255,0,1.0,piece_count,4,opening,False,0.0,0.0,True
13,10,0,"[[7, 0], [6, 1]]","[6, 1]",430,109.3152,0.9067,0,1.0,piece_count,4,opening,True,0,0.0,False
13,11,1,"[[0, 5], [1, 4]]","[1, 4]",259,63.3128,0.9277,0,1.0,piece_count,4,opening,False,0.0,0.0,True
13,12,0,"[[6, 1], [5, 2]]","[5, 2]",293,89.1888,0.9364,0,1.0,piece_count,4,opening,False,0.0,0.0,False
13,13,1,"[[1, 6], [2, 7]]","[2, 7]",170,40.2215,0.9447,0,1.0,piece_count,4,opening,False,0.0,0.0,True
13,14,0,"[[4, 3], [3, 2]]","[3, 2]",177,52.4943,0.9616,0,31.0,piece_count,4,opening,False,0.0,0.0,False
13,15,1,"[[2, 1], [4, 3], [6, 1]]","[6, 1]",40,6.6268,0.9609,0,31.0,piece_count,4,opening,True,60.0,0.0,True
13,16,0,"[[7, 2], [5, 0]]","[5, 0]",53,7.7789,0.8965,0,91.0,piece_count,4,opening,False,0.0,0.0,False
13,17,1,"[[0, 7], [1, 6]]","[1, 6]",111,24.6615,0.9729,17,91.0,piece_count,4,opening,False,0.0,0.0,False
13,18,0,"[[3, 0], [2, 1]]","[2, 1]",100,20.0522,0.9674,17,91.0,piece_count,4,opening,False,0.0,0.0,False
13,19,1,"[[1, 0], [3, 2]]","[3, 2]",75,14.5323,0.9268,17,91.0,piece_count,4,opening,False,0.0,0.0,True
13,20,0,"[[6, 5], [5, 4]]","[5, 4]",154,40.0326,0.9398,17,99.0,piece_count,4,midgame,True,0,0.0,False
13,21,1,"[[1, 2], [2, 1]]","[2, 1]",202,49.705,0.9436,17,99.0,piece_count,4,midgame,False,0.0,0.0,True
13,22,0,"[[6, 7], [5, 6]]","[5, 6]",234,56.1821,0.9347,17,99.0,piece_count,4,midgame,False,0.0,0.0,False
13,23,1,"[[2, 1], [3, 0]]","[3, 0]",286,54.441,0.9202,17,99.0,piece_count,4,midgame,False,0.0,0.0,True
13,24,0,"[[5, 6], [4, 7]]","[4, 7]",273,65.2168,0.9408,17,99.0,piece_count,4,midgame,False,0.0,0.0,False
13,25,1,"[[2, 3], [3, 4]]","[3, 4]",169,23.7353,0.9528,17,99.0,piece_count,4,midgame,True,0.0,0.0,True
13,26,0,"[[7, 4], [6, 3]]","[6, 3]",246,35.8608,0.9399,17,99.0,piece_count,4,midgame,False,0.0,0.0,False
13,27,1,"[[1, 4], [2, 3]]","[2, 3]",245,40.952,0.9402,17,99.0,piece_count,4,midgame,False,0.0,0.0,True
13,28,0,"[[6, 3], [5, 2]]","[5, 2]",185,29.7968,0.9484,17,99.0,piece_count,4,midgame,False,0.0,0.0,False
13,29,1,"[[2, 7], [3, 6]]","[3, 6]",153,27.7171,0.9573,17,99.0,piece_count,4,midgame,False,0.0,0.0,True
13,30,0,"[[5, 4], [4, 3]]","[4, 3]",194,32.5792,0.9459,17,99.0,piece_count,4,midgame,True,0,0.0,False
13,31,1,"[[3, 2], [5, 4]]","[5, 4]",41,5.8331,0.9199,17,99.0,piece_count,4,midgame,False,0.0,0.0,False
13,32,0,"[[5, 0], [4, 1]]","[4, 1]",199,26.4626,0.9223,17,105.0,piece_count,4,midgame,False,0.0,0.0,False
13,33,1,"[[5, 4], [6, 3]]","[6, 3]",176,26.8183,0.9509,17,105.0,piece_count,4,midgame,False,0.0,0.0,True
13,34,0,"[[7, 6], [6, 5]]","[6, 5]",138,31.3811,0.9326,17,105.0,piece_count,4,midgame,False,0.0,0.0,False
13,35,1,"[[6, 3], [7, 2]]","[7, 2]",142,26.3672,0.9604,17,105.0,piece_count,4,midgame,True,0.0,0.0,True
13,36,0,"[[6, 5], [5, 4]]","[5, 4]",136,31.4009,0.9336,17,105.0,piece_count,4,midgame,False,0.0,0.0,False
13,37,1,"[[1, 6], [2, 7]]","[2, 7]",160,24.981,0.9554,17,105.0,piece_count,4,midgame,False,0.0,0.0,False
13,38,0,"[[5, 2], [4, 3]]","[4, 3]",60,12.8148,0.9707,17,127.0,piece_count,4,midgame,False,0.0,0.0,False
13,39,1,"[[3, 0], [5, 2]]","[5, 2]",14,1.641,0.9863,17,127.0,piece_count,4,midgame,False,0.0,0.0,False
13,40,0,"[[4, 3], [3, 2]]","[3, 2]",19,2.146,0.9814,17,145.0,piece_count,4,midgame,True,0,0.0,False
13,41,1,"[[2, 3], [4, 1]]","[4, 1]",20,2.3284,0.9609,17,145.0,piece_count,4,midgame,False,0.0,0.0,False
13,42,0,"[[5, 4], [4, 5]]","[4, 5]",80,9.788,0.9219,17,205.0,piece_count,4,midgame,False,0.0,0.0,False
13,43,1,"[[3, 6], [5, 4]]","[5, 4]",6,0.5772,0.9941,17,205.0,piece_count,4,midgame,False,0.0,0.0,False
13,44,0,"[[4, 7], [3, 6]]","[3, 6]",4,0.3486,0.9922,17,310.0,piece_count,4,midgame,False,0.0,0.0,False
13,45,1,"[[2, 5], [4, 7]]","[4, 7]",3,0.2358,0.9971,17,310.0,piece_count,4,midgame,True,132.0,132.0,True
14,0,0,"[[6, 1], [5, 0]]","[5, 0]",194,41.1611,0.9459,0,0,piece_count,4,opening,False,0,0.0,False
14,1,1,"[[1, 0], [2, 1]]","[2, 1]",209,43.4854,0.9417,0,0,piece_count,4,opening,False,0.0,0.0,True
14,2,0,"[[5, 0], [4, 1]]","[4, 1]",225,57.9212,0.9451,0,1.0,piece_count,4,opening,False,0.0,0.0,False
14,3,1,"[[0, 1], [1, 0]]","[1, 0]",228,69.8395,0.9443,0,1.0,piece_count,4,opening,False,0.0,0.0,True
14,4,0,"[[4, 1], [3, 0]]","[3, 0]",222,41.8715,0.9518,0,1.0,piece_count,4,opening,False,0.0,0.0,False
14,5,1,"[[1, 4], [2, 3]]","[2, 3]",145,38.2891,0.9528,0,1.0,piece_count,4,opening,False,0.0,0.0,True
14,6,0,"[[6, 3], [5, 2]]","[5, 2]",185,58.6393,0.9484,0,1.0,piece_count,4,opening,False,0.0,0.0,False
14,7,1,"[[0, 3], [1, 4]]","[1, 4]",195,42.3889,0.9456,0,1.0,piece_count,4,opening,False,0.0,0.0,True
14,8,0,"[[5, 2], [4, 3]]","[4, 3]",290,87.8086,0.9371,0,1.0,piece_count,4,opening,False,0.0,0.0,False
14,9,1,"[[1, 4], [2, 5]]","[2, 5]",229,64.9569,0.9255,0,1.0,piece_count,4,opening,False,0.0,0.0,True
14,10,0,"[[7, 0], [6, 1]]","[6, 1]",430,91.6083,0.9067,0,1.0,piece_count,4,opening,True,0,0.0,False
14,11,1,"[[0, 5], [1, 4]]","[1, 4]",259,78.1446,0.9277,0,1.0,piece_count,4,opening,False,0.0,0.0,True
14,12,0,"[[6, 1], [5, 2]]","[5, 2]",293,69.7992,0.9364,0,1.0,piece_count,4,opening,False,0.0,0.0,False
14,13,1,"[[1, 6], [2, 7]]","[2, 7]",170,30.2751,0.9447,0,1.0,piece_count,4,opening,False,0.0,0.0,True
14,14,0,"[[4, 3], [3, 2]]","[3, 2]",177,51.2512,0.9616,0,31.0,piece_count,4,opening,False,0.0,0.0,False
14,15,1,"[[2, 1], [4, 3], [6, 1]]","[6, 1]",40,9.9258,0.9609,0,31.0,piece_count,4,opening,True,60.0,0.0,True
14,16,0,"[[7, 2], [5, 0]]","[5, 0]",53,14.5378,0.8965,0,91.0,piece_count,4,opening,False,0.0,0.0,False
14,17,1,"[[0, 7], [1, 6]]","[1, 6]",111,28.3051,0.9729,17,91.0,piece_count,4,opening,False,0.0,0.0,False
14,18,0,"[[3, 0], [2, 1]]","[2, 1]",100,15.3179,0.9674,17,91.0,piece_count,4,opening,False,0.0,0.0,False
14,19,1,"[[1, 0], [3, 2]]","[3, 2]",75,14.9364,0.9268,17,91.0,piece_count,4,opening,False,0.0,0.0,True
14,20,0,"[[6, 5], [5, 4]]","[5, 4]",154,21.9891,0.9398,17,99.0,piece_count,4,midgame,True,0,0.0,False
14,21,1,"[[1, 2], [2, 1]]","[2, 1]",202,37.9426,0.9436,17,99.0,piece_count,4,midgame,False,0.0,0.0,True
14,22,0,"[[6, 7], [5, 6]]","[5, 6]",234,58.9161,0.9347,17,99.0,piece_count,4,midgame,False,0.0,0.0,False
14,23,1,"[[2, 1], [3, 0]]","[3, 0]",286,59.0403,0.9202,17,99.0,piece_count,4,midgame,False,0.0,0.0,True
14,24,0,"[[5, 6], [4, 7]]","[4, 7]",273,71.8665,0.9408,17,99.0,piece_count,4,midgame,False,0.0,0.0,False
14,25,1,"[[2, 3], [3, 4]]","[3, 4]",169,23.6568,0.9528,17,99.0,piece_count,4,midgame,True,0.0,0.0,True
14,26,0,"[[7, 4], [6, 3]]","[6, 3]",246,34.6389,0.9399,17,99.0,piece_count,4,midgame,False,0.0,0.0,False
14,27,1,"[[1, 4], [2, 3]]","[2, 3]",245,54.3306,0.9402,17,99.0,piece_count,4,midgame,False,0.0,0.0,True
14,28,0,"[[6, 3], [5, 2]]","[5, 2]",185,41.2138,0.9484,17,99.0,piece_count,4,midgame,False,0.0,0.0,False
14,29,1,"[[2, 7], [3, 6]]","[3, 6]",153,36.5298,0.9573,17,99.0,piece_count,4,midgame,False,0.0,0.0,True
14,30,0,"[[5, 4], [4, 3]]","[4, 3]",194,26.33,0.9459,17,99.0,piece_count,4,midgame,True,0,0.0,False
14,31,1,"[[3, 2], [5, 4]]","[5, 4]",41,6.9909,0.9199,17,99.0,piece_count,4,midgame,False,0.0,0.0,False
14,32,0,"[[5, 0], [4, 1]]","[4, 1]",199,46.155,0.9223,17,105.0,piece_count,4,midgame,False,0.0,0.0,False
14,33,1,"[[5, 4], [6, 3]]","[6, 3]",176,31.1506,0.9509,17,105.0,piece_count,4,midgame,False,0.0,0.0,True
14,34,0,"[[7, 6], [6, 5]]","[6, 5]",138,30.3702,0.9326,17,105.0,piece_count,4,midgame,False,0.0,0.0,False
14,35,1,"[[6, 3], [7, 2]]","[7, 2]",142,24.3573,0.9604,17,105.0,piece_count,4,midgame,True,0.0,0.0,True
14,36,0,"[[6, 5], [5, 4]]","[5, 4]",136,28.1072,0.9336,17,105.0,piece_count,4,midgame,False,0.0,0.0,False
14,37,1,"[[1, 6], [2, 7]]","[2, 7]",160,33.9255,0.9554,17,105.0,piece_count,4,midgame,False,0.0,0.0,False
14,38,0,"[[5, 2], [4, 3]]","[4, 3]",60,13.9811,0.9707,17,127.0,piece_count,4,midgame,False,0.0,0.0,False
14,39,1,"[[3, 0], [5, 2]]","[5, 2]",14,1.6258,0.9863,17,127.0,piece_count,4,midgame,False,0.0,0.0,False
14,40,0,"[[4, 3], [3, 2]]","[3, 2]",19,2.1458,0.9814,17,145.0,piece_count,4,midgame,True,0,0.0,False
14,41,1,"[[2, 3], [4, 1]]","[4, 1]",20,2.3048,0.9609,17,145.0,piece_count,4,midgame,False,0.0,0.0,False
14,42,0,"[[5, 4], [4, 5]]","[4, 5]",80,12.7273,0.9219,17,205.0,piece_count,4,midgame,False,0.0,0.0,False
14,43,1,"[[3, 6], [5, 4]]","[5, 4]",6,1.0681,0.9941,17,205.0,piece_count,4,midgame,False,0.0,0.0,False
14,44,0,"[[4, 7], [3, 6]]","[3, 6]",4,0.6325,0.9922,17,310.0,piece_count,4,midgame,False,0.0,0.0,False
14,45,1,"[[2, 5], [4, 7]]","[4, 7]",3,0.4444,0.9971,17,310.0,piece_count,4,midgame,True,132.0,132.0,True
15,0,0,"[[6, 1], [5, 0]]","[5, 0]",194,50.5679,0.9459,0,0,piece_count,4,opening,False,0,0.0,False
15,1,1,"[[1, 0], [2, 1]]","[2, 1]",209,53.5145,0.9417,0,0,piece_count,4,opening,False,0.0,0.0,True
15,2,0,"[[5, 0], [4, 1]]","[4, 1]",225,71.3673,0.9451,0,1.0,piece_count,4,opening,False,0.0,0.0,False
15,3,1,"[[0, 1], [1, 0]]","[1, 0]",228,52.2089,0.9443,0,1.0,piece_count,4,opening,False,0.0,0.0,True
15,4,0,"[[4, 1], [3, 0]]","[3, 0]",222,54.9543,0.9518,0,1.0,piece_count,4,opening,False,0.0,0.0,False
15,5,1,"[[1, 4], [2, 3]]","[2, 3]",145,41.8458,0.9528,0,1.0,piece_count,4,opening,False,0.0,0.0,True
15,6,0,"[[6, 3], [5, 2]]","[5, 2]",185,58.3031,0.9484,0,1.0,piece_count,4,opening,False,0.0,0.0,False
15,7,1,"[[0, 3], [1, 4]]","[1, 4]",195,55.7413,0.9456,0,1.0,piece_count,4,opening,False,0.0,0.0,True
15,8,0,"[[5, 2], [4, 3]]","[4, 3]",290,76.9627,0.9371,0,1.0,piece_count,4,opening,False,0.0,0.0,False
15,9,1,"[[1, 4], [2, 5]]","[2, 5]",229,69.8001,0.9255,0,1.0,piece_count,4,opening,False,0.0,0.0,True
15,10,0,"[[7, 0], [6, 1]]","[6, 1]",430,111.7349,0.9067,0,1.0,piece_count,4,opening,True,0,0.0,False
15,11,1,"[[0, 5], [1, 4]]","[1, 4]",259,67.2419,0.9277,0,1.0,piece_count,4,opening,False,0.0,0.0,True
15,12,0,"[[6, 1], [5, 2]]","[5, 2]",293,91.0952,0.9364,0,1.0,piece_count,4,opening,False,0.0,0.0,False
15,13,1,"[[1, 6], [2, 7]]","[2, 7]",170,39.9251,0.9447,0,1.0,piece_count,4,opening,False,0.0,0.0,True
15,14,0,"[[4, 3], [3, 2]]","[3, 2]",177,45.0613,0.9616,0,31.0,piece_count,4,opening,False,0.0,0.0,False
15,15,1,"[[2, 1], [4, 3], [6, 1]]","[6, 1]",40,9.1448,0.9609,0,31.0,piece_count,4,opening,True,60.0,0.0,True
15,16,0,"[[7, 2], [5, 0]]","[5, 0]",53,7.745,0.8965,0,91.0,piece_count,4,opening,False,0.0,0.0,False
15,17,1,"[[0, 7], [1, 6]]","[1, 6]",111,16.9919,0.9729,17,91.0,piece_count,4,opening,False,0.0,0.0,False
15,18,0,"[[3, 0], [2, 1]]","[2, 1]",100,15.2941,0.9674,17,91.0,piece_count,4,opening,False,0.0,0.0,False
15,19,1,"[[1, 0], [3, 2]]","[3, 2]",75,10.669,0.9268,17,91.0,piece_count,4,opening,False,0.0,0.0,True
15,20,0,"[[6, 5], [5, 4]]","[5, 4]",154,29.7401,0.9398,17,99.0,piece_count,4,midgame,True,0,0.0,False
15,21,1,"[[1, 2], [2, 1]]","[2, 1]",202,31.7163,0.9436,17,99.0,piece_count,4,midgame,False,0.0,0.0,True
15,22,0,"[[6, 7], [5, 6]]","[5, 6]",234,59.2036,0.9347,17,99.0,piece_count,4,midgame,False,0.0,0.0,False
15,23,1,"[[2, 1], [3, 0]]","[3, 0]",286,71.3303,0.9202,17,99.0,piece_count,4,midgame,False,0.0,0.0,True
15,24,0,"[[5, 6], [4, 7]]","[4, 7]",273,46.4432,0.9408,17,99.0,piece_count,4,midgame,False,0.0,0.0,False
15,25,1,"[[2, 3], [3, 4]]","[3, 4]",169,42.212,0.9528,17,99.0,piece_count,4,midgame,True,0.0,0.0,True
15,26,0,"[[7, 4], [6, 3]]","[6, 3]",246,54.9827,0.9399,17,99.0,piece_count,4,midgame,False,0.0,0.0,False
15,27,1,"[[1, 4], [2, 3]]","[2, 3]",245,34.6203,0.9402,17,99.0,piece_count,4,midgame,False,0.0,0.0,True
15,28,0,"[[6, 3], [5, 2]]","[5, 2]",185,37.6399,0.9484,17,99.0,piece_count,4,midgame,False,0.0,0.0,False
15,29,1,"[[2, 7], [3, 6]]","[3, 6]",153,35.0416,0.9573,17,99.0,piece_count,4,midgame,False,0.0,0.0,True
15,30,0,"[[5, 4], [4, 3]]","[4, 3]",194,39.5067,0.9459,17,99.0,piece_count,4,midgame,True,0,0.0,False
15,31,1,"[[3, 2], [5, 4]]","[5, 4]",41,5.3089,0.9199,17,99.0,piece_count,4,midgame,False,0.0,0.0,False
15,32,0,"[[5, 0], [4, 1]]","[4, 1]",199,41.4,0.9223,17,105.0,piece_count,4,midgame,False,0.0,0.0,False
15,33,1,"[[5, 4], [6, 3]]","[6, 3]",176,41.7147,0.9509,17,105.0,piece_count,4,midgame,False,0.0,0.0,True
15,34,0,"[[7, 6], [6, 5]]","[6, 5]",138,32.9409,0.9326,17,105.0,piece_count,4,midgame,False,0.0,0.0,False
15,35,1,"[[6, 3], [7, 2]]","[7, 2]",142,21.8301,0.9604,17,105.0,piece_count,4,midgame,True,0.0,0.0,True
15,36,0,"[[6, 5], [5, 4]]","[5, 4]",136,32.1381,0.9336,17,105.0,piece_count,4,midgame,False,0.0,0.0,False
15,37,1,"[[1, 6], [2, 7]]","[2, 7]",160,37.5698,0.9554,17,105.0,piece_count,4,midgame,False,0.0,0.0,False
15,38,0,"[[5, 2], [4, 3]]","[4, 3]",60,7.5941,0.9707,17,127.0,piece_count,4,midgame,False,0.0,0.0,False
15,39,1,"[[3, 0], [5, 2]]","[5, 2]",14,1.6136,0.9863,17,127.0,piece_count,4,midgame,False,0.0,0.0,False
15,40,0,"[[4, 3], [3, 2]]","[3, 2]",19,2.1577,0.9814,17,145.0,piece_count,4,midgame,True,0,0.0,False
15,41,1,"[[2, 3], [4, 1]]","[4, 1]",20,3.4454,0.9609,17,145.0,piece_count,4,midgame,False,0.0,0.0,False
15,42,0,"[[5, 4], [4, 5]]","[4, 5]",80,17.2746,0.9219,17,205.0,piece_count,4,midgame,False,0.0,0.0,False
15,43,1,"[[3, 6], [5, 4]]","[5, 4]",6,1.0641,0.9941,17,205.0,piece_count,4,midgame,False,0.0,0.0,False
15,44,0,"[[4, 7], [3, 6]]","[3, 6]",4,0.6354,0.9922,17,310.0,piece_count,4,midgame,False,0.0,0.0,False
15,45,1,"[[2, 5], [4, 7]]","[4, 7]",3,0.447,0.9971,17,310.0,piece_count,4,midgame,True,132.0,132.0,True
16,0,0,"[[6, 1], [5, 0]]","[5, 0]",194,50.211,0.9459,0,0,piece_count,4,opening,False,0,0.0,False
16,1,1,"[[1, 0], [2, 1]]","[2, 1]",209,64.6739,0.9417,0,0,piece_count,4,opening,False,0.0,0.0,True
16,2,0,"[[5, 0], [4, 1]]","[4, 1]",225,57.6687,0.9451,0,1.0,piece_count,4,opening,False,0.0,0.0,False
16,3,1,"[[0, 1], [1, 0]]","[1, 0]",228,56.0591,0.9443,0,1.0,piece_count,4,opening,False,0.0,0.0,True
16,4,0,"[[4, 1], [3, 0]]","[3, 0]",222,52.7759,0.9518,0,1.0,piece_count,4,opening,False,0.0,0.0,False
16,5,1,"[[1, 4], [2, 3]]","[2, 3]",145,45.7194,0.9528,0,1.0,piece_count,4,opening,False,0.0,0.0,True
16,6,0,"[[6, 3], [5, 2]]","[5, 2]",185,58.5275,0.9484,0,1.0,piece_count,4,opening,False,0.0,0.0,False
16,7,1,"[[0, 3], [1, 4]]","[1, 4]",195,49.001,0.9456,0,1.0,piece_count,4,opening,False,0.0,0.0,True
16,8,0,"[[5, 2], [4, 3]]","[4, 3]",290,84.1041,0.9371,0,1.0,piece_count,4,opening,False,0.0,0.0,False
16,9,1,"[[1, 4], [2, 5]]","[2, 5]",229,71.8324,0.9255,0,1.0,piece_count,4,opening,False,0.0,0.0,True
16,10,0,"[[7, 0], [6, 1]]","[6, 1]",430,127.9726,0.9067,0,1.0,piece_count,4,opening,True,0,0.0,False
16,11,1,"[[0, 5], [1, 4]]","[1, 4]",259,129.2224,0.9277,0,1.0,piece_count,4,opening,False,0.0,0.0,True
16,12,0,"[[6, 1], [5, 2]]","[5, 2]",293,128.2232,0.9364,0,1.0,piece_count,4,opening,False,0.0,0.0,False
16,13,1,"[[1, 6], [2, 7]]","[2, 7]",170,116.5743,0.9447,0,1.0,piece_count,4,opening,False,0.0,0.0,True
16,14,0,"[[4, 3], [3, 2]]","[3, 2]",177,86.8604,0.9616,0,31.0,piece_count,4,opening,False,0.0,0.0,False
16,15,1,"[[2, 1], [4, 3], [6, 1]]","[6, 1]",40,17.303,0.9609,0,31.0,piece_count,4,opening,True,60.0,0.0,True
16,16,0,"[[7, 2], [5, 0]]","[5, 0]",53,23.4799,0.8965,0,91.0,piece_count,4,opening,False,0.0,0.0,False
16,17,1,"[[0, 7], [1, 6]]","[1, 6]",111,37.2801,0.9729,17,91.0,piece_count,4,opening,False,0.0,0.0,False
16,18,0,"[[3, 0], [2, 1]]","[2, 1]",100,40.8297,0.9674,17,91.0,piece_count,4,opening,False,0.0,0.0,False
16,19,1,"[[1, 0], [3, 2]]","[3, 2]",75,29.4418,0.9268,17,91.0,piece_count,4,opening,False,0.0,0.0,True
16,20,0,"[[6, 5], [5, 4]]","[5, 4]",154,61.8548,0.9398,17,99.0,piece_count,4,midgame,True,0,0.0,False
16,21,1,"[[1, 2], [2, 1]]","[2, 1]",202,53.7095,0.9436,17,99.0,piece_count,4,midgame,False,0.0,0.0,True
16,22,0,"[[6, 7], [5, 6]]","[5, 6]",234,97.1866,0.9347,17,99.0,piece_count,4,midgame,False,0.0,0.0,False
16,23,1,"[[2, 1], [3, 0]]","[3, 0]",286,63.4203,0.9202,17,99.0,piece_count,4,midgame,False,0.0,0.0,True
16,24,0,"[[5, 6], [4, 7]]","[4, 7]",273,45.5813,0.9408,17,99.0,piece_count,4,midgame,False,0.0,0.0,False
16,25,1,"[[2, 3], [3, 4]]","[3, 4]",169,38.2626,0.9528,17,99.0,piece_count,4,midgame,True,0.0,0.0,True
16,26,0,"[[7, 4], [6, 3]]","[6, 3]",246,76.2472,0.9399,17,99.0,piece_count,4,midgame,False,0.0,0.0,False
16,27,1,"[[1, 4], [2, 3]]","[2, 3]",245,48.3875,0.9402,17,99.0,piece_count,4,midgame,False,0.0,0.0,True
16,28,0,"[[6, 3], [5, 2]]","[5, 2]",185,25.6877,0.9484,17,99.0,piece_count,4,midgame,False,0.0,0.0,False
16,29,1,"[[2, 7], [3, 6]]","[3, 6]",153,21.6208,0.9573,17,99.0,piece_count,4,midgame,False,0.0,0.0,True
16,30,0,"[[5, 4], [4, 3]]","[4, 3]",194,43.4599,0.9459,17,99.0,piece_count,4,midgame,True,0,0.0,False
16,31,1,"[[3, 2], [5, 4]]","[5, 4]",41,9.6371,0.9199,17,99.0,piece_count,4,midgame,False,0.0,0.0,False
16,32,0,"[[5, 0], [4, 1]]","[4, 1]",199,36.1512,0.9223,17,105.0,piece_count,4,midgame,False,0.0,0.0,False
16,33,1,"[[5, 4], [6, 3]]","[6, 3]",176,31.9324,0.9509,17,105.0,piece_count,4,midgame,False,0.0,0.0,True
16,34,0,"[[7, 6], [6, 5]]","[6, 5]",138,32.397,0.9326,17,105.0,piece_count,4,midgame,False,0.0,0.0,False
16,35,1,"[[6, 3], [7, 2]]","[7, 2]",142,31.8701,0.9604,17,105.0,piece_count,4,midgame,True,0.0,0.0,True
16,36,0,"[[6, 5], [5, 4]]","[5, 4]",136,30.1139,0.9336,17,105.0,piece_count,4,midgame,False,0.0,0.0,False
16,37,1,"[[1, 6], [2, 7]]","[2, 7]",160,23.3974,0.9554,17,105.0,piece_count,4,midgame,False,0.0,0.0,False
16,38,0,"[[5, 2], [4, 3]]","[4, 3]",60,14.0328,0.9707,17,127.0,piece_count,4,midgame,False,0.0,0.0,False
16,39,1,"[[3, 0], [5, 2]]","[5, 2]",14,2.9883,0.9863,17,127.0,piece_count,4,midgame,False,0.0,0.0,False
16,40,0,"[[4, 3], [3, 2]]","[3, 2]",19,3.9465,0.9814,17,145.0,piece_count,4,midgame,True,0,0.0,False
16,41,1,"[[2, 3], [4, 1]]","[4, 1]",20,4.324,0.9609,17,145.0,piece_count,4,midgame,False,0.0,0.0,False
16,42,0,"[[5, 4], [4, 5]]","[4, 5]",80,18.1589,0.9219,17,205.0,piece_count,4,midgame,False,0.0,0.0,False
16,43,1,"[[3, 6], [5, 4]]","[5, 4]",6,1.5578,0.9941,17,205.0,piece_count,4,midgame,False,0.0,0.0,False
16,44,0,"[[4, 7], [3, 6]]","[3, 6]",4,0.9243,0.9922,17,310.0,piece_count,4,midgame,False,0.0,0.0,False
16,45,1,"[[2, 5], [4, 7]]","[4, 7]",3,0.6475,0.9971,17,310.0,piece_count,4,midgame,True,132.0,132.0,True
17,0,0,"[[6, 1], [5, 0]]","[5, 0]",194,57.4019,0.9459,0,0,piece_count,4,opening,False,0,0.0,False
17,1,1,"[[1, 0], [2, 1]]","[2, 1]",209,53.4306,0.9417,0,0,piece_count,4,opening,False,0.0,0.0,True
17,2,0,"[[5, 0], [4, 1]]","[4, 1]",225,67.1592,0.9451,0,1.0,piece_count,4,opening,False,0.0,0.0,False
17,3,1,"[[0, 1], [1, 0]]","[1, 0]",228,51.2769,0.9443,0,1.0,piece_count,4,opening,False,0.0,0.0,True
17,4,0,"[[4, 1], [3, 0]]","[3, 0]",222,66.3257,0.9518,0,1.0,piece_count,4,opening,False,0.0,0.0,False
17,5,1,"[[1, 4], [2, 3]]","[2, 3]",145,33.6366,0.9528,0,1.0,piece_count,4,opening,False,0.0,0.0,True
17,6,0,"[[6, 3], [5, 2]]","[5, 2]",185,55.5637,0.9484,0,1.0,piece_count,4,opening,False,0.0,0.0,False
17,7,1,"[[0, 3], [1, 4]]","[1, 4]",195,60.9884,0.9456,0,1.0,piece_count,4,opening,False,0.0,0.0,True
17,8,0,"[[5, 2], [4, 3]]","[4, 3]",290,70.5378,0.9371,0,1.0,piece_count,4,opening,False,0.0,0.0,False
17,9,1,"[[1, 4], [2, 5]]","[2, 5]",229,60.3173,0.9255,0,1.0,piece_count,4,opening,False,0.0,0.0,True
17,10,0,"[[7, 0], [6, 1]]","[6, 1]",430,137.4259,0.9067,0,1.0,piece_count,4,opening,True,0,0.0,False
17,11,1,"[[0, 5], [1, 4]]","[1, 4]",259,87.8758,0.9277,0,1.0,piece_count,4,opening,False,0.0,0.0,True
17,12,0,"[[6, 1], [5, 2]]","[5, 2]",293,72.2499,0.9364,0,1.0,piece_count,4,opening,False,0.0,0.0,False
17,13,1,"[[1, 6], [2, 7]]","[2, 7]",170,47.8547,0.9447,0,1.0,piece_count,4,opening,False,0.0,0.0,True
17,14,0,"[[4, 3], [3, 2]]","[3, 2]",177,49.4418,0.9616,0,31.0,piece_count,4,opening,False,0.0,0.0,False
17,15,1,"[[2, 1], [4, 3], [6, 1]]","[6, 1]",40,5.8496,0.9609,0,31.0,piece_count,4,opening,True,60.0,0.0,True
17,16,0,"[[7, 2], [5, 0]]","[5, 0]",53,13.3567,0.8965,0,91.0,piece_count,4,opening,False,0.0,0.0,False
17,17,1,"[[0, 7], [1, 6]]","[1, 6]",111,17.916,0.9729,17,91.0,piece_count,4,opening,False,0.0,0.0,False
17,18,0,"[[3, 0], [2, 1]]","[2, 1]",100,15.2602,0.9674,17,91.0,piece_count,4,opening,False,0.0,0.0,False
17,19,1,"[[1, 0], [3, 2]]","[3, 2]",75,12.7697,0.9268,17,91.0,piece_count,4,opening,False,0.0,0.0,True
17,20,0,"[[6, 5], [5, 4]]","[5, 4]",154,30.3919,0.9398,17,99.0,piece_count,4,midgame,True,0,0.0,False
17,21,1,"[[1, 2], [2, 1]]","[2, 1]",202,47.832,0.9436,17,99.0,piece_count,4,midgame,False,0.0,0.0,True
17,22,0,"[[6, 7], [5, 6]]","[5, 6]",234,53.4699,0.9347,17,99.0,piece_count,4,midgame,False,0.0,0.0,False
17,23,1,"[[2, 1], [3, 0]]","[3, 0]",286,57.2746,0.9202,17,99.0,piece_count,4,midgame,False,0.0,0.0,True
17,24,0,"[[5, 6], [4, 7]]","[4, 7]",273,61.8796,0.9408,17,99.0,piece_count,4,midgame,False,0.0,0.0,False
17,25,1,"[[2, 3], [3, 4]]","[3, 4]",169,29.2552,0.9528,17,99.0,piece_count,4,midgame,True,0.0,0.0,True
17,26,0,"[[7, 4], [6, 3]]","[6, 3]",246,60.6821,0.9399,17,99.0,piece_count,4,midgame,False,0.0,0.0,False
17,27,1,"[[1, 4], [2, 3]]","[2, 3]",245,34.3249,0.9402,17,99.0,piece_count,4,midgame,False,0.0,0.0,True
17,28,0,"[[6, 3], [5, 2]]","[5, 2]",185,41.3101,0.9484,17,99.0,piece_count,4,midgame,False,0.0,0.0,False
17,29,1,"[[2, 7], [3, 6]]","[3, 6]",153,29.8002,0.9573,17,99.0,piece_count,4,midgame,False,0.0,0.0,True
17,30,0,"[[5, 4], [4, 3]]","[4, 3]",194,39.2051,0.9459,17,99.0,piece_count,4,midgame,True,0,0.0,False
17,31,1,"[[3, 2], [5, 4]]","[5, 4]",41,8.0242,0.9199,17,99.0,piece_count,4,midgame,False,0.0,0.0,False
17,32,0,"[[5, 0], [4, 1]]","[4, 1]",199,34.8012,0.9223,17,105.0,piece_count,4,midgame,False,0.0,0.0,False
17,33,1,"[[5, 4], [6, 3]]","[6, 3]",176,40.4439,0.9509,17,105.0,piece_count,4,midgame,False,0.0,0.0,True
17,34,0,"[[7, 6], [6, 5]]","[6, 5]",138,26.017,0.9326,17,105.0,piece_count,4,midgame,False,0.0,0.0,False
17,35,1,"[[6, 3], [7, 2]]","[7, 2]",142,29.469,0.9604,17,105.0,piece_count,4,midgame,True,0.0,0.0,True
17,36,0,"[[6, 5], [5, 4]]","[5, 4]",136,30.2947,0.9336,17,105.0,piece_count,4,midgame,False,0.0,0.0,False
17,37,1,"[[1, 6], [2, 7]]","[2, 7]",160,36.0739,0.9554,17,105.0,piece_count,4,midgame,False,0.0,0.0,False
17,38,0,"[[5, 2], [4, 3]]","[4, 3]",60,7.5946,0.9707,17,127.0,piece_count,4,midgame,False,0.0,0.0,False
17,39,1,"[[3, 0], [5, 2]]","[5, 2]",14,1.6265,0.9863,17,127.0,piece_count,4,midgame,False,0.0,0.0,False
17,40,0,"[[4, 3], [3, 2]]","[3, 2]",19,2.1412,0.9814,17,145.0,piece_count,4,midgame,True,0,0.0,False
17,41,1,"[[2, 3], [4, 1]]","[4, 1]",20,4.2498,0.9609,17,145.0,piece_count,4,midgame,False,0.0,0.0,False
17,42,0,"[[5, 4], [4, 5]]","[4, 5]",80,17.2367,0.9219,17,205.0,piece_count,4,midgame,False,0.0,0.0,False
17,43,1,"[[3, 6], [5, 4]]","[5, 4]",6,1.0631,0.9941,17,205.0,piece_count,4,midgame,False,0.0,0.0,False
17,44,0,"[[4, 7], [3, 6]]","[3, 6]",4,0.6356,0.9922,17,310.0,piece_count,4,midgame,False,0.0,0.0,False
17,45,1,"[[2, 5], [4, 7]]","[4, 7]",3,0.4468,0.9971,17,310.0,piece_count,4,midgame,True,132.0,132.0,True
18,0,0,"[[6, 1], [5, 0]]","[5, 0]",194,52.3591,0.9459,0,0,piece_count,4,opening,False,0,0.0,False
18,1,1,"[[1, 0], [2, 1]]","[2, 1]",209,50.0457,0.9417,0,0,piece_count,4,opening,False,0.0,0.0,True
18,2,0,"[[5, 0], [4, 1]]","[4, 1]",225,55.9976,0.9451,0,1.0,piece_count,4,opening,False,0.0,0.0,False
18,3,1,"[[0, 1], [1, 0]]","[1, 0]",228,65.1324,0.9443,0,1.0,piece_count,4,opening,False,0.0,0.0,True
18,4,0,"[[4, 1], [3, 0]]","[3, 0]",222,57.2517,0.9518,0,1.0,piece_count,4,opening,False,0.0,0.0,False
18,5,1,"[[1, 4], [2, 3]]","[2, 3]",145,38.8412,0.9528,0,1.0,piece_count,4,opening,False,0.0,0.0,True
18,6,0,"[[6, 3], [5, 2]]","[5, 2]",185,47.0495,0.9484,0,1.0,piece_count,4,opening,False,0.0,0.0,False
18,7,1,"[[0, 3], [1, 4]]","[1, 4]",195,37.2984,0.9456,0,1.0,piece_count,4,opening,False,0.0,0.0,True
18,8,0,"[[5, 2], [4, 3]]","[4, 3]",290,77.0535,0.9371,0,1.0,piece_count,4,opening,False,0.0,0.0,False
18,9,1,"[[1, 4], [2, 5]]","[2, 5]",229,45.4276,0.9255,0,1.0,piece_count,4,opening,False,0.0,0.0,True
18,10,0,"[[7, 0], [6, 1]]","[6, 1]",430,120.5986,0.9067,0,1.0,piece_count,4,opening,True,0,0.0,False
18,11,1,"[[0, 5], [1, 4]]","[1, 4]",259,158.8044,0.9277,0,1.0,piece_count,4,opening,False,0.0,0.0,True
18,12,0,"[[6, 1], [5, 2]]","[5, 2]",293,119.1056,0.9364,0,1.0,piece_count,4,opening,False,0.0,0.0,False
18,13,1,"[[1, 6], [2, 7]]","[2, 7]",170,56.8683,0.9447,0,1.0,piece_count,4,opening,False,0.0,0.0,True
18,14,0,"[[4, 3], [3, 2]]","[3, 2]",177,49.7656,0.9616,0,31.0,piece_count,4,opening,False,0.0,0.0,False
18,15,1,"[[2, 1], [4, 3], [6, 1]]","[6, 1]",40,7.8454,0.9609,0,31.0,piece_count,4,opening,True,60.0,0.0,True
18,16,0,"[[7, 2], [5, 0]]","[5, 0]",53,13.3905,0.8965,0,91.0,piece_count,4,opening,False,0.0,0.0,False
18,17,1,"[[0, 7], [1, 6]]","[1, 6]",111,22.5134,0.9729,17,91.0,piece_count,4,opening,False,0.0,0.0,False
18,18,0,"[[3, 0], [2, 1]]","[2, 1]",100,32.9785,0.9674,17,91.0,piece_count,4,opening,False,0.0,0.0,False
18,19,1,"[[1, 0], [3, 2]]","[3, 2]",75,15.645,0.9268,17,91.0,piece_count,4,opening,False,0.0,0.0,True
18,20,0,"[[6, 5], [5, 4]]","[5, 4]",154,37.5292,0.9398,17,99.0,piece_count,4,midgame,True,0,0.0,False
18,21,1,"[[1, 2], [2, 1]]","[2, 1]",202,47.3537,0.9436,17,99.0,piece_count,4,midgame,False,0.0,0.0,True
18,22,0,"[[6, 7], [5, 6]]","[5, 6]",234,49.7656,0.9347,17,99.0,piece_count,4,midgame,False,0.0,0.0,False
18,23,1,"[[2, 1], [3, 0]]","[3, 0]",286,60.9388,0.9202,17,99.0,piece_count,4,midgame,False,0.0,0.0,True
18,24,0,"[[5, 6], [4, 7]]","[4, 7]",273,45.2754,0.9408,17,99.0,piece_count,4,midgame,False,0.0,0.0,False
18,25,1,"[[2, 3], [3, 4]]","[3, 4]",169,29.8524,0.9528,17,99.0,piece_count,4,midgame,True,0.0,0.0,True
18,26,0,"[[7, 4], [6, 3]]","[6, 3]",246,54.9271,0.9399,17,99.0,piece_count,4,midgame,False,0.0,0.0,False
18,27,1,"[[1, 4], [2, 3]]","[2, 3]",245,46.0293,0.9402,17,99.0,piece_count,4,midgame,False,0.0,0.0,True
18,28,0,"[[6, 3], [5, 2]]","[5, 2]",185,34.8682,0.9484,17,99.0,piece_count,4,midgame,False,0.0,0.0,False
18,29,1,"[[2, 7], [3, 6]]","[3, 6]",153,30.6141,0.9573,17,99.0,piece_count,4,midgame,False,0.0,0.0,True
18,30,0,"[[5, 4], [4, 3]]","[4, 3]",194,41.0283,0.9459,17,99.0,piece_count,4,midgame,True,0,0.0,False
18,31,1,"[[3, 2], [5, 4]]","[5, 4]",41,9.6993,0.9199,17,99.0,piece_count,4,midgame,False,0.0,0.0,False
18,32,0,"[[5, 0], [4, 1]]","[4, 1]",199,34.4994,0.9223,17,105.0,piece_count,4,midgame,False,0.0,0.0,False
18,33,1,"[[5, 4], [6, 3]]","[6, 3]",176,41.2476,0.9509,17,105.0,piece_count,4,midgame,False,0.0,0.0,True
18,34,0,"[[7, 6], [6, 5]]","[6, 5]",138,21.2536,0.9326,17,105.0,piece_count,4,midgame,False,0.0,0.0,False
18,35,1,"[[6, 3], [7, 2]]","[7, 2]",142,24.0769,0.9604,17,105.0,piece_count,4,midgame,True,0.0,0.0,True
18,36,0,"[[6, 5], [5, 4]]","[5, 4]",136,30.371,0.9336,17,105.0,piece_count,4,midgame,False,0.0,0.0,False
18,37,1,"[[1, 6], [2, 7]]","[2, 7]",160,22.2068,0.9554,17,105.0,piece_count,4,midgame,False,0.0,0.0,False
18,38,0,"[[5, 2], [4, 3]]","[4, 3]",60,7.5657,0.9707,17,127.0,piece_count,4,midgame,False,0.0,0.0,False
18,39,1,"[[3, 0], [5, 2]]","[5, 2]",14,1.6131,0.9863,17,127.0,piece_count,4,midgame,False,0.0,0.0,False
18,40,0,"[[4, 3], [3, 2]]","[3, 2]",19,2.8236,0.9814,17,145.0,piece_count,4,midgame,True,0,0.0,False
18,41,1,"[[2, 3], [4, 1]]","[4, 1]",20,2.316,0.9609,17,145.0,piece_count,4,midgame,False,0.0,0.0,False
18,42,0,"[[5, 4], [4, 5]]","[4, 5]",80,9.3303,0.9219,17,205.0,piece_count,4,midgame,False,0.0,0.0,False
18,43,1,"[[3, 6], [5, 4]]","[5, 4]",6,0.576,0.9941,17,205.0,piece_count,4,midgame,False,0.0,0.0,False
18,44,0,"[[4, 7], [3, 6]]","[3, 6]",4,0.7291,0.9922,17,310.0,piece_count,4,midgame,False,0.0,0.0,False
18,45,1,"[[2, 5], [4, 7]]","[4, 7]",3,0.5641,0.9971,17,310.0,piece_count,4,midgame,True,132.0,132.0,True
19,0,0,"[[6, 1], [5, 0]]","[5, 0]",194,37.8742,0.9459,0,0,piece_count,4,opening,False,0,0.0,False
19,1,1,"[[1, 0], [2, 1]]","[2, 1]",209,41.7302,0.9417,0,0,piece_count,4,opening,False,0.0,0.0,True
19,2,0,"[[5, 0], [4, 1]]","[4, 1]",225,65.7985,0.9451,0,1.0,piece_count,4,opening,False,0.0,0.0,False
19,3,1,"[[0, 1], [1, 0]]","[1, 0]",228,42.3489,0.9443,0,1.0,piece_count,4,opening,False,0.0,0.0,True
19,4,0,"[[4, 1], [3, 0]]","[3, 0]",222,53.766,0.9518,0,1.0,piece_count,4,opening,False,0.0,0.0,False
19,5,1,"[[1, 4], [2, 3]]","[2, 3]",145,44.9741,0.9528,0,1.0,piece_count,4,opening,False,0.0,0.0,True
19,6,0,"[[6, 3], [5, 2]]","[5, 2]",185,46.4449,0.9484,0,1.0,piece_count,4,opening,False,0.0,0.0,False
19,7,1,"[[0, 3], [1, 4]]","[1, 4]",195,87.7354,0.9456,0,1.0,piece_count,4,opening,False,0.0,0.0,True
19,8,0,"[[5, 2], [4, 3]]","[4, 3]",290,79.4413,0.9371,0,1.0,piece_count,4,opening,False,0.0,0.0,False
19,9,1,"[[1, 4], [2, 5]]","[2, 5]",229,49.7704,0.9255,0,1.0,piece_count,4,opening,False,0.0,0.0,True
19,10,0,"[[7, 0], [6, 1]]","[6, 1]",430,108.3531,0.9067,0,1.0,piece_count,4,opening,True,0,0.0,False
19,11,1,"[[0, 5], [1, 4]]","[1, 4]",259,56.9115,0.9277,0,1.0,piece_count,4,opening,False,0.0,0.0,True
19,12,0,"[[6, 1], [5, 2]]","[5, 2]",293,72.762,0.9364,0,1.0,piece_count,4,opening,False,0.0,0.0,False
19,13,1,"[[1, 6], [2, 7]]","[2, 7]",170,51.5742,0.9447,0,1.0,piece_count,4,opening,False,0.0,0.0,True
19,14,0,"[[4, 3], [3, 2]]","[3, 2]",177,42.9196,0.9616,0,31.0,piece_count,4,opening,False,0.0,0.0,False
19,15,1,"[[2, 1], [4, 3], [6, 1]]","[6, 1]",40,9.0654,0.9609,0,31.0,piece_count,4,opening,True,60.0,0.0,True
19,16,0,"[[7, 2], [5, 0]]","[5, 0]",53,14.2305,0.8965,0,91.0,piece_count,4,opening,False,0.0,0.0,False
19,17,1,"[[0, 7], [1, 6]]","[1, 6]",111,28.204,0.9729,17,91.0,piece_count,4,opening,False,0.0,0.0,False
19,18,0,"[[3, 0], [2, 1]]","[2, 1]",100,26.2156,0.9674,17,91.0,piece_count,4,opening,False,0.0,0.0,False
19,19,1,"[[1, 0], [3, 2]]","[3, 2]",75,18.4941,0.9268,17,91.0,piece_count,4,opening,False,0.0,0.0,True
19,20,0,"[[6, 5], [5, 4]]","[5, 4]",154,38.3227,0.9398,17,99.0,piece_count,4,midgame,True,0,0.0,False
19,21,1,"[[1, 2], [2, 1]]","[2, 1]",202,38.4793,0.9436,17,99.0,piece_count,4,midgame,False,0.0,0.0,True
19,22,0,"[[6, 7], [5, 6]]","[5, 6]",234,54.4405,0.9347,17,99.0,piece_count,4,midgame,False,0.0,0.0,False
19,23,1,"[[2, 1], [3, 0]]","[3, 0]",286,67.4233,0.9202,17,99.0,piece_count,4,midgame,False,0.0,0.0,True
19,24,0,"[[5, 6], [4, 7]]","[4, 7]",273,60.8852,0.9408,17,99.0,piece_count,4,midgame,False,0.0,0.0,False
19,25,1,"[[2, 3], [3, 4]]","[3, 4]",169,41.5664,0.9528,17,99.0,piece_count,4,midgame,True,0.0,0.0,True
19,26,0,"[[7, 4], [6, 3]]","[6, 3]",246,58.857,0.9399,17,99.0,piece_count,4,midgame,False,0.0,0.0,False
19,27,1,"[[1, 4], [2, 3]]","[2, 3]",245,59.2563,0.9402,17,99.0,piece_count,4,midgame,False,0.0,0.0,True
19,28,0,"[[6, 3], [5, 2]]","[5, 2]",185,43.2587,0.9484,17,99.0,piece_count,4,midgame,False,0.0,0.0,False
19,29,1,"[[2, 7], [3, 6]]","[3, 6]",153,29.2327,0.9573,17,99.0,piece_count,4,midgame,False,0.0,0.0,True
19,30,0,"[[5, 4], [4, 3]]","[4, 3]",194,42.5141,0.9459,17,99.0,piece_count,4,midgame,True,0,0.0,False
19,31,1,"[[3, 2], [5, 4]]","[5, 4]",41,9.6929,0.9199,17,99.0,piece_count,4,midgame,False,0.0,0.0,False
19,32,0,"[[5, 0], [4, 1]]","[4, 1]",199,38.0397,0.9223,17,105.0,piece_count,4,midgame,False,0.0,0.0,False
19,33,1,"[[5, 4], [6, 3]]","[6, 3]",176,40.0162,0.9509,17,105.0,piece_count,4,midgame,False,0.0,0.0,True
19,34,0,"[[7, 6], [6, 5]]","[6, 5]",138,23.068,0.9326,17,105.0,piece_count,4,midgame,False,0.0,0.0,False
19,35,1,"[[6, 3], [7, 2]]","[7, 2]",142,18.6405,0.9604,17,105.0,piece_count,4,midgame,True,0.0,0.0,True
19,36,0,"[[6, 5], [5, 4]]","[5, 4]",136,19.7353,0.9336,17,105.0,piece_count,4,midgame,False,0.0,0.0,False
19,37,1,"[[1, 6], [2, 7]]","[2, 7]",160,26.005,0.9554,17,105.0,piece_count,4,midgame,False,0.0,0.0,False
19,38,0,"[[5, 2], [4, 3]]","[4, 3]",60,13.0363,0.9707,17,127.0,piece_count,4,midgame,False,0.0,0.0,False
19,39,1,"[[3, 0], [5, 2]]","[5, 2]",14,2.9695,0.9863,17,127.0,piece_count,4,midgame,False,0.0,0.0,False
19,40,0,"[[4, 3], [3, 2]]","[3, 2]",19,3.9546,0.9814,17,145.0,piece_count,4,midgame,True,0,0.0,False
19,41,1,"[[2, 3], [4, 1]]","[4, 1]",20,4.2655,0.9609,17,145.0,piece_count,4,midgame,False,0.0,0.0,False
19,42,0,"[[5, 4], [4, 5]]","[4, 5]",80,16.4983,0.9219,17,205.0,piece_count,4,midgame,False,0.0,0.0,False
19,43,1,"[[3, 6], [5, 4]]","[5, 4]",6,1.0633,0.9941,17,205.0,piece_count,4,midgame,False,0.0,0.0,False
19,44,0,"[[4, 7], [3, 6]]","[3, 6]",4,0.6375,0.9922,17,310.0,piece_count,4,midgame,False,0.0,0.0,False
19,45,1,"[[2, 5], [4, 7]]","[4, 7]",3,0.4461,0.9971,17,310.0,piece_count,4,midgame,True,132.0,132.0,True
20,0,0,"[[6, 1], [5, 0]]","[5, 0]",194,60.3178,0.9459,0,0,piece_count,4,opening,False,0,0.0,False
20,1,1,"[[1, 0], [2, 1]]","[2, 1]",209,64.4891,0.9417,0,0,piece_count,4,opening,False,0.0,0.0,True
20,2,0,"[[5, 0], [4, 1]]","[4, 1]",225,56.6807,0.9451,0,1.0,piece_count,4,opening,False,0.0,0.0,False
20,3,1,"[[0, 1], [1, 0]]","[1, 0]",228,51.9371,0.9443,0,1.0,piece_count,4,opening,False,0.0,0.0,True
20,4,0,"[[4, 1], [3, 0]]","[3, 0]",222,68.6007,0.9518,0,1.0,piece_count,4,opening,False,0.0,0.0,False
20,5,1,"[[1, 4], [2, 3]]","[2, 3]",145,27.0269,0.9528,0,1.0,piece_count,4,opening,False,0.0,0.0,True
20,6,0,"[[6, 3], [5, 2]]","[5, 2]",185,55.7504,0.9484,0,1.0,piece_count,4,opening,False,0.0,0.0,False
20,7,1,"[[0, 3], [1, 4]]","[1, 4]",195,58.7399,0.9456,0,1.0,piece_count,4,opening,False,0.0,0.0,True
20,8,0,"[[5, 2], [4, 3]]","[4, 3]",290,60.4453,0.9371,0,1.0,piece_count,4,opening,False,0.0,0.0,False
20,9,1,"[[1, 4], [2, 5]]","[2, 5]",229,55.0802,0.9255,0,1.0,piece_count,4,opening,False,0.0,0.0,True
20,10,0,"[[7, 0], [6, 1]]","[6, 1]",430,117.0757,0.9067,0,1.0,piece_count,4,opening,True,0,0.0,False
20,11,1,"[[0, 5], [1, 4]]","[1, 4]",259,66.9909,0.9277,0,1.0,piece_count,4,opening,False,0.0,0.0,True
20,12,0,"[[6, 1], [5, 2]]","[5, 2]",293,85.871,0.9364,0,1.0,piece_count,4,opening,False,0.0,0.0,False
20,13,1,"[[1, 6], [2, 7]]","[2, 7]",170,50.0205,0.9447,0,1.0,piece_count,4,opening,False,0.0,0.0,True
20,14,0,"[[4, 3], [3, 2]]","[3, 2]",177,53.4942,0.9616,0,31.0,piece_count,4,opening,False,0.0,0.0,False
20,15,1,"[[2, 1], [4, 3], [6, 1]]","[6, 1]",40,5.8885,0.9609,0,31.0,piece_count,4,opening,True,60.0,0.0,True
20,16,0,"[[7, 2], [5, 0]]","[5, 0]",53,13.2205,0.8965,0,91.0,piece_count,4,opening,False,0.0,0.0,False
20,17,1,"[[0, 7], [1, 6]]","[1, 6]",111,29.5863,0.9729,17,91.0,piece_count,4,opening,False,0.0,0.0,False
20,18,0,"[[3, 0], [2, 1]]","[2, 1]",100,27.0,0.9674,17,91.0,piece_count,4,opening,False,0.0,0.0,False
20,19,1,"[[1, 0], [3, 2]]","[3, 2]",75,18.2524,0.9268,17,91.0,piece_count,4,opening,False,0.0,0.0,True
20,20,0,"[[6, 5], [5, 4]]","[5, 4]",154,38.9466,0.9398,17,99.0,piece_count,4,midgame,True,0,0.0,False
20,21,1,"[[1, 2], [2, 1]]","[2, 1]",202,49.6867,0.9436,17,99.0,piece_count,4,midgame,False,0.0,0.0,True
20,22,0,"[[6, 7], [5, 6]]","[5, 6]",234,58.9151,0.9347,17,99.0,piece_count,4,midgame,False,0.0,0.0,False
20,23,1,"[[2, 1], [3, 0]]","[3, 0]",286,71.0678,0.9202,17,99.0,piece_count,4,midgame,False,0.0,0.0,True
20,24,0,"[[5, 6], [4, 7]]","[4, 7]",273,61.4483,0.9408,17,99.0,piece_count,4,midgame,False,0.0,0.0,False
20,25,1,"[[2, 3], [3, 4]]","[3, 4]",169,23.5868,0.9528,17,99.0,piece_count,4,midgame,True,0.0,0.0,True
20,26,0,"[[7, 4], [6, 3]]","[6, 3]",246,36.6371,0.9399,17,99.0,piece_count,4,midgame,False,0.0,0.0,False
20,27,1,"[[1, 4], [2, 3]]","[2, 3]",245,34.1718,0.9402,17,99.0,piece_count,4,midgame,False,0.0,0.0,True
20,28,0,"[[6, 3], [5, 2]]","[5, 2]",185,25.0404,0.9484,17,99.0,piece_count,4,midgame,False,0.0,0.0,False
20,29,1,"[[2, 7], [3, 6]]","[3, 6]",153,23.7038,0.9573,17,99.0,piece_count,4,midgame,False,0.0,0.0,True
20,30,0,"[[5, 4], [4, 3]]","[4, 3]",194,45.4645,0.9459,17,99.0,piece_count,4,midgame,True,0,0.0,False
20,31,1,"[[3, 2], [5, 4]]","[5, 4]",41,9.3007,0.9199,17,99.0,piece_count,4,midgame,False,0.0,0.0,False
20,32,0,"[[5, 0], [4, 1]]","[4, 1]",199,47.6785,0.9223,17,105.0,piece_count,4,midgame,False,0.0,0.0,False
20,33,1,"[[5, 4], [6, 3]]","[6, 3]",176,40.6542,0.9509,17,105.0,piece_count,4,midgame,False,0.0,0.0,True
20,34,0,"[[7, 6], [6, 5]]","[6, 5]",138,31.4169,0.9326,17,105.0,piece_count,4,midgame,False,0.0,0.0,False
20,35,1,"[[6, 3], [7, 2]]","[7, 2]",142,22.3856,0.9604,17,105.0,piece_count,4,midgame,True,0.0,0.0,True
20,36,0,"[[6, 5], [5, 4]]","[5, 4]",136,28.1878,0.9336,17,105.0,piece_count,4,midgame,False,0.0,0.0,False
20,37,1,"[[1, 6], [2, 7]]","[2, 7]",160,28.3613,0.9554,17,105.0,piece_count,4,midgame,False,0.0,0.0,False
20,38,0,"[[5, 2], [4, 3]]","[4, 3]",60,7.6263,0.9707,17,127.0,piece_count,4,midgame,False,0.0,0.0,False
20,39,1,"[[3, 0], [5, 2]]","[5, 2]",14,1.6303,0.9863,17,127.0,piece_count,4,midgame,False,0.0,0.0,False
20,40,0,"[[4, 3], [3, 2]]","[3, 2]",19,3.1965,0.9814,17,145.0,piece_count,4,midgame,True,0,0.0,False
20,41,1,"[[2, 3], [4, 1]]","[4, 1]",20,4.2632,0.9609,17,145.0,piece_count,4,midgame,False,0.0,0.0,False
20,42,0,"[[5, 4], [4, 5]]","[4, 5]",80,15.6221,0.9219,17,205.0,piece_count,4,midgame,False,0.0,0.0,False
20,43,1,"[[3, 6], [5, 4]]","[5, 4]",6,1.0648,0.9941,17,205.0,piece_count,4,midgame,False,0.0,0.0,False
20,44,0,"[[4, 7], [3, 6]]","[3, 6]",4,0.6344,0.9922,17,310.0,piece_count,4,midgame,False,0.0,0.0,False
20,45,1,"[[2, 5], [4, 7]]","[4, 7]",3,0.4468,0.9971,17,310.0,piece_count,4,midgame,True,132.0,132.0,True
21,0,0,"[[6, 1], [5, 0]]","[5, 0]",194,60.6389,0.9459,0,0,piece_count,4,opening,False,0,0.0,False
21,1,1,"[[1, 0], [2, 1]]","[2, 1]",209,61.6317,0.9417,0,0,piece_count,4,opening,False,0.0,0.0,True
21,2,0,"[[5, 0], [4, 1]]","[4, 1]",225,53.3071,0.9451,0,1.0,piece_count,4,opening,False,0.0,0.0,False
21,3,1,"[[0, 1], [1, 0]]","[1, 0]",228,51.0225,0.9443,0,1.0,piece_count,4,opening,False,0.0,0.0,True
21,4,0,"[[4, 1], [3, 0]]","[3, 0]",222,68.373,0.9518,0,1.0,piece_count,4,opening,False,0.0,0.0,False
21,5,1,"[[1, 4], [2, 3]]","[2, 3]",145,43.8132,0.9528,0,1.0,piece_count,4,opening,False,0.0,0.0,True
21,6,0,"[[6, 3], [5, 2]]","[5, 2]",185,63.0639,0.9484,0,1.0,piece_count,4,opening,False,0.0,0.0,False
21,7,1,"[[0, 3], [1, 4]]","[1, 4]",195,61.4512,0.9456,0,1.0,piece_count,4,opening,False,0.0,0.0,True
21,8,0,"[[5, 2], [4, 3]]","[4, 3]",290,91.6703,0.9371,0,1.0,piece_count,4,opening,False,0.0,0.0,False
21,9,1,"[[1, 4], [2, 5]]","[2, 5]",229,68.8181,0.9255,0,1.0,piece_count,4,opening,False,0.0,0.0,True
21,10,0,"[[7, 0], [6, 1]]","[6, 1]",430,81.7995,0.9067,0,1.0,piece_count,4,opening,True,0,0.0,False
21,11,1,"[[0, 5], [1, 4]]","[1, 4]",259,71.3987,0.9277,0,1.0,piece_count,4,opening,False,0.0,0.0,True
21,12,0,"[[6, 1], [5, 2]]","[5, 2]",293,86.5297,0.9364,0,1.0,piece_count,4,opening,False,0.0,0.0,False
21,13,1,"[[1, 6], [2, 7]]","[2, 7]",170,50.3032,0.9447,0,1.0,piece_count,4,opening,False,0.0,0.0,True
21,14,0,"[[4, 3], [3, 2]]","[3, 2]",177,50.3259,0.9616,0,31.0,piece_count,4,opening,False,0.0,0.0,False
21,15,1,"[[2, 1], [4, 3], [6, 1]]","[6, 1]",40,10.716,0.9609,0,31.0,piece_count,4,opening,True,60.0,0.0,True
21,16,0,"[[7, 2], [5, 0]]","[5, 0]",53,12.5616,0.8965,0,91.0,piece_count,4,opening,False,0.0,0.0,False
21,17,1,"[[0, 7], [1, 6]]","[1, 6]",111,28.9421,0.9729,17,91.0,piece_count,4,opening,False,0.0,0.0,False
21,18,0,"[[3, 0], [2, 1]]","[2, 1]",100,26.9079,0.9674,17,91.0,piece_count,4,opening,False,0.0,0.0,False
21,19,1,"[[1, 0], [3, 2]]","[3, 2]",75,19.289,0.9268,17,91.0,piece_count,4,opening,False,0.0,0.0,True
21,20,0,"[[6, 5], [5, 4]]","[5, 4]",154,37.8399,0.9398,17,99.0,piece_count,4,midgame,True,0,0.0,False
21,21,1,"[[1, 2], [2, 1]]","[2, 1]",202,44.029,0.9436,17,99.0,piece_count,4,midgame,False,0.0,0.0,True
21,22,0,"[[6, 7], [5, 6]]","[5, 6]",234,47.9105,0.9347,17,99.0,piece_count,4,midgame,False,0.0,0.0,False
21,23,1,"[[2, 1], [3, 0]]","[3, 0]",286,70.9324,0.9202,17,99.0,piece_count,4,midgame,False,0.0,0.0,True
21,24,0,"[[5, 6], [4, 7]]","[4, 7]",273,48.4726,0.9408,17,99.0,piece_count,4,midgame,False,0.0,0.0,False
21,25,1,"[[2, 3], [3, 4]]","[3, 4]",169,41.5237,0.9528,17,99.0,piece_count,4,midgame,True,0.0,0.0,True
21,26,0,"[[7, 4], [6, 3]]","[6, 3]",246,40.2069,0.9399,17,99.0,piece_count,4,midgame,False,0.0,0.0,False
21,27,1,"[[1, 4], [2, 3]]","[2, 3]",245,38.2502,0.9402,17,99.0,piece_count,4,midgame,False,0.0,0.0,True
21,28,0,"[[6, 3], [5, 2]]","[5, 2]",185,32.8505,0.9484,17,99.0,piece_count,4,midgame,False,0.0,0.0,False
21,29,1,"[[2, 7], [3, 6]]","[3, 6]",153,29.8078,0.9573,17,99.0,piece_count,4,midgame,False,0.0,0.0,True
21,30,0,"[[5, 4], [4, 3]]","[4, 3]",194,33.7381,0.9459,17,99.0,piece_count,4,midgame,True,0,0.0,False
21,31,1,"[[3, 2], [5, 4]]","[5, 4]",41,9.6271,0.9199,17,99.0,piece_count,4,midgame,False,0.0,0.0,False
21,32,0,"[[5, 0], [4, 1]]","[4, 1]",199,32.9609,0.9223,17,105.0,piece_count,4,midgame,False,0.0,0.0,False
21,33,1,"[[5, 4], [6, 3]]","[6, 3]",176,22.9509,0.9509,17,105.0,piece_count,4,midgame,False,0.0,0.0,True
21,34,0,"[[7, 6], [6, 5]]","[6, 5]",138,28.1384,0.9326,17,105.0,piece_count,4,midgame,False,0.0,0.0,False
21,35,1,"[[6, 3], [7, 2]]","[7, 2]",142,23.1059,0.9604,17,105.0,piece_count,4,midgame,True,0.0,0.0,True
21,36,0,"[[6, 5], [5, 4]]","[5, 4]",136,34.4269,0.9336,17,105.0,piece_count,4,midgame,False,0.0,0.0,False
21,37,1,"[[1, 6], [2, 7]]","[2, 7]",160,24.4424,0.9554,17,105.0,piece_count,4,midgame,False,0.0,0.0,False
21,38,0,"[[5, 2], [4, 3]]","[4, 3]",60,7.5409,0.9707,17,127.0,piece_count,4,midgame,False,0.0,0.0,False
21,39,1,"[[3, 0], [5, 2]]","[5, 2]",14,1.6172,0.9863,17,127.0,piece_count,4,midgame,False,0.0,0.0,False
21,40,0,"[[4, 3], [3, 2]]","[3, 2]",19,2.1429,0.9814,17,145.0,piece_count,4,midgame,True,0,0.0,False
21,41,1,"[[2, 3], [4, 1]]","[4, 1]",20,2.4946,0.9609,17,145.0,piece_count,4,midgame,False,0.0,0.0,False
21,42,0,"[[5, 4], [4, 5]]","[4, 5]",80,15.5928,0.9219,17,205.0,piece_count,4,midgame,False,0.0,0.0,False
21,43,1,"[[3, 6], [5, 4]]","[5, 4]",6,1.0636,0.9941,17,205.0,piece_count,4,midgame,False,0.0,0.0,False
21,44,0,"[[4, 7], [3, 6]]","[3, 6]",4,0.6344,0.9922,17,310.0,piece_count,4,midgame,False,0.0,0.0,False
21,45,1,"[[2, 5], [4, 7]]","[4, 7]",3,0.4449,0.9971,17,310.0,piece_count,4,midgame,True,132.0,132.0,True
22,0,0,"[[6, 1], [5, 0]]","[5, 0]",194,61.6755,0.9459,0,0,piece_count,4,opening,False,0,0.0,False
22,1,1,"[[1, 0], [2, 1]]","[2, 1]",209,41.7123,0.9417,0,0,piece_count,4,opening,False,0.0,0.0,True
22,2,0,"[[5, 0], [4, 1]]","[4, 1]",225,61.0182,0.9451,0,1.0,piece_count,4,opening,False,0.0,0.0,False
22,3,1,"[[0, 1], [1, 0]]","[1, 0]",228,68.4552,0.9443,0,1.0,piece_count,4,opening,False,0.0,0.0,True
22,4,0,"[[4, 1], [3, 0]]","[3, 0]",222,69.1757,0.9518,0,1.0,piece_count,4,opening,False,0.0,0.0,False
22,5,1,"[[1, 4], [2, 3]]","[2, 3]",145,45.1131,0.9528,0,1.0,piece_count,4,opening,False,0.0,0.0,True
22,6,0,"[[6, 3], [5, 2]]","[5, 2]",185,50.3905,0.9484,0,1.0,piece_count,4,opening,False,0.0,0.0,False
22,7,1,"[[0, 3], [1, 4]]","[1, 4]",195,46.6797,0.9456,0,1.0,piece_count,4,opening,False,0.0,0.0,True
22,8,0,"[[5, 2], [4, 3]]","[4, 3]",290,87.5847,0.9371,0,1.0,piece_count,4,opening,False,0.0,0.0,False
22,9,1,"[[1, 4], [2, 5]]","[2, 5]",229,58.5375,0.9255,0,1.0,piece_count,4,opening,False,0.0,0.0,True
22,10,0,"[[7, 0], [6, 1]]","[6, 1]",430,88.3803,0.9067,0,1.0,piece_count,4,opening,True,0,0.0,False
22,11,1,"[[0, 5], [1, 4]]","[1, 4]",259,53.4699,0.9277,0,1.0,piece_count,4,opening,False,0.0,0.0,True
22,12,0,"[[6, 1], [5, 2]]","[5, 2]",293,88.8622,0.9364,0,1.0,piece_count,4,opening,False,0.0,0.0,False
22,13,1,"[[1, 6], [2, 7]]","[2, 7]",170,50.6916,0.9447,0,1.0,piece_count,4,opening,False,0.0,0.0,True
22,14,0,"[[4, 3], [3, 2]]","[3, 2]",177,41.0521,0.9616,0,31.0,piece_count,4,opening,False,0.0,0.0,False
22,15,1,"[[2, 1], [4, 3], [6, 1]]","[6, 1]",40,5.8622,0.9609,0,31.0,piece_count,4,opening,True,60.0,0.0,True
22,16,0,"[[7, 2], [5, 0]]","[5, 0]",53,9.1333,0.8965,0,91.0,piece_count,4,opening,False,0.0,0.0,False
22,17,1,"[[0, 7], [1, 6]]","[1, 6]",111,20.8437,0.9729,17,91.0,piece_count,4,opening,False,0.0,0.0,False
22,18,0,"[[3, 0], [2, 1]]","[2, 1]",100,16.2163,0.9674,17,91.0,piece_count,4,opening,False,0.0,0.0,False
22,19,1,"[[1, 0], [3, 2]]","[3, 2]",75,16.8498,0.9268,17,91.0,piece_count,4,opening,False,0.0,0.0,True
22,20,0,"[[6, 5], [5, 4]]","[5, 4]",154,23.5767,0.9398,17,99.0,piece_count,4,midgame,True,0,0.0,False
22,21,1,"[[1, 2], [2, 1]]","[2, 1]",202,40.3543,0.9436,17,99.0,piece_count,4,midgame,False,0.0,0.0,True
22,22,0,"[[6, 7], [5, 6]]","[5, 6]",234,56.9029,0.9347,17,99.0,piece_count,4,midgame,False,0.0,0.0,False
22,23,1,"[[2, 1], [3, 0]]","[3, 0]",286,55.135,0.9202,17,99.0,piece_count,4,midgame,False,0.0,0.0,True
22,24,0,"[[5, 6], [4, 7]]","[4, 7]",273,49.2394,0.9408,17,99.0,piece_count,4,midgame,False,0.0,0.0,False
22,25,1,"[[2, 3], [3, 4]]","[3, 4]",169,26.1512,0.9528,17,99.0,piece_count,4,midgame,True,0.0,0.0,True
22,26,0,"[[7, 4], [6, 3]]","[6, 3]",246,52.3326,0.9399,17,99.0,piece_count,4,midgame,False,0.0,0.0,False
22,27,1,"[[1, 4], [2, 3]]","[2, 3]",245,41.8744,0.9402,17,99.0,piece_count,4,midgame,False,0.0,0.0,True
22,28,0,"[[6, 3], [5, 2]]","[5, 2]",185,32.7721,0.9484,17,99.0,piece_count,4,midgame,False,0.0,0.0,False
22,29,1,"[[2, 7], [3, 6]]","[3, 6]",153,32.2161,0.9573,17,99.0,piece_count,4,midgame,False,0.0,0.0,True
22,30,0,"[[5, 4], [4, 3]]","[4, 3]",194,43.2897,0.9459,17,99.0,piece_count,4,midgame,True,0,0.0,False
22,31,1,"[[3, 2], [5, 4]]","[5, 4]",41,8.3992,0.9199,17,99.0,piece_count,4,midgame,False,0.0,0.0,False
22,32,0,"[[5, 0], [4, 1]]","[4, 1]",199,32.8283,0.9223,17,105.0,piece_count,4,midgame,False,0.0,0.0,False
22,33,1,"[[5, 4], [6, 3]]","[6, 3]",176,35.0163,0.9509,17,105.0,piece_count,4,midgame,False,0.0,0.0,True
22,34,0,"[[7, 6], [6, 5]]","[6, 5]",138,32.4831,0.9326,17,105.0,piece_count,4,midgame,False,0.0,0.0,False
22,35,1,"[[6, 3], [7, 2]]","[7, 2]",142,32.2764,0.9604,17,105.0,piece_count,4,midgame,True,0.0,0.0,True
22,36,0,"[[6, 5], [5, 4]]","[5, 4]",136,25.0356,0.9336,17,105.0,piece_count,4,midgame,False,0.0,0.0,False
22,37,1,"[[1, 6], [2, 7]]","[2, 7]",160,32.2063,0.9554,17,105.0,piece_count,4,midgame,False,0.0,0.0,False
22,38,0,"[[5, 2], [4, 3]]","[4, 3]",60,13.7017,0.9707,17,127.0,piece_count,4,midgame,False,0.0,0.0,False
22,39,1,"[[3, 0], [5, 2]]","[5, 2]",14,2.9559,0.9863,17,127.0,piece_count,4,midgame,False,0.0,0.0,False
22,40,0,"[[4, 3], [3, 2]]","[3, 2]",19,3.2179,0.9814,17,145.0,piece_count,4,midgame,True,0,0.0,False
22,41,1,"[[2, 3], [4, 1]]","[4, 1]",20,4.261,0.9609,17,145.0,piece_count,4,midgame,False,0.0,0.0,False
22,42,0,"[[5, 4], [4, 5]]","[4, 5]",80,16.4418,0.9219,17,205.0,piece_count,4,midgame,False,0.0,0.0,False
22,43,1,"[[3, 6], [5, 4]]","[5, 4]",6,1.0617,0.9941,17,205.0,piece_count,4,midgame,False,0.0,0.0,False
22,44,0,"[[4, 7], [3, 6]]","[3, 6]",4,0.6366,0.9922,17,310.0,piece_count,4,midgame,False,0.0,0.0,False
22,45,1,"[[2, 5], [4, 7]]","[4, 7]",3,0.4458,0.9971,17,310.0,piece_count,4,midgame,True,132.0,132.0,True
23,0,0,"[[6, 1], [5, 0]]","[5, 0]",194,60.7939,0.9459,0,0,piece_count,4,opening,False,0,0.0,False
23,1,1,"[[1, 0], [2, 1]]","[2, 1]",209,53.3276,0.9417,0,0,piece_count,4,opening,False,0.0,0.0,True
23,2,0,"[[5, 0], [4, 1]]","[4, 1]",225,59.34,0.9451,0,1.0,piece_count,4,opening,False,0.0,0.0,False
23,3,1,"[[0, 1], [1, 0]]","[1, 0]",228,58.917,0.9443,0,1.0,piece_count,4,opening,False,0.0,0.0,True
23,4,0,"[[4, 1], [3, 0]]","[3, 0]",222,42.2544,0.9518,0,1.0,piece_count,4,opening,False,0.0,0.0,False
23,5,1,"[[1, 4], [2, 3]]","[2, 3]",145,31.091,0.9528,0,1.0,piece_count,4,opening,False,0.0,0.0,True
23,6,0,"[[6, 3], [5, 2]]","[5, 2]",185,36.257,0.9484,0,1.0,piece_count,4,opening,False,0.0,0.0,False
23,7,1,"[[0, 3], [1, 4]]","[1, 4]",195,53.1521,0.9456,0,1.0,piece_count,4,opening,False,0.0,0.0,True
23,8,0,"[[5, 2], [4, 3]]","[4, 3]",290,79.9184,0.9371,0,1.0,piece_count,4,opening,False,0.0,0.0,False
23,9,1,"[[1, 4], [2, 5]]","[2, 5]",229,57.4157,0.9255,0,1.0,piece_count,4,opening,False,0.0,0.0,True
23,10,0,"[[7, 0], [6, 1]]","[6, 1]",430,95.3345,0.9067,0,1.0,piece_count,4,opening,True,0,0.0,False
23,11,1,"[[0, 5], [1, 4]]","[1, 4]",259,58.9049,0.9277,0,1.0,piece_count,4,opening,False,0.0,0.0,True
23,12,0,"[[6, 1], [5, 2]]","[5, 2]",293,72.9496,0.9364,0,1.0,piece_count,4,opening,False,0.0,0.0,False
23,13,1,"[[1, 6], [2, 7]]","[2, 7]",170,38.316,0.9447,0,1.0,piece_count,4,opening,False,0.0,0.0,True
23,14,0,"[[4, 3], [3, 2]]","[3, 2]",177,51.1661,0.9616,0,31.0,piece_count,4,opening,False,0.0,0.0,False
23,15,1,"[[2, 1], [4, 3], [6, 1]]","[6, 1]",40,10.8008,0.9609,0,31.0,piece_count,4,opening,True,60.0,0.0,True
23,16,0,"[[7, 2], [5, 0]]","[5, 0]",53,13.3793,0.8965,0,91.0,piece_count,4,opening,False,0.0,0.0,False
23,17,1,"[[0, 7], [1, 6]]","[1, 6]",111,20.797,0.9729,17,91.0,piece_count,4,opening,False,0.0,0.0,False
23,18,0,"[[3, 0], [2, 1]]","[2, 1]",100,25.1307,0.9674,17,91.0,piece_count,4,opening,False,0.0,0.0,False
23,19,1,"[[1, 0], [3, 2]]","[3, 2]",75,17.6642,0.9268,17,91.0,piece_count,4,opening,False,0.0,0.0,True
23,20,0,"[[6, 5], [5, 4]]","[5, 4]",154,38.6653,0.9398,17,99.0,piece_count,4,midgame,True,0,0.0,False
23,21,1,"[[1, 2], [2, 1]]","[2, 1]",202,49.6631,0.9436,17,99.0,piece_count,4,midgame,False,0.0,0.0,True
23,22,0,"[[6, 7], [5, 6]]","[5, 6]",234,51.1773,0.9347,17,99.0,piece_count,4,midgame,False,0.0,0.0,False
23,23,1,"[[2, 1], [3, 0]]","[3, 0]",286,65.6488,0.9202,17,99.0,piece_count,4,midgame,False,0.0,0.0,True
23,24,0,"[[5, 6], [4, 7]]","[4, 7]",273,66.2251,0.9408,17,99.0,piece_count,4,midgame,False,0.0,0.0,False
23,25,1,"[[2, 3], [3, 4]]","[3, 4]",169,40.7574,0.9528,17,99.0,piece_count,4,midgame,True,0.0,0.0,True
23,26,0,"[[7, 4], [6, 3]]","[6, 3]",246,57.2491,0.9399,17,99.0,piece_count,4,midgame,False,0.0,0.0,False
23,27,1,"[[1, 4], [2, 3]]","[2, 3]",245,44.5194,0.9402,17,99.0,piece_count,4,midgame,False,0.0,0.0,True
23,28,0,"[[6, 3], [5, 2]]","[5, 2]",185,33.7133,0.9484,17,99.0,piece_count,4,midgame,False,0.0,0.0,False
23,29,1,"[[2, 7], [3, 6]]","[3, 6]",153,27.1397,0.9573,17,99.0,piece_count,4,midgame,False,0.0,0.0,True
23,30,0,"[[5, 4], [4, 3]]","[4, 3]",194,33.6277,0.9459,17,99.0,piece_count,4,midgame,True,0,0.0,False
23,31,1,"[[3, 2], [5, 4]]","[5, 4]",41,5.3136,0.9199,17,99.0,piece_count,4,midgame,False,0.0,0.0,False
23,32,0,"[[5, 0], [4, 1]]","[4, 1]",199,27.9942,0.9223,17,105.0,piece_count,4,midgame,False,0.0,0.0,False
23,33,1,"[[5, 4], [6, 3]]","[6, 3]",176,28.7378,0.9509,17,105.0,piece_count,4,midgame,False,0.0,0.0,True
23,34,0,"[[7, 6], [6, 5]]","[6, 5]",138,25.5792,0.9326,17,105.0,piece_count,4,midgame,False,0.0,0.0,False
23,35,1,"[[6, 3], [7, 2]]","[7, 2]",142,19.0015,0.9604,17,105.0,piece_count,4,midgame,True,0.0,0.0,True
23,36,0,"[[6, 5], [5, 4]]","[5, 4]",136,30.5638,0.9336,17,105.0,piece_count,4,midgame,False,0.0,0.0,False
23,37,1,"[[1, 6], [2, 7]]","[2, 7]",160,29.1219,0.9554,17,105.0,piece_count,4,midgame,False,0.0,0.0,False
23,38,0,"[[5, 2], [4, 3]]","[4, 3]",60,11.0021,0.9707,17,127.0,piece_count,4,midgame,False,0.0,0.0,False
23,39,1,"[[3, 0], [5, 2]]","[5, 2]",14,4.1733,0.9863,17,127.0,piece_count,4,midgame,False,0.0,0.0,False
23,40,0,"[[4, 3], [3, 2]]","[3, 2]",19,2.4402,0.9814,17,145.0,piece_count,4,midgame,True,0,0.0,False
23,41,1,"[[2, 3], [4, 1]]","[4, 1]",20,2.3203,0.9609,17,145.0,piece_count,4,midgame,False,0.0,0.0,False
23,42,0,"[[5, 4], [4, 5]]","[4, 5]",80,14.9632,0.9219,17,205.0,piece_count,4,midgame,False,0.0,0.0,False
23,43,1,"[[3, 6], [5, 4]]","[5, 4]",6,0.5753,0.9941,17,205.0,piece_count,4,midgame,False,0.0,0.0,False
23,44,0,"[[4, 7], [3, 6]]","[3, 6]",4,0.3412,0.9922,17,310.0,piece_count,4,midgame,False,0.0,0.0,False
23,45,1,"[[2, 5], [4, 7]]","[4, 7]",3,0.2418,0.9971,17,310.0,piece_count,4,midgame,True,132.0,132.0,True
24,0,0,"[[6, 1], [5, 0]]","[5, 0]",194,53.3118,0.9459,0,0,piece_count,4,opening,False,0,0.0,False
24,1,1,"[[1, 0], [2, 1]]","[2, 1]",209,46.3221,0.9417,0,0,piece_count,4,opening,False,0.0,0.0,True
24,2,0,"[[5, 0], [4, 1]]","[4, 1]",225,47.1275,0.9451,0,1.0,piece_count,4,opening,False,0.0,0.0,False
24,3,1,"[[0, 1], [1, 0]]","[1, 0]",228,52.2327,0.9443,0,1.0,piece_count,4,opening,False,0.0,0.0,True
24,4,0,"[[4, 1], [3, 0]]","[3, 0]",222,40.4849,0.9518,0,1.0,piece_count,4,opening,False,0.0,0.0,False
24,5,1,"[[1, 4], [2, 3]]","[2, 3]",145,38.9869,0.9528,0,1.0,piece_count,4,opening,False,0.0,0.0,True
24,6,0,"[[6, 3], [5, 2]]","[5, 2]",185,34.0223,0.9484,0,1.0,piece_count,4,opening,False,0.0,0.0,False
24,7,1,"[[0, 3], [1, 4]]","[1, 4]",195,35.4292,0.9456,0,1.0,piece_count,4,opening,False,0.0,0.0,True
24,8,0,"[[5, 2], [4, 3]]","[4, 3]",290,86.5462,0.9371,0,1.0,piece_count,4,opening,False,0.0,0.0,False
24,9,1,"[[1, 4], [2, 5]]","[2, 5]",229,61.5637,0.9255,0,1.0,piece_count,4,opening,False,0.0,0.0,True
24,10,0,"[[7, 0], [6, 1]]","[6, 1]",430,103.3766,0.9067,0,1.0,piece_count,4,opening,True,0,0.0,False
24,11,1,"[[0, 5], [1, 4]]","[1, 4]",259,65.6512,0.9277,0,1.0,piece_count,4,opening,False,0.0,0.0,True
24,12,0,"[[6, 1], [5, 2]]","[5, 2]",293,68.3227,0.9364,0,1.0,piece_count,4,opening,False,0.0,0.0,False
24,13,1,"[[1, 6], [2, 7]]","[2, 7]",170,29.0926,0.9447,0,1.0,piece_count,4,opening,False,0.0,0.0,True
24,14,0,"[[4, 3], [3, 2]]","[3, 2]",177,42.0496,0.9616,0,31.0,piece_count,4,opening,False,0.0,0.0,False
24,15,1,"[[2, 1], [4, 3], [6, 1]]","[6, 1]",40,9.9709,0.9609,0,31.0,piece_count,4,opening,True,60.0,0.0,True
24,16,0,"[[7, 2], [5, 0]]","[5, 0]",53,14.2007,0.8965,0,91.0,piece_count,4,opening,False,0.0,0.0,False
24,17,1,"[[0, 7], [1, 6]]","[1, 6]",111,19.7709,0.9729,17,91.0,piece_count,4,opening,False,0.0,0.0,False
24,18,0,"[[3, 0], [2, 1]]","[2, 1]",100,25.6863,0.9674,17,91.0,piece_count,4,opening,False,0.0,0.0,False
24,19,1,"[[1, 0], [3, 2]]","[3, 2]",75,19.2175,0.9268,17,91.0,piece_count,4,opening,False,0.0,0.0,True
24,20,0,"[[6, 5], [5, 4]]","[5, 4]",154,23.4053,0.9398,17,99.0,piece_count,4,midgame,True,0,0.0,False
24,21,1,"[[1, 2], [2, 1]]","[2, 1]",202,31.6219,0.9436,17,99.0,piece_count,4,midgame,False,0.0,0.0,True
24,22,0,"[[6, 7], [5, 6]]","[5, 6]",234,47.3602,0.9347,17,99.0,piece_count,4,midgame,False,0.0,0.0,False
24,23,1,"[[2, 1], [3, 0]]","[3, 0]",286,59.9604,0.9202,17,99.0,piece_count,4,midgame,False,0.0,0.0,True
24,24,0,"[[5, 6], [4, 7]]","[4, 7]",273,45.4895,0.9408,17,99.0,piece_count,4,midgame,False,0.0,0.0,False
24,25,1,"[[2, 3], [3, 4]]","[3, 4]",169,24.0905,0.9528,17,99.0,piece_count,4,midgame,True,0.0,0.0,True
24,26,0,"[[7, 4], [6, 3]]","[6, 3]",246,50.4172,0.9399,17,99.0,piece_count,4,midgame,False,0.0,0.0,False
24,27,1,"[[1, 4], [2, 3]]","[2, 3]",245,40.5915,0.9402,17,99.0,piece_count,4,midgame,False,0.0,0.0,True
24,28,0,"[[6, 3], [5, 2]]","[5, 2]",185,43.6687,0.9484,17,99.0,piece_count,4,midgame,False,0.0,0.0,False
24,29,1,"[[2, 7], [3, 6]]","[3, 6]",153,20.2641,0.9573,17,99.0,piece_count,4,midgame,False,0.0,0.0,True
24,30,0,"[[5, 4], [4, 3]]","[4, 3]",194,29.1631,0.9459,17,99.0,piece_count,4,midgame,True,0,0.0,False
24,31,1,"[[3, 2], [5, 4]]","[5, 4]",41,9.7582,0.9199,17,99.0,piece_count,4,midgame,False,0.0,0.0,False
24,32,0,"[[5, 0], [4, 1]]","[4, 1]",199,45.1813,0.9223,17,105.0,piece_count,4,midgame,False,0.0,0.0,False
24,33,1,"[[5, 4], [6, 3]]","[6, 3]",176,39.9127,0.9509,17,105.0,piece_count,4,midgame,False,0.0,0.0,True
24,34,0,"[[7, 6], [6, 5]]","[6, 5]",138,37.7235,0.9326,17,105.0,piece_count,4,midgame,False,0.0,0.0,False
24,35,1,"[[6, 3], [7, 2]]","[7, 2]",142,32.6173,0.9604,17,105.0,piece_count,4,midgame,True,0.0,0.0,True
24,36,0,"[[6, 5], [5, 4]]","[5, 4]",136,33.3638,0.9336,17,105.0,piece_count,4,midgame,False,0.0,0.0,False
24,37,1,"[[1, 6], [2, 7]]","[2, 7]",160,26.1979,0.9554,17,105.0,piece_count,4,midgame,False,0.0,0.0,False
24,38,0,"[[5, 2], [4, 3]]","[4, 3]",60,12.9933,0.9707,17,127.0,piece_count,4,midgame,False,0.0,0.0,False
24,39,1,"[[3, 0], [5, 2]]","[5, 2]",14,2.9664,0.9863,17,127.0,piece_count,4,midgame,False,0.0,0.0,False
24,40,0,"[[4, 3], [3, 2]]","[3, 2]",19,3.9506,0.9814,17,145.0,piece_count,4,midgame,True,0,0.0,False
24,41,1,"[[2, 3], [4, 1]]","[4, 1]",20,4.1692,0.9609,17,145.0,piece_count,4,midgame,False,0.0,0.0,False
24,42,0,"[[5, 4], [4, 5]]","[4, 5]",80,16.0532,0.9219,17,205.0,piece_count,4,midgame,False,0.0,0.0,False
24,43,1,"[[3, 6], [5, 4]]","[5, 4]",6,1.2155,0.9941,17,205.0,piece_count,4,midgame,False,0.0,0.0,False
24,44,0,"[[4, 7], [3, 6]]","[3, 6]",4,0.3467,0.9922,17,310.0,piece_count,4,midgame,False,0.0,0.0,False
24,45,1,"[[2, 5], [4, 7]]","[4, 7]",3,0.2394,0.9971,17,310.0,piece_count,4,midgame,True,132.0,132.0,True
25,0,0,"[[6, 1], [5, 0]]","[5, 0]",194,48.2268,0.9459,0,0,piece_count,4,opening,False,0,0.0,False
25,1,1,"[[1, 0], [2, 1]]","[2, 1]",209,150.219,0.9417,0,0,piece_count,4,opening,False,0.0,0.0,True
25,2,0,"[[5, 0], [4, 1]]","[4, 1]",225,131.2623,0.9451,0,1.0,piece_count,4,opening,False,0.0,0.0,False
25,3,1,"[[0, 1], [1, 0]]","[1, 0]",228,70.1845,0.9443,0,1.0,piece_count,4,opening,False,0.0,0.0,True
25,4,0,"[[4, 1], [3, 0]]","[3, 0]",222,75.5801,0.9518,0,1.0,piece_count,4,opening,False,0.0,0.0,False
25,5,1,"[[1, 4], [2, 3]]","[2, 3]",145,34.1096,0.9528,0,1.0,piece_count,4,opening,False,0.0,0.0,True
25,6,0,"[[6, 3], [5, 2]]","[5, 2]",185,38.9557,0.9484,0,1.0,piece_count,4,opening,False,0.0,0.0,False
25,7,1,"[[0, 3], [1, 4]]","[1, 4]",195,64.364,0.9456,0,1.0,piece_count,4,opening,False,0.0,0.0,True
25,8,0,"[[5, 2], [4, 3]]","[4, 3]",290,87.2598,0.9371,0,1.0,piece_count,4,opening,False,0.0,0.0,False
25,9,1,"[[1, 4], [2, 5]]","[2, 5]",229,54.7709,0.9255,0,1.0,piece_count,4,opening,False,0.0,0.0,True
25,10,0,"[[7, 0], [6, 1]]","[6, 1]",430,113.2917,0.9067,0,1.0,piece_count,4,opening,True,0,0.0,False
25,11,1,"[[0, 5], [1, 4]]","[1, 4]",259,65.2797,0.9277,0,1.0,piece_count,4,opening,False,0.0,0.0,True
25,12,0,"[[6, 1], [5, 2]]","[5, 2]",293,57.2157,0.9364,0,1.0,piece_count,4,opening,False,0.0,0.0,False
25,13,1,"[[1, 6], [2, 7]]","[2, 7]",170,42.1171,0.9447,0,1.0,piece_count,4,opening,False,0.0,0.0,True
25,14,0,"[[4, 3], [3, 2]]","[3, 2]",177,30.3576,0.9616,0,31.0,piece_count,4,opening,False,0.0,0.0,False
25,15,1,"[[2, 1], [4, 3], [6, 1]]","[6, 1]",40,9.8436,0.9609,0,31.0,piece_count,4,opening,True,60.0,0.0,True
25,16,0,"[[7, 2], [5, 0]]","[5, 0]",53,7.7662,0.8965,0,91.0,piece_count,4,opening,False,0.0,0.0,False
25,17,1,"[[0, 7], [1, 6]]","[1, 6]",111,26.2024,0.9729,17,91.0,piece_count,4,opening,False,0.0,0.0,False
25,18,0,"[[3, 0], [2, 1]]","[2, 1]",100,27.1945,0.9674,17,91.0,piece_count,4,opening,False,0.0,0.0,False
25,19,1,"[[1, 0], [3, 2]]","[3, 2]",75,11.6501,0.9268,17,91.0,piece_count,4,opening,False,0.0,0.0,True
25,20,0,"[[6, 5], [5, 4]]","[5, 4]",154,37.3499,0.9398,17,99.0,piece_count,4,midgame,True,0,0.0,False
25,21,1,"[[1, 2], [2, 1]]","[2, 1]",202,31.1501,0.9436,17,99.0,piece_count,4,midgame,False,0.0,0.0,True
25,22,0,"[[6, 7], [5, 6]]","[5, 6]",234,40.0908,0.9347,17,99.0,piece_count,4,midgame,False,0.0,0.0,False
25,23,1,"[[2, 1], [3, 0]]","[3, 0]",286,54.6689,0.9202,17,99.0,piece_count,4,midgame,False,0.0,0.0,True
25,24,0,"[[5, 6], [4, 7]]","[4, 7]",273,62.3863,0.9408,17,99.0,piece_count,4,midgame,False,0.0,0.0,False
25,25,1,"[[2, 3], [3, 4]]","[3, 4]",169,38.8,0.9528,17,99.0,piece_count,4,midgame,True,0.0,0.0,True
25,26,0,"[[7, 4], [6, 3]]","[6, 3]",246,48.3544,0.9399,17,99.0,piece_count,4,midgame,False,0.0,0.0,False
25,27,1,"[[1, 4], [2, 3]]","[2, 3]",245,49.6888,0.9402,17,99.0,piece_count,4,midgame,False,0.0,0.0,True
25,28,0,"[[6, 3], [5, 2]]","[5, 2]",185,43.9909,0.9484,17,99.0,piece_count,4,midgame,False,0.0,0.0,False
25,29,1,"[[2, 7], [3, 6]]","[3, 6]",153,35.9435,0.9573,17,99.0,piece_count,4,midgame,False,0.0,0.0,True
25,30,0,"[[5, 4], [4, 3]]","[4, 3]",194,44.9109,0.9459,17,99.0,piece_count,4,midgame,True,0,0.0,False
25,31,1,"[[3, 2], [5, 4]]","[5, 4]",41,9.6786,0.9199,17,99.0,piece_count,4,midgame,False,0.0,0.0,False
25,32,0,"[[5, 0], [4, 1]]","[4, 1]",199,33.7896,0.9223,17,105.0,piece_count,4,midgame,False,0.0,0.0,False
25,33,1,"[[5, 4], [6, 3]]","[6, 3]",176,40.6165,0.9509,17,105.0,piece_count,4,midgame,False,0.0,0.0,True
25,34,0,"[[7, 6], [6, 5]]","[6, 5]",138,31.3003,0.9326,17,105.0,piece_count,4,midgame,False,0.0,0.0,False
25,35,1,"[[6, 3], [7, 2]]","[7, 2]",142,34.1041,0.9604,17,105.0,piece_count,4,midgame,True,0.0,0.0,True
25,36,0,"[[6, 5], [5, 4]]","[5, 4]",136,18.1692,0.9336,17,105.0,piece_count,4,midgame,False,0.0,0.0,False
25,37,1,"[[1, 6], [2, 7]]","[2, 7]",160,28.0042,0.9554,17,105.0,piece_count,4,midgame,False,0.0,0.0,False
25,38,0,"[[5, 2], [4, 3]]","[4, 3]",60,7.5998,0.9707,17,127.0,piece_count,4,midgame,False,0.0,0.0,False
25,39,1,"[[3, 0], [5, 2]]","[5, 2]",14,1.6272,0.9863,17,127.0,piece_count,4,midgame,False,0.0,0.0,False
25,40,0,"[[4, 3], [3, 2]]","[3, 2]",19,2.1563,0.9814,17,145.0,piece_count,4,midgame,True,0,0.0,False
25,41,1,"[[2, 3], [4, 1]]","[4, 1]",20,4.5149,0.9609,17,145.0,piece_count,4,midgame,False,0.0,0.0,False
25,42,0,"[[5, 4], [4, 5]]","[4, 5]",80,12.1415,0.9219,17,205.0,piece_count,4,midgame,False,0.0,0.0,False
25,43,1,"[[3, 6], [5, 4]]","[5, 4]",6,1.0648,0.9941,17,205.0,piece_count,4,midgame,False,0.0,0.0,False
25,44,0,"[[4, 7], [3, 6]]","[3, 6]",4,0.6359,0.9922,17,310.0,piece_count,4,midgame,False,0.0,0.0,False
25,45,1,"[[2, 5], [4, 7]]","[4, 7]",3,0.4497,0.9971,17,310.0,piece_count,4,midgame,True,132.0,132.0,True
26,0,0,"[[6, 1], [5, 0]]","[5, 0]",194,38.0061,0.9459,0,0,piece_count,4,opening,False,0,0.0,False
26,1,1,"[[1, 0], [2, 1]]","[2, 1]",209,44.2138,0.9417,0,0,piece_count,4,opening,False,0.0,0.0,True
26,2,0,"[[5, 0], [4, 1]]","[4, 1]",225,64.4195,0.9451,0,1.0,piece_count,4,opening,False,0.0,0.0,False
26,3,1,"[[0, 1], [1, 0]]","[1, 0]",228,63.4887,0.9443,0,1.0,piece_count,4,opening,False,0.0,0.0,True
26,4,0,"[[4, 1], [3, 0]]","[3, 0]",222,68.9213,0.9518,0,1.0,piece_count,4,opening,False,0.0,0.0,False
26,5,1,"[[1, 4], [2, 3]]","[2, 3]",145,31.1809,0.9528,0,1.0,piece_count,4,opening,False,0.0,0.0,True
26,6,0,"[[6, 3], [5, 2]]","[5, 2]",185,45.9285,0.9484,0,1.0,piece_count,4,opening,False,0.0,0.0,False
26,7,1,"[[0, 3], [1, 4]]","[1, 4]",195,48.9132,0.9456,0,1.0,piece_count,4,opening,False,0.0,0.0,True
26,8,0,"[[5, 2], [4, 3]]","[4, 3]",290,57.9162,0.9371,0,1.0,piece_count,4,opening,False,0.0,0.0,False
26,9,1,"[[1, 4], [2, 5]]","[2, 5]",229,51.7144,0.9255,0,1.0,piece_count,4,opening,False,0.0,0.0,True
26,10,0,"[[7, 0], [6, 1]]","[6, 1]",430,74.5163,0.9067,0,1.0,piece_count,4,opening,True,0,0.0,False
26,11,1,"[[0, 5], [1, 4]]","[1, 4]",259,65.9809,0.9277,0,1.0,piece_count,4,opening,False,0.0,0.0,True
26,12,0,"[[6, 1], [5, 2]]","[5, 2]",293,62.9008,0.9364,0,1.0,piece_count,4,opening,False,0.0,0.0,False
26,13,1,"[[1, 6], [2, 7]]","[2, 7]",170,51.9207,0.9447,0,1.0,piece_count,4,opening,False,0.0,0.0,True
26,14,0,"[[4, 3], [3, 2]]","[3, 2]",177,48.5361,0.9616,0,31.0,piece_count,4,opening,False,0.0,0.0,False
26,15,1,"[[2, 1], [4, 3], [6, 1]]","[6, 1]",40,5.861,0.9609,0,31.0,piece_count,4,opening,True,60.0,0.0,True
26,16,0,"[[7, 2], [5, 0]]","[5, 0]",53,8.7554,0.8965,0,91.0,piece_count,4,opening,False,0.0,0.0,False
26,17,1,"[[0, 7], [1, 6]]","[1, 6]",111,30.0124,0.9729,17,91.0,piece_count,4,opening,False,0.0,0.0,False
26,18,0,"[[3, 0], [2, 1]]","[2, 1]",100,24.4658,0.9674,17,91.0,piece_count,4,opening,False,0.0,0.0,False
26,19,1,"[[1, 0], [3, 2]]","[3, 2]",75,18.1603,0.9268,17,91.0,piece_count,4,opening,False,0.0,0.0,True
26,20,0,"[[6, 5], [5, 4]]","[5, 4]",154,21.4334,0.9398,17,99.0,piece_count,4,midgame,True,0,0.0,False
26,21,1,"[[1, 2], [2, 1]]","[2, 1]",202,28.8632,0.9436,17,99.0,piece_count,4,midgame,False,0.0,0.0,True
26,22,0,"[[6, 7], [5, 6]]","[5, 6]",234,42.1879,0.9347,17,99.0,piece_count,4,midgame,False,0.0,0.0,False
26,23,1,"[[2, 1], [3, 0]]","[3, 0]",286,53.0136,0.9202,17,99.0,piece_count,4,midgame,False,0.0,0.0,True
26,24,0,"[[5, 6], [4, 7]]","[4, 7]",273,64.8654,0.9408,17,99.0,piece_count,4,midgame,False,0.0,0.0,False
26,25,1,"[[2, 3], [3, 4]]","[3, 4]",169,37.8492,0.9528,17,99.0,piece_count,4,midgame,True,0.0,0.0,True
26,26,0,"[[7, 4], [6, 3]]","[6, 3]",246,49.2687,0.9399,17,99.0,piece_count,4,midgame,False,0.0,0.0,False
26,27,1,"[[1, 4], [2, 3]]","[2, 3]",245,44.4224,0.9402,17,99.0,piece_count,4,midgame,False,0.0,0.0,True
26,28,0,"[[6, 3], [5, 2]]","[5, 2]",185,35.629,0.9484,17,99.0,piece_count,4,midgame,False,0.0,0.0,False
26,29,1,"[[2, 7], [3, 6]]","[3, 6]",153,20.7887,0.9573,17,99.0,piece_count,4,midgame,False,0.0,0.0,True
26,30,0,"[[5, 4], [4, 3]]","[4, 3]",194,37.7948,0.9459,17,99.0,piece_count,4,midgame,True,0,0.0,False
26,31,1,"[[3, 2], [5, 4]]","[5, 4]",41,11.6372,0.9199,17,99.0,piece_count,4,midgame,False,0.0,0.0,False
26,32,0,"[[5, 0], [4, 1]]","[4, 1]",199,41.4011,0.9223,17,105.0,piece_count,4,midgame,False,0.0,0.0,False
26,33,1,"[[5, 4], [6, 3]]","[6, 3]",176,31.3699,0.9509,17,105.0,piece_count,4,midgame,False,0.0,0.0,True
26,34,0,"[[7, 6], [6, 5]]","[6, 5]",138,31.9743,0.9326,17,105.0,piece_count,4,midgame,False,0.0,0.0,False
26,35,1,"[[6, 3], [7, 2]]","[7, 2]",142,33.7365,0.9604,17,105.0,piece_count,4,midgame,True,0.0,0.0,True
26,36,0,"[[6, 5], [5, 4]]","[5, 4]",136,27.6906,0.9336,17,105.0,piece_count,4,midgame,False,0.0,0.0,False
26,37,1,"[[1, 6], [2, 7]]","[2, 7]",160,20.9911,0.9554,17,105.0,piece_count,4,midgame,False,0.0,0.0,False
26,38,0,"[[5, 2], [4, 3]]","[4, 3]",60,8.6498,0.9707,17,127.0,piece_count,4,midgame,False,0.0,0.0,False
26,39,1,"[[3, 0], [5, 2]]","[5, 2]",14,1.857,0.9863,17,127.0,piece_count,4,midgame,False,0.0,0.0,False
26,40,0,"[[4, 3], [3, 2]]","[3, 2]",19,2.4502,0.9814,17,145.0,piece_count,4,midgame,True,0,0.0,False
26,41,1,"[[2, 3], [4, 1]]","[4, 1]",20,2.6231,0.9609,17,145.0,piece_count,4,midgame,False,0.0,0.0,False
26,42,0,"[[5, 4], [4, 5]]","[4, 5]",80,9.9132,0.9219,17,205.0,piece_count,4,midgame,False,0.0,0.0,False
26,43,1,"[[3, 6], [5, 4]]","[5, 4]",6,0.576,0.9941,17,205.0,piece_count,4,midgame,False,0.0,0.0,False
26,44,0,"[[4, 7], [3, 6]]","[3, 6]",4,0.3455,0.9922,17,310.0,piece_count,4,midgame,False,0.0,0.0,False
26,45,1,"[[2, 5], [4, 7]]","[4, 7]",3,0.2379,0.9971,17,310.0,piece_count,4,midgame,True,132.0,132.0,True
27,0,0,"[[6, 1], [5, 0]]","[5, 0]",194,58.2733,0.9459,0,0,piece_count,4,opening,False,0,0.0,False
27,1,1,"[[1, 0], [2, 1]]","[2, 1]",209,66.4299,0.9417,0,0,piece_count,4,opening,False,0.0,0.0,True
27,2,0,"[[5, 0], [4, 1]]","[4, 1]",225,48.1696,0.9451,0,1.0,piece_count,4,opening,False,0.0,0.0,False
27,3,1,"[[0, 1], [1, 0]]","[1, 0]",228,60.5505,0.9443,0,1.0,piece_count,4,opening,False,0.0,0.0,True
27,4,0,"[[4, 1], [3, 0]]","[3, 0]",222,46.0923,0.9518,0,1.0,piece_count,4,opening,False,0.0,0.0,False
27,5,1,"[[1, 4], [2, 3]]","[2, 3]",145,46.4039,0.9528,0,1.0,piece_count,4,opening,False,0.0,0.0,True
27,6,0,"[[6, 3], [5, 2]]","[5, 2]",185,35.1102,0.9484,0,1.0,piece_count,4,opening,False,0.0,0.0,False
27,7,1,"[[0, 3], [1, 4]]","[1, 4]",195,37.4622,0.9456,0,1.0,piece_count,4,opening,False,0.0,0.0,True
27,8,0,"[[5, 2], [4, 3]]","[4, 3]",290,64.2176,0.9371,0,1.0,piece_count,4,opening,False,0.0,0.0,False
27,9,1,"[[1, 4], [2, 5]]","[2, 5]",229,54.7857,0.9255,0,1.0,piece_count,4,opening,False,0.0,0.0,True
27,10,0,"[[7, 0], [6, 1]]","[6, 1]",430,92.0167,0.9067,0,1.0,piece_count,4,opening,True,0,0.0,False
27,11,1,"[[0, 5], [1, 4]]","[1, 4]",259,85.6621,0.9277,0,1.0,piece_count,4,opening,False,0.0,0.0,True
27,12,0,"[[6, 1], [5, 2]]","[5, 2]",293,65.1817,0.9364,0,1.0,piece_count,4,opening,False,0.0,0.0,False
27,13,1,"[[1, 6], [2, 7]]","[2, 7]",170,39.1738,0.9447,0,1.0,piece_count,4,opening,False,0.0,0.0,True
27,14,0,"[[4, 3], [3, 2]]","[3, 2]",177,42.1538,0.9616,0,31.0,piece_count,4,opening,False,0.0,0.0,False
27,15,1,"[[2, 1], [4, 3], [6, 1]]","[6, 1]",40,5.8961,0.9609,0,31.0,piece_count,4,opening,True,60.0,0.0,True
27,16,0,"[[7, 2], [5, 0]]","[5, 0]",53,7.7622,0.8965,0,91.0,piece_count,4,opening,False,0.0,0.0,False
27,17,1,"[[0, 7], [1, 6]]","[1, 6]",111,29.4766,0.9729,17,91.0,piece_count,4,opening,False,0.0,0.0,False
27,18,0,"[[3, 0], [2, 1]]","[2, 1]",100,23.0463,0.9674,17,91.0,piece_count,4,opening,False,0.0,0.0,False
27,19,1,"[[1, 0], [3, 2]]","[3, 2]",75,11.0478,0.9268,17,91.0,piece_count,4,opening,False,0.0,0.0,True
27,20,0,"[[6, 5], [5, 4]]","[5, 4]",154,28.8951,0.9398,17,99.0,piece_count,4,midgame,True,0,0.0,False
27,21,1,"[[1, 2], [2, 1]]","[2, 1]",202,35.5725,0.9436,17,99.0,piece_count,4,midgame,False,0.0,0.0,True
27,22,0,"[[6, 7], [5, 6]]","[5, 6]",234,47.5972,0.9347,17,99.0,piece_count,4,midgame,False,0.0,0.0,False
27,23,1,"[[2, 1], [3, 0]]","[3, 0]",286,42.068,0.9202,17,99.0,piece_count,4,midgame,False,0.0,0.0,True
27,24,0,"[[5, 6], [4, 7]]","[4, 7]",273,66.9649,0.9408,17,99.0,piece_count,4,midgame,False,0.0,0.0,False
27,25,1,"[[2, 3], [3, 4]]","[3, 4]",169,33.8943,0.9528,17,99.0,piece_count,4,midgame,True,0.0,0.0,True
27,26,0,"[[7, 4], [6, 3]]","[6, 3]",246,45.1021,0.9399,17,99.0,piece_count,4,midgame,False,0.0,0.0,False
27,27,1,"[[1, 4], [2, 3]]","[2, 3]",245,48.5187,0.9402,17,99.0,piece_count,4,midgame,False,0.0,0.0,True
27,28,0,"[[6, 3], [5, 2]]","[5, 2]",185,26.2926,0.9484,17,99.0,piece_count,4,midgame,False,0.0,0.0,False
27,29,1,"[[2, 7], [3, 6]]","[3, 6]",153,33.6628,0.9573,17,99.0,piece_count,4,midgame,False,0.0,0.0,True
27,30,0,"[[5, 4], [4, 3]]","[4, 3]",194,34.0455,0.9459,17,99.0,piece_count,4,midgame,True,0,0.0,False
27,31,1,"[[3, 2], [5, 4]]","[5, 4]",41,5.3024,0.9199,17,99.0,piece_count,4,midgame,False,0.0,0.0,False
27,32,0,"[[5, 0], [4, 1]]","[4, 1]",199,41.3201,0.9223,17,105.0,piece_count,4,midgame,False,0.0,0.0,False
27,33,1,"[[5, 4], [6, 3]]","[6, 3]",176,39.7992,0.9509,17,105.0,piece_count,4,midgame,False,0.0,0.0,True
27,34,0,"[[7, 6], [6, 5]]","[6, 5]",138,32.9654,0.9326,17,105.0,piece_count,4,midgame,False,0.0,0.0,False
27,35,1,"[[6, 3], [7, 2]]","[7, 2]",142,34.4605,0.9604,17,105.0,piece_count,4,midgame,True,0.0,0.0,True
27,36,0,"[[6, 5], [5, 4]]","[5, 4]",136,31.3361,0.9336,17,105.0,piece_count,4,midgame,False,0.0,0.0,False
27,37,1,"[[1, 6], [2, 7]]","[2, 7]",160,32.5875,0.9554,17,105.0,piece_count,4,midgame,False,0.0,0.0,False
27,38,0,"[[5, 2], [4, 3]]","[4, 3]",60,7.5669,0.9707,17,127.0,piece_count,4,midgame,False,0.0,0.0,False
27,39,1,"[[3, 0], [5, 2]]","[5, 2]",14,1.6224,0.9863,17,127.0,piece_count,4,midgame,False,0.0,0.0,False
27,40,0,"[[4, 3], [3, 2]]","[3, 2]",19,3.983,0.9814,17,145.0,piece_count,4,midgame,True,0,0.0,False
27,41,1,"[[2, 3], [4, 1]]","[4, 1]",20,4.2846,0.9609,17,145.0,piece_count,4,midgame,False,0.0,0.0,False
27,42,0,"[[5, 4], [4, 5]]","[4, 5]",80,16.4278,0.9219,17,205.0,piece_count,4,midgame,False,0.0,0.0,False
27,43,1,"[[3, 6], [5, 4]]","[5, 4]",6,1.0653,0.9941,17,205.0,piece_count,4,midgame,False,0.0,0.0,False
27,44,0,"[[4, 7], [3, 6]]","[3, 6]",4,0.6328,0.9922,17,310.0,piece_count,4,midgame,False,0.0,0.0,False
27,45,1,"[[2, 5], [4, 7]]","[4, 7]",3,0.4458,0.9971,17,310.0,piece_count,4,midgame,True,132.0,132.0,True
28,0,0,"[[6, 1], [5, 0]]","[5, 0]",194,60.7166,0.9459,0,0,piece_count,4,opening,False,0,0.0,False
28,1,1,"[[1, 0], [2, 1]]","[2, 1]",209,52.6741,0.9417,0,0,piece_count,4,opening,False,0.0,0.0,True
28,2,0,"[[5, 0], [4, 1]]","[4, 1]",225,47.6794,0.9451,0,1.0,piece_count,4,opening,False,0.0,0.0,False
28,3,1,"[[0, 1], [1, 0]]","[1, 0]",228,57.0545,0.9443,0,1.0,piece_count,4,opening,False,0.0,0.0,True
28,4,0,"[[4, 1], [3, 0]]","[3, 0]",222,45.3563,0.9518,0,1.0,piece_count,4,opening,False,0.0,0.0,False
28,5,1,"[[1, 4], [2, 3]]","[2, 3]",145,42.0032,0.9528,0,1.0,piece_count,4,opening,False,0.0,0.0,True
28,6,0,"[[6, 3], [5, 2]]","[5, 2]",185,56.9439,0.9484,0,1.0,piece_count,4,opening,False,0.0,0.0,False
28,7,1,"[[0, 3], [1, 4]]","[1, 4]",195,58.8648,0.9456,0,1.0,piece_count,4,opening,False,0.0,0.0,True
28,8,0,"[[5, 2], [4, 3]]","[4, 3]",290,93.0548,0.9371,0,1.0,piece_count,4,opening,False,0.0,0.0,False
28,9,1,"[[1, 4], [2, 5]]","[2, 5]",229,67.9402,0.9255,0,1.0,piece_count,4,opening,False,0.0,0.0,True
28,10,0,"[[7, 0], [6, 1]]","[6, 1]",430,120.9109,0.9067,0,1.0,piece_count,4,opening,True,0,0.0,False
28,11,1,"[[0, 5], [1, 4]]","[1, 4]",259,65.2587,0.9277,0,1.0,piece_count,4,opening,False,0.0,0.0,True
28,12,0,"[[6, 1], [5, 2]]","[5, 2]",293,61.5618,0.9364,0,1.0,piece_count,4,opening,False,0.0,0.0,False
28,13,1,"[[1, 6], [2, 7]]","[2, 7]",170,45.2132,0.9447,0,1.0,piece_count,4,opening,False,0.0,0.0,True
28,14,0,"[[4, 3], [3, 2]]","[3, 2]",177,46.7863,0.9616,0,31.0,piece_count,4,opening,False,0.0,0.0,False
28,15,1,"[[2, 1], [4, 3], [6, 1]]","[6, 1]",40,5.8801,0.9609,0,31.0,piece_count,4,opening,True,60.0,0.0,True
28,16,0,"[[7, 2], [5, 0]]","[5, 0]",53,13.9947,0.8965,0,91.0,piece_count,4,opening,False,0.0,0.0,False
28,17,1,"[[0, 7], [1, 6]]","[1, 6]",111,28.9466,0.9729,17,91.0,piece_count,4,opening,False,0.0,0.0,False
28,18,0,"[[3, 0], [2, 1]]","[2, 1]",100,16.1781,0.9674,17,91.0,piece_count,4,opening,False,0.0,0.0,False
28,19,1,"[[1, 0], [3, 2]]","[3, 2]",75,10.9162,0.9268,17,91.0,piece_count,4,opening,False,0.0,0.0,True
28,20,0,"[[6, 5], [5, 4]]","[5, 4]",154,21.9924,0.9398,17,99.0,piece_count,4,midgame,True,0,0.0,False
28,21,1,"[[1, 2], [2, 1]]","[2, 1]",202,39.1104,0.9436,17,99.0,piece_count,4,midgame,False,0.0,0.0,True
28,22,0,"[[6, 7], [5, 6]]","[5, 6]",234,35.3556,0.9347,17,99.0,piece_count,4,midgame,False,0.0,0.0,False
28,23,1,"[[2, 1], [3, 0]]","[3, 0]",286,47.3733,0.9202,17,99.0,piece_count,4,midgame,False,0.0,0.0,True
28,24,0,"[[5, 6], [4, 7]]","[4, 7]",273,57.39,0.9408,17,99.0,piece_count,4,midgame,False,0.0,0.0,False
28,25,1,"[[2, 3], [3, 4]]","[3, 4]",169,29.0859,0.9528,17,99.0,piece_count,4,midgame,True,0.0,0.0,True
28,26,0,"[[7, 4], [6, 3]]","[6, 3]",246,46.0825,0.9399,17,99.0,piece_count,4,midgame,False,0.0,0.0,False
28,27,1,"[[1, 4], [2, 3]]","[2, 3]",245,59.025,0.9402,17,99.0,piece_count,4,midgame,False,0.0,0.0,True
28,28,0,"[[6, 3], [5, 2]]","[5, 2]",185,44.1239,0.9484,17,99.0,piece_count,4,midgame,False,0.0,0.0,False
28,29,1,"[[2, 7], [3, 6]]","[3, 6]",153,34.997,0.9573,17,99.0,piece_count,4,midgame,False,0.0,0.0,True
28,30,0,"[[5, 4], [4, 3]]","[4, 3]",194,44.7488,0.9459,17,99.0,piece_count,4,midgame,True,0,0.0,False
28,31,1,"[[3, 2], [5, 4]]","[5, 4]",41,8.4641,0.9199,17,99.0,piece_count,4,midgame,False,0.0,0.0,False
28,32,0,"[[5, 0], [4, 1]]","[4, 1]",199,36.7806,0.9223,17,105.0,piece_count,4,midgame,False,0.0,0.0,False
28,33,1,"[[5, 4], [6, 3]]","[6, 3]",176,38.6388,0.9509,17,105.0,piece_count,4,midgame,False,0.0,0.0,True
28,34,0,"[[7, 6], [6, 5]]","[6, 5]",138,29.4936,0.9326,17,105.0,piece_count,4,midgame,False,0.0,0.0,False
28,35,1,"[[6, 3], [7, 2]]","[7, 2]",142,32.2311,0.9604,17,105.0,piece_count,4,midgame,True,0.0,0.0,True
28,36,0,"[[6, 5], [5, 4]]","[5, 4]",136,31.321,0.9336,17,105.0,piece_count,4,midgame,False,0.0,0.0,False
28,37,1,"[[1, 6], [2, 7]]","[2, 7]",160,36.7899,0.9554,17,105.0,piece_count,4,midgame,False,0.0,0.0,False
28,38,0,"[[5, 2], [4, 3]]","[4, 3]",60,13.052,0.9707,17,127.0,piece_count,4,midgame,False,0.0,0.0,False
28,39,1,"[[3, 0], [5, 2]]","[5, 2]",14,2.9697,0.9863,17,127.0,piece_count,4,midgame,False,0.0,0.0,False
28,40,0,"[[4, 3], [3, 2]]","[3, 2]",19,3.9535,0.9814,17,145.0,piece_count,4,midgame,True,0,0.0,False
28,41,1,"[[2, 3], [4, 1]]","[4, 1]",20,4.2679,0.9609,17,145.0,piece_count,4,midgame,False,0.0,0.0,False
28,42,0,"[[5, 4], [4, 5]]","[4, 5]",80,16.5005,0.9219,17,205.0,piece_count,4,midgame,False,0.0,0.0,False
28,43,1,"[[3, 6], [5, 4]]","[5, 4]",6,1.0614,0.9941,17,205.0,piece_count,4,midgame,False,0.0,0.0,False
28,44,0,"[[4, 7], [3, 6]]","[3, 6]",4,0.6337,0.9922,17,310.0,piece_count,4,midgame,False,0.0,0.0,False
28,45,1,"[[2, 5], [4, 7]]","[4, 7]",3,0.4468,0.9971,17,310.0,piece_count,4,midgame,True,132.0,132.0,True
29,0,0,"[[6, 1], [5, 0]]","[5, 0]",194,51.2443,0.9459,0,0,piece_count,4,opening,False,0,0.0,False
29,1,1,"[[1, 0], [2, 1]]","[2, 1]",209,64.858,0.9417,0,0,piece_count,4,opening,False,0.0,0.0,True
29,2,0,"[[5, 0], [4, 1]]","[4, 1]",225,50.4286,0.9451,0,1.0,piece_count,4,opening,False,0.0,0.0,False
29,3,1,"[[0, 1], [1, 0]]","[1, 0]",228,69.8769,0.9443,0,1.0,piece_count,4,opening,False,0.0,0.0,True
29,4,0,"[[4, 1], [3, 0]]","[3, 0]",222,64.7206,0.9518,0,1.0,piece_count,4,opening,False,0.0,0.0,False
29,5,1,"[[1, 4], [2, 3]]","[2, 3]",145,38.0995,0.9528,0,1.0,piece_count,4,opening,False,0.0,0.0,True
29,6,0,"[[6, 3], [5, 2]]","[5, 2]",185,46.8714,0.9484,0,1.0,piece_count,4,opening,False,0.0,0.0,False
29,7,1,"[[0, 3], [1, 4]]","[1, 4]",195,60.9658,0.9456,0,1.0,piece_count,4,opening,False,0.0,0.0,True
29,8,0,"[[5, 2], [4, 3]]","[4, 3]",290,73.7133,0.9371,0,1.0,piece_count,4,opening,False,0.0,0.0,False
29,9,1,"[[1, 4], [2, 5]]","[2, 5]",229,64.1189,0.9255,0,1.0,piece_count,4,opening,False,0.0,0.0,True
29,10,0,"[[7, 0], [6, 1]]","[6, 1]",430,105.8877,0.9067,0,1.0,piece_count,4,opening,True,0,0.0,False
29,11,1,"[[0, 5], [1, 4]]","[1, 4]",259,76.6535,0.9277,0,1.0,piece_count,4,opening,False,0.0,0.0,True
29,12,0,"[[6, 1], [5, 2]]","[5, 2]",293,56.8049,0.9364,0,1.0,piece_count,4,opening,False,0.0,0.0,False
29,13,1,"[[1, 6], [2, 7]]","[2, 7]",170,52.3481,0.9447,0,1.0,piece_count,4,opening,False,0.0,0.0,True
29,14,0,"[[4, 3], [3, 2]]","[3, 2]",177,52.1307,0.9616,0,31.0,piece_count,4,opening,False,0.0,0.0,False
29,15,1,"[[2, 1], [4, 3], [6, 1]]","[6, 1]",40,10.6869,0.9609,0,31.0,piece_count,4,opening,True,60.0,0.0,True
29,16,0,"[[7, 2], [5, 0]]","[5, 0]",53,9.3622,0.8965,0,91.0,piece_count,4,opening,False,0.0,0.0,False
29,17,1,"[[0, 7], [1, 6]]","[1, 6]",111,22.9924,0.9729,17,91.0,piece_count,4,opening,False,0.0,0.0,False
29,18,0,"[[3, 0], [2, 1]]","[2, 1]",100,27.0896,0.9674,17,91.0,piece_count,4,opening,False,0.0,0.0,False
29,19,1,"[[1, 0], [3, 2]]","[3, 2]",75,19.3818,0.9268,17,91.0,piece_count,4,opening,False,0.0,0.0,True
29,20,0,"[[6, 5], [5, 4]]","[5, 4]",154,36.3381,0.9398,17,99.0,piece_count,4,midgame,True,0,0.0,False
29,21,1,"[[1, 2], [2, 1]]","[2, 1]",202,42.9871,0.9436,17,99.0,piece_count,4,midgame,False,0.0,0.0,True
29,22,0,"[[6, 7], [5, 6]]","[5, 6]",234,49.6707,0.9347,17,99.0,piece_count,4,midgame,False,0.0,0.0,False
29,23,1,"[[2, 1], [3, 0]]","[3, 0]",286,57.4825,0.9202,17,99.0,piece_count,4,midgame,False,0.0,0.0,True
29,24,0,"[[5, 6], [4, 7]]","[4, 7]",273,58.7111,0.9408,17,99.0,piece_count,4,midgame,False,0.0,0.0,False
29,25,1,"[[2, 3], [3, 4]]","[3, 4]",169,41.5568,0.9528,17,99.0,piece_count,4,midgame,True,0.0,0.0,True
29,26,0,"[[7, 4], [6, 3]]","[6, 3]",246,58.3622,0.9399,17,99.0,piece_count,4,midgame,False,0.0,0.0,False
29,27,1,"[[1, 4], [2, 3]]","[2, 3]",245,52.1624,0.9402,17,99.0,piece_count,4,midgame,False,0.0,0.0,True
29,28,0,"[[6, 3], [5, 2]]","[5, 2]",185,33.4849,0.9484,17,99.0,piece_count,4,midgame,False,0.0,0.0,False
29,29,1,"[[2, 7], [3, 6]]","[3, 6]",153,20.6373,0.9573,17,99.0,piece_count,4,midgame,False,0.0,0.0,True
29,30,0,"[[5, 4], [4, 3]]","[4, 3]",194,28.64,0.9459,17,99.0,piece_count,4,midgame,True,0,0.0,False
29,31,1,"[[3, 2], [5, 4]]","[5, 4]",41,9.8107,0.9199,17,99.0,piece_count,4,midgame,False,0.0,0.0,False
29,32,0,"[[5, 0], [4, 1]]","[4, 1]",199,44.2543,0.9223,17,105.0,piece_count,4,midgame,False,0.0,0.0,False
29,33,1,"[[5, 4], [6, 3]]","[6, 3]",176,42.7361,0.9509,17,105.0,piece_count,4,midgame,False,0.0,0.0,True
29,34,0,"[[7, 6], [6, 5]]","[6, 5]",138,28.6334,0.9326,17,105.0,piece_count,4,midgame,False,0.0,0.0,False
29,35,1,"[[6, 3], [7, 2]]","[7, 2]",142,29.4938,0.9604,17,105.0,piece_count,4,midgame,True,0.0,0.0,True
29,36,0,"[[6, 5], [5, 4]]","[5, 4]",136,31.498,0.9336,17,105.0,piece_count,4,midgame,False,0.0,0.0,False
29,37,1,"[[1, 6], [2, 7]]","[2, 7]",160,36.2382,0.9554,17,105.0,piece_count,4,midgame,False,0.0,0.0,False
29,38,0,"[[5, 2], [4, 3]]","[4, 3]",60,13.833,0.9707,17,127.0,piece_count,4,midgame,False,0.0,0.0,False
29,39,1,"[[3, 0], [5, 2]]","[5, 2]",14,2.9845,0.9863,17,127.0,piece_count,4,midgame,False,0.0,0.0,False
29,40,0,"[[4, 3], [3, 2]]","[3, 2]",19,3.9668,0.9814,17,145.0,piece_count,4,midgame,True,0,0.0,False
29,41,1,"[[2, 3], [4, 1]]","[4, 1]",20,4.2846,0.9609,17,145.0,piece_count,4,midgame,False,0.0,0.0,False
29,42,0,"[[5, 4], [4, 5]]","[4, 5]",80,15.8379,0.9219,17,205.0,piece_count,4,midgame,False,0.0,0.0,False
29,43,1,"[[3, 6], [5, 4]]","[5, 4]",6,1.1654,0.9941,17,205.0,piece_count,4,midgame,False,0.0,0.0,False
29,44,0,"[[4, 7], [3, 6]]","[3, 6]",4,0.3514,0.9922,17,310.0,piece_count,4,midgame,False,0.0,0.0,False
29,45,1,"[[2, 5], [4, 7]]","[4, 7]",3,0.2415,0.9971,17,310.0,piece_count,4,midgame,True,132.0,132.0,True
30,0,0,"[[6, 1], [5, 0]]","[5, 0]",194,49.7,0.9459,0,0,piece_count,4,opening,False,0,0.0,False
30,1,1,"[[1, 0], [2, 1]]","[2, 1]",209,53.2057,0.9417,0,0,piece_count,4,opening,False,0.0,0.0,True
30,2,0,"[[5, 0], [4, 1]]","[4, 1]",225,70.0507,0.9451,0,1.0,piece_count,4,opening,False,0.0,0.0,False
30,3,1,"[[0, 1], [1, 0]]","[1, 0]",228,42.7423,0.9443,0,1.0,piece_count,4,opening,False,0.0,0.0,True
30,4,0,"[[4, 1], [3, 0]]","[3, 0]",222,55.485,0.9518,0,1.0,piece_count,4,opening,False,0.0,0.0,False
30,5,1,"[[1, 4], [2, 3]]","[2, 3]",145,28.5051,0.9528,0,1.0,piece_count,4,opening,False,0.0,0.0,True
30,6,0,"[[6, 3], [5, 2]]","[5, 2]",185,33.7572,0.9484,0,1.0,piece_count,4,opening,False,0.0,0.0,False
30,7,1,"[[0, 3], [1, 4]]","[1, 4]",195,60.5938,0.9456,0,1.0,piece_count,4,opening,False,0.0,0.0,True
30,8,0,"[[5, 2], [4, 3]]","[4, 3]",290,76.8292,0.9371,0,1.0,piece_count,4,opening,False,0.0,0.0,False
30,9,1,"[[1, 4], [2, 5]]","[2, 5]",229,46.8516,0.9255,0,1.0,piece_count,4,opening,False,0.0,0.0,True
30,10,0,"[[7, 0], [6, 1]]","[6, 1]",430,104.1188,0.9067,0,1.0,piece_count,4,opening,True,0,0.0,False
30,11,1,"[[0, 5], [1, 4]]","[1, 4]",259,82.1402,0.9277,0,1.0,piece_count,4,opening,False,0.0,0.0,True
30,12,0,"[[6, 1], [5, 2]]","[5, 2]",293,76.3175,0.9364,0,1.0,piece_count,4,opening,False,0.0,0.0,False
30,13,1,"[[1, 6], [2, 7]]","[2, 7]",170,43.6327,0.9447,0,1.0,piece_count,4,opening,False,0.0,0.0,True
30,14,0,"[[4, 3], [3, 2]]","[3, 2]",177,51.9216,0.9616,0,31.0,piece_count,4,opening,False,0.0,0.0,False
30,15,1,"[[2, 1], [4, 3], [6, 1]]","[6, 1]",40,10.1304,0.9609,0,31.0,piece_count,4,opening,True,60.0,0.0,True
30,16,0,"[[7, 2], [5, 0]]","[5, 0]",53,14.1511,0.8965,0,91.0,piece_count,4,opening,False,0.0,0.0,False
30,17,1,"[[0, 7], [1, 6]]","[1, 6]",111,28.0988,0.9729,17,91.0,piece_count,4,opening,False,0.0,0.0,False
30,18,0,"[[3, 0], [2, 1]]","[2, 1]",100,23.845,0.9674,17,91.0,piece_count,4,opening,False,0.0,0.0,False
30,19,1,"[[1, 0], [3, 2]]","[3, 2]",75,19.4154,0.9268,17,91.0,piece_count,4,opening,False,0.0,0.0,True
30,20,0,"[[6, 5], [5, 4]]","[5, 4]",154,21.8923,0.9398,17,99.0,piece_count,4,midgame,True,0,0.0,False
30,21,1,"[[1, 2], [2, 1]]","[2, 1]",202,46.5844,0.9436,17,99.0,piece_count,4,midgame,False,0.0,0.0,True
30,22,0,"[[6, 7], [5, 6]]","[5, 6]",234,57.5023,0.9347,17,99.0,piece_count,4,midgame,False,0.0,0.0,False
30,23,1,"[[2, 1], [3, 0]]","[3, 0]",286,70.9691,0.9202,17,99.0,piece_count,4,midgame,False,0.0,0.0,True
30,24,0,"[[5, 6], [4, 7]]","[4, 7]",273,59.7174,0.9408,17,99.0,piece_count,4,midgame,False,0.0,0.0,False
30,25,1,"[[2, 3], [3, 4]]","[3, 4]",169,38.1234,0.9528,17,99.0,piece_count,4,midgame,True,0.0,0.0,True
30,26,0,"[[7, 4], [6, 3]]","[6, 3]",246,48.0132,0.9399,17,99.0,piece_count,4,midgame,False,0.0,0.0,False
30,27,1,"[[1, 4], [2, 3]]","[2, 3]",245,39.331,0.9402,17,99.0,piece_count,4,midgame,False,0.0,0.0,True
30,28,0,"[[6, 3], [5, 2]]","[5, 2]",185,25.6326,0.9484,17,99.0,piece_count,4,midgame,False,0.0,0.0,False
30,29,1,"[[2, 7], [3, 6]]","[3, 6]",153,30.6864,0.9573,17,99.0,piece_count,4,midgame,False,0.0,0.0,True
30,30,0,"[[5, 4], [4, 3]]","[4, 3]",194,29.6862,0.9459,17,99.0,piece_count,4,midgame,True,0,0.0,False
30,31,1,"[[3, 2], [5, 4]]","[5, 4]",41,8.5015,0.9199,17,99.0,piece_count,4,midgame,False,0.0,0.0,False
30,32,0,"[[5, 0], [4, 1]]","[4, 1]",199,26.3679,0.9223,17,105.0,piece_count,4,midgame,False,0.0,0.0,False
30,33,1,"[[5, 4], [6, 3]]","[6, 3]",176,37.9167,0.9509,17,105.0,piece_count,4,midgame,False,0.0,0.0,True
30,34,0,"[[7, 6], [6, 5]]","[6, 5]",138,22.0468,0.9326,17,105.0,piece_count,4,midgame,False,0.0,0.0,False
30,35,1,"[[6, 3], [7, 2]]","[7, 2]",142,22.2635,0.9604,17,105.0,piece_count,4,midgame,True,0.0,0.0,True
30,36,0,"[[6, 5], [5, 4]]","[5, 4]",136,22.7382,0.9336,17,105.0,piece_count,4,midgame,False,0.0,0.0,False
30,37,1,"[[1, 6], [2, 7]]","[2, 7]",160,22.9785,0.9554,17,105.0,piece_count,4,midgame,False,0.0,0.0,False
30,38,0,"[[5, 2], [4, 3]]","[4, 3]",60,13.0346,0.9707,17,127.0,piece_count,4,midgame,False,0.0,0.0,False
30,39,1,"[[3, 0], [5, 2]]","[5, 2]",14,2.9695,0.9863,17,127.0,piece_count,4,midgame,False,0.0,0.0,False
30,40,0,"[[4, 3], [3, 2]]","[3, 2]",19,3.9589,0.9814,17,145.0,piece_count,4,midgame,True,0,0.0,False
30,41,1,"[[2, 3], [4, 1]]","[4, 1]",20,4.3695,0.9609,17,145.0,piece_count,4,midgame,False,0.0,0.0,False
30,42,0,"[[5, 4], [4, 5]]","[4, 5]",80,16.4361,0.9219,17,205.0,piece_count,4,midgame,False,0.0,0.0,False
30,43,1,"[[3, 6], [5, 4]]","[5, 4]",6,0.5741,0.9941,17,205.0,piece_count,4,midgame,False,0.0,0.0,False
30,44,0,"[[4, 7], [3, 6]]","[3, 6]",4,0.6399,0.9922,17,310.0,piece_count,4,midgame,False,0.0,0.0,False
30,45,1,"[[2, 5], [4, 7]]","[4, 7]",3,0.4511,0.9971,17,310.0,piece_count,4,midgame,True,132.0,132.0,True
31,0,0,"[[6, 1], [5, 0]]","[5, 0]",194,59.6118,0.9459,0,0,piece_count,4,opening,False,0,0.0,False
31,1,1,"[[1, 0], [2, 1]]","[2, 1]",209,64.5735,0.9417,0,0,piece_count,4,opening,False,0.0,0.0,True
31,2,0,"[[5, 0], [4, 1]]","[4, 1]",225,46.9012,0.9451,0,1.0,piece_count,4,opening,False,0.0,0.0,False
31,3,1,"[[0, 1], [1, 0]]","[1, 0]",228,44.724,0.9443,0,1.0,piece_count,4,opening,False,0.0,0.0,True
31,4,0,"[[4, 1], [3, 0]]","[3, 0]",222,49.8195,0.9518,0,1.0,piece_count,4,opening,False,0.0,0.0,False
31,5,1,"[[1, 4], [2, 3]]","[2, 3]",145,42.7234,0.9528,0,1.0,piece_count,4,opening,False,0.0,0.0,True
31,6,0,"[[6, 3], [5, 2]]","[5, 2]",185,57.385,0.9484,0,1.0,piece_count,4,opening,False,0.0,0.0,False
31,7,1,"[[0, 3], [1, 4]]","[1, 4]",195,38.7926,0.9456,0,1.0,piece_count,4,opening,False,0.0,0.0,True
31,8,0,"[[5, 2], [4, 3]]","[4, 3]",290,83.6658,0.9371,0,1.0,piece_count,4,opening,False,0.0,0.0,False
31,9,1,"[[1, 4], [2, 5]]","[2, 5]",229,49.5377,0.9255,0,1.0,piece_count,4,opening,False,0.0,0.0,True
31,10,0,"[[7, 0], [6, 1]]","[6, 1]",430,101.2442,0.9067,0,1.0,piece_count,4,opening,True,0,0.0,False
31,11,1,"[[0, 5], [1, 4]]","[1, 4]",259,65.2528,0.9277,0,1.0,piece_count,4,opening,False,0.0,0.0,True
31,12,0,"[[6, 1], [5, 2]]","[5, 2]",293,51.5106,0.9364,0,1.0,piece_count,4,opening,False,0.0,0.0,False
31,13,1,"[[1, 6], [2, 7]]","[2, 7]",170,36.9964,0.9447,0,1.0,piece_count,4,opening,False,0.0,0.0,True
31,14,0,"[[4, 3], [3, 2]]","[3, 2]",177,47.9648,0.9616,0,31.0,piece_count,4,opening,False,0.0,0.0,False
31,15,1,"[[2, 1], [4, 3], [6, 1]]","[6, 1]",40,5.8129,0.9609,0,31.0,piece_count,4,opening,True,60.0,0.0,True
31,16,0,"[[7, 2], [5, 0]]","[5, 0]",53,10.7658,0.8965,0,91.0,piece_count,4,opening,False,0.0,0.0,False
31,17,1,"[[0, 7], [1, 6]]","[1, 6]",111,27.8971,0.9729,17,91.0,piece_count,4,opening,False,0.0,0.0,False
31,18,0,"[[3, 0], [2, 1]]","[2, 1]",100,15.2111,0.9674,17,91.0,piece_count,4,opening,False,0.0,0.0,False
31,19,1,"[[1, 0], [3, 2]]","[3, 2]",75,10.4837,0.9268,17,91.0,piece_count,4,opening,False,0.0,0.0,True
31,20,0,"[[6, 5], [5, 4]]","[5, 4]",154,30.3333,0.9398,17,99.0,piece_count,4,midgame,True,0,0.0,False
31,21,1,"[[1, 2], [2, 1]]","[2, 1]",202,28.4193,0.9436,17,99.0,piece_count,4,midgame,False,0.0,0.0,True
31,22,0,"[[6, 7], [5, 6]]","[5, 6]",234,44.6308,0.9347,17,99.0,piece_count,4,midgame,False,0.0,0.0,False
31,23,1,"[[2, 1], [3, 0]]","[3, 0]",286,70.492,0.9202,17,99.0,piece_count,4,midgame,False,0.0,0.0,True
31,24,0,"[[5, 6], [4, 7]]","[4, 7]",273,66.967,0.9408,17,99.0,piece_count,4,midgame,False,0.0,0.0,False
31,25,1,"[[2, 3], [3, 4]]","[3, 4]",169,42.3355,0.9528,17,99.0,piece_count,4,midgame,True,0.0,0.0,True
31,26,0,"[[7, 4], [6, 3]]","[6, 3]",246,60.1401,0.9399,17,99.0,piece_count,4,midgame,False,0.0,0.0,False
31,27,1,"[[1, 4], [2, 3]]","[2, 3]",245,59.5443,0.9402,17,99.0,piece_count,4,midgame,False,0.0,0.0,True
31,28,0,"[[6, 3], [5, 2]]","[5, 2]",185,43.5336,0.9484,17,99.0,piece_count,4,midgame,False,0.0,0.0,False
31,29,1,"[[2, 7], [3, 6]]","[3, 6]",153,34.8494,0.9573,17,99.0,piece_count,4,midgame,False,0.0,0.0,True
31,30,0,"[[5, 4], [4, 3]]","[4, 3]",194,27.0245,0.9459,17,99.0,piece_count,4,midgame,True,0,0.0,False
31,31,1,"[[3, 2], [5, 4]]","[5, 4]",41,5.2936,0.9199,17,99.0,piece_count,4,midgame,False,0.0,0.0,False
31,32,0,"[[5, 0], [4, 1]]","[4, 1]",199,42.0086,0.9223,17,105.0,piece_count,4,midgame,False,0.0,0.0,False
31,33,1,"[[5, 4], [6, 3]]","[6, 3]",176,39.7828,0.9509,17,105.0,piece_count,4,midgame,False,0.0,0.0,True
31,34,0,"[[7, 6], [6, 5]]","[6, 5]",138,31.9984,0.9326,17,105.0,piece_count,4,midgame,False,0.0,0.0,False
31,35,1,"[[6, 3], [7, 2]]","[7, 2]",142,34.9438,0.9604,17,105.0,piece_count,4,midgame,True,0.0,0.0,True
31,36,0,"[[6, 5], [5, 4]]","[5, 4]",136,31.3523,0.9336,17,105.0,piece_count,4,midgame,False,0.0,0.0,False
31,37,1,"[[1, 6], [2, 7]]","[2, 7]",160,34.3432,0.9554,17,105.0,piece_count,4,midgame,False,0.0,0.0,False
31,38,0,"[[5, 2], [4, 3]]","[4, 3]",60,7.5996,0.9707,17,127.0,piece_count,4,midgame,False,0.0,0.0,False
31,39,1,"[[3, 0], [5, 2]]","[5, 2]",14,1.6444,0.9863,17,127.0,piece_count,4,midgame,False,0.0,0.0,False
31,40,0,"[[4, 3], [3, 2]]","[3, 2]",19,2.7008,0.9814,17,145.0,piece_count,4,midgame,True,0,0.0,False
31,41,1,"[[2, 3], [4, 1]]","[4, 1]",20,2.3487,0.9609,17,145.0,piece_count,4,midgame,False,0.0,0.0,False
31,42,0,"[[5, 4], [4, 5]]","[4, 5]",80,9.3391,0.9219,17,205.0,piece_count,4,midgame,False,0.0,0.0,False
31,43,1,"[[3, 6], [5, 4]]","[5, 4]",6,0.5774,0.9941,17,205.0,piece_count,4,midgame,False,0.0,0.0,False
31,44,0,"[[4, 7], [3, 6]]","[3, 6]",4,0.3469,0.9922,17,310.0,piece_count,4,midgame,False,0.0,0.0,False
31,45,1,"[[2, 5], [4, 7]]","[4, 7]",3,0.2377,0.9971,17,310.0,piece_count,4,midgame,True,132.0,132.0,True
32,0,0,"[[6, 1], [5, 0]]","[5, 0]",194,43.5202,0.9459,0,0,piece_count,4,opening,False,0,0.0,False
32,1,1,"[[1, 0], [2, 1]]","[2, 1]",209,57.6229,0.9417,0,0,piece_count,4,opening,False,0.0,0.0,True
32,2,0,"[[5, 0], [4, 1]]","[4, 1]",225,71.4576,0.9451,0,1.0,piece_count,4,opening,False,0.0,0.0,False
32,3,1,"[[0, 1], [1, 0]]","[1, 0]",228,57.6484,0.9443,0,1.0,piece_count,4,opening,False,0.0,0.0,True
32,4,0,"[[4, 1], [3, 0]]","[3, 0]",222,48.1191,0.9518,0,1.0,piece_count,4,opening,False,0.0,0.0,False
32,5,1,"[[1, 4], [2, 3]]","[2, 3]",145,42.3055,0.9528,0,1.0,piece_count,4,opening,False,0.0,0.0,True
32,6,0,"[[6, 3], [5, 2]]","[5, 2]",185,56.9117,0.9484,0,1.0,piece_count,4,opening,False,0.0,0.0,False
32,7,1,"[[0, 3], [1, 4]]","[1, 4]",195,59.6452,0.9456,0,1.0,piece_count,4,opening,False,0.0,0.0,True
32,8,0,"[[5, 2], [4, 3]]","[4, 3]",290,66.2804,0.9371,0,1.0,piece_count,4,opening,False,0.0,0.0,False
32,9,1,"[[1, 4], [2, 5]]","[2, 5]",229,40.2272,0.9255,0,1.0,piece_count,4,opening,False,0.0,0.0,True
32,10,0,"[[7, 0], [6, 1]]","[6, 1]",430,107.2059,0.9067,0,1.0,piece_count,4,opening,True,0,0.0,False
32,11,1,"[[0, 5], [1, 4]]","[1, 4]",259,66.9374,0.9277,0,1.0,piece_count,4,opening,False,0.0,0.0,True
32,12,0,"[[6, 1], [5, 2]]","[5, 2]",293,77.0686,0.9364,0,1.0,piece_count,4,opening,False,0.0,0.0,False
32,13,1,"[[1, 6], [2, 7]]","[2, 7]",170,51.6946,0.9447,0,1.0,piece_count,4,opening,False,0.0,0.0,True
32,14,0,"[[4, 3], [3, 2]]","[3, 2]",177,52.0067,0.9616,0,31.0,piece_count,4,opening,False,0.0,0.0,False
32,15,1,"[[2, 1], [4, 3], [6, 1]]","[6, 1]",40,10.4942,0.9609,0,31.0,piece_count,4,opening,True,60.0,0.0,True
32,16,0,"[[7, 2], [5, 0]]","[5, 0]",53,14.3073,0.8965,0,91.0,piece_count,4,opening,False,0.0,0.0,False
32,17,1,"[[0, 7], [1, 6]]","[1, 6]",111,29.0418,0.9729,17,91.0,piece_count,4,opening,False,0.0,0.0,False
32,18,0,"[[3, 0], [2, 1]]","[2, 1]",100,26.4332,0.9674,17,91.0,piece_count,4,opening,False,0.0,0.0,False
32,19,1,"[[1, 0], [3, 2]]","[3, 2]",75,18.5361,0.9268,17,91.0,piece_count,4,opening,False,0.0,0.0,True
32,20,0,"[[6, 5], [5, 4]]","[5, 4]",154,37.1358,0.9398,17,99.0,piece_count,4,midgame,True,0,0.0,False
32,21,1,"[[1, 2], [2, 1]]","[2, 1]",202,42.1693,0.9436,17,99.0,piece_count,4,midgame,False,0.0,0.0,True
32,22,0,"[[6, 7], [5, 6]]","[5, 6]",234,34.2681,0.9347,17,99.0,piece_count,4,midgame,False,0.0,0.0,False
32,23,1,"[[2, 1], [3, 0]]","[3, 0]",286,68.6359,0.9202,17,99.0,piece_count,4,midgame,False,0.0,0.0,True
32,24,0,"[[5, 6], [4, 7]]","[4, 7]",273,55.5227,0.9408,17,99.0,piece_count,4,midgame,False,0.0,0.0,False
32,25,1,"[[2, 3], [3, 4]]","[3, 4]",169,40.6768,0.9528,17,99.0,piece_count,4,midgame,True,0.0,0.0,True
32,26,0,"[[7, 4], [6, 3]]","[6, 3]",246,59.4056,0.9399,17,99.0,piece_count,4,midgame,False,0.0,0.0,False
32,27,1,"[[1, 4], [2, 3]]","[2, 3]",245,59.3576,0.9402,17,99.0,piece_count,4,midgame,False,0.0,0.0,True
32,28,0,"[[6, 3], [5, 2]]","[5, 2]",185,44.0359,0.9484,17,99.0,piece_count,4,midgame,False,0.0,0.0,False
32,29,1,"[[2, 7], [3, 6]]","[3, 6]",153,36.828,0.9573,17,99.0,piece_count,4,midgame,False,0.0,0.0,True
32,30,0,"[[5, 4], [4, 3]]","[4, 3]",194,46.4616,0.9459,17,99.0,piece_count,4,midgame,True,0,0.0,False
32,31,1,"[[3, 2], [5, 4]]","[5, 4]",41,9.788,0.9199,17,99.0,piece_count,4,midgame,False,0.0,0.0,False
32,32,0,"[[5, 0], [4, 1]]","[4, 1]",199,46.7014,0.9223,17,105.0,piece_count,4,midgame,False,0.0,0.0,False
32,33,1,"[[5, 4], [6, 3]]","[6, 3]",176,24.3862,0.9509,17,105.0,piece_count,4,midgame,False,0.0,0.0,True
32,34,0,"[[7, 6], [6, 5]]","[6, 5]",138,23.3128,0.9326,17,105.0,piece_count,4,midgame,False,0.0,0.0,False
32,35,1,"[[6, 3], [7, 2]]","[7, 2]",142,33.3765,0.9604,17,105.0,piece_count,4,midgame,True,0.0,0.0,True
32,36,0,"[[6, 5], [5, 4]]","[5, 4]",136,31.6312,0.9336,17,105.0,piece_count,4,midgame,False,0.0,0.0,False
32,37,1,"[[1, 6], [2, 7]]","[2, 7]",160,35.8055,0.9554,17,105.0,piece_count,4,midgame,False,0.0,0.0,False
32,38,0,"[[5, 2], [4, 3]]","[4, 3]",60,12.6457,0.9707,17,127.0,piece_count,4,midgame,False,0.0,0.0,False
32,39,1,"[[3, 0], [5, 2]]","[5, 2]",14,2.9635,0.9863,17,127.0,piece_count,4,midgame,False,0.0,0.0,False
32,40,0,"[[4, 3], [3, 2]]","[3, 2]",19,3.9439,0.9814,17,145.0,piece_count,4,midgame,True,0,0.0,False
32,41,1,"[[2, 3], [4, 1]]","[4, 1]",20,2.6255,0.9609,17,145.0,piece_count,4,midgame,False,0.0,0.0,False
32,42,0,"[[5, 4], [4, 5]]","[4, 5]",80,9.29,0.9219,17,205.0,piece_count,4,midgame,False,0.0,0.0,False
32,43,1,"[[3, 6], [5, 4]]","[5, 4]",6,0.5686,0.9941,17,205.0,piece_count,4,midgame,False,0.0,0.0,False
32,44,0,"[[4, 7], [3, 6]]","[3, 6]",4,0.3383,0.9922,17,310.0,piece_count,4,midgame,False,0.0,0.0,False
32,45,1,"[[2, 5], [4, 7]]","[4, 7]",3,0.2384,0.9971,17,310.0,piece_count,4,midgame,True,132.0,132.0,True
33,0,0,"[[6, 1], [5, 0]]","[5, 0]",194,48.3763,0.9459,0,0,piece_count,4,opening,False,0,0.0,False
33,1,1,"[[1, 0], [2, 1]]","[2, 1]",209,64.6896,0.9417,0,0,piece_count,4,opening,False,0.0,0.0,True
33,2,0,"[[5, 0], [4, 1]]","[4, 1]",225,69.4618,0.9451,0,1.0,piece_count,4,opening,False,0.0,0.0,False
33,3,1,"[[0, 1], [1, 0]]","[1, 0]",228,44.5874,0.9443,0,1.0,piece_count,4,opening,False,0.0,0.0,True
33,4,0,"[[4, 1], [3, 0]]","[3, 0]",222,45.9263,0.9518,0,1.0,piece_count,4,opening,False,0.0,0.0,False
33,5,1,"[[1, 4], [2, 3]]","[2, 3]",145,38.8722,0.9528,0,1.0,piece_count,4,opening,False,0.0,0.0,True
33,6,0,"[[6, 3], [5, 2]]","[5, 2]",185,42.5014,0.9484,0,1.0,piece_count,4,opening,False,0.0,0.0,False
33,7,1,"[[0, 3], [1, 4]]","[1, 4]",195,37.0636,0.9456,0,1.0,piece_count,4,opening,False,0.0,0.0,True
33,8,0,"[[5, 2], [4, 3]]","[4, 3]",290,61.09,0.9371,0,1.0,piece_count,4,opening,False,0.0,0.0,False
33,9,1,"[[1, 4], [2, 5]]","[2, 5]",229,46.139,0.9255,0,1.0,piece_count,4,opening,False,0.0,0.0,True
33,10,0,"[[7, 0], [6, 1]]","[6, 1]",430,129.1652,0.9067,0,1.0,piece_count,4,opening,True,0,0.0,False
33,11,1,"[[0, 5], [1, 4]]","[1, 4]",259,67.2646,0.9277,0,1.0,piece_count,4,opening,False,0.0,0.0,True
33,12,0,"[[6, 1], [5, 2]]","[5, 2]",293,72.8133,0.9364,0,1.0,piece_count,4,opening,False,0.0,0.0,False
33,13,1,"[[1, 6], [2, 7]]","[2, 7]",170,45.826,0.9447,0,1.0,piece_count,4,opening,False,0.0,0.0,True
33,14,0,"[[4, 3], [3, 2]]","[3, 2]",177,35.424,0.9616,0,31.0,piece_count,4,opening,False,0.0,0.0,False
33,15,1,"[[2, 1], [4, 3], [6, 1]]","[6, 1]",40,9.9535,0.9609,0,31.0,piece_count,4,opening,True,60.0,0.0,True
33,16,0,"[[7, 2], [5, 0]]","[5, 0]",53,13.3986,0.8965,0,91.0,piece_count,4,opening,False,0.0,0.0,False
33,17,1,"[[0, 7], [1, 6]]","[1, 6]",111,21.5473,0.9729,17,91.0,piece_count,4,opening,False,0.0,0.0,False
33,18,0,"[[3, 0], [2, 1]]","[2, 1]",100,27.029,0.9674,17,91.0,piece_count,4,opening,False,0.0,0.0,False
33,19,1,"[[1, 0], [3, 2]]","[3, 2]",75,19.393,0.9268,17,91.0,piece_count,4,opening,False,0.0,0.0,True
33,20,0,"[[6, 5], [5, 4]]","[5, 4]",154,35.2256,0.9398,17,99.0,piece_count,4,midgame,True,0,0.0,False
33,21,1,"[[1, 2], [2, 1]]","[2, 1]",202,41.7523,0.9436,17,99.0,piece_count,4,midgame,False,0.0,0.0,True
33,22,0,"[[6, 7], [5, 6]]","[5, 6]",234,46.0107,0.9347,17,99.0,piece_count,4,midgame,False,0.0,0.0,False
33,23,1,"[[2, 1], [3, 0]]","[3, 0]",286,49.0775,0.9202,17,99.0,piece_count,4,midgame,False,0.0,0.0,True
33,24,0,"[[5, 6], [4, 7]]","[4, 7]",273,58.1923,0.9408,17,99.0,piece_count,4,midgame,False,0.0,0.0,False
33,25,1,"[[2, 3], [3, 4]]","[3, 4]",169,42.315,0.9528,17,99.0,piece_count,4,midgame,True,0.0,0.0,True
33,26,0,"[[7, 4], [6, 3]]","[6, 3]",246,55.2409,0.9399,17,99.0,piece_count,4,midgame,False,0.0,0.0,False
33,27,1,"[[1, 4], [2, 3]]","[2, 3]",245,52.0527,0.9402,17,99.0,piece_count,4,midgame,False,0.0,0.0,True
33,28,0,"[[6, 3], [5, 2]]","[5, 2]",185,42.0046,0.9484,17,99.0,piece_count,4,midgame,False,0.0,0.0,False
33,29,1,"[[2, 7], [3, 6]]","[3, 6]",153,20.6094,0.9573,17,99.0,piece_count,4,midgame,False,0.0,0.0,True
33,30,0,"[[5, 4], [4, 3]]","[4, 3]",194,48.0607,0.9459,17,99.0,piece_count,4,midgame,True,0,0.0,False
33,31,1,"[[3, 2], [5, 4]]","[5, 4]",41,9.7046,0.9199,17,99.0,piece_count,4,midgame,False,0.0,0.0,False
33,32,0,"[[5, 0], [4, 1]]","[4, 1]",199,45.1317,0.9223,17,105.0,piece_count,4,midgame,False,0.0,0.0,False
33,33,1,"[[5, 4], [6, 3]]","[6, 3]",176,24.1218,0.9509,17,105.0,piece_count,4,midgame,False,0.0,0.0,True
33,34,0,"[[7, 6], [6, 5]]","[6, 5]",138,17.8461,0.9326,17,105.0,piece_count,4,midgame,False,0.0,0.0,False
33,35,1,"[[6, 3], [7, 2]]","[7, 2]",142,28.7795,0.9604,17,105.0,piece_count,4,midgame,True,0.0,0.0,True
33,36,0,"[[6, 5], [5, 4]]","[5, 4]",136,29.4366,0.9336,17,105.0,piece_count,4,midgame,False,0.0,0.0,False
33,37,1,"[[1, 6], [2, 7]]","[2, 7]",160,29.2079,0.9554,17,105.0,piece_count,4,midgame,False,0.0,0.0,False
33,38,0,"[[5, 2], [4, 3]]","[4, 3]",60,13.0422,0.9707,17,127.0,piece_count,4,midgame,False,0.0,0.0,False
33,39,1,"[[3, 0], [5, 2]]","[5, 2]",14,2.9631,0.9863,17,127.0,piece_count,4,midgame,False,0.0,0.0,False
33,40,0,"[[4, 3], [3, 2]]","[3, 2]",19,3.9496,0.9814,17,145.0,piece_count,4,midgame,True,0,0.0,False
33,41,1,"[[2, 3], [4, 1]]","[4, 1]",20,4.2877,0.9609,17,145.0,piece_count,4,midgame,False,0.0,0.0,False
33,42,0,"[[5, 4], [4, 5]]","[4, 5]",80,16.396,0.9219,17,205.0,piece_count,4,midgame,False,0.0,0.0,False
33,43,1,"[[3, 6], [5, 4]]","[5, 4]",6,1.0624,0.9941,17,205.0,piece_count,4,midgame,False,0.0,0.0,False
33,44,0,"[[4, 7], [3, 6]]","[3, 6]",4,0.6347,0.9922,17,310.0,piece_count,4,midgame,False,0.0,0.0,False
33,45,1,"[[2, 5], [4, 7]]","[4, 7]",3,0.4487,0.9971,17,310.0,piece_count,4,midgame,True,132.0,132.0,True
34,0,0,"[[6, 1], [5, 0]]","[5, 0]",194,58.5928,0.9459,0,0,piece_count,4,opening,False,0,0.0,False
34,1,1,"[[1, 0], [2, 1]]","[2, 1]",209,50.5233,0.9417,0,0,piece_count,4,opening,False,0.0,0.0,True
34,2,0,"[[5, 0], [4, 1]]","[4, 1]",225,46.3519,0.9451,0,1.0,piece_count,4,opening,False,0.0,0.0,False
34,3,1,"[[0, 1], [1, 0]]","[1, 0]",228,71.4078,0.9443,0,1.0,piece_count,4,opening,False,0.0,0.0,True
34,4,0,"[[4, 1], [3, 0]]","[3, 0]",222,48.8753,0.9518,0,1.0,piece_count,4,opening,False,0.0,0.0,False
34,5,1,"[[1, 4], [2, 3]]","[2, 3]",145,45.248,0.9528,0,1.0,piece_count,4,opening,False,0.0,0.0,True
34,6,0,"[[6, 3], [5, 2]]","[5, 2]",185,57.0731,0.9484,0,1.0,piece_count,4,opening,False,0.0,0.0,False
34,7,1,"[[0, 3], [1, 4]]","[1, 4]",195,53.8566,0.9456,0,1.0,piece_count,4,opening,False,0.0,0.0,True
34,8,0,"[[5, 2], [4, 3]]","[4, 3]",290,84.4734,0.9371,0,1.0,piece_count,4,opening,False,0.0,0.0,False
34,9,1,"[[1, 4], [2, 5]]","[2, 5]",229,76.7431,0.9255,0,1.0,piece_count,4,opening,False,0.0,0.0,True
34,10,0,"[[7, 0], [6, 1]]","[6, 1]",430,123.481,0.9067,0,1.0,piece_count,4,opening,True,0,0.0,False
34,11,1,"[[0, 5], [1, 4]]","[1, 4]",259,63.1516,0.9277,0,1.0,piece_count,4,opening,False,0.0,0.0,True
34,12,0,"[[6, 1], [5, 2]]","[5, 2]",293,88.2566,0.9364,0,1.0,piece_count,4,opening,False,0.0,0.0,False
34,13,1,"[[1, 6], [2, 7]]","[2, 7]",170,50.8339,0.9447,0,1.0,piece_count,4,opening,False,0.0,0.0,True
34,14,0,"[[4, 3], [3, 2]]","[3, 2]",177,53.906,0.9616,0,31.0,piece_count,4,opening,False,0.0,0.0,False
34,15,1,"[[2, 1], [4, 3], [6, 1]]","[6, 1]",40,5.8882,0.9609,0,31.0,piece_count,4,opening,True,60.0,0.0,True
34,16,0,"[[7, 2], [5, 0]]","[5, 0]",53,11.1606,0.8965,0,91.0,piece_count,4,opening,False,0.0,0.0,False
34,17,1,"[[0, 7], [1, 6]]","[1, 6]",111,19.6333,0.9729,17,91.0,piece_count,4,opening,False,0.0,0.0,False
34,18,0,"[[3, 0], [2, 1]]","[2, 1]",100,24.3976,0.9674,17,91.0,piece_count,4,opening,False,0.0,0.0,False
34,19,1,"[[1, 0], [3, 2]]","[3, 2]",75,10.525,0.9268,17,91.0,piece_count,4,opening,False,0.0,0.0,True
34,20,0,"[[6, 5], [5, 4]]","[5, 4]",154,37.9264,0.9398,17,99.0,piece_count,4,midgame,True,0,0.0,False
34,21,1,"[[1, 2], [2, 1]]","[2, 1]",202,49.679,0.9436,17,99.0,piece_count,4,midgame,False,0.0,0.0,True
34,22,0,"[[6, 7], [5, 6]]","[5, 6]",234,56.9904,0.9347,17,99.0,piece_count,4,midgame,False,0.0,0.0,False
34,23,1,"[[2, 1], [3, 0]]","[3, 0]",286,62.2563,0.9202,17,99.0,piece_count,4,midgame,False,0.0,0.0,True
34,24,0,"[[5, 6], [4, 7]]","[4, 7]",273,59.5832,0.9408,17,99.0,piece_count,4,midgame,False,0.0,0.0,False
34,25,1,"[[2, 3], [3, 4]]","[3, 4]",169,40.8127,0.9528,17,99.0,piece_count,4,midgame,True,0.0,0.0,True
34,26,0,"[[7, 4], [6, 3]]","[6, 3]",246,36.3824,0.9399,17,99.0,piece_count,4,midgame,False,0.0,0.0,False
34,27,1,"[[1, 4], [2, 3]]","[2, 3]",245,49.4046,0.9402,17,99.0,piece_count,4,midgame,False,0.0,0.0,True
34,28,0,"[[6, 3], [5, 2]]","[5, 2]",185,32.2134,0.9484,17,99.0,piece_count,4,midgame,False,0.0,0.0,False
34,29,1,"[[2, 7], [3, 6]]","[3, 6]",153,31.4906,0.9573,17,99.0,piece_count,4,midgame,False,0.0,0.0,True
34,30,0,"[[5, 4], [4, 3]]","[4, 3]",194,46.7184,0.9459,17,99.0,piece_count,4,midgame,True,0,0.0,False
34,31,1,"[[3, 2], [5, 4]]","[5, 4]",41,9.7854,0.9199,17,99.0,piece_count,4,midgame,False,0.0,0.0,False
34,32,0,"[[5, 0], [4, 1]]","[4, 1]",199,46.7253,0.9223,17,105.0,piece_count,4,midgame,False,0.0,0.0,False
34,33,1,"[[5, 4], [6, 3]]","[6, 3]",176,39.2084,0.9509,17,105.0,piece_count,4,midgame,False,0.0,0.0,True
34,34,0,"[[7, 6], [6, 5]]","[6, 5]",138,32.4597,0.9326,17,105.0,piece_count,4,midgame,False,0.0,0.0,False
34,35,1,"[[6, 3], [7, 2]]","[7, 2]",142,32.4221,0.9604,17,105.0,piece_count,4,midgame,True,0.0,0.0,True
34,36,0,"[[6, 5], [5, 4]]","[5, 4]",136,24.5314,0.9336,17,105.0,piece_count,4,midgame,False,0.0,0.0,False
34,37,1,"[[1, 6], [2, 7]]","[2, 7]",160,29.8898,0.9554,17,105.0,piece_count,4,midgame,False,0.0,0.0,False
34,38,0,"[[5, 2], [4, 3]]","[4, 3]",60,8.0636,0.9707,17,127.0,piece_count,4,midgame,False,0.0,0.0,False
34,39,1,"[[3, 0], [5, 2]]","[5, 2]",14,1.6205,0.9863,17,127.0,piece_count,4,midgame,False,0.0,0.0,False
34,40,0,"[[4, 3], [3, 2]]","[3, 2]",19,2.1443,0.9814,17,145.0,piece_count,4,midgame,True,0,0.0,False
34,41,1,"[[2, 3], [4, 1]]","[4, 1]",20,2.3057,0.9609,17,145.0,piece_count,4,midgame,False,0.0,0.0,False
34,42,0,"[[5, 4], [4, 5]]","[4, 5]",80,9.8126,0.9219,17,205.0,piece_count,4,midgame,False,0.0,0.0,False
34,43,1,"[[3, 6], [5, 4]]","[5, 4]",6,0.581,0.9941,17,205.0,piece_count,4,midgame,False,0.0,0.0,False
34,44,0,"[[4, 7], [3, 6]]","[3, 6]",4,0.345,0.9922,17,310.0,piece_count,4,midgame,False,0.0,0.0,False
34,45,1,"[[2, 5], [4, 7]]","[4, 7]",3,0.2382,0.9971,17,310.0,piece_count,4,midgame,True,132.0,132.0,True
35,0,0,"[[6, 1], [5, 0]]","[5, 0]",194,43.4952,0.9459,0,0,piece_count,4,opening,False,0,0.0,False
35,1,1,"[[1, 0], [2, 1]]","[2, 1]",209,53.2122,0.9417,0,0,piece_count,4,opening,False,0.0,0.0,True
35,2,0,"[[5, 0], [4, 1]]","[4, 1]",225,74.28,0.9451,0,1.0,piece_count,4,opening,False,0.0,0.0,False
35,3,1,"[[0, 1], [1, 0]]","[1, 0]",228,69.7241,0.9443,0,1.0,piece_count,4,opening,False,0.0,0.0,True
35,4,0,"[[4, 1], [3, 0]]","[3, 0]",222,60.7431,0.9518,0,1.0,piece_count,4,opening,False,0.0,0.0,False
35,5,1,"[[1, 4], [2, 3]]","[2, 3]",145,31.9681,0.9528,0,1.0,piece_count,4,opening,False,0.0,0.0,True
35,6,0,"[[6, 3], [5, 2]]","[5, 2]",185,51.3825,0.9484,0,1.0,piece_count,4,opening,False,0.0,0.0,False
35,7,1,"[[0, 3], [1, 4]]","[1, 4]",195,47.9648,0.9456,0,1.0,piece_count,4,opening,False,0.0,0.0,True
35,8,0,"[[5, 2], [4, 3]]","[4, 3]",290,58.2035,0.9371,0,1.0,piece_count,4,opening,False,0.0,0.0,False
35,9,1,"[[1, 4], [2, 5]]","[2, 5]",229,41.4307,0.9255,0,1.0,piece_count,4,opening,False,0.0,0.0,True
35,10,0,"[[7, 0], [6, 1]]","[6, 1]",430,100.1444,0.9067,0,1.0,piece_count,4,opening,True,0,0.0,False
35,11,1,"[[0, 5], [1, 4]]","[1, 4]",259,50.7438,0.9277,0,1.0,piece_count,4,opening,False,0.0,0.0,True
35,12,0,"[[6, 1], [5, 2]]","[5, 2]",293,84.6457,0.9364,0,1.0,piece_count,4,opening,False,0.0,0.0,False
35,13,1,"[[1, 6], [2, 7]]","[2, 7]",170,38.5151,0.9447,0,1.0,piece_count,4,opening,False,0.0,0.0,True
35,14,0,"[[4, 3], [3, 2]]","[3, 2]",177,34.0457,0.9616,0,31.0,piece_count,4,opening,False,0.0,0.0,False
35,15,1,"[[2, 1], [4, 3], [6, 1]]","[6, 1]",40,6.3815,0.9609,0,31.0,piece_count,4,opening,True,60.0,0.0,True
35,16,0,"[[7, 2], [5, 0]]","[5, 0]",53,7.849,0.8965,0,91.0,piece_count,4,opening,False,0.0,0.0,False
35,17,1,"[[0, 7], [1, 6]]","[1, 6]",111,16.2518,0.9729,17,91.0,piece_count,4,opening,False,0.0,0.0,False
35,18,0,"[[3, 0], [2, 1]]","[2, 1]",100,24.3099,0.9674,17,91.0,piece_count,4,opening,False,0.0,0.0,False
35,19,1,"[[1, 0], [3, 2]]","[3, 2]",75,19.0878,0.9268,17,91.0,piece_count,4,opening,False,0.0,0.0,True
35,20,0,"[[6, 5], [5, 4]]","[5, 4]",154,37.1001,0.9398,17,99.0,piece_count,4,midgame,True,0,0.0,False
35,21,1,"[[1, 2], [2, 1]]","[2, 1]",202,43.4601,0.9436,17,99.0,piece_count,4,midgame,False,0.0,0.0,True
35,22,0,"[[6, 7], [5, 6]]","[5, 6]",234,47.178,0.9347,17,99.0,piece_count,4,midgame,False,0.0,0.0,False
35,23,1,"[[2, 1], [3, 0]]","[3, 0]",286,47.5285,0.9202,17,99.0,piece_count,4,midgame,False,0.0,0.0,True
35,24,0,"[[5, 6], [4, 7]]","[4, 7]",273,43.6087,0.9408,17,99.0,piece_count,4,midgame,False,0.0,0.0,False
35,25,1,"[[2, 3], [3, 4]]","[3, 4]",169,40.3829,0.9528,17,99.0,piece_count,4,midgame,True,0.0,0.0,True
35,26,0,"[[7, 4], [6, 3]]","[6, 3]",246,50.3829,0.9399,17,99.0,piece_count,4,midgame,False,0.0,0.0,False
35,27,1,"[[1, 4], [2, 3]]","[2, 3]",245,36.8514,0.9402,17,99.0,piece_count,4,midgame,False,0.0,0.0,True
35,28,0,"[[6, 3], [5, 2]]","[5, 2]",185,25.7652,0.9484,17,99.0,piece_count,4,midgame,False,0.0,0.0,False
35,29,1,"[[2, 7], [3, 6]]","[3, 6]",153,32.7139,0.9573,17,99.0,piece_count,4,midgame,False,0.0,0.0,True
35,30,0,"[[5, 4], [4, 3]]","[4, 3]",194,47.2744,0.9459,17,99.0,piece_count,4,midgame,True,0,0.0,False
35,31,1,"[[3, 2], [5, 4]]","[5, 4]",41,9.7332,0.9199,17,99.0,piece_count,4,midgame,False,0.0,0.0,False
35,32,0,"[[5, 0], [4, 1]]","[4, 1]",199,44.7884,0.9223,17,105.0,piece_count,4,midgame,False,0.0,0.0,False
35,33,1,"[[5, 4], [6, 3]]","[6, 3]",176,36.0446,0.9509,17,105.0,piece_count,4,midgame,False,0.0,0.0,True
35,34,0,"[[7, 6], [6, 5]]","[6, 5]",138,21.5764,0.9326,17,105.0,piece_count,4,midgame,False,0.0,0.0,False
35,35,1,"[[6, 3], [7, 2]]","[7, 2]",142,23.4668,0.9604,17,105.0,piece_count,4,midgame,True,0.0,0.0,True
35,36,0,"[[6, 5], [5, 4]]","[5, 4]",136,30.844,0.9336,17,105.0,piece_count,4,midgame,False,0.0,0.0,False
35,37,1,"[[1, 6], [2, 7]]","[2, 7]",160,36.7656,0.9554,17,105.0,piece_count,4,midgame,False,0.0,0.0,False
35,38,0,"[[5, 2], [4, 3]]","[4, 3]",60,13.8185,0.9707,17,127.0,piece_count,4,midgame,False,0.0,0.0,False
35,39,1,"[[3, 0], [5, 2]]","[5, 2]",14,2.1968,0.9863,17,127.0,piece_count,4,midgame,False,0.0,0.0,False
35,40,0,"[[4, 3], [3, 2]]","[3, 2]",19,3.9477,0.9814,17,145.0,piece_count,4,midgame,True,0,0.0,False
35,41,1,"[[2, 3], [4, 1]]","[4, 1]",20,4.2727,0.9609,17,145.0,piece_count,4,midgame,False,0.0,0.0,False
35,42,0,"[[5, 4], [4, 5]]","[4, 5]",80,17.3795,0.9219,17,205.0,piece_count,4,midgame,False,0.0,0.0,False
35,43,1,"[[3, 6], [5, 4]]","[5, 4]",6,1.0614,0.9941,17,205.0,piece_count,4,midgame,False,0.0,0.0,False
35,44,0,"[[4, 7], [3, 6]]","[3, 6]",4,0.6373,0.9922,17,310.0,piece_count,4,midgame,False,0.0,0.0,False
35,45,1,"[[2, 5], [4, 7]]","[4, 7]",3,0.4499,0.9971,17,310.0,piece_count,4,midgame,True,132.0,132.0,True
36,0,0,"[[6, 1], [5, 0]]","[5, 0]",194,37.2715,0.9459,0,0,piece_count,4,opening,False,0,0.0,False
36,1,1,"[[1, 0], [2, 1]]","[2, 1]",209,38.4841,0.9417,0,0,piece_count,4,opening,False,0.0,0.0,True
36,2,0,"[[5, 0], [4, 1]]","[4, 1]",225,75.3126,0.9451,0,1.0,piece_count,4,opening,False,0.0,0.0,False
36,3,1,"[[0, 1], [1, 0]]","[1, 0]",228,47.9746,0.9443,0,1.0,piece_count,4,opening,False,0.0,0.0,True
36,4,0,"[[4, 1], [3, 0]]","[3, 0]",222,64.4329,0.9518,0,1.0,piece_count,4,opening,False,0.0,0.0,False
36,5,1,"[[1, 4], [2, 3]]","[2, 3]",145,34.0216,0.9528,0,1.0,piece_count,4,opening,False,0.0,0.0,True
36,6,0,"[[6, 3], [5, 2]]","[5, 2]",185,56.9026,0.9484,0,1.0,piece_count,4,opening,False,0.0,0.0,False
36,7,1,"[[0, 3], [1, 4]]","[1, 4]",195,39.7434,0.9456,0,1.0,piece_count,4,opening,False,0.0,0.0,True
36,8,0,"[[5, 2], [4, 3]]","[4, 3]",290,74.007,0.9371,0,1.0,piece_count,4,opening,False,0.0,0.0,False
36,9,1,"[[1, 4], [2, 5]]","[2, 5]",229,69.2146,0.9255,0,1.0,piece_count,4,opening,False,0.0,0.0,True
36,10,0,"[[7, 0], [6, 1]]","[6, 1]",430,92.0026,0.9067,0,1.0,piece_count,4,opening,True,0,0.0,False
36,11,1,"[[0, 5], [1, 4]]","[1, 4]",259,48.5094,0.9277,0,1.0,piece_count,4,opening,False,0.0,0.0,True
36,12,0,"[[6, 1], [5, 2]]","[5, 2]",293,65.4688,0.9364,0,1.0,piece_count,4,opening,False,0.0,0.0,False
36,13,1,"[[1, 6], [2, 7]]","[2, 7]",170,31.9605,0.9447,0,1.0,piece_count,4,opening,False,0.0,0.0,True
36,14,0,"[[4, 3], [3, 2]]","[3, 2]",177,52.1214,0.9616,0,31.0,piece_count,4,opening,False,0.0,0.0,False
36,15,1,"[[2, 1], [4, 3], [6, 1]]","[6, 1]",40,10.622,0.9609,0,31.0,piece_count,4,opening,True,60.0,0.0,True
36,16,0,"[[7, 2], [5, 0]]","[5, 0]",53,14.0703,0.8965,0,91.0,piece_count,4,opening,False,0.0,0.0,False
36,17,1,"[[0, 7], [1, 6]]","[1, 6]",111,24.1287,0.9729,17,91.0,piece_count,4,opening,False,0.0,0.0,False
36,18,0,"[[3, 0], [2, 1]]","[2, 1]",100,15.8112,0.9674,17,91.0,piece_count,4,opening,False,0.0,0.0,False
36,19,1,"[[1, 0], [3, 2]]","[3, 2]",75,10.5066,0.9268,17,91.0,piece_count,4,opening,False,0.0,0.0,True
36,20,0,"[[6, 5], [5, 4]]","[5, 4]",154,29.0675,0.9398,17,99.0,piece_count,4,midgame,True,0,0.0,False
36,21,1,"[[1, 2], [2, 1]]","[2, 1]",202,37.7948,0.9436,17,99.0,piece_count,4,midgame,False,0.0,0.0,True
36,22,0,"[[6, 7], [5, 6]]","[5, 6]",234,58.1858,0.9347,17,99.0,piece_count,4,midgame,False,0.0,0.0,False
36,23,1,"[[2, 1], [3, 0]]","[3, 0]",286,50.9667,0.9202,17,99.0,piece_count,4,midgame,False,0.0,0.0,True
36,24,0,"[[5, 6], [4, 7]]","[4, 7]",273,55.8577,0.9408,17,99.0,piece_count,4,midgame,False,0.0,0.0,False
36,25,1,"[[2, 3], [3, 4]]","[3, 4]",169,24.5576,0.9528,17,99.0,piece_count,4,midgame,True,0.0,0.0,True
36,26,0,"[[7, 4], [6, 3]]","[6, 3]",246,36.196,0.9399,17,99.0,piece_count,4,midgame,False,0.0,0.0,False
36,27,1,"[[1, 4], [2, 3]]","[2, 3]",245,59.1795,0.9402,17,99.0,piece_count,4,midgame,False,0.0,0.0,True
36,28,0,"[[6, 3], [5, 2]]","[5, 2]",185,44.0352,0.9484,17,99.0,piece_count,4,midgame,False,0.0,0.0,False
36,29,1,"[[2, 7], [3, 6]]","[3, 6]",153,35.0986,0.9573,17,99.0,piece_count,4,midgame,False,0.0,0.0,True
36,30,0,"[[5, 4], [4, 3]]","[4, 3]",194,45.9158,0.9459,17,99.0,piece_count,4,midgame,True,0,0.0,False
36,31,1,"[[3, 2], [5, 4]]","[5, 4]",41,9.0804,0.9199,17,99.0,piece_count,4,midgame,False,0.0,0.0,False
36,32,0,"[[5, 0], [4, 1]]","[4, 1]",199,31.7974,0.9223,17,105.0,piece_count,4,midgame,False,0.0,0.0,False
36,33,1,"[[5, 4], [6, 3]]","[6, 3]",176,35.1355,0.9509,17,105.0,piece_count,4,midgame,False,0.0,0.0,True
36,34,0,"[[7, 6], [6, 5]]","[6, 5]",138,24.1277,0.9326,17,105.0,piece_count,4,midgame,False,0.0,0.0,False
36,35,1,"[[6, 3], [7, 2]]","[7, 2]",142,26.289,0.9604,17,105.0,piece_count,4,midgame,True,0.0,0.0,True
36,36,0,"[[6, 5], [5, 4]]","[5, 4]",136,25.2068,0.9336,17,105.0,piece_count,4,midgame,False,0.0,0.0,False
36,37,1,"[[1, 6], [2, 7]]","[2, 7]",160,21.1642,0.9554,17,105.0,piece_count,4,midgame,False,0.0,0.0,False
36,38,0,"[[5, 2], [4, 3]]","[4, 3]",60,11.5743,0.9707,17,127.0,piece_count,4,midgame,False,0.0,0.0,False
36,39,1,"[[3, 0], [5, 2]]","[5, 2]",14,2.9566,0.9863,17,127.0,piece_count,4,midgame,False,0.0,0.0,False
36,40,0,"[[4, 3], [3, 2]]","[3, 2]",19,3.9372,0.9814,17,145.0,piece_count,4,midgame,True,0,0.0,False
36,41,1,"[[2, 3], [4, 1]]","[4, 1]",20,4.2729,0.9609,17,145.0,piece_count,4,midgame,False,0.0,0.0,False
36,42,0,"[[5, 4], [4, 5]]","[4, 5]",80,16.6082,0.9219,17,205.0,piece_count,4,midgame,False,0.0,0.0,False
36,43,1,"[[3, 6], [5, 4]]","[5, 4]",6,1.0629,0.9941,17,205.0,piece_count,4,midgame,False,0.0,0.0,False
36,44,0,"[[4, 7], [3, 6]]","[3, 6]",4,0.6335,0.9922,17,310.0,piece_count,4,midgame,False,0.0,0.0,False
36,45,1,"[[2, 5], [4, 7]]","[4, 7]",3,0.4449,0.9971,17,310.0,piece_count,4,midgame,True,132.0,132.0,True
37,0,0,"[[6, 1], [5, 0]]","[5, 0]",194,60.128,0.9459,0,0,piece_count,4,opening,False,0,0.0,False
37,1,1,"[[1, 0], [2, 1]]","[2, 1]",209,64.0316,0.9417,0,0,piece_count,4,opening,False,0.0,0.0,True
37,2,0,"[[5, 0], [4, 1]]","[4, 1]",225,70.0774,0.9451,0,1.0,piece_count,4,opening,False,0.0,0.0,False
37,3,1,"[[0, 1], [1, 0]]","[1, 0]",228,69.9515,0.9443,0,1.0,piece_count,4,opening,False,0.0,0.0,True
37,4,0,"[[4, 1], [3, 0]]","[3, 0]",222,48.5499,0.9518,0,1.0,piece_count,4,opening,False,0.0,0.0,False
37,5,1,"[[1, 4], [2, 3]]","[2, 3]",145,25.4049,0.9528,0,1.0,piece_count,4,opening,False,0.0,0.0,True
37,6,0,"[[6, 3], [5, 2]]","[5, 2]",185,47.4765,0.9484,0,1.0,piece_count,4,opening,False,0.0,0.0,False
37,7,1,"[[0, 3], [1, 4]]","[1, 4]",195,34.3535,0.9456,0,1.0,piece_count,4,opening,False,0.0,0.0,True
37,8,0,"[[5, 2], [4, 3]]","[4, 3]",290,59.9132,0.9371,0,1.0,piece_count,4,opening,False,0.0,0.0,False
37,9,1,"[[1, 4], [2, 5]]","[2, 5]",229,68.2681,0.9255,0,1.0,piece_count,4,opening,False,0.0,0.0,True
37,10,0,"[[7, 0], [6, 1]]","[6, 1]",430,129.9458,0.9067,0,1.0,piece_count,4,opening,True,0,0.0,False
37,11,1,"[[0, 5], [1, 4]]","[1, 4]",259,77.5983,0.9277,0,1.0,piece_count,4,opening,False,0.0,0.0,True
37,12,0,"[[6, 1], [5, 2]]","[5, 2]",293,75.2065,0.9364,0,1.0,piece_count,4,opening,False,0.0,0.0,False
37,13,1,"[[1, 6], [2, 7]]","[2, 7]",170,50.0379,0.9447,0,1.0,piece_count,4,opening,False,0.0,0.0,True
37,14,0,"[[4, 3], [3, 2]]","[3, 2]",177,51.8124,0.9616,0,31.0,piece_count,4,opening,False,0.0,0.0,False
37,15,1,"[[2, 1], [4, 3], [6, 1]]","[6, 1]",40,10.479,0.9609,0,31.0,piece_count,4,opening,True,60.0,0.0,True
37,16,0,"[[7, 2], [5, 0]]","[5, 0]",53,14.2362,0.8965,0,91.0,piece_count,4,opening,False,0.0,0.0,False
37,17,1,"[[0, 7], [1, 6]]","[1, 6]",111,29.2439,0.9729,17,91.0,piece_count,4,opening,False,0.0,0.0,False
37,18,0,"[[3, 0], [2, 1]]","[2, 1]",100,25.3932,0.9674,17,91.0,piece_count,4,opening,False,0.0,0.0,False
37,19,1,"[[1, 0], [3, 2]]","[3, 2]",75,19.2623,0.9268,17,91.0,piece_count,4,opening,False,0.0,0.0,True
37,20,0,"[[6, 5], [5, 4]]","[5, 4]",154,37.9381,0.9398,17,99.0,piece_count,4,midgame,True,0,0.0,False
37,21,1,"[[1, 2], [2, 1]]","[2, 1]",202,46.0873,0.9436,17,99.0,piece_count,4,midgame,False,0.0,0.0,True
37,22,0,"[[6, 7], [5, 6]]","[5, 6]",234,40.8194,0.9347,17,99.0,piece_count,4,midgame,False,0.0,0.0,False
37,23,1,"[[2, 1], [3, 0]]","[3, 0]",286,55.0089,0.9202,17,99.0,piece_count,4,midgame,False,0.0,0.0,True
37,24,0,"[[5, 6], [4, 7]]","[4, 7]",273,44.1477,0.9408,17,99.0,piece_count,4,midgame,False,0.0,0.0,False
37,25,1,"[[2, 3], [3, 4]]","[3, 4]",169,42.2969,0.9528,17,99.0,piece_count,4,midgame,True,0.0,0.0,True
37,26,0,"[[7, 4], [6, 3]]","[6, 3]",246,47.6863,0.9399,17,99.0,piece_count,4,midgame,False,0.0,0.0,False
37,27,1,"[[1, 4], [2, 3]]","[2, 3]",245,41.2247,0.9402,17,99.0,piece_count,4,midgame,False,0.0,0.0,True
37,28,0,"[[6, 3], [5, 2]]","[5, 2]",185,37.2632,0.9484,17,99.0,piece_count,4,midgame,False,0.0,0.0,False
37,29,1,"[[2, 7], [3, 6]]","[3, 6]",153,35.4347,0.9573,17,99.0,piece_count,4,midgame,False,0.0,0.0,True
37,30,0,"[[5, 4], [4, 3]]","[4, 3]",194,45.8202,0.9459,17,99.0,piece_count,4,midgame,True,0,0.0,False
37,31,1,"[[3, 2], [5, 4]]","[5, 4]",41,9.7542,0.9199,17,99.0,piece_count,4,midgame,False,0.0,0.0,False
37,32,0,"[[5, 0], [4, 1]]","[4, 1]",199,46.165,0.9223,17,105.0,piece_count,4,midgame,False,0.0,0.0,False
37,33,1,"[[5, 4], [6, 3]]","[6, 3]",176,40.5104,0.9509,17,105.0,piece_count,4,midgame,False,0.0,0.0,True
37,34,0,"[[7, 6], [6, 5]]","[6, 5]",138,32.2301,0.9326,17,105.0,piece_count,4,midgame,False,0.0,0.0,False
37,35,1,"[[6, 3], [7, 2]]","[7, 2]",142,33.2479,0.9604,17,105.0,piece_count,4,midgame,True,0.0,0.0,True
37,36,0,"[[6, 5], [5, 4]]","[5, 4]",136,21.8041,0.9336,17,105.0,piece_count,4,midgame,False,0.0,0.0,False
37,37,1,"[[1, 6], [2, 7]]","[2, 7]",160,24.4243,0.9554,17,105.0,piece_count,4,midgame,False,0.0,0.0,False
37,38,0,"[[5, 2], [4, 3]]","[4, 3]",60,13.7243,0.9707,17,127.0,piece_count,4,midgame,False,0.0,0.0,False
37,39,1,"[[3, 0], [5, 2]]","[5, 2]",14,2.9693,0.9863,17,127.0,piece_count,4,midgame,False,0.0,0.0,False
37,40,0,"[[4, 3], [3, 2]]","[3, 2]",19,4.0991,0.9814,17,145.0,piece_count,4,midgame,True,0,0.0,False
37,41,1,"[[2, 3], [4, 1]]","[4, 1]",20,2.4645,0.9609,17,145.0,piece_count,4,midgame,False,0.0,0.0,False
37,42,0,"[[5, 4], [4, 5]]","[4, 5]",80,17.3018,0.9219,17,205.0,piece_count,4,midgame,False,0.0,0.0,False
37,43,1,"[[3, 6], [5, 4]]","[5, 4]",6,1.0607,0.9941,17,205.0,piece_count,4,midgame,False,0.0,0.0,False
37,44,0,"[[4, 7], [3, 6]]","[3, 6]",4,0.5221,0.9922,17,310.0,piece_count,4,midgame,False,0.0,0.0,False
37,45,1,"[[2, 5], [4, 7]]","[4, 7]",3,0.2365,0.9971,17,310.0,piece_count,4,midgame,True,132.0,132.0,True
38,0,0,"[[6, 1], [5, 0]]","[5, 0]",194,58.7683,0.9459,0,0,piece_count,4,opening,False,0,0.0,False
38,1,1,"[[1, 0], [2, 1]]","[2, 1]",209,50.3733,0.9417,0,0,piece_count,4,opening,False,0.0,0.0,True
38,2,0,"[[5, 0], [4, 1]]","[4, 1]",225,47.0185,0.9451,0,1.0,piece_count,4,opening,False,0.0,0.0,False
38,3,1,"[[0, 1], [1, 0]]","[1, 0]",228,68.1982,0.9443,0,1.0,piece_count,4,opening,False,0.0,0.0,True
38,4,0,"[[4, 1], [3, 0]]","[3, 0]",222,68.0125,0.9518,0,1.0,piece_count,4,opening,False,0.0,0.0,False
38,5,1,"[[1, 4], [2, 3]]","[2, 3]",145,33.0229,0.9528,0,1.0,piece_count,4,opening,False,0.0,0.0,True
38,6,0,"[[6, 3], [5, 2]]","[5, 2]",185,41.1313,0.9484,0,1.0,piece_count,4,opening,False,0.0,0.0,False
38,7,1,"[[0, 3], [1, 4]]","[1, 4]",195,42.1207,0.9456,0,1.0,piece_count,4,opening,False,0.0,0.0,True
38,8,0,"[[5, 2], [4, 3]]","[4, 3]",290,71.2633,0.9371,0,1.0,piece_count,4,opening,False,0.0,0.0,False
38,9,1,"[[1, 4], [2, 5]]","[2, 5]",229,54.4741,0.9255,0,1.0,piece_count,4,opening,False,0.0,0.0,True
38,10,0,"[[7, 0], [6, 1]]","[6, 1]",430,104.4965,0.9067,0,1.0,piece_count,4,opening,True,0,0.0,False
38,11,1,"[[0, 5], [1, 4]]","[1, 4]",259,54.8379,0.9277,0,1.0,piece_count,4,opening,False,0.0,0.0,True
38,12,0,"[[6, 1], [5, 2]]","[5, 2]",293,87.9464,0.9364,0,1.0,piece_count,4,opening,False,0.0,0.0,False
38,13,1,"[[1, 6], [2, 7]]","[2, 7]",170,52.0408,0.9447,0,1.0,piece_count,4,opening,False,0.0,0.0,True
38,14,0,"[[4, 3], [3, 2]]","[3, 2]",177,41.6601,0.9616,0,31.0,piece_count,4,opening,False,0.0,0.0,False
38,15,1,"[[2, 1], [4, 3], [6, 1]]","[6, 1]",40,6.7611,0.9609,0,31.0,piece_count,4,opening,True,60.0,0.0,True
38,16,0,"[[7, 2], [5, 0]]","[5, 0]",53,7.7324,0.8965,0,91.0,piece_count,4,opening,False,0.0,0.0,False
38,17,1,"[[0, 7], [1, 6]]","[1, 6]",111,25.9123,0.9729,17,91.0,piece_count,4,opening,False,0.0,0.0,False
38,18,0,"[[3, 0], [2, 1]]","[2, 1]",100,22.9845,0.9674,17,91.0,piece_count,4,opening,False,0.0,0.0,False
38,19,1,"[[1, 0], [3, 2]]","[3, 2]",75,10.453,0.9268,17,91.0,piece_count,4,opening,False,0.0,0.0,True
38,20,0,"[[6, 5], [5, 4]]","[5, 4]",154,36.4854,0.9398,17,99.0,piece_count,4,midgame,True,0,0.0,False
38,21,1,"[[1, 2], [2, 1]]","[2, 1]",202,40.8843,0.9436,17,99.0,piece_count,4,midgame,False,0.0,0.0,True
38,22,0,"[[6, 7], [5, 6]]","[5, 6]",234,55.2256,0.9347,17,99.0,piece_count,4,midgame,False,0.0,0.0,False
38,23,1,"[[2, 1], [3, 0]]","[3, 0]",286,44.7111,0.9202,17,99.0,piece_count,4,midgame,False,0.0,0.0,True
38,24,0,"[[5, 6], [4, 7]]","[4, 7]",273,51.6219,0.9408,17,99.0,piece_count,4,midgame,False,0.0,0.0,False
38,25,1,"[[2, 3], [3, 4]]","[3, 4]",169,24.3294,0.9528,17,99.0,piece_count,4,midgame,True,0.0,0.0,True
38,26,0,"[[7, 4], [6, 3]]","[6, 3]",246,53.2975,0.9399,17,99.0,piece_count,4,midgame,False,0.0,0.0,False
38,27,1,"[[1, 4], [2, 3]]","[2, 3]",245,59.2773,0.9402,17,99.0,piece_count,4,midgame,False,0.0,0.0,True
38,28,0,"[[6, 3], [5, 2]]","[5, 2]",185,42.556,0.9484,17,99.0,piece_count,4,midgame,False,0.0,0.0,False
38,29,1,"[[2, 7], [3, 6]]","[3, 6]",153,30.5772,0.9573,17,99.0,piece_count,4,midgame,False,0.0,0.0,True
38,30,0,"[[5, 4], [4, 3]]","[4, 3]",194,42.0406,0.9459,17,99.0,piece_count,4,midgame,True,0,0.0,False
38,31,1,"[[3, 2], [5, 4]]","[5, 4]",41,9.6779,0.9199,17,99.0,piece_count,4,midgame,False,0.0,0.0,False
38,32,0,"[[5, 0], [4, 1]]","[4, 1]",199,35.3942,0.9223,17,105.0,piece_count,4,midgame,False,0.0,0.0,False
38,33,1,"[[5, 4], [6, 3]]","[6, 3]",176,41.6386,0.9509,17,105.0,piece_count,4,midgame,False,0.0,0.0,True
38,34,0,"[[7, 6], [6, 5]]","[6, 5]",138,20.4992,0.9326,17,105.0,piece_count,4,midgame,False,0.0,0.0,False
38,35,1,"[[6, 3], [7, 2]]","[7, 2]",142,31.9202,0.9604,17,105.0,piece_count,4,midgame,True,0.0,0.0,True
38,36,0,"[[6, 5], [5, 4]]","[5, 4]",136,24.0321,0.9336,17,105.0,piece_count,4,midgame,False,0.0,0.0,False
38,37,1,"[[1, 6], [2, 7]]","[2, 7]",160,33.5987,0.9554,17,105.0,piece_count,4,midgame,False,0.0,0.0,False
38,38,0,"[[5, 2], [4, 3]]","[4, 3]",60,7.8654,0.9707,17,127.0,piece_count,4,midgame,False,0.0,0.0,False
38,39,1,"[[3, 0], [5, 2]]","[5, 2]",14,3.237,0.9863,17,127.0,piece_count,4,midgame,False,0.0,0.0,False
38,40,0,"[[4, 3], [3, 2]]","[3, 2]",19,3.9608,0.9814,17,145.0,piece_count,4,midgame,True,0,0.0,False
38,41,1,"[[2, 3], [4, 1]]","[4, 1]",20,4.271,0.9609,17,145.0,piece_count,4,midgame,False,0.0,0.0,False
38,42,0,"[[5, 4], [4, 5]]","[4, 5]",80,16.5653,0.9219,17,205.0,piece_count,4,midgame,False,0.0,0.0,False
38,43,1,"[[3, 6], [5, 4]]","[5, 4]",6,1.1063,0.9941,17,205.0,piece_count,4,midgame,False,0.0,0.0,False
38,44,0,"[[4, 7], [3, 6]]","[3, 6]",4,0.6435,0.9922,17,310.0,piece_count,4,midgame,False,0.0,0.0,False
38,45,1,"[[2, 5], [4, 7]]","[4, 7]",3,0.4528,0.9971,17,310.0,piece_count,4,midgame,True,132.0,132.0,True
39,0,0,"[[6, 1], [5, 0]]","[5, 0]",194,39.1667,0.9459,0,0,piece_count,4,opening,False,0,0.0,False
39,1,1,"[[1, 0], [2, 1]]","[2, 1]",209,52.5711,0.9417,0,0,piece_count,4,opening,False,0.0,0.0,True
39,2,0,"[[5, 0], [4, 1]]","[4, 1]",225,70.4665,0.9451,0,1.0,piece_count,4,opening,False,0.0,0.0,False
39,3,1,"[[0, 1], [1, 0]]","[1, 0]",228,55.0847,0.9443,0,1.0,piece_count,4,opening,False,0.0,0.0,True
39,4,0,"[[4, 1], [3, 0]]","[3, 0]",222,52.6137,0.9518,0,1.0,piece_count,4,opening,False,0.0,0.0,False
39,5,1,"[[1, 4], [2, 3]]","[2, 3]",145,34.2848,0.9528,0,1.0,piece_count,4,opening,False,0.0,0.0,True
39,6,0,"[[6, 3], [5, 2]]","[5, 2]",185,47.9043,0.9484,0,1.0,piece_count,4,opening,False,0.0,0.0,False
39,7,1,"[[0, 3], [1, 4]]","[1, 4]",195,61.3611,0.9456,0,1.0,piece_count,4,opening,False,0.0,0.0,True
39,8,0,"[[5, 2], [4, 3]]","[4, 3]",290,95.7613,0.9371,0,1.0,piece_count,4,opening,False,0.0,0.0,False
39,9,1,"[[1, 4], [2, 5]]","[2, 5]",229,68.3432,0.9255,0,1.0,piece_count,4,opening,False,0.0,0.0,True
39,10,0,"[[7, 0], [6, 1]]","[6, 1]",430,97.7545,0.9067,0,1.0,piece_count,4,opening,True,0,0.0,False
39,11,1,"[[0, 5], [1, 4]]","[1, 4]",259,68.0444,0.9277,0,1.0,piece_count,4,opening,False,0.0,0.0,True
39,12,0,"[[6, 1], [5, 2]]","[5, 2]",293,90.4007,0.9364,0,1.0,piece_count,4,opening,False,0.0,0.0,False
39,13,1,"[[1, 6], [2, 7]]","[2, 7]",170,52.5775,0.9447,0,1.0,piece_count,4,opening,False,0.0,0.0,True
39,14,0,"[[4, 3], [3, 2]]","[3, 2]",177,40.6604,0.9616,0,31.0,piece_count,4,opening,False,0.0,0.0,False
39,15,1,"[[2, 1], [4, 3], [6, 1]]","[6, 1]",40,10.7038,0.9609,0,31.0,piece_count,4,opening,True,60.0,0.0,True
39,16,0,"[[7, 2], [5, 0]]","[5, 0]",53,11.6229,0.8965,0,91.0,piece_count,4,opening,False,0.0,0.0,False
39,17,1,"[[0, 7], [1, 6]]","[1, 6]",111,17.7004,0.9729,17,91.0,piece_count,4,opening,False,0.0,0.0,False
39,18,0,"[[3, 0], [2, 1]]","[2, 1]",100,22.6243,0.9674,17,91.0,piece_count,4,opening,False,0.0,0.0,False
39,19,1,"[[1, 0], [3, 2]]","[3, 2]",75,17.1616,0.9268,17,91.0,piece_count,4,opening,False,0.0,0.0,True
39,20,0,"[[6, 5], [5, 4]]","[5, 4]",154,28.9044,0.9398,17,99.0,piece_count,4,midgame,True,0,0.0,False
39,21,1,"[[1, 2], [2, 1]]","[2, 1]",202,45.6464,0.9436,17,99.0,piece_count,4,midgame,False,0.0,0.0,True
39,22,0,"[[6, 7], [5, 6]]","[5, 6]",234,59.7162,0.9347,17,99.0,piece_count,4,midgame,False,0.0,0.0,False
39,23,1,"[[2, 1], [3, 0]]","[3, 0]",286,62.3288,0.9202,17,99.0,piece_count,4,midgame,False,0.0,0.0,True
39,24,0,"[[5, 6], [4, 7]]","[4, 7]",273,38.0642,0.9408,17,99.0,piece_count,4,midgame,False,0.0,0.0,False
39,25,1,"[[2, 3], [3, 4]]","[3, 4]",169,31.4901,0.9528,17,99.0,piece_count,4,midgame,True,0.0,0.0,True
39,26,0,"[[7, 4], [6, 3]]","[6, 3]",246,59.9909,0.9399,17,99.0,piece_count,4,midgame,False,0.0,0.0,False
39,27,1,"[[1, 4], [2, 3]]","[2, 3]",245,57.689,0.9402,17,99.0,piece_count,4,midgame,False,0.0,0.0,True
39,28,0,"[[6, 3], [5, 2]]","[5, 2]",185,25.1179,0.9484,17,99.0,piece_count,4,midgame,False,0.0,0.0,False
39,29,1,"[[2, 7], [3, 6]]","[3, 6]",153,34.9514,0.9573,17,99.0,piece_count,4,midgame,False,0.0,0.0,True
39,30,0,"[[5, 4], [4, 3]]","[4, 3]",194,27.0343,0.9459,17,99.0,piece_count,4,midgame,True,0,0.0,False
39,31,1,"[[3, 2], [5, 4]]","[5, 4]",41,9.8205,0.9199,17,99.0,piece_count,4,midgame,False,0.0,0.0,False
39,32,0,"[[5, 0], [4, 1]]","[4, 1]",199,34.6546,0.9223,17,105.0,piece_count,4,midgame,False,0.0,0.0,False
39,33,1,"[[5, 4], [6, 3]]","[6, 3]",176,38.3208,0.9509,17,105.0,piece_count,4,midgame,False,0.0,0.0,True
39,34,0,"[[7, 6], [6, 5]]","[6, 5]",138,25.655,0.9326,17,105.0,piece_count,4,midgame,False,0.0,0.0,False
39,35,1,"[[6, 3], [7, 2]]","[7, 2]",142,33.8235,0.9604,17,105.0,piece_count,4,midgame,True,0.0,0.0,True
39,36,0,"[[6, 5], [5, 4]]","[5, 4]",136,31.9812,0.9336,17,105.0,piece_count,4,midgame,False,0.0,0.0,False
39,37,1,"[[1, 6], [2, 7]]","[2, 7]",160,37.4672,0.9554,17,105.0,piece_count,4,midgame,False,0.0,0.0,False
39,38,0,"[[5, 2], [4, 3]]","[4, 3]",60,13.7179,0.9707,17,127.0,piece_count,4,midgame,False,0.0,0.0,False
39,39,1,"[[3, 0], [5, 2]]","[5, 2]",14,2.9583,0.9863,17,127.0,piece_count,4,midgame,False,0.0,0.0,False
39,40,0,"[[4, 3], [3, 2]]","[3, 2]",19,3.9275,0.9814,17,145.0,piece_count,4,midgame,True,0,0.0,False
39,41,1,"[[2, 3], [4, 1]]","[4, 1]",20,4.2565,0.9609,17,145.0,piece_count,4,midgame,False,0.0,0.0,False
39,42,0,"[[5, 4], [4, 5]]","[4, 5]",80,17.3101,0.9219,17,205.0,piece_count,4,midgame,False,0.0,0.0,False
39,43,1,"[[3, 6], [5, 4]]","[5, 4]",6,1.061,0.9941,17,205.0,piece_count,4,midgame,False,0.0,0.0,False
39,44,0,"[[4, 7], [3, 6]]","[3, 6]",4,0.6347,0.9922,17,310.0,piece_count,4,midgame,False,0.0,0.0,False
39,45,1,"[[2, 5], [4, 7]]","[4, 7]",3,0.4492,0.9971,17,310.0,piece_count,4,midgame,True,132.0,132.0,True
40,0,0,"[[6, 1], [5, 0]]","[5, 0]",194,59.9563,0.9459,0,0,piece_count,4,opening,False,0,0.0,False
40,1,1,"[[1, 0], [2, 1]]","[2, 1]",209,44.0314,0.9417,0,0,piece_count,4,opening,False,0.0,0.0,True
40,2,0,"[[5, 0], [4, 1]]","[4, 1]",225,47.1976,0.9451,0,1.0,piece_count,4,opening,False,0.0,0.0,False
40,3,1,"[[0, 1], [1, 0]]","[1, 0]",228,64.9979,0.9443,0,1.0,piece_count,4,opening,False,0.0,0.0,True
40,4,0,"[[4, 1], [3, 0]]","[3, 0]",222,63.978,0.9518,0,1.0,piece_count,4,opening,False,0.0,0.0,False
40,5,1,"[[1, 4], [2, 3]]","[2, 3]",145,32.0187,0.9528,0,1.0,piece_count,4,opening,False,0.0,0.0,True
40,6,0,"[[6, 3], [5, 2]]","[5, 2]",185,36.3932,0.9484,0,1.0,piece_count,4,opening,False,0.0,0.0,False
40,7,1,"[[0, 3], [1, 4]]","[1, 4]",195,48.3961,0.9456,0,1.0,piece_count,4,opening,False,0.0,0.0,True
40,8,0,"[[5, 2], [4, 3]]","[4, 3]",290,89.3569,0.9371,0,1.0,piece_count,4,opening,False,0.0,0.0,False
40,9,1,"[[1, 4], [2, 5]]","[2, 5]",229,69.5739,0.9255,0,1.0,piece_count,4,opening,False,0.0,0.0,True
40,10,0,"[[7, 0], [6, 1]]","[6, 1]",430,103.2069,0.9067,0,1.0,piece_count,4,opening,True,0,0.0,False
40,11,1,"[[0, 5], [1, 4]]","[1, 4]",259,74.5215,0.9277,0,1.0,piece_count,4,opening,False,0.0,0.0,True
40,12,0,"[[6, 1], [5, 2]]","[5, 2]",293,82.8412,0.9364,0,1.0,piece_count,4,opening,False,0.0,0.0,False
40,13,1,"[[1, 6], [2, 7]]","[2, 7]",170,31.2288,0.9447,0,1.0,piece_count,4,opening,False,0.0,0.0,True
40,14,0,"[[4, 3], [3, 2]]","[3, 2]",177,52.0506,0.9616,0,31.0,piece_count,4,opening,False,0.0,0.0,False
40,15,1,"[[2, 1], [4, 3], [6, 1]]","[6, 1]",40,10.6976,0.9609,0,31.0,piece_count,4,opening,True,60.0,0.0,True
40,16,0,"[[7, 2], [5, 0]]","[5, 0]",53,13.4182,0.8965,0,91.0,piece_count,4,opening,False,0.0,0.0,False
40,17,1,"[[0, 7], [1, 6]]","[1, 6]",111,29.0408,0.9729,17,91.0,piece_count,4,opening,False,0.0,0.0,False
40,18,0,"[[3, 0], [2, 1]]","[2, 1]",100,26.1219,0.9674,17,91.0,piece_count,4,opening,False,0.0,0.0,False
40,19,1,"[[1, 0], [3, 2]]","[3, 2]",75,20.6695,0.9268,17,91.0,piece_count,4,opening,False,0.0,0.0,True
40,20,0,"[[6, 5], [5, 4]]","[5, 4]",154,37.2572,0.9398,17,99.0,piece_count,4,midgame,True,0,0.0,False
40,21,1,"[[1, 2], [2, 1]]","[2, 1]",202,48.5754,0.9436,17,99.0,piece_count,4,midgame,False,0.0,0.0,True
40,22,0,"[[6, 7], [5, 6]]","[5, 6]",234,39.5124,0.9347,17,99.0,piece_count,4,midgame,False,0.0,0.0,False
40,23,1,"[[2, 1], [3, 0]]","[3, 0]",286,70.751,0.9202,17,99.0,piece_count,4,midgame,False,0.0,0.0,True
40,24,0,"[[5, 6], [4, 7]]","[4, 7]",273,63.9253,0.9408,17,99.0,piece_count,4,midgame,False,0.0,0.0,False
40,25,1,"[[2, 3], [3, 4]]","[3, 4]",169,28.4724,0.9528,17,99.0,piece_count,4,midgame,True,0.0,0.0,True
40,26,0,"[[7, 4], [6, 3]]","[6, 3]",246,40.9784,0.9399,17,99.0,piece_count,4,midgame,False,0.0,0.0,False
40,27,1,"[[1, 4], [2, 3]]","[2, 3]",245,41.7664,0.9402,17,99.0,piece_count,4,midgame,False,0.0,0.0,True
40,28,0,"[[6, 3], [5, 2]]","[5, 2]",185,42.2897,0.9484,17,99.0,piece_count,4,midgame,False,0.0,0.0,False
40,29,1,"[[2, 7], [3, 6]]","[3, 6]",153,35.135,0.9573,17,99.0,piece_count,4,midgame,False,0.0,0.0,True
40,30,0,"[[5, 4], [4, 3]]","[4, 3]",194,39.7825,0.9459,17,99.0,piece_count,4,midgame,True,0,0.0,False
40,31,1,"[[3, 2], [5, 4]]","[5, 4]",41,6.0713,0.9199,17,99.0,piece_count,4,midgame,False,0.0,0.0,False
40,32,0,"[[5, 0], [4, 1]]","[4, 1]",199,46.746,0.9223,17,105.0,piece_count,4,midgame,False,0.0,0.0,False
40,33,1,"[[5, 4], [6, 3]]","[6, 3]",176,40.4596,0.9509,17,105.0,piece_count,4,midgame,False,0.0,0.0,True
40,34,0,"[[7, 6], [6, 5]]","[6, 5]",138,33.5021,0.9326,17,105.0,piece_count,4,midgame,False,0.0,0.0,False
40,35,1,"[[6, 3], [7, 2]]","[7, 2]",142,19.598,0.9604,17,105.0,piece_count,4,midgame,True,0.0,0.0,True
40,36,0,"[[6, 5], [5, 4]]","[5, 4]",136,23.4404,0.9336,17,105.0,piece_count,4,midgame,False,0.0,0.0,False
40,37,1,"[[1, 6], [2, 7]]","[2, 7]",160,35.7592,0.9554,17,105.0,piece_count,4,midgame,False,0.0,0.0,False
40,38,0,"[[5, 2], [4, 3]]","[4, 3]",60,13.824,0.9707,17,127.0,piece_count,4,midgame,False,0.0,0.0,False
40,39,1,"[[3, 0], [5, 2]]","[5, 2]",14,2.964,0.9863,17,127.0,piece_count,4,midgame,False,0.0,0.0,False
40,40,0,"[[4, 3], [3, 2]]","[3, 2]",19,3.9728,0.9814,17,145.0,piece_count,4,midgame,True,0,0.0,False
40,41,1,"[[2, 3], [4, 1]]","[4, 1]",20,4.2577,0.9609,17,145.0,piece_count,4,midgame,False,0.0,0.0,False
40,42,0,"[[5, 4], [4, 5]]","[4, 5]",80,16.474,0.9219,17,205.0,piece_count,4,midgame,False,0.0,0.0,False
40,43,1,"[[3, 6], [5, 4]]","[5, 4]",6,1.0638,0.9941,17,205.0,piece_count,4,midgame,False,0.0,0.0,False
40,44,0,"[[4, 7], [3, 6]]","[3, 6]",4,0.6402,0.9922,17,310.0,piece_count,4,midgame,False,0.0,0.0,False
40,45,1,"[[2, 5], [4, 7]]","[4, 7]",3,0.4525,0.9971,17,310.0,piece_count,4,midgame,True,132.0,132.0,True
41,0,0,"[[6, 1], [5, 0]]","[5, 0]",194,60.4289,0.9459,0,0,piece_count,4,opening,False,0,0.0,False
41,1,1,"[[1, 0], [2, 1]]","[2, 1]",209,52.6273,0.9417,0,0,piece_count,4,opening,False,0.0,0.0,True
41,2,0,"[[5, 0], [4, 1]]","[4, 1]",225,54.9464,0.9451,0,1.0,piece_count,4,opening,False,0.0,0.0,False
41,3,1,"[[0, 1], [1, 0]]","[1, 0]",228,69.3927,0.9443,0,1.0,piece_count,4,opening,False,0.0,0.0,True
41,4,0,"[[4, 1], [3, 0]]","[3, 0]",222,54.6837,0.9518,0,1.0,piece_count,4,opening,False,0.0,0.0,False
41,5,1,"[[1, 4], [2, 3]]","[2, 3]",145,35.7563,0.9528,0,1.0,piece_count,4,opening,False,0.0,0.0,True
41,6,0,"[[6, 3], [5, 2]]","[5, 2]",185,51.6386,0.9484,0,1.0,piece_count,4,opening,False,0.0,0.0,False
41,7,1,"[[0, 3], [1, 4]]","[1, 4]",195,57.9414,0.9456,0,1.0,piece_count,4,opening,False,0.0,0.0,True
41,8,0,"[[5, 2], [4, 3]]","[4, 3]",290,71.4459,0.9371,0,1.0,piece_count,4,opening,False,0.0,0.0,False
41,9,1,"[[1, 4], [2, 5]]","[2, 5]",229,54.9803,0.9255,0,1.0,piece_count,4,opening,False,0.0,0.0,True
41,10,0,"[[7, 0], [6, 1]]","[6, 1]",430,91.1562,0.9067,0,1.0,piece_count,4,opening,True,0,0.0,False
41,11,1,"[[0, 5], [1, 4]]","[1, 4]",259,49.8052,0.9277,0,1.0,piece_count,4,opening,False,0.0,0.0,True
41,12,0,"[[6, 1], [5, 2]]","[5, 2]",293,50.9288,0.9364,0,1.0,piece_count,4,opening,False,0.0,0.0,False
41,13,1,"[[1, 6], [2, 7]]","[2, 7]",170,40.9381,0.9447,0,1.0,piece_count,4,opening,False,0.0,0.0,True
41,14,0,"[[4, 3], [3, 2]]","[3, 2]",177,33.0923,0.9616,0,31.0,piece_count,4,opening,False,0.0,0.0,False
41,15,1,"[[2, 1], [4, 3], [6, 1]]","[6, 1]",40,6.3403,0.9609,0,31.0,piece_count,4,opening,True,60.0,0.0,True
41,16,0,"[[7, 2], [5, 0]]","[5, 0]",53,7.7171,0.8965,0,91.0,piece_count,4,opening,False,0.0,0.0,False
41,17,1,"[[0, 7], [1, 6]]","[1, 6]",111,23.9713,0.9729,17,91.0,piece_count,4,opening,False,0.0,0.0,False
41,18,0,"[[3, 0], [2, 1]]","[2, 1]",100,19.2919,0.9674,17,91.0,piece_count,4,opening,False,0.0,0.0,False
41,19,1,"[[1, 0], [3, 2]]","[3, 2]",75,10.9911,0.9268,17,91.0,piece_count,4,opening,False,0.0,0.0,True
41,20,0,"[[6, 5], [5, 4]]","[5, 4]",154,22.0342,0.9398,17,99.0,piece_count,4,midgame,True,0,0.0,False
41,21,1,"[[1, 2], [2, 1]]","[2, 1]",202,36.7737,0.9436,17,99.0,piece_count,4,midgame,False,0.0,0.0,True
41,22,0,"[[6, 7], [5, 6]]","[5, 6]",234,37.36,0.9347,17,99.0,piece_count,4,midgame,False,0.0,0.0,False
41,23,1,"[[2, 1], [3, 0]]","[3, 0]",286,42.4471,0.9202,17,99.0,piece_count,4,midgame,False,0.0,0.0,True
41,24,0,"[[5, 6], [4, 7]]","[4, 7]",273,44.6451,0.9408,17,99.0,piece_count,4,midgame,False,0.0,0.0,False
41,25,1,"[[2, 3], [3, 4]]","[3, 4]",169,31.5192,0.9528,17,99.0,piece_count,4,midgame,True,0.0,0.0,True
41,26,0,"[[7, 4], [6, 3]]","[6, 3]",246,45.7122,0.9399,17,99.0,piece_count,4,midgame,False,0.0,0.0,False
41,27,1,"[[1, 4], [2, 3]]","[2, 3]",245,58.1458,0.9402,17,99.0,piece_count,4,midgame,False,0.0,0.0,True
41,28,0,"[[6, 3], [5, 2]]","[5, 2]",185,34.2739,0.9484,17,99.0,piece_count,4,midgame,False,0.0,0.0,False
41,29,1,"[[2, 7], [3, 6]]","[3, 6]",153,33.3574,0.9573,17,99.0,piece_count,4,midgame,False,0.0,0.0,True
41,30,0,"[[5, 4], [4, 3]]","[4, 3]",194,45.5847,0.9459,17,99.0,piece_count,4,midgame,True,0,0.0,False
41,31,1,"[[3, 2], [5, 4]]","[5, 4]",41,7.1986,0.9199,17,99.0,piece_count,4,midgame,False,0.0,0.0,False
41,32,0,"[[5, 0], [4, 1]]","[4, 1]",199,27.5874,0.9223,17,105.0,piece_count,4,midgame,False,0.0,0.0,False
41,33,1,"[[5, 4], [6, 3]]","[6, 3]",176,29.3148,0.9509,17,105.0,piece_count,4,midgame,False,0.0,0.0,True
41,34,0,"[[7, 6], [6, 5]]","[6, 5]",138,20.2849,0.9326,17,105.0,piece_count,4,midgame,False,0.0,0.0,False
41,35,1,"[[6, 3], [7, 2]]","[7, 2]",142,33.119,0.9604,17,105.0,piece_count,4,midgame,True,0.0,0.0,True
41,36,0,"[[6, 5], [5, 4]]","[5, 4]",136,32.1736,0.9336,17,105.0,piece_count,4,midgame,False,0.0,0.0,False
41,37,1,"[[1, 6], [2, 7]]","[2, 7]",160,37.1857,0.9554,17,105.0,piece_count,4,midgame,False,0.0,0.0,False
41,38,0,"[[5, 2], [4, 3]]","[4, 3]",60,7.5698,0.9707,17,127.0,piece_count,4,midgame,False,0.0,0.0,False
41,39,1,"[[3, 0], [5, 2]]","[5, 2]",14,1.6246,0.9863,17,127.0,piece_count,4,midgame,False,0.0,0.0,False
41,40,0,"[[4, 3], [3, 2]]","[3, 2]",19,2.1415,0.9814,17,145.0,piece_count,4,midgame,True,0,0.0,False
41,41,1,"[[2, 3], [4, 1]]","[4, 1]",20,4.2727,0.9609,17,145.0,piece_count,4,midgame,False,0.0,0.0,False
41,42,0,"[[5, 4], [4, 5]]","[4, 5]",80,16.4278,0.9219,17,205.0,piece_count,4,midgame,False,0.0,0.0,False
41,43,1,"[[3, 6], [5, 4]]","[5, 4]",6,1.0679,0.9941,17,205.0,piece_count,4,midgame,False,0.0,0.0,False
41,44,0,"[[4, 7], [3, 6]]","[3, 6]",4,0.6373,0.9922,17,310.0,piece_count,4,midgame,False,0.0,0.0,False
41,45,1,"[[2, 5], [4, 7]]","[4, 7]",3,0.447,0.9971,17,310.0,piece_count,4,midgame,True,132.0,132.0,True
42,0,0,"[[6, 1], [5, 0]]","[5, 0]",194,50.6146,0.9459,0,0,piece_count,4,opening,False,0,0.0,False
42,1,1,"[[1, 0], [2, 1]]","[2, 1]",209,44.7841,0.9417,0,0,piece_count,4,opening,False,0.0,0.0,True
42,2,0,"[[5, 0], [4, 1]]","[4, 1]",225,69.3481,0.9451,0,1.0,piece_count,4,opening,False,0.0,0.0,False
42,3,1,"[[0, 1], [1, 0]]","[1, 0]",228,57.3454,0.9443,0,1.0,piece_count,4,opening,False,0.0,0.0,True
42,4,0,"[[4, 1], [3, 0]]","[3, 0]",222,66.5727,0.9518,0,1.0,piece_count,4,opening,False,0.0,0.0,False
42,5,1,"[[1, 4], [2, 3]]","[2, 3]",145,27.4239,0.9528,0,1.0,piece_count,4,opening,False,0.0,0.0,True
42,6,0,"[[6, 3], [5, 2]]","[5, 2]",185,46.946,0.9484,0,1.0,piece_count,4,opening,False,0.0,0.0,False
42,7,1,"[[0, 3], [1, 4]]","[1, 4]",195,35.7409,0.9456,0,1.0,piece_count,4,opening,False,0.0,0.0,True
42,8,0,"[[5, 2], [4, 3]]","[4, 3]",290,75.7744,0.9371,0,1.0,piece_count,4,opening,False,0.0,0.0,False
42,9,1,"[[1, 4], [2, 5]]","[2, 5]",229,61.5957,0.9255,0,1.0,piece_count,4,opening,False,0.0,0.0,True
42,10,0,"[[7, 0], [6, 1]]","[6, 1]",430,102.4327,0.9067,0,1.0,piece_count,4,opening,True,0,0.0,False
42,11,1,"[[0, 5], [1, 4]]","[1, 4]",259,44.5676,0.9277,0,1.0,piece_count,4,opening,False,0.0,0.0,True
42,12,0,"[[6, 1], [5, 2]]","[5, 2]",293,60.0858,0.9364,0,1.0,piece_count,4,opening,False,0.0,0.0,False
42,13,1,"[[1, 6], [2, 7]]","[2, 7]",170,42.4767,0.9447,0,1.0,piece_count,4,opening,False,0.0,0.0,True
42,14,0,"[[4, 3], [3, 2]]","[3, 2]",177,44.4911,0.9616,0,31.0,piece_count,4,opening,False,0.0,0.0,False
42,15,1,"[[2, 1], [4, 3], [6, 1]]","[6, 1]",40,6.4294,0.9609,0,31.0,piece_count,4,opening,True,60.0,0.0,True
42,16,0,"[[7, 2], [5, 0]]","[5, 0]",53,7.7465,0.8965,0,91.0,piece_count,4,opening,False,0.0,0.0,False
42,17,1,"[[0, 7], [1, 6]]","[1, 6]",111,16.6216,0.9729,17,91.0,piece_count,4,opening,False,0.0,0.0,False
42,18,0,"[[3, 0], [2, 1]]","[2, 1]",100,24.9639,0.9674,17,91.0,piece_count,4,opening,False,0.0,0.0,False
42,19,1,"[[1, 0], [3, 2]]","[3, 2]",75,17.3085,0.9268,17,91.0,piece_count,4,opening,False,0.0,0.0,True
42,20,0,"[[6, 5], [5, 4]]","[5, 4]",154,24.2436,0.9398,17,99.0,piece_count,4,midgame,True,0,0.0,False
42,21,1,"[[1, 2], [2, 1]]","[2, 1]",202,40.5815,0.9436,17,99.0,piece_count,4,midgame,False,0.0,0.0,True
42,22,0,"[[6, 7], [5, 6]]","[5, 6]",234,48.4922,0.9347,17,99.0,piece_count,4,midgame,False,0.0,0.0,False
42,23,1,"[[2, 1], [3, 0]]","[3, 0]",286,55.9001,0.9202,17,99.0,piece_count,4,midgame,False,0.0,0.0,True
42,24,0,"[[5, 6], [4, 7]]","[4, 7]",273,65.068,0.9408,17,99.0,piece_count,4,midgame,False,0.0,0.0,False
42,25,1,"[[2, 3], [3, 4]]","[3, 4]",169,28.7764,0.9528,17,99.0,piece_count,4,midgame,True,0.0,0.0,True
42,26,0,"[[7, 4], [6, 3]]","[6, 3]",246,47.8203,0.9399,17,99.0,piece_count,4,midgame,False,0.0,0.0,False
42,27,1,"[[1, 4], [2, 3]]","[2, 3]",245,60.0183,0.9402,17,99.0,piece_count,4,midgame,False,0.0,0.0,True
42,28,0,"[[6, 3], [5, 2]]","[5, 2]",185,43.9937,0.9484,17,99.0,piece_count,4,midgame,False,0.0,0.0,False
42,29,1,"[[2, 7], [3, 6]]","[3, 6]",153,36.5398,0.9573,17,99.0,piece_count,4,midgame,False,0.0,0.0,True
42,30,0,"[[5, 4], [4, 3]]","[4, 3]",194,31.9057,0.9459,17,99.0,piece_count,4,midgame,True,0,0.0,False
42,31,1,"[[3, 2], [5, 4]]","[5, 4]",41,9.7182,0.9199,17,99.0,piece_count,4,midgame,False,0.0,0.0,False
42,32,0,"[[5, 0], [4, 1]]","[4, 1]",199,47.4639,0.9223,17,105.0,piece_count,4,midgame,False,0.0,0.0,False
42,33,1,"[[5, 4], [6, 3]]","[6, 3]",176,29.6512,0.9509,17,105.0,piece_count,4,midgame,False,0.0,0.0,True
42,34,0,"[[7, 6], [6, 5]]","[6, 5]",138,23.1204,0.9326,17,105.0,piece_count,4,midgame,False,0.0,0.0,False
42,35,1,"[[6, 3], [7, 2]]","[7, 2]",142,29.69,0.9604,17,105.0,piece_count,4,midgame,True,0.0,0.0,True
42,36,0,"[[6, 5], [5, 4]]","[5, 4]",136,17.6868,0.9336,17,105.0,piece_count,4,midgame,False,0.0,0.0,False
42,37,1,"[[1, 6], [2, 7]]","[2, 7]",160,20.7951,0.9554,17,105.0,piece_count,4,midgame,False,0.0,0.0,False
42,38,0,"[[5, 2], [4, 3]]","[4, 3]",60,13.3846,0.9707,17,127.0,piece_count,4,midgame,False,0.0,0.0,False
42,39,1,"[[3, 0], [5, 2]]","[5, 2]",14,3.3154,0.9863,17,127.0,piece_count,4,midgame,False,0.0,0.0,False
42,40,0,"[[4, 3], [3, 2]]","[3, 2]",19,2.1791,0.9814,17,145.0,piece_count,4,midgame,True,0,0.0,False
42,41,1,"[[2, 3], [4, 1]]","[4, 1]",20,2.3329,0.9609,17,145.0,piece_count,4,midgame,False,0.0,0.0,False
42,42,0,"[[5, 4], [4, 5]]","[4, 5]",80,17.1795,0.9219,17,205.0,piece_count,4,midgame,False,0.0,0.0,False
42,43,1,"[[3, 6], [5, 4]]","[5, 4]",6,1.0657,0.9941,17,205.0,piece_count,4,midgame,False,0.0,0.0,False
42,44,0,"[[4, 7], [3, 6]]","[3, 6]",4,0.6371,0.9922,17,310.0,piece_count,4,midgame,False,0.0,0.0,False
42,45,1,"[[2, 5], [4, 7]]","[4, 7]",3,0.4466,0.9971,17,310.0,piece_count,4,midgame,True,132.0,132.0,True
43,0,0,"[[6, 1], [5, 0]]","[5, 0]",194,59.17,0.9459,0,0,piece_count,4,opening,False,0,0.0,False
43,1,1,"[[1, 0], [2, 1]]","[2, 1]",209,66.1612,0.9417,0,0,piece_count,4,opening,False,0.0,0.0,True
43,2,0,"[[5, 0], [4, 1]]","[4, 1]",225,58.5122,0.9451,0,1.0,piece_count,4,opening,False,0.0,0.0,False
43,3,1,"[[0, 1], [1, 0]]","[1, 0]",228,69.9096,0.9443,0,1.0,piece_count,4,opening,False,0.0,0.0,True
43,4,0,"[[4, 1], [3, 0]]","[3, 0]",222,55.8805,0.9518,0,1.0,piece_count,4,opening,False,0.0,0.0,False
43,5,1,"[[1, 4], [2, 3]]","[2, 3]",145,25.3048,0.9528,0,1.0,piece_count,4,opening,False,0.0,0.0,True
43,6,0,"[[6, 3], [5, 2]]","[5, 2]",185,44.59,0.9484,0,1.0,piece_count,4,opening,False,0.0,0.0,False
43,7,1,"[[0, 3], [1, 4]]","[1, 4]",195,48.9542,0.9456,0,1.0,piece_count,4,opening,False,0.0,0.0,True
43,8,0,"[[5, 2], [4, 3]]","[4, 3]",290,90.2748,0.9371,0,1.0,piece_count,4,opening,False,0.0,0.0,False
43,9,1,"[[1, 4], [2, 5]]","[2, 5]",229,68.6498,0.9255,0,1.0,piece_count,4,opening,False,0.0,0.0,True
43,10,0,"[[7, 0], [6, 1]]","[6, 1]",430,133.0371,0.9067,0,1.0,piece_count,4,opening,True,0,0.0,False
43,11,1,"[[0, 5], [1, 4]]","[1, 4]",259,77.2796,0.9277,0,1.0,piece_count,4,opening,False,0.0,0.0,True
43,12,0,"[[6, 1], [5, 2]]","[5, 2]",293,86.1897,0.9364,0,1.0,piece_count,4,opening,False,0.0,0.0,False
43,13,1,"[[1, 6], [2, 7]]","[2, 7]",170,51.8827,0.9447,0,1.0,piece_count,4,opening,False,0.0,0.0,True
43,14,0,"[[4, 3], [3, 2]]","[3, 2]",177,41.5201,0.9616,0,31.0,piece_count,4,opening,False,0.0,0.0,False
43,15,1,"[[2, 1], [4, 3], [6, 1]]","[6, 1]",40,11.2882,0.9609,0,31.0,piece_count,4,opening,True,60.0,0.0,True
43,16,0,"[[7, 2], [5, 0]]","[5, 0]",53,9.5031,0.8965,0,91.0,piece_count,4,opening,False,0.0,0.0,False
43,17,1,"[[0, 7], [1, 6]]","[1, 6]",111,17.2534,0.9729,17,91.0,piece_count,4,opening,False,0.0,0.0,False
43,18,0,"[[3, 0], [2, 1]]","[2, 1]",100,20.3207,0.9674,17,91.0,piece_count,4,opening,False,0.0,0.0,False
43,19,1,"[[1, 0], [3, 2]]","[3, 2]",75,19.1441,0.9268,17,91.0,piece_count,4,opening,False,0.0,0.0,True
43,20,0,"[[6, 5], [5, 4]]","[5, 4]",154,27.2164,0.9398,17,99.0,piece_count,4,midgame,True,0,0.0,False
43,21,1,"[[1, 2], [2, 1]]","[2, 1]",202,43.6444,0.9436,17,99.0,piece_count,4,midgame,False,0.0,0.0,True
43,22,0,"[[6, 7], [5, 6]]","[5, 6]",234,49.6926,0.9347,17,99.0,piece_count,4,midgame,False,0.0,0.0,False
43,23,1,"[[2, 1], [3, 0]]","[3, 0]",286,70.4789,0.9202,17,99.0,piece_count,4,midgame,False,0.0,0.0,True
43,24,0,"[[5, 6], [4, 7]]","[4, 7]",273,60.1394,0.9408,17,99.0,piece_count,4,midgame,False,0.0,0.0,False
43,25,1,"[[2, 3], [3, 4]]","[3, 4]",169,42.0995,0.9528,17,99.0,piece_count,4,midgame,True,0.0,0.0,True
43,26,0,"[[7, 4], [6, 3]]","[6, 3]",246,71.9306,0.9399,17,99.0,piece_count,4,midgame,False,0.0,0.0,False
43,27,1,"[[1, 4], [2, 3]]","[2, 3]",245,42.9745,0.9402,17,99.0,piece_count,4,midgame,False,0.0,0.0,True
43,28,0,"[[6, 3], [5, 2]]","[5, 2]",185,27.2794,0.9484,17,99.0,piece_count,4,midgame,False,0.0,0.0,False
43,29,1,"[[2, 7], [3, 6]]","[3, 6]",153,21.2297,0.9573,17,99.0,piece_count,4,midgame,False,0.0,0.0,True
43,30,0,"[[5, 4], [4, 3]]","[4, 3]",194,34.0776,0.9459,17,99.0,piece_count,4,midgame,True,0,0.0,False
43,31,1,"[[3, 2], [5, 4]]","[5, 4]",41,9.6991,0.9199,17,99.0,piece_count,4,midgame,False,0.0,0.0,False
43,32,0,"[[5, 0], [4, 1]]","[4, 1]",199,28.631,0.9223,17,105.0,piece_count,4,midgame,False,0.0,0.0,False
43,33,1,"[[5, 4], [6, 3]]","[6, 3]",176,38.5852,0.9509,17,105.0,piece_count,4,midgame,False,0.0,0.0,True
43,34,0,"[[7, 6], [6, 5]]","[6, 5]",138,32.5358,0.9326,17,105.0,piece_count,4,midgame,False,0.0,0.0,False
43,35,1,"[[6, 3], [7, 2]]","[7, 2]",142,33.8941,0.9604,17,105.0,piece_count,4,midgame,True,0.0,0.0,True
43,36,0,"[[6, 5], [5, 4]]","[5, 4]",136,27.4925,0.9336,17,105.0,piece_count,4,midgame,False,0.0,0.0,False
43,37,1,"[[1, 6], [2, 7]]","[2, 7]",160,28.3036,0.9554,17,105.0,piece_count,4,midgame,False,0.0,0.0,False
43,38,0,"[[5, 2], [4, 3]]","[4, 3]",60,7.5743,0.9707,17,127.0,piece_count,4,midgame,False,0.0,0.0,False
43,39,1,"[[3, 0], [5, 2]]","[5, 2]",14,1.6196,0.9863,17,127.0,piece_count,4,midgame,False,0.0,0.0,False
43,40,0,"[[4, 3], [3, 2]]","[3, 2]",19,2.1544,0.9814,17,145.0,piece_count,4,midgame,True,0,0.0,False
43,41,1,"[[2, 3], [4, 1]]","[4, 1]",20,2.3141,0.9609,17,145.0,piece_count,4,midgame,False,0.0,0.0,False
43,42,0,"[[5, 4], [4, 5]]","[4, 5]",80,14.4827,0.9219,17,205.0,piece_count,4,midgame,False,0.0,0.0,False
43,43,1,"[[3, 6], [5, 4]]","[5, 4]",6,1.0607,0.9941,17,205.0,piece_count,4,midgame,False,0.0,0.0,False
43,44,0,"[[4, 7], [3, 6]]","[3, 6]",4,0.6347,0.9922,17,310.0,piece_count,4,midgame,False,0.0,0.0,False
43,45,1,"[[2, 5], [4, 7]]","[4, 7]",3,0.4447,0.9971,17,310.0,piece_count,4,midgame,True,132.0,132.0,True
44,0,0,"[[6, 1], [5, 0]]","[5, 0]",194,59.6163,0.9459,0,0,piece_count,4,opening,False,0,0.0,False
44,1,1,"[[1, 0], [2, 1]]","[2, 1]",209,57.95,0.9417,0,0,piece_count,4,opening,False,0.0,0.0,True
44,2,0,"[[5, 0], [4, 1]]","[4, 1]",225,58.8133,0.9451,0,1.0,piece_count,4,opening,False,0.0,0.0,False
44,3,1,"[[0, 1], [1, 0]]","[1, 0]",228,60.3063,0.9443,0,1.0,piece_count,4,opening,False,0.0,0.0,True
44,4,0,"[[4, 1], [3, 0]]","[3, 0]",222,71.0909,0.9518,0,1.0,piece_count,4,opening,False,0.0,0.0,False
44,5,1,"[[1, 4], [2, 3]]","[2, 3]",145,39.4235,0.9528,0,1.0,piece_count,4,opening,False,0.0,0.0,True
44,6,0,"[[6, 3], [5, 2]]","[5, 2]",185,58.2387,0.9484,0,1.0,piece_count,4,opening,False,0.0,0.0,False
44,7,1,"[[0, 3], [1, 4]]","[1, 4]",195,48.9128,0.9456,0,1.0,piece_count,4,opening,False,0.0,0.0,True
44,8,0,"[[5, 2], [4, 3]]","[4, 3]",290,78.9313,0.9371,0,1.0,piece_count,4,opening,False,0.0,0.0,False
44,9,1,"[[1, 4], [2, 5]]","[2, 5]",229,67.2882,0.9255,0,1.0,piece_count,4,opening,False,0.0,0.0,True
44,10,0,"[[7, 0], [6, 1]]","[6, 1]",430,116.5645,0.9067,0,1.0,piece_count,4,opening,True,0,0.0,False
44,11,1,"[[0, 5], [1, 4]]","[1, 4]",259,54.4107,0.9277,0,1.0,piece_count,4,opening,False,0.0,0.0,True
44,12,0,"[[6, 1], [5, 2]]","[5, 2]",293,63.3223,0.9364,0,1.0,piece_count,4,opening,False,0.0,0.0,False
44,13,1,"[[1, 6], [2, 7]]","[2, 7]",170,52.1958,0.9447,0,1.0,piece_count,4,opening,False,0.0,0.0,True
44,14,0,"[[4, 3], [3, 2]]","[3, 2]",177,52.057,0.9616,0,31.0,piece_count,4,opening,False,0.0,0.0,False
44,15,1,"[[2, 1], [4, 3], [6, 1]]","[6, 1]",40,10.3083,0.9609,0,31.0,piece_count,4,opening,True,60.0,0.0,True
44,16,0,"[[7, 2], [5, 0]]","[5, 0]",53,7.75,0.8965,0,91.0,piece_count,4,opening,False,0.0,0.0,False
44,17,1,"[[0, 7], [1, 6]]","[1, 6]",111,25.1172,0.9729,17,91.0,piece_count,4,opening,False,0.0,0.0,False
44,18,0,"[[3, 0], [2, 1]]","[2, 1]",100,25.8157,0.9674,17,91.0,piece_count,4,opening,False,0.0,0.0,False
44,19,1,"[[1, 0], [3, 2]]","[3, 2]",75,10.5326,0.9268,17,91.0,piece_count,4,opening,False,0.0,0.0,True
44,20,0,"[[6, 5], [5, 4]]","[5, 4]",154,29.2079,0.9398,17,99.0,piece_count,4,midgame,True,0,0.0,False
44,21,1,"[[1, 2], [2, 1]]","[2, 1]",202,47.9388,0.9436,17,99.0,piece_count,4,midgame,False,0.0,0.0,True
44,22,0,"[[6, 7], [5, 6]]","[5, 6]",234,64.9085,0.9347,17,99.0,piece_count,4,midgame,False,0.0,0.0,False
44,23,1,"[[2, 1], [3, 0]]","[3, 0]",286,60.8799,0.9202,17,99.0,piece_count,4,midgame,False,0.0,0.0,True
44,24,0,"[[5, 6], [4, 7]]","[4, 7]",273,62.0365,0.9408,17,99.0,piece_count,4,midgame,False,0.0,0.0,False
44,25,1,"[[2, 3], [3, 4]]","[3, 4]",169,30.9212,0.9528,17,99.0,piece_count,4,midgame,True,0.0,0.0,True
44,26,0,"[[7, 4], [6, 3]]","[6, 3]",246,46.4239,0.9399,17,99.0,piece_count,4,midgame,False,0.0,0.0,False
44,27,1,"[[1, 4], [2, 3]]","[2, 3]",245,47.3626,0.9402,17,99.0,piece_count,4,midgame,False,0.0,0.0,True
44,28,0,"[[6, 3], [5, 2]]","[5, 2]",185,37.046,0.9484,17,99.0,piece_count,4,midgame,False,0.0,0.0,False
44,29,1,"[[2, 7], [3, 6]]","[3, 6]",153,33.2232,0.9573,17,99.0,piece_count,4,midgame,False,0.0,0.0,True
44,30,0,"[[5, 4], [4, 3]]","[4, 3]",194,39.2315,0.9459,17,99.0,piece_count,4,midgame,True,0,0.0,False
44,31,1,"[[3, 2], [5, 4]]","[5, 4]",41,5.3997,0.9199,17,99.0,piece_count,4,midgame,False,0.0,0.0,False
44,32,0,"[[5, 0], [4, 1]]","[4, 1]",199,47.1694,0.9223,17,105.0,piece_count,4,midgame,False,0.0,0.0,False
44,33,1,"[[5, 4], [6, 3]]","[6, 3]",176,41.2557,0.9509,17,105.0,piece_count,4,midgame,False,0.0,0.0,True
44,34,0,"[[7, 6], [6, 5]]","[6, 5]",138,32.6962,0.9326,17,105.0,piece_count,4,midgame,False,0.0,0.0,False
44,35,1,"[[6, 3], [7, 2]]","[7, 2]",142,33.8066,0.9604,17,105.0,piece_count,4,midgame,True,0.0,0.0,True
44,36,0,"[[6, 5], [5, 4]]","[5, 4]",136,20.5255,0.9336,17,105.0,piece_count,4,midgame,False,0.0,0.0,False
44,37,1,"[[1, 6], [2, 7]]","[2, 7]",160,37.4281,0.9554,17,105.0,piece_count,4,midgame,False,0.0,0.0,False
44,38,0,"[[5, 2], [4, 3]]","[4, 3]",60,13.7422,0.9707,17,127.0,piece_count,4,midgame,False,0.0,0.0,False
44,39,1,"[[3, 0], [5, 2]]","[5, 2]",14,3.0177,0.9863,17,127.0,piece_count,4,midgame,False,0.0,0.0,False
44,40,0,"[[4, 3], [3, 2]]","[3, 2]",19,3.9306,0.9814,17,145.0,piece_count,4,midgame,True,0,0.0,False
44,41,1,"[[2, 3], [4, 1]]","[4, 1]",20,4.2481,0.9609,17,145.0,piece_count,4,midgame,False,0.0,0.0,False
44,42,0,"[[5, 4], [4, 5]]","[4, 5]",80,15.3646,0.9219,17,205.0,piece_count,4,midgame,False,0.0,0.0,False
44,43,1,"[[3, 6], [5, 4]]","[5, 4]",6,0.5727,0.9941,17,205.0,piece_count,4,midgame,False,0.0,0.0,False
44,44,0,"[[4, 7], [3, 6]]","[3, 6]",4,0.339,0.9922,17,310.0,piece_count,4,midgame,False,0.0,0.0,False
44,45,1,"[[2, 5], [4, 7]]","[4, 7]",3,0.2413,0.9971,17,310.0,piece_count,4,midgame,True,132.0,132.0,True
45,0,0,"[[6, 1], [5, 0]]","[5, 0]",194,59.0968,0.9459,0,0,piece_count,4,opening,False,0,0.0,False
45,1,1,"[[1, 0], [2, 1]]","[2, 1]",209,58.4686,0.9417,0,0,piece_count,4,opening,False,0.0,0.0,True
45,2,0,"[[5, 0], [4, 1]]","[4, 1]",225,58.79,0.9451,0,1.0,piece_count,4,opening,False,0.0,0.0,False
45,3,1,"[[0, 1], [1, 0]]","[1, 0]",228,66.0515,0.9443,0,1.0,piece_count,4,opening,False,0.0,0.0,True
45,4,0,"[[4, 1], [3, 0]]","[3, 0]",222,65.4676,0.9518,0,1.0,piece_count,4,opening,False,0.0,0.0,False
45,5,1,"[[1, 4], [2, 3]]","[2, 3]",145,44.0979,0.9528,0,1.0,piece_count,4,opening,False,0.0,0.0,True
45,6,0,"[[6, 3], [5, 2]]","[5, 2]",185,58.6119,0.9484,0,1.0,piece_count,4,opening,False,0.0,0.0,False
45,7,1,"[[0, 3], [1, 4]]","[1, 4]",195,60.3421,0.9456,0,1.0,piece_count,4,opening,False,0.0,0.0,True
45,8,0,"[[5, 2], [4, 3]]","[4, 3]",290,79.392,0.9371,0,1.0,piece_count,4,opening,False,0.0,0.0,False
45,9,1,"[[1, 4], [2, 5]]","[2, 5]",229,57.8842,0.9255,0,1.0,piece_count,4,opening,False,0.0,0.0,True
45,10,0,"[[7, 0], [6, 1]]","[6, 1]",430,133.8391,0.9067,0,1.0,piece_count,4,opening,True,0,0.0,False
45,11,1,"[[0, 5], [1, 4]]","[1, 4]",259,63.8037,0.9277,0,1.0,piece_count,4,opening,False,0.0,0.0,True
45,12,0,"[[6, 1], [5, 2]]","[5, 2]",293,73.971,0.9364,0,1.0,piece_count,4,opening,False,0.0,0.0,False
45,13,1,"[[1, 6], [2, 7]]","[2, 7]",170,36.5479,0.9447,0,1.0,piece_count,4,opening,False,0.0,0.0,True
45,14,0,"[[4, 3], [3, 2]]","[3, 2]",177,49.7434,0.9616,0,31.0,piece_count,4,opening,False,0.0,0.0,False
45,15,1,"[[2, 1], [4, 3], [6, 1]]","[6, 1]",40,10.709,0.9609,0,31.0,piece_count,4,opening,True,60.0,0.0,True
45,16,0,"[[7, 2], [5, 0]]","[5, 0]",53,14.2717,0.8965,0,91.0,piece_count,4,opening,False,0.0,0.0,False
45,17,1,"[[0, 7], [1, 6]]","[1, 6]",111,19.1483,0.9729,17,91.0,piece_count,4,opening,False,0.0,0.0,False
45,18,0,"[[3, 0], [2, 1]]","[2, 1]",100,16.4881,0.9674,17,91.0,piece_count,4,opening,False,0.0,0.0,False
45,19,1,"[[1, 0], [3, 2]]","[3, 2]",75,11.194,0.9268,17,91.0,piece_count,4,opening,False,0.0,0.0,True
45,20,0,"[[6, 5], [5, 4]]","[5, 4]",154,27.9291,0.9398,17,99.0,piece_count,4,midgame,True,0,0.0,False
45,21,1,"[[1, 2], [2, 1]]","[2, 1]",202,39.402,0.9436,17,99.0,piece_count,4,midgame,False,0.0,0.0,True
45,22,0,"[[6, 7], [5, 6]]","[5, 6]",234,50.6966,0.9347,17,99.0,piece_count,4,midgame,False,0.0,0.0,False
45,23,1,"[[2, 1], [3, 0]]","[3, 0]",286,67.9219,0.9202,17,99.0,piece_count,4,midgame,False,0.0,0.0,True
45,24,0,"[[5, 6], [4, 7]]","[4, 7]",273,61.6591,0.9408,17,99.0,piece_count,4,midgame,False,0.0,0.0,False
45,25,1,"[[2, 3], [3, 4]]","[3, 4]",169,29.7072,0.9528,17,99.0,piece_count,4,midgame,True,0.0,0.0,True
45,26,0,"[[7, 4], [6, 3]]","[6, 3]",246,59.3476,0.9399,17,99.0,piece_count,4,midgame,False,0.0,0.0,False
45,27,1,"[[1, 4], [2, 3]]","[2, 3]",245,61.2502,0.9402,17,99.0,piece_count,4,midgame,False,0.0,0.0,True
45,28,0,"[[6, 3], [5, 2]]","[5, 2]",185,44.7071,0.9484,17,99.0,piece_count,4,midgame,False,0.0,0.0,False
45,29,1,"[[2, 7], [3, 6]]","[3, 6]",153,36.5584,0.9573,17,99.0,piece_count,4,midgame,False,0.0,0.0,True
45,30,0,"[[5, 4], [4, 3]]","[4, 3]",194,37.693,0.9459,17,99.0,piece_count,4,midgame,True,0,0.0,False
45,31,1,"[[3, 2], [5, 4]]","[5, 4]",41,6.3202,0.9199,17,99.0,piece_count,4,midgame,False,0.0,0.0,False
45,32,0,"[[5, 0], [4, 1]]","[4, 1]",199,37.7755,0.9223,17,105.0,piece_count,4,midgame,False,0.0,0.0,False
45,33,1,"[[5, 4], [6, 3]]","[6, 3]",176,28.5044,0.9509,17,105.0,piece_count,4,midgame,False,0.0,0.0,True
45,34,0,"[[7, 6], [6, 5]]","[6, 5]",138,28.6608,0.9326,17,105.0,piece_count,4,midgame,False,0.0,0.0,False
45,35,1,"[[6, 3], [7, 2]]","[7, 2]",142,26.5286,0.9604,17,105.0,piece_count,4,midgame,True,0.0,0.0,True
45,36,0,"[[6, 5], [5, 4]]","[5, 4]",136,31.9324,0.9336,17,105.0,piece_count,4,midgame,False,0.0,0.0,False
45,37,1,"[[1, 6], [2, 7]]","[2, 7]",160,34.6229,0.9554,17,105.0,piece_count,4,midgame,False,0.0,0.0,False
45,38,0,"[[5, 2], [4, 3]]","[4, 3]",60,8.5728,0.9707,17,127.0,piece_count,4,midgame,False,0.0,0.0,False
45,39,1,"[[3, 0], [5, 2]]","[5, 2]",14,2.949,0.9863,17,127.0,piece_count,4,midgame,False,0.0,0.0,False
45,40,0,"[[4, 3], [3, 2]]","[3, 2]",19,3.9356,0.9814,17,145.0,piece_count,4,midgame,True,0,0.0,False
45,41,1,"[[2, 3], [4, 1]]","[4, 1]",20,4.3323,0.9609,17,145.0,piece_count,4,midgame,False,0.0,0.0,False
45,42,0,"[[5, 4], [4, 5]]","[4, 5]",80,17.4077,0.9219,17,205.0,piece_count,4,midgame,False,0.0,0.0,False
45,43,1,"[[3, 6], [5, 4]]","[5, 4]",6,1.0588,0.9941,17,205.0,piece_count,4,midgame,False,0.0,0.0,False
45,44,0,"[[4, 7], [3, 6]]","[3, 6]",4,0.633,0.9922,17,310.0,piece_count,4,midgame,False,0.0,0.0,False
45,45,1,"[[2, 5], [4, 7]]","[4, 7]",3,0.4487,0.9971,17,310.0,piece_count,4,midgame,True,132.0,132.0,True
46,0,0,"[[6, 1], [5, 0]]","[5, 0]",194,51.4467,0.9459,0,0,piece_count,4,opening,False,0,0.0,False
46,1,1,"[[1, 0], [2, 1]]","[2, 1]",209,64.9347,0.9417,0,0,piece_count,4,opening,False,0.0,0.0,True
46,2,0,"[[5, 0], [4, 1]]","[4, 1]",225,71.5554,0.9451,0,1.0,piece_count,4,opening,False,0.0,0.0,False
46,3,1,"[[0, 1], [1, 0]]","[1, 0]",228,64.162,0.9443,0,1.0,piece_count,4,opening,False,0.0,0.0,True
46,4,0,"[[4, 1], [3, 0]]","[3, 0]",222,54.2531,0.9518,0,1.0,piece_count,4,opening,False,0.0,0.0,False
46,5,1,"[[1, 4], [2, 3]]","[2, 3]",145,38.0478,0.9528,0,1.0,piece_count,4,opening,False,0.0,0.0,True
46,6,0,"[[6, 3], [5, 2]]","[5, 2]",185,45.4817,0.9484,0,1.0,piece_count,4,opening,False,0.0,0.0,False
46,7,1,"[[0, 3], [1, 4]]","[1, 4]",195,49.13,0.9456,0,1.0,piece_count,4,opening,False,0.0,0.0,True
46,8,0,"[[5, 2], [4, 3]]","[4, 3]",290,78.0966,0.9371,0,1.0,piece_count,4,opening,False,0.0,0.0,False
46,9,1,"[[1, 4], [2, 5]]","[2, 5]",229,59.9794,0.9255,0,1.0,piece_count,4,opening,False,0.0,0.0,True
46,10,0,"[[7, 0], [6, 1]]","[6, 1]",430,123.3847,0.9067,0,1.0,piece_count,4,opening,True,0,0.0,False
46,11,1,"[[0, 5], [1, 4]]","[1, 4]",259,55.1372,0.9277,0,1.0,piece_count,4,opening,False,0.0,0.0,True
46,12,0,"[[6, 1], [5, 2]]","[5, 2]",293,89.3574,0.9364,0,1.0,piece_count,4,opening,False,0.0,0.0,False
46,13,1,"[[1, 6], [2, 7]]","[2, 7]",170,41.2495,0.9447,0,1.0,piece_count,4,opening,False,0.0,0.0,True
46,14,0,"[[4, 3], [3, 2]]","[3, 2]",177,52.7101,0.9616,0,31.0,piece_count,4,opening,False,0.0,0.0,False
46,15,1,"[[2, 1], [4, 3], [6, 1]]","[6, 1]",40,10.7675,0.9609,0,31.0,piece_count,4,opening,True,60.0,0.0,True
46,16,0,"[[7, 2], [5, 0]]","[5, 0]",53,12.5721,0.8965,0,91.0,piece_count,4,opening,False,0.0,0.0,False
46,17,1,"[[0, 7], [1, 6]]","[1, 6]",111,28.8787,0.9729,17,91.0,piece_count,4,opening,False,0.0,0.0,False
46,18,0,"[[3, 0], [2, 1]]","[2, 1]",100,22.2659,0.9674,17,91.0,piece_count,4,opening,False,0.0,0.0,False
46,19,1,"[[1, 0], [3, 2]]","[3, 2]",75,11.014,0.9268,17,91.0,piece_count,4,opening,False,0.0,0.0,True
46,20,0,"[[6, 5], [5, 4]]","[5, 4]",154,22.9712,0.9398,17,99.0,piece_count,4,midgame,True,0,0.0,False
46,21,1,"[[1, 2], [2, 1]]","[2, 1]",202,47.5147,0.9436,17,99.0,piece_count,4,midgame,False,0.0,0.0,True
46,22,0,"[[6, 7], [5, 6]]","[5, 6]",234,59.1908,0.9347,17,99.0,piece_count,4,midgame,False,0.0,0.0,False
46,23,1,"[[2, 1], [3, 0]]","[3, 0]",286,60.3817,0.9202,17,99.0,piece_count,4,midgame,False,0.0,0.0,True
46,24,0,"[[5, 6], [4, 7]]","[4, 7]",273,57.0648,0.9408,17,99.0,piece_count,4,midgame,False,0.0,0.0,False
46,25,1,"[[2, 3], [3, 4]]","[3, 4]",169,59.5131,0.9528,17,99.0,piece_count,4,midgame,True,0.0,0.0,True
46,26,0,"[[7, 4], [6, 3]]","[6, 3]",246,62.8233,0.9399,17,99.0,piece_count,4,midgame,False,0.0,0.0,False
46,27,1,"[[1, 4], [2, 3]]","[2, 3]",245,59.66,0.9402,17,99.0,piece_count,4,midgame,False,0.0,0.0,True
46,28,0,"[[6, 3], [5, 2]]","[5, 2]",185,40.5102,0.9484,17,99.0,piece_count,4,midgame,False,0.0,0.0,False
46,29,1,"[[2, 7], [3, 6]]","[3, 6]",153,43.8919,0.9573,17,99.0,piece_count,4,midgame,False,0.0,0.0,True
46,30,0,"[[5, 4], [4, 3]]","[4, 3]",194,41.2652,0.9459,17,99.0,piece_count,4,midgame,True,0,0.0,False
46,31,1,"[[3, 2], [5, 4]]","[5, 4]",41,9.7272,0.9199,17,99.0,piece_count,4,midgame,False,0.0,0.0,False
46,32,0,"[[5, 0], [4, 1]]","[4, 1]",199,50.6167,0.9223,17,105.0,piece_count,4,midgame,False,0.0,0.0,False
46,33,1,"[[5, 4], [6, 3]]","[6, 3]",176,33.6268,0.9509,17,105.0,piece_count,4,midgame,False,0.0,0.0,True
46,34,0,"[[7, 6], [6, 5]]","[6, 5]",138,32.9566,0.9326,17,105.0,piece_count,4,midgame,False,0.0,0.0,False
46,35,1,"[[6, 3], [7, 2]]","[7, 2]",142,39.4313,0.9604,17,105.0,piece_count,4,midgame,True,0.0,0.0,True
46,36,0,"[[6, 5], [5, 4]]","[5, 4]",136,31.6372,0.9336,17,105.0,piece_count,4,midgame,False,0.0,0.0,False
46,37,1,"[[1, 6], [2, 7]]","[2, 7]",160,22.6541,0.9554,17,105.0,piece_count,4,midgame,False,0.0,0.0,False
46,38,0,"[[5, 2], [4, 3]]","[4, 3]",60,9.4509,0.9707,17,127.0,piece_count,4,midgame,False,0.0,0.0,False
46,39,1,"[[3, 0], [5, 2]]","[5, 2]",14,1.6518,0.9863,17,127.0,piece_count,4,midgame,False,0.0,0.0,False
46,40,0,"[[4, 3], [3, 2]]","[3, 2]",19,2.8729,0.9814,17,145.0,piece_count,4,midgame,True,0,0.0,False
46,41,1,"[[2, 3], [4, 1]]","[4, 1]",20,2.3355,0.9609,17,145.0,piece_count,4,midgame,False,0.0,0.0,False
46,42,0,"[[5, 4], [4, 5]]","[4, 5]",80,14.9577,0.9219,17,205.0,piece_count,4,midgame,False,0.0,0.0,False
46,43,1,"[[3, 6], [5, 4]]","[5, 4]",6,1.0617,0.9941,17,205.0,piece_count,4,midgame,False,0.0,0.0,False
46,44,0,"[[4, 7], [3, 6]]","[3, 6]",4,1.0664,0.9922,17,310.0,piece_count,4,midgame,False,0.0,0.0,False
46,45,1,"[[2, 5], [4, 7]]","[4, 7]",3,0.4697,0.9971,17,310.0,piece_count,4,midgame,True,132.0,132.0,True
47,0,0,"[[6, 1], [5, 0]]","[5, 0]",194,47.137,0.9459,0,0,piece_count,4,opening,False,0,0.0,False
47,1,1,"[[1, 0], [2, 1]]","[2, 1]",209,46.3083,0.9417,0,0,piece_count,4,opening,False,0.0,0.0,True
47,2,0,"[[5, 0], [4, 1]]","[4, 1]",225,52.7923,0.9451,0,1.0,piece_count,4,opening,False,0.0,0.0,False
47,3,1,"[[0, 1], [1, 0]]","[1, 0]",228,53.7832,0.9443,0,1.0,piece_count,4,opening,False,0.0,0.0,True
47,4,0,"[[4, 1], [3, 0]]","[3, 0]",222,69.6783,0.9518,0,1.0,piece_count,4,opening,False,0.0,0.0,False
47,5,1,"[[1, 4], [2, 3]]","[2, 3]",145,45.6841,0.9528,0,1.0,piece_count,4,opening,False,0.0,0.0,True
47,6,0,"[[6, 3], [5, 2]]","[5, 2]",185,45.7137,0.9484,0,1.0,piece_count,4,opening,False,0.0,0.0,False
47,7,1,"[[0, 3], [1, 4]]","[1, 4]",195,60.9405,0.9456,0,1.0,piece_count,4,opening,False,0.0,0.0,True
47,8,0,"[[5, 2], [4, 3]]","[4, 3]",290,81.0921,0.9371,0,1.0,piece_count,4,opening,False,0.0,0.0,False
47,9,1,"[[1, 4], [2, 5]]","[2, 5]",229,69.3972,0.9255,0,1.0,piece_count,4,opening,False,0.0,0.0,True
47,10,0,"[[7, 0], [6, 1]]","[6, 1]",430,125.0858,0.9067,0,1.0,piece_count,4,opening,True,0,0.0,False
47,11,1,"[[0, 5], [1, 4]]","[1, 4]",259,73.1833,0.9277,0,1.0,piece_count,4,opening,False,0.0,0.0,True
47,12,0,"[[6, 1], [5, 2]]","[5, 2]",293,87.3489,0.9364,0,1.0,piece_count,4,opening,False,0.0,0.0,False
47,13,1,"[[1, 6], [2, 7]]","[2, 7]",170,40.5502,0.9447,0,1.0,piece_count,4,opening,False,0.0,0.0,True
47,14,0,"[[4, 3], [3, 2]]","[3, 2]",177,36.1407,0.9616,0,31.0,piece_count,4,opening,False,0.0,0.0,False
47,15,1,"[[2, 1], [4, 3], [6, 1]]","[6, 1]",40,5.8997,0.9609,0,31.0,piece_count,4,opening,True,60.0,0.0,True
47,16,0,"[[7, 2], [5, 0]]","[5, 0]",53,11.8625,0.8965,0,91.0,piece_count,4,opening,False,0.0,0.0,False
47,17,1,"[[0, 7], [1, 6]]","[1, 6]",111,21.1737,0.9729,17,91.0,piece_count,4,opening,False,0.0,0.0,False
47,18,0,"[[3, 0], [2, 1]]","[2, 1]",100,15.7514,0.9674,17,91.0,piece_count,4,opening,False,0.0,0.0,False
47,19,1,"[[1, 0], [3, 2]]","[3, 2]",75,19.2153,0.9268,17,91.0,piece_count,4,opening,False,0.0,0.0,True
47,20,0,"[[6, 5], [5, 4]]","[5, 4]",154,34.3223,0.9398,17,99.0,piece_count,4,midgame,True,0,0.0,False
47,21,1,"[[1, 2], [2, 1]]","[2, 1]",202,34.0769,0.9436,17,99.0,piece_count,4,midgame,False,0.0,0.0,True
47,22,0,"[[6, 7], [5, 6]]","[5, 6]",234,47.0309,0.9347,17,99.0,piece_count,4,midgame,False,0.0,0.0,False
47,23,1,"[[2, 1], [3, 0]]","[3, 0]",286,62.5265,0.9202,17,99.0,piece_count,4,midgame,False,0.0,0.0,True
47,24,0,"[[5, 6], [4, 7]]","[4, 7]",273,62.9666,0.9408,17,99.0,piece_count,4,midgame,False,0.0,0.0,False
47,25,1,"[[2, 3], [3, 4]]","[3, 4]",169,23.1349,0.9528,17,99.0,piece_count,4,midgame,True,0.0,0.0,True
47,26,0,"[[7, 4], [6, 3]]","[6, 3]",246,55.059,0.9399,17,99.0,piece_count,4,midgame,False,0.0,0.0,False
47,27,1,"[[1, 4], [2, 3]]","[2, 3]",245,60.6048,0.9402,17,99.0,piece_count,4,midgame,False,0.0,0.0,True
47,28,0,"[[6, 3], [5, 2]]","[5, 2]",185,41.3392,0.9484,17,99.0,piece_count,4,midgame,False,0.0,0.0,False
47,29,1,"[[2, 7], [3, 6]]","[3, 6]",153,29.0139,0.9573,17,99.0,piece_count,4,midgame,False,0.0,0.0,True
47,30,0,"[[5, 4], [4, 3]]","[4, 3]",194,37.149,0.9459,17,99.0,piece_count,4,midgame,True,0,0.0,False
47,31,1,"[[3, 2], [5, 4]]","[5, 4]",41,9.7432,0.9199,17,99.0,piece_count,4,midgame,False,0.0,0.0,False
47,32,0,"[[5, 0], [4, 1]]","[4, 1]",199,45.403,0.9223,17,105.0,piece_count,4,midgame,False,0.0,0.0,False
47,33,1,"[[5, 4], [6, 3]]","[6, 3]",176,39.3472,0.9509,17,105.0,piece_count,4,midgame,False,0.0,0.0,True
47,34,0,"[[7, 6], [6, 5]]","[6, 5]",138,31.4653,0.9326,17,105.0,piece_count,4,midgame,False,0.0,0.0,False
47,35,1,"[[6, 3], [7, 2]]","[7, 2]",142,34.05,0.9604,17,105.0,piece_count,4,midgame,True,0.0,0.0,True
47,36,0,"[[6, 5], [5, 4]]","[5, 4]",136,18.734,0.9336,17,105.0,piece_count,4,midgame,False,0.0,0.0,False
47,37,1,"[[1, 6], [2, 7]]","[2, 7]",160,20.5662,0.9554,17,105.0,piece_count,4,midgame,False,0.0,0.0,False
47,38,0,"[[5, 2], [4, 3]]","[4, 3]",60,7.5855,0.9707,17,127.0,piece_count,4,midgame,False,0.0,0.0,False
47,39,1,"[[3, 0], [5, 2]]","[5, 2]",14,1.8528,0.9863,17,127.0,piece_count,4,midgame,False,0.0,0.0,False
47,40,0,"[[4, 3], [3, 2]]","[3, 2]",19,2.1648,0.9814,17,145.0,piece_count,4,midgame,True,0,0.0,False
47,41,1,"[[2, 3], [4, 1]]","[4, 1]",20,2.3406,0.9609,17,145.0,piece_count,4,midgame,False,0.0,0.0,False
47,42,0,"[[5, 4], [4, 5]]","[4, 5]",80,9.9113,0.9219,17,205.0,piece_count,4,midgame,False,0.0,0.0,False
47,43,1,"[[3, 6], [5, 4]]","[5, 4]",6,0.592,0.9941,17,205.0,piece_count,4,midgame,False,0.0,0.0,False
47,44,0,"[[4, 7], [3, 6]]","[3, 6]",4,0.349,0.9922,17,310.0,piece_count,4,midgame,False,0.0,0.0,False
47,45,1,"[[2, 5], [4, 7]]","[4, 7]",3,0.2449,0.9971,17,310.0,piece_count,4,midgame,True,132.0,132.0,True
48,0,0,"[[6, 1], [5, 0]]","[5, 0]",194,40.5276,0.9459,0,0,piece_count,4,opening,False,0,0.0,False
48,1,1,"[[1, 0], [2, 1]]","[2, 1]",209,64.167,0.9417,0,0,piece_count,4,opening,False,0.0,0.0,True
48,2,0,"[[5, 0], [4, 1]]","[4, 1]",225,69.7351,0.9451,0,1.0,piece_count,4,opening,False,0.0,0.0,False
48,3,1,"[[0, 1], [1, 0]]","[1, 0]",228,61.2662,0.9443,0,1.0,piece_count,4,opening,False,0.0,0.0,True
48,4,0,"[[4, 1], [3, 0]]","[3, 0]",222,43.1418,0.9518,0,1.0,piece_count,4,opening,False,0.0,0.0,False
48,5,1,"[[1, 4], [2, 3]]","[2, 3]",145,40.0507,0.9528,0,1.0,piece_count,4,opening,False,0.0,0.0,True
48,6,0,"[[6, 3], [5, 2]]","[5, 2]",185,45.5024,0.9484,0,1.0,piece_count,4,opening,False,0.0,0.0,False
48,7,1,"[[0, 3], [1, 4]]","[1, 4]",195,55.3901,0.9456,0,1.0,piece_count,4,opening,False,0.0,0.0,True
48,8,0,"[[5, 2], [4, 3]]","[4, 3]",290,88.8679,0.9371,0,1.0,piece_count,4,opening,False,0.0,0.0,False
48,9,1,"[[1, 4], [2, 5]]","[2, 5]",229,68.2452,0.9255,0,1.0,piece_count,4,opening,False,0.0,0.0,True
48,10,0,"[[7, 0], [6, 1]]","[6, 1]",430,128.4108,0.9067,0,1.0,piece_count,4,opening,True,0,0.0,False
48,11,1,"[[0, 5], [1, 4]]","[1, 4]",259,74.9385,0.9277,0,1.0,piece_count,4,opening,False,0.0,0.0,True
48,12,0,"[[6, 1], [5, 2]]","[5, 2]",293,68.0788,0.9364,0,1.0,piece_count,4,opening,False,0.0,0.0,False
48,13,1,"[[1, 6], [2, 7]]","[2, 7]",170,39.8331,0.9447,0,1.0,piece_count,4,opening,False,0.0,0.0,True
48,14,0,"[[4, 3], [3, 2]]","[3, 2]",177,52.9907,0.9616,0,31.0,piece_count,4,opening,False,0.0,0.0,False
48,15,1,"[[2, 1], [4, 3], [6, 1]]","[6, 1]",40,9.8898,0.9609,0,31.0,piece_count,4,opening,True,60.0,0.0,True
48,16,0,"[[7, 2], [5, 0]]","[5, 0]",53,13.4339,0.8965,0,91.0,piece_count,4,opening,False,0.0,0.0,False
48,17,1,"[[0, 7], [1, 6]]","[1, 6]",111,26.7982,0.9729,17,91.0,piece_count,4,opening,False,0.0,0.0,False
48,18,0,"[[3, 0], [2, 1]]","[2, 1]",100,18.2168,0.9674,17,91.0,piece_count,4,opening,False,0.0,0.0,False
48,19,1,"[[1, 0], [3, 2]]","[3, 2]",75,18.451,0.9268,17,91.0,piece_count,4,opening,False,0.0,0.0,True
48,20,0,"[[6, 5], [5, 4]]","[5, 4]",154,37.9355,0.9398,17,99.0,piece_count,4,midgame,True,0,0.0,False
48,21,1,"[[1, 2], [2, 1]]","[2, 1]",202,40.5118,0.9436,17,99.0,piece_count,4,midgame,False,0.0,0.0,True
48,22,0,"[[6, 7], [5, 6]]","[5, 6]",234,58.3382,0.9347,17,99.0,piece_count,4,midgame,False,0.0,0.0,False
48,23,1,"[[2, 1], [3, 0]]","[3, 0]",286,71.3906,0.9202,17,99.0,piece_count,4,midgame,False,0.0,0.0,True
48,24,0,"[[5, 6], [4, 7]]","[4, 7]",273,71.5516,0.9408,17,99.0,piece_count,4,midgame,False,0.0,0.0,False
48,25,1,"[[2, 3], [3, 4]]","[3, 4]",169,43.4699,0.9528,17,99.0,piece_count,4,midgame,True,0.0,0.0,True
48,26,0,"[[7, 4], [6, 3]]","[6, 3]",246,60.1707,0.9399,17,99.0,piece_count,4,midgame,False,0.0,0.0,False
48,27,1,"[[1, 4], [2, 3]]","[2, 3]",245,59.1159,0.9402,17,99.0,piece_count,4,midgame,False,0.0,0.0,True
48,28,0,"[[6, 3], [5, 2]]","[5, 2]",185,57.2243,0.9484,17,99.0,piece_count,4,midgame,False,0.0,0.0,False
48,29,1,"[[2, 7], [3, 6]]","[3, 6]",153,20.7009,0.9573,17,99.0,piece_count,4,midgame,False,0.0,0.0,True
48,30,0,"[[5, 4], [4, 3]]","[4, 3]",194,45.1095,0.9459,17,99.0,piece_count,4,midgame,True,0,0.0,False
48,31,1,"[[3, 2], [5, 4]]","[5, 4]",41,9.006,0.9199,17,99.0,piece_count,4,midgame,False,0.0,0.0,False
48,32,0,"[[5, 0], [4, 1]]","[4, 1]",199,47.1303,0.9223,17,105.0,piece_count,4,midgame,False,0.0,0.0,False
48,33,1,"[[5, 4], [6, 3]]","[6, 3]",176,42.1333,0.9509,17,105.0,piece_count,4,midgame,False,0.0,0.0,True
48,34,0,"[[7, 6], [6, 5]]","[6, 5]",138,33.5033,0.9326,17,105.0,piece_count,4,midgame,False,0.0,0.0,False
48,35,1,"[[6, 3], [7, 2]]","[7, 2]",142,33.8268,0.9604,17,105.0,piece_count,4,midgame,True,0.0,0.0,True
48,36,0,"[[6, 5], [5, 4]]","[5, 4]",136,32.1388,0.9336,17,105.0,piece_count,4,midgame,False,0.0,0.0,False
48,37,1,"[[1, 6], [2, 7]]","[2, 7]",160,24.5612,0.9554,17,105.0,piece_count,4,midgame,False,0.0,0.0,False
48,38,0,"[[5, 2], [4, 3]]","[4, 3]",60,8.1789,0.9707,17,127.0,piece_count,4,midgame,False,0.0,0.0,False
48,39,1,"[[3, 0], [5, 2]]","[5, 2]",14,2.0444,0.9863,17,127.0,piece_count,4,midgame,False,0.0,0.0,False
48,40,0,"[[4, 3], [3, 2]]","[3, 2]",19,2.1548,0.9814,17,145.0,piece_count,4,midgame,True,0,0.0,False
48,41,1,"[[2, 3], [4, 1]]","[4, 1]",20,2.3551,0.9609,17,145.0,piece_count,4,midgame,False,0.0,0.0,False
48,42,0,"[[5, 4], [4, 5]]","[4, 5]",80,12.4989,0.9219,17,205.0,piece_count,4,midgame,False,0.0,0.0,False
48,43,1,"[[3, 6], [5, 4]]","[5, 4]",6,1.0629,0.9941,17,205.0,piece_count,4,midgame,False,0.0,0.0,False
48,44,0,"[[4, 7], [3, 6]]","[3, 6]",4,0.6349,0.9922,17,310.0,piece_count,4,midgame,False,0.0,0.0,False
48,45,1,"[[2, 5], [4, 7]]","[4, 7]",3,0.447,0.9971,17,310.0,piece_count,4,midgame,True,132.0,132.0,True
49,0,0,"[[6, 1], [5, 0]]","[5, 0]",194,61.914,0.9459,0,0,piece_count,4,opening,False,0,0.0,False
49,1,1,"[[1, 0], [2, 1]]","[2, 1]",209,65.5406,0.9417,0,0,piece_count,4,opening,False,0.0,0.0,True
49,2,0,"[[5, 0], [4, 1]]","[4, 1]",225,69.8583,0.9451,0,1.0,piece_count,4,opening,False,0.0,0.0,False
49,3,1,"[[0, 1], [1, 0]]","[1, 0]",228,62.5525,0.9443,0,1.0,piece_count,4,opening,False,0.0,0.0,True
49,4,0,"[[4, 1], [3, 0]]","[3, 0]",222,41.512,0.9518,0,1.0,piece_count,4,opening,False,0.0,0.0,False
49,5,1,"[[1, 4], [2, 3]]","[2, 3]",145,44.1902,0.9528,0,1.0,piece_count,4,opening,False,0.0,0.0,True
49,6,0,"[[6, 3], [5, 2]]","[5, 2]",185,56.9696,0.9484,0,1.0,piece_count,4,opening,False,0.0,0.0,False
49,7,1,"[[0, 3], [1, 4]]","[1, 4]",195,39.6543,0.9456,0,1.0,piece_count,4,opening,False,0.0,0.0,True
49,8,0,"[[5, 2], [4, 3]]","[4, 3]",290,65.414,0.9371,0,1.0,piece_count,4,opening,False,0.0,0.0,False
49,9,1,"[[1, 4], [2, 5]]","[2, 5]",229,67.0893,0.9255,0,1.0,piece_count,4,opening,False,0.0,0.0,True
49,10,0,"[[7, 0], [6, 1]]","[6, 1]",430,115.5026,0.9067,0,1.0,piece_count,4,opening,True,0,0.0,False
49,11,1,"[[0, 5], [1, 4]]","[1, 4]",259,65.9459,0.9277,0,1.0,piece_count,4,opening,False,0.0,0.0,True
49,12,0,"[[6, 1], [5, 2]]","[5, 2]",293,88.2864,0.9364,0,1.0,piece_count,4,opening,False,0.0,0.0,False
49,13,1,"[[1, 6], [2, 7]]","[2, 7]",170,40.6675,0.9447,0,1.0,piece_count,4,opening,False,0.0,0.0,True
49,14,0,"[[4, 3], [3, 2]]","[3, 2]",177,41.5637,0.9616,0,31.0,piece_count,4,opening,False,0.0,0.0,False
49,15,1,"[[2, 1], [4, 3], [6, 1]]","[6, 1]",40,9.9437,0.9609,0,31.0,piece_count,4,opening,True,60.0,0.0,True
49,16,0,"[[7, 2], [5, 0]]","[5, 0]",53,13.2806,0.8965,0,91.0,piece_count,4,opening,False,0.0,0.0,False
49,17,1,"[[0, 7], [1, 6]]","[1, 6]",111,43.3199,0.9729,17,91.0,piece_count,4,opening,False,0.0,0.0,False
49,18,0,"[[3, 0], [2, 1]]","[2, 1]",100,22.5084,0.9674,17,91.0,piece_count,4,opening,False,0.0,0.0,False
49,19,1,"[[1, 0], [3, 2]]","[3, 2]",75,11.8685,0.9268,17,91.0,piece_count,4,opening,False,0.0,0.0,True
49,20,0,"[[6, 5], [5, 4]]","[5, 4]",154,39.8333,0.9398,17,99.0,piece_count,4,midgame,True,0,0.0,False
49,21,1,"[[1, 2], [2, 1]]","[2, 1]",202,38.7104,0.9436,17,99.0,piece_count,4,midgame,False,0.0,0.0,True
49,22,0,"[[6, 7], [5, 6]]","[5, 6]",234,46.0777,0.9347,17,99.0,piece_count,4,midgame,False,0.0,0.0,False
49,23,1,"[[2, 1], [3, 0]]","[3, 0]",286,64.4722,0.9202,17,99.0,piece_count,4,midgame,False,0.0,0.0,True
49,24,0,"[[5, 6], [4, 7]]","[4, 7]",273,47.3058,0.9408,17,99.0,piece_count,4,midgame,False,0.0,0.0,False
49,25,1,"[[2, 3], [3, 4]]","[3, 4]",169,28.4116,0.9528,17,99.0,piece_count,4,midgame,True,0.0,0.0,True
49,26,0,"[[7, 4], [6, 3]]","[6, 3]",246,48.6991,0.9399,17,99.0,piece_count,4,midgame,False,0.0,0.0,False
49,27,1,"[[1, 4], [2, 3]]","[2, 3]",245,55.9132,0.9402,17,99.0,piece_count,4,midgame,False,0.0,0.0,True
49,28,0,"[[6, 3], [5, 2]]","[5, 2]",185,35.3713,0.9484,17,99.0,piece_count,4,midgame,False,0.0,0.0,False
49,29,1,"[[2, 7], [3, 6]]","[3, 6]",153,26.7315,0.9573,17,99.0,piece_count,4,midgame,False,0.0,0.0,True
49,30,0,"[[5, 4], [4, 3]]","[4, 3]",194,36.2821,0.9459,17,99.0,piece_count,4,midgame,True,0,0.0,False
49,31,1,"[[3, 2], [5, 4]]","[5, 4]",41,8.496,0.9199,17,99.0,piece_count,4,midgame,False,0.0,0.0,False
49,32,0,"[[5, 0], [4, 1]]","[4, 1]",199,27.1993,0.9223,17,105.0,piece_count,4,midgame,False,0.0,0.0,False
49,33,1,"[[5, 4], [6, 3]]","[6, 3]",176,40.9012,0.9509,17,105.0,piece_count,4,midgame,False,0.0,0.0,True
49,34,0,"[[7, 6], [6, 5]]","[6, 5]",138,32.4142,0.9326,17,105.0,piece_count,4,midgame,False,0.0,0.0,False
49,35,1,"[[6, 3], [7, 2]]","[7, 2]",142,19.5675,0.9604,17,105.0,piece_count,4,midgame,True,0.0,0.0,True
49,36,0,"[[6, 5], [5, 4]]","[5, 4]",136,32.0933,0.9336,17,105.0,piece_count,4,midgame,False,0.0,0.0,False
49,37,1,"[[1, 6], [2, 7]]","[2, 7]",160,26.0923,0.9554,17,105.0,piece_count,4,midgame,False,0.0,0.0,False
49,38,0,"[[5, 2], [4, 3]]","[4, 3]",60,8.6138,0.9707,17,127.0,piece_count,4,midgame,False,0.0,0.0,False
49,39,1,"[[3, 0], [5, 2]]","[5, 2]",14,1.6274,0.9863,17,127.0,piece_count,4,midgame,False,0.0,0.0,False
49,40,0,"[[4, 3], [3, 2]]","[3, 2]",19,2.1453,0.9814,17,145.0,piece_count,4,midgame,True,0,0.0,False
49,41,1,"[[2, 3], [4, 1]]","[4, 1]",20,2.3139,0.9609,17,145.0,piece_count,4,midgame,False,0.0,0.0,False
49,42,0,"[[5, 4], [4, 5]]","[4, 5]",80,9.8433,0.9219,17,205.0,piece_count,4,midgame,False,0.0,0.0,False
49,43,1,"[[3, 6], [5, 4]]","[5, 4]",6,0.5765,0.9941,17,205.0,piece_count,4,midgame,False,0.0,0.0,False
49,44,0,"[[4, 7], [3, 6]]","[3, 6]",4,0.3433,0.9922,17,310.0,piece_count,4,midgame,False,0.0,0.0,False
49,45,1,"[[2, 5], [4, 7]]","[4, 7]",3,0.2396,0.9971,17,310.0,piece_count,4,midgame,True,132.0,132.0,True
