game,turn,player,move,land_square,nodes,time_ms,pruning_ratio,score_p0,score_p1,heuristic,depth,game_phase,suboptimal,score_deviation,score_loss,operator_blind
0,0,0,"[[6, 1], [5, 0]]","[5, 0]",21,12.7194,0.625,0,0,piece_count,2,opening,False,0,0.0,False
0,1,1,"[[1, 0], [2, 1]]","[2, 1]",22,3.7541,0.6071,0,0,piece_count,2,opening,False,0.0,0.0,True
0,2,0,"[[5, 0], [4, 1]]","[4, 1]",24,8.6403,0.625,0,1.0,piece_count,2,opening,False,0.0,0.0,False
0,3,1,"[[0, 1], [1, 0]]","[1, 0]",25,8.1811,0.6094,0,1.0,piece_count,2,opening,False,0.0,0.0,True
0,4,0,"[[4, 1], [3, 0]]","[3, 0]",24,4.9503,0.6667,0,1.0,piece_count,2,opening,False,0.0,0.0,False
0,5,1,"[[1, 4], [2, 3]]","[2, 3]",19,3.3836,0.6042,0,1.0,piece_count,2,opening,False,0.0,0.0,True
0,6,0,"[[6, 3], [5, 2]]","[5, 2]",21,4.2996,0.625,0,1.0,piece_count,2,opening,False,0.0,0.0,False
0,7,1,"[[0, 3], [1, 4]]","[1, 4]",23,5.9702,0.5893,0,1.0,piece_count,2,opening,False,0.0,0.0,True
0,8,0,"[[5, 2], [4, 1]]","[4, 1]",24,7.4298,0.6667,0,1.0,piece_count,2,opening,False,0.0,0.0,False
0,9,1,"[[1, 4], [2, 5]]","[2, 5]",20,6.0437,0.5833,0,1.0,piece_count,2,opening,False,0.0,0.0,True
0,10,0,"[[6, 5], [5, 4]]","[5, 4]",24,7.3924,0.625,0,1.0,piece_count,2,opening,True,0,0.0,False
0,11,1,"[[0, 5], [1, 4]]","[1, 4]",24,7.3326,0.5714,0,1.0,piece_count,2,opening,False,0.0,0.0,True
0,12,0,"[[5, 4], [4, 3]]","[4, 3]",27,7.462,0.6625,0,1.0,piece_count,2,opening,False,0.0,0.0,False
0,13,1,"[[1, 6], [2, 7]]","[2, 7]",22,3.6983,0.5417,0,1.0,piece_count,2,opening,False,0.0,0.0,True
0,14,0,"[[6, 7], [5, 6]]","[5, 6]",27,4.55,0.6625,0,31.0,piece_count,2,opening,False,0.0,0.0,False
0,15,1,"[[0, 7], [1, 6]]","[1, 6]",26,7.7953,0.5357,0,31.0,piece_count,2,opening,True,0.0,0.0,True
0,16,0,"[[5, 6], [4, 5]]","[4, 5]",30,9.3987,0.6875,0,31.0,piece_count,2,opening,False,0.0,0.0,False
0,17,1,"[[2, 5], [3, 6]]","[3, 6]",24,6.6049,0.5,0,31.0,piece_count,2,opening,False,0.0,0.0,False
0,18,0,"[[4, 1], [3, 2]]","[3, 2]",25,7.3895,0.7159,0,112.0,piece_count,2,opening,False,0.0,0.0,False
0,19,1,"[[3, 6], [5, 4]]","[5, 4]",21,5.9595,0.0,0,112.0,piece_count,2,opening,False,0.0,0.0,False
0,20,0,"[[7, 0], [6, 1]]","[6, 1]",19,5.358,0.7031,0,139.0,piece_count,2,midgame,True,0,0.0,False
0,21,1,"[[2, 3], [4, 1]]","[4, 1]",11,2.9886,0.0,0,139.0,piece_count,2,midgame,False,0.0,0.0,False
0,22,0,"[[4, 3], [3, 4]]","[3, 4]",28,8.8503,0.6111,0,153.0,piece_count,2,midgame,False,0.0,0.0,False
0,23,1,"[[1, 4], [2, 3]]","[2, 3]",29,6.0289,0.6375,0,153.0,piece_count,2,midgame,False,0.0,0.0,True
0,24,0,"[[3, 4], [2, 5]]","[2, 5]",17,3.2394,0.7344,0,153.0,piece_count,2,midgame,False,0.0,0.0,False
0,25,1,"[[1, 6], [3, 4]]","[3, 4]",9,2.2342,0.0,0,153.0,piece_count,2,midgame,True,22.0,0.0,False
0,26,0,"[[6, 1], [5, 0]]","[5, 0]",22,5.7614,0.6071,0,175.0,piece_count,2,midgame,False,0.0,0.0,False
0,27,1,"[[2, 1], [3, 2]]","[3, 2]",23,4.5581,0.6406,0,175.0,piece_count,2,midgame,False,0.0,0.0,False
0,28,0,"[[3, 0], [2, 1]]","[2, 1]",15,2.6009,0.7321,0,199.0,piece_count,2,midgame,False,0.0,0.0,False
0,29,1,"[[1, 2], [3, 0]]","[3, 0]",8,1.1075,0.0,0,199.0,piece_count,2,midgame,False,0.0,0.0,False
0,30,0,"[[7, 2], [6, 1]]","[6, 1]",20,3.2449,0.5833,0,212.0,piece_count,2,midgame,True,0,0.0,False
0,31,1,"[[1, 0], [2, 1]]","[2, 1]",21,3.4118,0.6719,0,212.0,piece_count,2,midgame,False,0.0,0.0,True
0,32,0,"[[7, 4], [6, 5]]","[6, 5]",16,2.1534,0.6,0,213.0,piece_count,2,midgame,False,0.0,0.0,False
0,33,1,"[[3, 4], [4, 3]]","[4, 3]",15,2.0161,0.6875,0,213.0,piece_count,2,midgame,False,0.0,0.0,True
0,34,0,"[[6, 5], [5, 6]]","[5, 6]",13,1.7107,0.4583,0,213.0,piece_count,2,midgame,False,0.0,0.0,False
0,35,1,"[[2, 3], [3, 4]]","[3, 4]",17,2.3122,0.6458,0,213.0,piece_count,2,midgame,True,0.0,0.0,True
0,36,0,"[[5, 6], [4, 7]]","[4, 7]",16,2.1391,0.6,0,213.0,piece_count,2,midgame,False,0.0,0.0,False
0,37,1,"[[3, 4], [4, 5]]","[4, 5]",16,2.6455,0.6667,0,213.0,piece_count,2,midgame,False,0.0,0.0,False
0,38,0,"[[4, 7], [3, 6]]","[3, 6]",13,1.7312,0.5938,0,213.0,piece_count,2,midgame,False,0.0,0.0,False
0,39,1,"[[4, 1], [5, 2]]","[5, 2]",14,1.8761,0.65,0,213.0,piece_count,2,midgame,False,0.0,0.0,True
0,40,0,"[[3, 6], [2, 5]]","[2, 5]",9,1.133,0.7188,0,241.0,piece_count,2,midgame,True,0,0.0,False
0,41,1,"[[5, 2], [7, 0]]","[7, 0]",7,0.9341,0.125,0,241.0,piece_count,2,midgame,False,0.0,0.0,False
0,42,0,"[[2, 5], [1, 4]]","[1, 4]",18,2.315,0.55,0,260.0,piece_count,2,midgame,False,0.0,0.0,False
0,43,1,"[[2, 7], [3, 6]]","[3, 6]",21,4.554,0.6719,0,260.0,piece_count,2,midgame,False,0.0,0.0,False
0,44,0,"[[1, 4], [0, 3]]","[0, 3]",18,3.9308,0.55,0,260.0,piece_count,2,midgame,False,0.0,0.0,False
0,45,1,"[[3, 0], [4, 1]]","[4, 1]",20,4.8525,0.6875,0,260.0,piece_count,2,midgame,True,143.0,143.0,True
0,46,0,"[[0, 3], [1, 2]]","[1, 2]",16,3.8042,0.5,0,261.0,piece_count,2,midgame,False,0.0,0.0,False
0,47,1,"[[2, 1], [3, 0]]","[3, 0]",22,5.3754,0.6562,0,261.0,piece_count,2,midgame,False,0.0,0.0,True
0,48,0,"[[1, 2], [0, 1]]","[0, 1]",19,3.8226,0.6042,0,261.0,piece_count,2,midgame,False,0.0,0.0,True
0,49,1,"[[3, 6], [4, 7]]","[4, 7]",18,4.379,0.6786,0,261.0,piece_count,2,midgame,False,0.0,0.0,True
0,50,0,"[[0, 1], [1, 0]]","[1, 0]",15,3.5355,0.5312,0,291.0,piece_count,2,endgame,True,0,0.0,True
0,51,1,"[[4, 1], [5, 2]]","[5, 2]",19,4.6318,0.6607,0,291.0,piece_count,2,endgame,False,0.0,0.0,True
0,52,0,"[[1, 0], [0, 1]]","[0, 1]",19,4.488,0.525,0,317.0,piece_count,2,endgame,False,0.0,0.0,False
0,53,1,"[[3, 0], [4, 1]]","[4, 1]",22,4.5927,0.6944,0,317.0,piece_count,2,endgame,False,0.0,0.0,True
0,54,0,"[[0, 1], [1, 0]]","[1, 0]",15,3.6502,0.5312,0,318.0,piece_count,2,endgame,False,0.0,0.0,True
0,55,1,"[[4, 5], [5, 6]]","[5, 6]",18,4.4065,0.6786,0,318.0,piece_count,2,endgame,True,100.0,0.0,True
0,56,0,"[[1, 0], [0, 1]]","[0, 1]",15,3.5157,0.5312,0,418.0,piece_count,2,endgame,False,0.0,0.0,False
0,57,1,"[[5, 2], [6, 1]]","[6, 1]",18,4.3635,0.6786,0,418.0,piece_count,2,endgame,False,0.0,0.0,True
0,58,0,"[[0, 1], [1, 0]]","[1, 0]",26,3.3941,0.1875,0,418.0,piece_count,2,endgame,False,0.0,0.0,True
0,59,1,"[[6, 1], [7, 2]]","[7, 2]",22,2.95,0.6071,0,418.0,piece_count,2,endgame,False,0.0,0.0,False
0,60,0,"[[1, 0], [0, 1]]","[0, 1]",17,2.1822,0.4688,0,444.0,piece_count,2,endgame,True,0,0.0,False
0,61,1,"[[4, 1], [5, 2]]","[5, 2]",23,3.0754,0.6806,0,444.0,piece_count,2,endgame,False,0.0,0.0,True
0,62,0,"[[0, 1], [1, 0]]","[1, 0]",20,3.6118,0.5,0,460.0,piece_count,2,endgame,False,0.0,0.0,True
0,63,1,"[[5, 2], [6, 1]]","[6, 1]",25,3.4006,0.6875,0,460.0,piece_count,2,endgame,False,0.0,0.0,True
0,64,0,"[[1, 0], [0, 1]]","[0, 1]",17,4.1761,0.575,0,460.0,piece_count,2,endgame,False,0.0,0.0,False
0,65,1,"[[4, 3], [5, 2]]","[5, 2]",19,4.6883,0.6607,0,460.0,piece_count,2,endgame,True,0.0,0.0,True
0,66,0,"[[0, 1], [1, 0]]","[1, 0]",18,4.2784,0.55,0,460.0,piece_count,2,endgame,False,0.0,0.0,True
0,67,1,"[[3, 2], [4, 3]]","[4, 3]",21,5.5482,0.6719,0,460.0,piece_count,2,endgame,False,0.0,0.0,False
0,68,0,"[[1, 0], [0, 1]]","[0, 1]",16,3.7816,0.6,0,604.0,piece_count,2,endgame,False,0.0,0.0,False
0,69,1,"[[5, 2], [6, 3]]","[6, 3]",17,4.133,0.6458,0,604.0,piece_count,2,endgame,False,0.0,0.0,False
0,70,0,"[[0, 1], [1, 0]]","[1, 0]",26,6.1975,0.35,0,725.0,piece_count,2,endgame,False,0,0.0,True
0,71,1,"[[6, 3], [7, 4]]","[7, 4]",19,4.7243,0.525,0,725.0,piece_count,2,endgame,False,0.0,0.0,True
0,72,0,"[[1, 0], [0, 1]]","[0, 1]",18,4.3478,0.55,0,725.0,piece_count,2,endgame,False,0.0,0.0,False
0,73,1,"[[4, 3], [5, 2]]","[5, 2]",21,5.1529,0.6719,0,725.0,piece_count,2,endgame,False,0.0,0.0,True
0,74,0,"[[0, 1], [1, 0]]","[1, 0]",18,4.2586,0.55,0,725.0,piece_count,2,endgame,False,0.0,0.0,True
0,75,1,"[[5, 2], [6, 3]]","[6, 3]",21,5.1589,0.6719,0,725.0,piece_count,2,endgame,True,144.0,0.0,False
0,76,0,"[[1, 0], [0, 1]]","[0, 1]",14,3.2251,0.65,0,869.0,piece_count,2,endgame,False,0.0,0.0,False
0,77,1,"[[5, 6], [6, 5]]","[6, 5]",12,3.022,0.625,0,869.0,piece_count,2,endgame,False,0.0,0.0,True
0,78,0,"[[0, 1], [1, 0]]","[1, 0]",9,1.121,0.7188,0,869.0,piece_count,2,endgame,False,0.0,0.0,True
0,79,1,"[[4, 7], [5, 6]]","[5, 6]",6,0.7503,0.25,0,869.0,piece_count,2,endgame,False,0.0,0.0,False
0,80,0,"[[1, 0], [0, 1]]","[0, 1]",9,1.1215,0.7188,0,869.0,piece_count,2,endgame,False,0,0.0,False
0,81,1,"[[5, 6], [6, 7]]","[6, 7]",5,0.598,0.375,0,869.0,piece_count,2,endgame,False,0.0,0.0,False
0,82,0,"[[0, 1], [1, 0]]","[1, 0]",4,0.4632,0.8333,0,899.0,piece_count,2,endgame,False,0.0,0.0,True
1,0,0,"[[6, 1], [5, 0]]","[5, 0]",21,3.5622,0.625,0,0,piece_count,2,opening,False,0,0.0,False
1,1,1,"[[1, 0], [2, 1]]","[2, 1]",22,6.8402,0.6071,0,0,piece_count,2,opening,False,0.0,0.0,True
1,2,0,"[[5, 0], [4, 1]]","[4, 1]",24,7.441,0.625,0,1.0,piece_count,2,opening,False,0.0,0.0,False
1,3,1,"[[0, 1], [1, 0]]","[1, 0]",25,7.6964,0.6094,0,1.0,piece_count,2,opening,False,0.0,0.0,True
1,4,0,"[[4, 1], [3, 0]]","[3, 0]",24,7.4403,0.6667,0,1.0,piece_count,2,opening,False,0.0,0.0,False
1,5,1,"[[1, 4], [2, 3]]","[2, 3]",19,5.7762,0.6042,0,1.0,piece_count,2,opening,False,0.0,0.0,True
1,6,0,"[[6, 3], [5, 2]]","[5, 2]",21,6.5637,0.625,0,1.0,piece_count,2,opening,False,0.0,0.0,False
1,7,1,"[[0, 3], [1, 4]]","[1, 4]",23,7.0813,0.5893,0,1.0,piece_count,2,opening,False,0.0,0.0,True
1,8,0,"[[5, 2], [4, 1]]","[4, 1]",24,7.477,0.6667,0,1.0,piece_count,2,opening,False,0.0,0.0,False
1,9,1,"[[1, 4], [2, 5]]","[2, 5]",20,6.0492,0.5833,0,1.0,piece_count,2,opening,False,0.0,0.0,True
1,10,0,"[[6, 5], [5, 4]]","[5, 4]",24,7.4415,0.625,0,1.0,piece_count,2,opening,True,0,0.0,False
1,11,1,"[[0, 5], [1, 4]]","[1, 4]",24,7.3192,0.5714,0,1.0,piece_count,2,opening,False,0.0,0.0,True
1,12,0,"[[5, 4], [4, 3]]","[4, 3]",27,8.3234,0.6625,0,1.0,piece_count,2,opening,False,0.0,0.0,False
1,13,1,"[[1, 6], [2, 7]]","[2, 7]",22,6.633,0.5417,0,1.0,piece_count,2,opening,False,0.0,0.0,True
1,14,0,"[[6, 7], [5, 6]]","[5, 6]",27,8.2512,0.6625,0,31.0,piece_count,2,opening,False,0.0,0.0,False
1,15,1,"[[0, 7], [1, 6]]","[1, 6]",26,4.379,0.5357,0,31.0,piece_count,2,opening,True,0.0,0.0,True
1,16,0,"[[5, 6], [4, 5]]","[4, 5]",30,4.9708,0.6875,0,31.0,piece_count,2,opening,False,0.0,0.0,False
1,17,1,"[[2, 5], [3, 6]]","[3, 6]",24,6.3574,0.5,0,31.0,piece_count,2,opening,False,0.0,0.0,False
1,18,0,"[[4, 1], [3, 2]]","[3, 2]",25,7.3774,0.7159,0,112.0,piece_count,2,opening,False,0.0,0.0,False
1,19,1,"[[3, 6], [5, 4]]","[5, 4]",21,5.9528,0.0,0,112.0,piece_count,2,opening,False,0.0,0.0,False
1,20,0,"[[7, 0], [6, 1]]","[6, 1]",19,5.3494,0.7031,0,139.0,piece_count,2,midgame,True,0,0.0,False
1,21,1,"[[2, 3], [4, 1]]","[4, 1]",11,2.9886,0.0,0,139.0,piece_count,2,midgame,False,0.0,0.0,False
1,22,0,"[[4, 3], [3, 4]]","[3, 4]",28,7.6652,0.6111,0,153.0,piece_count,2,midgame,False,0.0,0.0,False
1,23,1,"[[1, 4], [2, 3]]","[2, 3]",29,4.3762,0.6375,0,153.0,piece_count,2,midgame,False,0.0,0.0,True
1,24,0,"[[3, 4], [2, 5]]","[2, 5]",17,2.4645,0.7344,0,153.0,piece_count,2,midgame,False,0.0,0.0,False
1,25,1,"[[1, 6], [3, 4]]","[3, 4]",9,1.2598,0.0,0,153.0,piece_count,2,midgame,True,22.0,0.0,False
1,26,0,"[[6, 1], [5, 0]]","[5, 0]",22,3.2866,0.6071,0,175.0,piece_count,2,midgame,False,0.0,0.0,False
1,27,1,"[[2, 1], [3, 2]]","[3, 2]",23,3.3691,0.6406,0,175.0,piece_count,2,midgame,False,0.0,0.0,False
1,28,0,"[[3, 0], [2, 1]]","[2, 1]",15,2.111,0.7321,0,199.0,piece_count,2,midgame,False,0.0,0.0,False
1,29,1,"[[1, 2], [3, 0]]","[3, 0]",8,1.0657,0.0,0,199.0,piece_count,2,midgame,False,0.0,0.0,False
1,30,0,"[[7, 2], [6, 1]]","[6, 1]",20,2.7297,0.5833,0,212.0,piece_count,2,midgame,True,0,0.0,False
1,31,1,"[[1, 0], [2, 1]]","[2, 1]",21,3.4604,0.6719,0,212.0,piece_count,2,midgame,False,0.0,0.0,True
1,32,0,"[[7, 4], [6, 5]]","[6, 5]",16,3.8583,0.6,0,213.0,piece_count,2,midgame,False,0.0,0.0,False
1,33,1,"[[3, 4], [4, 3]]","[4, 3]",15,3.6645,0.6875,0,213.0,piece_count,2,midgame,False,0.0,0.0,True
1,34,0,"[[6, 5], [5, 6]]","[5, 6]",13,3.4056,0.4583,0,213.0,piece_count,2,midgame,False,0.0,0.0,False
1,35,1,"[[2, 3], [3, 4]]","[3, 4]",17,4.2138,0.6458,0,213.0,piece_count,2,midgame,True,0.0,0.0,True
1,36,0,"[[5, 6], [4, 7]]","[4, 7]",16,3.8822,0.6,0,213.0,piece_count,2,midgame,False,0.0,0.0,False
1,37,1,"[[3, 4], [4, 5]]","[4, 5]",16,3.1176,0.6667,0,213.0,piece_count,2,midgame,False,0.0,0.0,False
1,38,0,"[[4, 7], [3, 6]]","[3, 6]",13,1.7347,0.5938,0,213.0,piece_count,2,midgame,False,0.0,0.0,False
1,39,1,"[[4, 1], [5, 2]]","[5, 2]",14,1.8888,0.65,0,213.0,piece_count,2,midgame,False,0.0,0.0,True
1,40,0,"[[3, 6], [2, 5]]","[2, 5]",9,1.1427,0.7188,0,241.0,piece_count,2,midgame,True,0,0.0,False
1,41,1,"[[5, 2], [7, 0]]","[7, 0]",7,0.8752,0.125,0,241.0,piece_count,2,midgame,False,0.0,0.0,False
1,42,0,"[[2, 5], [1, 4]]","[1, 4]",18,2.3143,0.55,0,260.0,piece_count,2,midgame,False,0.0,0.0,False
1,43,1,"[[2, 7], [3, 6]]","[3, 6]",21,3.2928,0.6719,0,260.0,piece_count,2,midgame,False,0.0,0.0,False
1,44,0,"[[1, 4], [0, 3]]","[0, 3]",18,4.204,0.55,0,260.0,piece_count,2,midgame,False,0.0,0.0,False
1,45,1,"[[3, 0], [4, 1]]","[4, 1]",20,4.8425,0.6875,0,260.0,piece_count,2,midgame,True,143.0,143.0,True
1,46,0,"[[0, 3], [1, 2]]","[1, 2]",16,3.9485,0.5,0,261.0,piece_count,2,midgame,False,0.0,0.0,False
1,47,1,"[[2, 1], [3, 0]]","[3, 0]",22,5.3449,0.6562,0,261.0,piece_count,2,midgame,False,0.0,0.0,True
1,48,0,"[[1, 2], [0, 1]]","[0, 1]",19,4.5013,0.6042,0,261.0,piece_count,2,midgame,False,0.0,0.0,True
1,49,1,"[[3, 6], [4, 7]]","[4, 7]",18,4.3516,0.6786,0,261.0,piece_count,2,midgame,False,0.0,0.0,True
1,50,0,"[[0, 1], [1, 0]]","[1, 0]",15,2.7995,0.5312,0,291.0,piece_count,2,endgame,True,0,0.0,True
1,51,1,"[[4, 1], [5, 2]]","[5, 2]",19,2.538,0.6607,0,291.0,piece_count,2,endgame,False,0.0,0.0,True
1,52,0,"[[1, 0], [0, 1]]","[0, 1]",19,2.4571,0.525,0,317.0,piece_count,2,endgame,False,0.0,0.0,False
1,53,1,"[[3, 0], [4, 1]]","[4, 1]",22,5.3391,0.6944,0,317.0,piece_count,2,endgame,False,0.0,0.0,True
1,54,0,"[[0, 1], [1, 0]]","[1, 0]",15,3.4842,0.5312,0,318.0,piece_count,2,endgame,False,0.0,0.0,True
1,55,1,"[[4, 5], [5, 6]]","[5, 6]",18,4.6973,0.6786,0,318.0,piece_count,2,endgame,True,100.0,0.0,True
1,56,0,"[[1, 0], [0, 1]]","[0, 1]",15,3.5055,0.5312,0,418.0,piece_count,2,endgame,False,0.0,0.0,False
1,57,1,"[[5, 2], [6, 1]]","[6, 1]",18,3.5663,0.6786,0,418.0,piece_count,2,endgame,False,0.0,0.0,True
1,58,0,"[[0, 1], [1, 0]]","[1, 0]",26,5.604,0.1875,0,418.0,piece_count,2,endgame,False,0.0,0.0,True
1,59,1,"[[6, 1], [7, 2]]","[7, 2]",22,2.9604,0.6071,0,418.0,piece_count,2,endgame,False,0.0,0.0,False
1,60,0,"[[1, 0], [0, 1]]","[0, 1]",17,2.1827,0.4688,0,444.0,piece_count,2,endgame,True,0,0.0,False
1,61,1,"[[4, 1], [5, 2]]","[5, 2]",23,3.056,0.6806,0,444.0,piece_count,2,endgame,False,0.0,0.0,True
1,62,0,"[[0, 1], [1, 0]]","[1, 0]",20,2.8651,0.5,0,460.0,piece_count,2,endgame,False,0.0,0.0,True
1,63,1,"[[5, 2], [6, 1]]","[6, 1]",25,4.1308,0.6875,0,460.0,piece_count,2,endgame,False,0.0,0.0,True
1,64,0,"[[1, 0], [0, 1]]","[0, 1]",17,4.0071,0.575,0,460.0,piece_count,2,endgame,False,0.0,0.0,False
1,65,1,"[[4, 3], [5, 2]]","[5, 2]",19,5.2142,0.6607,0,460.0,piece_count,2,endgame,True,0.0,0.0,True
1,66,0,"[[0, 1], [1, 0]]","[1, 0]",18,3.3114,0.55,0,460.0,piece_count,2,endgame,False,0.0,0.0,True
1,67,1,"[[3, 2], [4, 3]]","[4, 3]",21,2.8176,0.6719,0,460.0,piece_count,2,endgame,False,0.0,0.0,False
1,68,0,"[[1, 0], [0, 1]]","[0, 1]",16,2.0773,0.6,0,604.0,piece_count,2,endgame,False,0.0,0.0,False
1,69,1,"[[5, 2], [6, 3]]","[6, 3]",17,2.7163,0.6458,0,604.0,piece_count,2,endgame,False,0.0,0.0,False
1,70,0,"[[0, 1], [1, 0]]","[1, 0]",26,6.2037,0.35,0,725.0,piece_count,2,endgame,False,0,0.0,True
1,71,1,"[[6, 3], [7, 4]]","[7, 4]",19,4.6875,0.525,0,725.0,piece_count,2,endgame,False,0.0,0.0,True
1,72,0,"[[1, 0], [0, 1]]","[0, 1]",18,3.8216,0.55,0,725.0,piece_count,2,endgame,False,0.0,0.0,False
1,73,1,"[[4, 3], [5, 2]]","[5, 2]",21,2.8234,0.6719,0,725.0,piece_count,2,endgame,False,0.0,0.0,True
1,74,0,"[[0, 1], [1, 0]]","[1, 0]",18,2.3434,0.55,0,725.0,piece_count,2,endgame,False,0.0,0.0,True
1,75,1,"[[5, 2], [6, 3]]","[6, 3]",21,2.8138,0.6719,0,725.0,piece_count,2,endgame,True,144.0,0.0,False
1,76,0,"[[1, 0], [0, 1]]","[0, 1]",14,3.1099,0.65,0,869.0,piece_count,2,endgame,False,0.0,0.0,False
1,77,1,"[[5, 6], [6, 5]]","[6, 5]",12,2.8663,0.625,0,869.0,piece_count,2,endgame,False,0.0,0.0,True
1,78,0,"[[0, 1], [1, 0]]","[1, 0]",9,2.0342,0.7188,0,869.0,piece_count,2,endgame,False,0.0,0.0,True
1,79,1,"[[4, 7], [5, 6]]","[5, 6]",6,1.3881,0.25,0,869.0,piece_count,2,endgame,False,0.0,0.0,False
1,80,0,"[[1, 0], [0, 1]]","[0, 1]",9,2.0742,0.7188,0,869.0,piece_count,2,endgame,False,0,0.0,False
1,81,1,"[[5, 6], [6, 7]]","[6, 7]",5,1.1117,0.375,0,869.0,piece_count,2,endgame,False,0.0,0.0,False
1,82,0,"[[0, 1], [1, 0]]","[1, 0]",4,0.8581,0.8333,0,899.0,piece_count,2,endgame,False,0.0,0.0,True
2,0,0,"[[6, 1], [5, 0]]","[5, 0]",21,6.4847,0.625,0,0,piece_count,2,opening,False,0,0.0,False
2,1,1,"[[1, 0], [2, 1]]","[2, 1]",22,6.9807,0.6071,0,0,piece_count,2,opening,False,0.0,0.0,True
2,2,0,"[[5, 0], [4, 1]]","[4, 1]",24,5.7149,0.625,0,1.0,piece_count,2,opening,False,0.0,0.0,False
2,3,1,"[[0, 1], [1, 0]]","[1, 0]",25,7.7975,0.6094,0,1.0,piece_count,2,opening,False,0.0,0.0,True
2,4,0,"[[4, 1], [3, 0]]","[3, 0]",24,7.4131,0.6667,0,1.0,piece_count,2,opening,False,0.0,0.0,False
2,5,1,"[[1, 4], [2, 3]]","[2, 3]",19,5.6477,0.6042,0,1.0,piece_count,2,opening,False,0.0,0.0,True
2,6,0,"[[6, 3], [5, 2]]","[5, 2]",21,6.4871,0.625,0,1.0,piece_count,2,opening,False,0.0,0.0,False
2,7,1,"[[0, 3], [1, 4]]","[1, 4]",23,7.2353,0.5893,0,1.0,piece_count,2,opening,False,0.0,0.0,True
2,8,0,"[[5, 2], [4, 1]]","[4, 1]",24,4.1523,0.6667,0,1.0,piece_count,2,opening,False,0.0,0.0,False
2,9,1,"[[1, 4], [2, 5]]","[2, 5]",20,4.4169,0.5833,0,1.0,piece_count,2,opening,False,0.0,0.0,True
2,10,0,"[[6, 5], [5, 4]]","[5, 4]",24,8.5635,0.625,0,1.0,piece_count,2,opening,True,0,0.0,False
2,11,1,"[[0, 5], [1, 4]]","[1, 4]",24,5.4934,0.5714,0,1.0,piece_count,2,opening,False,0.0,0.0,True
2,12,0,"[[5, 4], [4, 3]]","[4, 3]",27,5.09,0.6625,0,1.0,piece_count,2,opening,False,0.0,0.0,False
2,13,1,"[[1, 6], [2, 7]]","[2, 7]",22,7.5526,0.5417,0,1.0,piece_count,2,opening,False,0.0,0.0,True
2,14,0,"[[6, 7], [5, 6]]","[5, 6]",27,8.2264,0.6625,0,31.0,piece_count,2,opening,False,0.0,0.0,False
2,15,1,"[[0, 7], [1, 6]]","[1, 6]",26,8.1816,0.5357,0,31.0,piece_count,2,opening,True,0.0,0.0,True
2,16,0,"[[5, 6], [4, 5]]","[4, 5]",30,7.2491,0.6875,0,31.0,piece_count,2,opening,False,0.0,0.0,False
2,17,1,"[[2, 5], [3, 6]]","[3, 6]",24,15.1634,0.5,0,31.0,piece_count,2,opening,False,0.0,0.0,False
2,18,0,"[[4, 1], [3, 2]]","[3, 2]",25,5.3635,0.7159,0,112.0,piece_count,2,opening,False,0.0,0.0,False
2,19,1,"[[3, 6], [5, 4]]","[5, 4]",21,8.539,0.0,0,112.0,piece_count,2,opening,False,0.0,0.0,False
2,20,0,"[[7, 0], [6, 1]]","[6, 1]",19,7.5982,0.7031,0,139.0,piece_count,2,midgame,True,0,0.0,False
2,21,1,"[[2, 3], [4, 1]]","[4, 1]",11,13.71,0.0,0,139.0,piece_count,2,midgame,False,0.0,0.0,False
2,22,0,"[[4, 3], [3, 4]]","[3, 4]",28,7.7806,0.6111,0,153.0,piece_count,2,midgame,False,0.0,0.0,False
2,23,1,"[[1, 4], [2, 3]]","[2, 3]",29,17.5524,0.6375,0,153.0,piece_count,2,midgame,False,0.0,0.0,True
2,24,0,"[[3, 4], [2, 5]]","[2, 5]",17,4.6659,0.7344,0,153.0,piece_count,2,midgame,False,0.0,0.0,False
2,25,1,"[[1, 6], [3, 4]]","[3, 4]",9,1.2782,0.0,0,153.0,piece_count,2,midgame,True,22.0,0.0,False
2,26,0,"[[6, 1], [5, 0]]","[5, 0]",22,24.2183,0.6071,0,175.0,piece_count,2,midgame,False,0.0,0.0,False
2,27,1,"[[2, 1], [3, 2]]","[3, 2]",23,41.7292,0.6406,0,175.0,piece_count,2,midgame,False,0.0,0.0,False
2,28,0,"[[3, 0], [2, 1]]","[2, 1]",15,6.3386,0.7321,0,199.0,piece_count,2,midgame,False,0.0,0.0,False
2,29,1,"[[1, 2], [3, 0]]","[3, 0]",8,3.5737,0.0,0,199.0,piece_count,2,midgame,False,0.0,0.0,False
2,30,0,"[[7, 2], [6, 1]]","[6, 1]",20,6.68,0.5833,0,212.0,piece_count,2,midgame,True,0,0.0,False
2,31,1,"[[1, 0], [2, 1]]","[2, 1]",21,5.5637,0.6719,0,212.0,piece_count,2,midgame,False,0.0,0.0,True
2,32,0,"[[7, 4], [6, 5]]","[6, 5]",16,4.5726,0.6,0,213.0,piece_count,2,midgame,False,0.0,0.0,False
2,33,1,"[[3, 4], [4, 3]]","[4, 3]",15,4.5023,0.6875,0,213.0,piece_count,2,midgame,False,0.0,0.0,True
2,34,0,"[[6, 5], [5, 6]]","[5, 6]",13,4.3702,0.4583,0,213.0,piece_count,2,midgame,False,0.0,0.0,False
2,35,1,"[[2, 3], [3, 4]]","[3, 4]",17,6.6707,0.6458,0,213.0,piece_count,2,midgame,True,0.0,0.0,True
2,36,0,"[[5, 6], [4, 7]]","[4, 7]",16,4.4699,0.6,0,213.0,piece_count,2,midgame,False,0.0,0.0,False
2,37,1,"[[3, 4], [4, 5]]","[4, 5]",16,4.1225,0.6667,0,213.0,piece_count,2,midgame,False,0.0,0.0,False
2,38,0,"[[4, 7], [3, 6]]","[3, 6]",13,3.0451,0.5938,0,213.0,piece_count,2,midgame,False,0.0,0.0,False
2,39,1,"[[4, 1], [5, 2]]","[5, 2]",14,2.7072,0.65,0,213.0,piece_count,2,midgame,False,0.0,0.0,True
2,40,0,"[[3, 6], [2, 5]]","[2, 5]",9,3.2508,0.7188,0,241.0,piece_count,2,midgame,True,0,0.0,False
2,41,1,"[[5, 2], [7, 0]]","[7, 0]",7,1.7037,0.125,0,241.0,piece_count,2,midgame,False,0.0,0.0,False
2,42,0,"[[2, 5], [1, 4]]","[1, 4]",18,4.1816,0.55,0,260.0,piece_count,2,midgame,False,0.0,0.0,False
2,43,1,"[[2, 7], [3, 6]]","[3, 6]",21,9.0473,0.6719,0,260.0,piece_count,2,midgame,False,0.0,0.0,False
2,44,0,"[[1, 4], [0, 3]]","[0, 3]",18,15.7073,0.55,0,260.0,piece_count,2,midgame,False,0.0,0.0,False
2,45,1,"[[3, 0], [4, 1]]","[4, 1]",20,9.1608,0.6875,0,260.0,piece_count,2,midgame,True,143.0,143.0,True
2,46,0,"[[0, 3], [1, 2]]","[1, 2]",16,6.6297,0.5,0,261.0,piece_count,2,midgame,False,0.0,0.0,False
2,47,1,"[[2, 1], [3, 0]]","[3, 0]",22,12.0609,0.6562,0,261.0,piece_count,2,midgame,False,0.0,0.0,True
2,48,0,"[[1, 2], [0, 1]]","[0, 1]",19,5.3568,0.6042,0,261.0,piece_count,2,midgame,False,0.0,0.0,True
2,49,1,"[[3, 6], [4, 7]]","[4, 7]",18,8.5866,0.6786,0,261.0,piece_count,2,midgame,False,0.0,0.0,True
2,50,0,"[[0, 1], [1, 0]]","[1, 0]",15,5.0426,0.5312,0,291.0,piece_count,2,endgame,True,0,0.0,True
2,51,1,"[[4, 1], [5, 2]]","[5, 2]",19,23.258,0.6607,0,291.0,piece_count,2,endgame,False,0.0,0.0,True
2,52,0,"[[1, 0], [0, 1]]","[0, 1]",19,5.8746,0.525,0,317.0,piece_count,2,endgame,False,0.0,0.0,False
2,53,1,"[[3, 0], [4, 1]]","[4, 1]",22,14.8365,0.6944,0,317.0,piece_count,2,endgame,False,0.0,0.0,True
2,54,0,"[[0, 1], [1, 0]]","[1, 0]",15,3.9535,0.5312,0,318.0,piece_count,2,endgame,False,0.0,0.0,True
2,55,1,"[[4, 5], [5, 6]]","[5, 6]",18,4.3895,0.6786,0,318.0,piece_count,2,endgame,True,100.0,0.0,True
2,56,0,"[[1, 0], [0, 1]]","[0, 1]",15,3.669,0.5312,0,418.0,piece_count,2,endgame,False,0.0,0.0,False
2,57,1,"[[5, 2], [6, 1]]","[6, 1]",18,4.7629,0.6786,0,418.0,piece_count,2,endgame,False,0.0,0.0,True
2,58,0,"[[0, 1], [1, 0]]","[1, 0]",26,10.0172,0.1875,0,418.0,piece_count,2,endgame,False,0.0,0.0,True
2,59,1,"[[6, 1], [7, 2]]","[7, 2]",22,3.124,0.6071,0,418.0,piece_count,2,endgame,False,0.0,0.0,False
2,60,0,"[[1, 0], [0, 1]]","[0, 1]",17,2.2256,0.4688,0,444.0,piece_count,2,endgame,True,0,0.0,False
2,61,1,"[[4, 1], [5, 2]]","[5, 2]",23,3.0975,0.6806,0,444.0,piece_count,2,endgame,False,0.0,0.0,True
2,62,0,"[[0, 1], [1, 0]]","[1, 0]",20,2.9755,0.5,0,460.0,piece_count,2,endgame,False,0.0,0.0,True
2,63,1,"[[5, 2], [6, 1]]","[6, 1]",25,3.3653,0.6875,0,460.0,piece_count,2,endgame,False,0.0,0.0,True
2,64,0,"[[1, 0], [0, 1]]","[0, 1]",17,4.091,0.575,0,460.0,piece_count,2,endgame,False,0.0,0.0,False
2,65,1,"[[4, 3], [5, 2]]","[5, 2]",19,4.575,0.6607,0,460.0,piece_count,2,endgame,True,0.0,0.0,True
2,66,0,"[[0, 1], [1, 0]]","[1, 0]",18,4.2713,0.55,0,460.0,piece_count,2,endgame,False,0.0,0.0,True
2,67,1,"[[3, 2], [4, 3]]","[4, 3]",21,5.1386,0.6719,0,460.0,piece_count,2,endgame,False,0.0,0.0,False
2,68,0,"[[1, 0], [0, 1]]","[0, 1]",16,3.0286,0.6,0,604.0,piece_count,2,endgame,False,0.0,0.0,False
2,69,1,"[[5, 2], [6, 3]]","[6, 3]",17,2.274,0.6458,0,604.0,piece_count,2,endgame,False,0.0,0.0,False
2,70,0,"[[0, 1], [1, 0]]","[1, 0]",26,3.4997,0.35,0,725.0,piece_count,2,endgame,False,0,0.0,True
2,71,1,"[[6, 3], [7, 4]]","[7, 4]",19,4.7061,0.525,0,725.0,piece_count,2,endgame,False,0.0,0.0,True
2,72,0,"[[1, 0], [0, 1]]","[0, 1]",18,4.3597,0.55,0,725.0,piece_count,2,endgame,False,0.0,0.0,False
2,73,1,"[[4, 3], [5, 2]]","[5, 2]",21,2.8267,0.6719,0,725.0,piece_count,2,endgame,False,0.0,0.0,True
2,74,0,"[[0, 1], [1, 0]]","[1, 0]",18,2.552,0.55,0,725.0,piece_count,2,endgame,False,0.0,0.0,True
2,75,1,"[[5, 2], [6, 3]]","[6, 3]",21,3.9001,0.6719,0,725.0,piece_count,2,endgame,True,144.0,0.0,False
2,76,0,"[[1, 0], [0, 1]]","[0, 1]",14,3.2656,0.65,0,869.0,piece_count,2,endgame,False,0.0,0.0,False
2,77,1,"[[5, 6], [6, 5]]","[6, 5]",12,2.8768,0.625,0,869.0,piece_count,2,endgame,False,0.0,0.0,True
2,78,0,"[[0, 1], [1, 0]]","[1, 0]",9,2.0375,0.7188,0,869.0,piece_count,2,endgame,False,0.0,0.0,True
2,79,1,"[[4, 7], [5, 6]]","[5, 6]",6,1.3869,0.25,0,869.0,piece_count,2,endgame,False,0.0,0.0,False
2,80,0,"[[1, 0], [0, 1]]","[0, 1]",9,2.0485,0.7188,0,869.0,piece_count,2,endgame,False,0,0.0,False
2,81,1,"[[5, 6], [6, 7]]","[6, 7]",5,1.1625,0.375,0,869.0,piece_count,2,endgame,False,0.0,0.0,False
2,82,0,"[[0, 1], [1, 0]]","[1, 0]",4,0.8564,0.8333,0,899.0,piece_count,2,endgame,False,0.0,0.0,True
3,0,0,"[[6, 1], [5, 0]]","[5, 0]",21,6.5084,0.625,0,0,piece_count,2,opening,False,0,0.0,False
3,1,1,"[[1, 0], [2, 1]]","[2, 1]",22,9.3944,0.6071,0,0,piece_count,2,opening,False,0.0,0.0,True
3,2,0,"[[5, 0], [4, 1]]","[4, 1]",24,7.4506,0.625,0,1.0,piece_count,2,opening,False,0.0,0.0,False
3,3,1,"[[0, 1], [1, 0]]","[1, 0]",25,6.8767,0.6094,0,1.0,piece_count,2,opening,False,0.0,0.0,True
3,4,0,"[[4, 1], [3, 0]]","[3, 0]",24,6.6402,0.6667,0,1.0,piece_count,2,opening,False,0.0,0.0,False
3,5,1,"[[1, 4], [2, 3]]","[2, 3]",19,3.9492,0.6042,0,1.0,piece_count,2,opening,False,0.0,0.0,True
3,6,0,"[[6, 3], [5, 2]]","[5, 2]",21,3.6023,0.625,0,1.0,piece_count,2,opening,False,0.0,0.0,False
3,7,1,"[[0, 3], [1, 4]]","[1, 4]",23,4.5228,0.5893,0,1.0,piece_count,2,opening,False,0.0,0.0,True
3,8,0,"[[5, 2], [4, 1]]","[4, 1]",24,4.8285,0.6667,0,1.0,piece_count,2,opening,False,0.0,0.0,False
3,9,1,"[[1, 4], [2, 5]]","[2, 5]",20,3.3274,0.5833,0,1.0,piece_count,2,opening,False,0.0,0.0,True
3,10,0,"[[6, 5], [5, 4]]","[5, 4]",24,6.7604,0.625,0,1.0,piece_count,2,opening,True,0,0.0,False
3,11,1,"[[0, 5], [1, 4]]","[1, 4]",24,10.2818,0.5714,0,1.0,piece_count,2,opening,False,0.0,0.0,True
3,12,0,"[[5, 4], [4, 3]]","[4, 3]",27,4.591,0.6625,0,1.0,piece_count,2,opening,False,0.0,0.0,False
3,13,1,"[[1, 6], [2, 7]]","[2, 7]",22,3.6714,0.5417,0,1.0,piece_count,2,opening,False,0.0,0.0,True
3,14,0,"[[6, 7], [5, 6]]","[5, 6]",27,6.299,0.6625,0,31.0,piece_count,2,opening,False,0.0,0.0,False
3,15,1,"[[0, 7], [1, 6]]","[1, 6]",26,7.9787,0.5357,0,31.0,piece_count,2,opening,True,0.0,0.0,True
3,16,0,"[[5, 6], [4, 5]]","[4, 5]",30,9.011,0.6875,0,31.0,piece_count,2,opening,False,0.0,0.0,False
3,17,1,"[[2, 5], [3, 6]]","[3, 6]",24,7.3464,0.5,0,31.0,piece_count,2,opening,False,0.0,0.0,False
3,18,0,"[[4, 1], [3, 2]]","[3, 2]",25,6.9532,0.7159,0,112.0,piece_count,2,opening,False,0.0,0.0,False
3,19,1,"[[3, 6], [5, 4]]","[5, 4]",21,5.9626,0.0,0,112.0,piece_count,2,opening,False,0.0,0.0,False
3,20,0,"[[7, 0], [6, 1]]","[6, 1]",19,5.3058,0.7031,0,139.0,piece_count,2,midgame,True,0,0.0,False
3,21,1,"[[2, 3], [4, 1]]","[4, 1]",11,2.9786,0.0,0,139.0,piece_count,2,midgame,False,0.0,0.0,False
3,22,0,"[[4, 3], [3, 4]]","[3, 4]",28,7.669,0.6111,0,153.0,piece_count,2,midgame,False,0.0,0.0,False
3,23,1,"[[1, 4], [2, 3]]","[2, 3]",29,8.0163,0.6375,0,153.0,piece_count,2,midgame,False,0.0,0.0,True
3,24,0,"[[3, 4], [2, 5]]","[2, 5]",17,4.015,0.7344,0,153.0,piece_count,2,midgame,False,0.0,0.0,False
3,25,1,"[[1, 6], [3, 4]]","[3, 4]",9,2.4061,0.0,0,153.0,piece_count,2,midgame,True,22.0,0.0,False
3,26,0,"[[6, 1], [5, 0]]","[5, 0]",22,5.2166,0.6071,0,175.0,piece_count,2,midgame,False,0.0,0.0,False
3,27,1,"[[2, 1], [3, 2]]","[3, 2]",23,7.9415,0.6406,0,175.0,piece_count,2,midgame,False,0.0,0.0,False
3,28,0,"[[3, 0], [2, 1]]","[2, 1]",15,5.3172,0.7321,0,199.0,piece_count,2,midgame,False,0.0,0.0,False
3,29,1,"[[1, 2], [3, 0]]","[3, 0]",8,4.8075,0.0,0,199.0,piece_count,2,midgame,False,0.0,0.0,False
3,30,0,"[[7, 2], [6, 1]]","[6, 1]",20,6.7883,0.5833,0,212.0,piece_count,2,midgame,True,0,0.0,False
3,31,1,"[[1, 0], [2, 1]]","[2, 1]",21,6.412,0.6719,0,212.0,piece_count,2,midgame,False,0.0,0.0,True
3,32,0,"[[7, 4], [6, 5]]","[6, 5]",16,2.4202,0.6,0,213.0,piece_count,2,midgame,False,0.0,0.0,False
3,33,1,"[[3, 4], [4, 3]]","[4, 3]",15,5.6281,0.6875,0,213.0,piece_count,2,midgame,False,0.0,0.0,True
3,34,0,"[[6, 5], [5, 6]]","[5, 6]",13,3.3531,0.4583,0,213.0,piece_count,2,midgame,False,0.0,0.0,False
3,35,1,"[[2, 3], [3, 4]]","[3, 4]",17,4.0791,0.6458,0,213.0,piece_count,2,midgame,True,0.0,0.0,True
3,36,0,"[[5, 6], [4, 7]]","[4, 7]",16,4.7081,0.6,0,213.0,piece_count,2,midgame,False,0.0,0.0,False
3,37,1,"[[3, 4], [4, 5]]","[4, 5]",16,6.4657,0.6667,0,213.0,piece_count,2,midgame,False,0.0,0.0,False
3,38,0,"[[4, 7], [3, 6]]","[3, 6]",13,4.9117,0.5938,0,213.0,piece_count,2,midgame,False,0.0,0.0,False
3,39,1,"[[4, 1], [5, 2]]","[5, 2]",14,3.4595,0.65,0,213.0,piece_count,2,midgame,False,0.0,0.0,True
3,40,0,"[[3, 6], [2, 5]]","[2, 5]",9,1.3113,0.7188,0,241.0,piece_count,2,midgame,True,0,0.0,False
3,41,1,"[[5, 2], [7, 0]]","[7, 0]",7,1.5502,0.125,0,241.0,piece_count,2,midgame,False,0.0,0.0,False
3,42,0,"[[2, 5], [1, 4]]","[1, 4]",18,5.6906,0.55,0,260.0,piece_count,2,midgame,False,0.0,0.0,False
3,43,1,"[[2, 7], [3, 6]]","[3, 6]",21,5.7805,0.6719,0,260.0,piece_count,2,midgame,False,0.0,0.0,False
3,44,0,"[[1, 4], [0, 3]]","[0, 3]",18,4.2622,0.55,0,260.0,piece_count,2,midgame,False,0.0,0.0,False
3,45,1,"[[3, 0], [4, 1]]","[4, 1]",20,4.8323,0.6875,0,260.0,piece_count,2,midgame,True,143.0,143.0,True
3,46,0,"[[0, 3], [1, 2]]","[1, 2]",16,3.7677,0.5,0,261.0,piece_count,2,midgame,False,0.0,0.0,False
3,47,1,"[[2, 1], [3, 0]]","[3, 0]",22,5.5676,0.6562,0,261.0,piece_count,2,midgame,False,0.0,0.0,True
3,48,0,"[[1, 2], [0, 1]]","[0, 1]",19,4.426,0.6042,0,261.0,piece_count,2,midgame,False,0.0,0.0,True
3,49,1,"[[3, 6], [4, 7]]","[4, 7]",18,4.3848,0.6786,0,261.0,piece_count,2,midgame,False,0.0,0.0,True
3,50,0,"[[0, 1], [1, 0]]","[1, 0]",15,4.1399,0.5312,0,291.0,piece_count,2,endgame,True,0,0.0,True
3,51,1,"[[4, 1], [5, 2]]","[5, 2]",19,2.5861,0.6607,0,291.0,piece_count,2,endgame,False,0.0,0.0,True
3,52,0,"[[1, 0], [0, 1]]","[0, 1]",19,2.589,0.525,0,317.0,piece_count,2,endgame,False,0.0,0.0,False
3,53,1,"[[3, 0], [4, 1]]","[4, 1]",22,4.6465,0.6944,0,317.0,piece_count,2,endgame,False,0.0,0.0,True
3,54,0,"[[0, 1], [1, 0]]","[1, 0]",15,3.5546,0.5312,0,318.0,piece_count,2,endgame,False,0.0,0.0,True
3,55,1,"[[4, 5], [5, 6]]","[5, 6]",18,3.5846,0.6786,0,318.0,piece_count,2,endgame,True,100.0,0.0,True
3,56,0,"[[1, 0], [0, 1]]","[0, 1]",15,1.9419,0.5312,0,418.0,piece_count,2,endgame,False,0.0,0.0,False
3,57,1,"[[5, 2], [6, 1]]","[6, 1]",18,2.9669,0.6786,0,418.0,piece_count,2,endgame,False,0.0,0.0,True
3,58,0,"[[0, 1], [1, 0]]","[1, 0]",26,3.438,0.1875,0,418.0,piece_count,2,endgame,False,0.0,0.0,True
3,59,1,"[[6, 1], [7, 2]]","[7, 2]",22,6.0186,0.6071,0,418.0,piece_count,2,endgame,False,0.0,0.0,False
3,60,0,"[[1, 0], [0, 1]]","[0, 1]",17,2.717,0.4688,0,444.0,piece_count,2,endgame,True,0,0.0,False
3,61,1,"[[4, 1], [5, 2]]","[5, 2]",23,5.6121,0.6806,0,444.0,piece_count,2,endgame,False,0.0,0.0,True
3,62,0,"[[0, 1], [1, 0]]","[1, 0]",20,3.4156,0.5,0,460.0,piece_count,2,endgame,False,0.0,0.0,True
3,63,1,"[[5, 2], [6, 1]]","[6, 1]",25,4.4639,0.6875,0,460.0,piece_count,2,endgame,False,0.0,0.0,True
3,64,0,"[[1, 0], [0, 1]]","[0, 1]",17,2.1994,0.575,0,460.0,piece_count,2,endgame,False,0.0,0.0,False
3,65,1,"[[4, 3], [5, 2]]","[5, 2]",19,5.4564,0.6607,0,460.0,piece_count,2,endgame,True,0.0,0.0,True
3,66,0,"[[0, 1], [1, 0]]","[1, 0]",18,2.3355,0.55,0,460.0,piece_count,2,endgame,False,0.0,0.0,True
3,67,1,"[[3, 2], [4, 3]]","[4, 3]",21,5.1262,0.6719,0,460.0,piece_count,2,endgame,False,0.0,0.0,False
3,68,0,"[[1, 0], [0, 1]]","[0, 1]",16,3.7763,0.6,0,604.0,piece_count,2,endgame,False,0.0,0.0,False
3,69,1,"[[5, 2], [6, 3]]","[6, 3]",17,4.3423,0.6458,0,604.0,piece_count,2,endgame,False,0.0,0.0,False
3,70,0,"[[0, 1], [1, 0]]","[1, 0]",26,22.9614,0.35,0,725.0,piece_count,2,endgame,False,0,0.0,True
3,71,1,"[[6, 3], [7, 4]]","[7, 4]",19,4.5595,0.525,0,725.0,piece_count,2,endgame,False,0.0,0.0,True
3,72,0,"[[1, 0], [0, 1]]","[0, 1]",18,2.3465,0.55,0,725.0,piece_count,2,endgame,False,0.0,0.0,False
3,73,1,"[[4, 3], [5, 2]]","[5, 2]",21,3.3343,0.6719,0,725.0,piece_count,2,endgame,False,0.0,0.0,True
3,74,0,"[[0, 1], [1, 0]]","[1, 0]",18,9.6114,0.55,0,725.0,piece_count,2,endgame,False,0.0,0.0,True
3,75,1,"[[5, 2], [6, 3]]","[6, 3]",21,5.6334,0.6719,0,725.0,piece_count,2,endgame,True,144.0,0.0,False
3,76,0,"[[1, 0], [0, 1]]","[0, 1]",14,3.8586,0.65,0,869.0,piece_count,2,endgame,False,0.0,0.0,False
3,77,1,"[[5, 6], [6, 5]]","[6, 5]",12,26.6144,0.625,0,869.0,piece_count,2,endgame,False,0.0,0.0,True
3,78,0,"[[0, 1], [1, 0]]","[1, 0]",9,2.2659,0.7188,0,869.0,piece_count,2,endgame,False,0.0,0.0,True
3,79,1,"[[4, 7], [5, 6]]","[5, 6]",6,1.3039,0.25,0,869.0,piece_count,2,endgame,False,0.0,0.0,False
3,80,0,"[[1, 0], [0, 1]]","[0, 1]",9,2.0251,0.7188,0,869.0,piece_count,2,endgame,False,0,0.0,False
3,81,1,"[[5, 6], [6, 7]]","[6, 7]",5,1.1256,0.375,0,869.0,piece_count,2,endgame,False,0.0,0.0,False
3,82,0,"[[0, 1], [1, 0]]","[1, 0]",4,0.8607,0.8333,0,899.0,piece_count,2,endgame,False,0.0,0.0,True
4,0,0,"[[6, 1], [5, 0]]","[5, 0]",21,7.2088,0.625,0,0,piece_count,2,opening,False,0,0.0,False
4,1,1,"[[1, 0], [2, 1]]","[2, 1]",22,9.5284,0.6071,0,0,piece_count,2,opening,False,0.0,0.0,True
4,2,0,"[[5, 0], [4, 1]]","[4, 1]",24,8.0087,0.625,0,1.0,piece_count,2,opening,False,0.0,0.0,False
4,3,1,"[[0, 1], [1, 0]]","[1, 0]",25,8.6849,0.6094,0,1.0,piece_count,2,opening,False,0.0,0.0,True
4,4,0,"[[4, 1], [3, 0]]","[3, 0]",24,12.1093,0.6667,0,1.0,piece_count,2,opening,False,0.0,0.0,False
4,5,1,"[[1, 4], [2, 3]]","[2, 3]",19,5.8217,0.6042,0,1.0,piece_count,2,opening,False,0.0,0.0,True
4,6,0,"[[6, 3], [5, 2]]","[5, 2]",21,6.4867,0.625,0,1.0,piece_count,2,opening,False,0.0,0.0,False
4,7,1,"[[0, 3], [1, 4]]","[1, 4]",23,7.0438,0.5893,0,1.0,piece_count,2,opening,False,0.0,0.0,True
4,8,0,"[[5, 2], [4, 1]]","[4, 1]",24,7.458,0.6667,0,1.0,piece_count,2,opening,False,0.0,0.0,False
4,9,1,"[[1, 4], [2, 5]]","[2, 5]",20,6.0842,0.5833,0,1.0,piece_count,2,opening,False,0.0,0.0,True
4,10,0,"[[6, 5], [5, 4]]","[5, 4]",24,7.4024,0.625,0,1.0,piece_count,2,opening,True,0,0.0,False
4,11,1,"[[0, 5], [1, 4]]","[1, 4]",24,7.4384,0.5714,0,1.0,piece_count,2,opening,False,0.0,0.0,True
4,12,0,"[[5, 4], [4, 3]]","[4, 3]",27,7.2556,0.6625,0,1.0,piece_count,2,opening,False,0.0,0.0,False
4,13,1,"[[1, 6], [2, 7]]","[2, 7]",22,5.085,0.5417,0,1.0,piece_count,2,opening,False,0.0,0.0,True
4,14,0,"[[6, 7], [5, 6]]","[5, 6]",27,4.5769,0.6625,0,31.0,piece_count,2,opening,False,0.0,0.0,False
4,15,1,"[[0, 7], [1, 6]]","[1, 6]",26,4.8676,0.5357,0,31.0,piece_count,2,opening,True,0.0,0.0,True
4,16,0,"[[5, 6], [4, 5]]","[4, 5]",30,4.9932,0.6875,0,31.0,piece_count,2,opening,False,0.0,0.0,False
4,17,1,"[[2, 5], [3, 6]]","[3, 6]",24,3.9303,0.5,0,31.0,piece_count,2,opening,False,0.0,0.0,False
4,18,0,"[[4, 1], [3, 2]]","[3, 2]",25,7.4024,0.7159,0,112.0,piece_count,2,opening,False,0.0,0.0,False
4,19,1,"[[3, 6], [5, 4]]","[5, 4]",21,6.0265,0.0,0,112.0,piece_count,2,opening,False,0.0,0.0,False
4,20,0,"[[7, 0], [6, 1]]","[6, 1]",19,5.301,0.7031,0,139.0,piece_count,2,midgame,True,0,0.0,False
4,21,1,"[[2, 3], [4, 1]]","[4, 1]",11,2.9695,0.0,0,139.0,piece_count,2,midgame,False,0.0,0.0,False
4,22,0,"[[4, 3], [3, 4]]","[3, 4]",28,7.654,0.6111,0,153.0,piece_count,2,midgame,False,0.0,0.0,False
4,23,1,"[[1, 4], [2, 3]]","[2, 3]",29,7.9296,0.6375,0,153.0,piece_count,2,midgame,False,0.0,0.0,True
4,24,0,"[[3, 4], [2, 5]]","[2, 5]",17,4.4301,0.7344,0,153.0,piece_count,2,midgame,False,0.0,0.0,False
4,25,1,"[[1, 6], [3, 4]]","[3, 4]",9,2.2991,0.0,0,153.0,piece_count,2,midgame,True,22.0,0.0,False
4,26,0,"[[6, 1], [5, 0]]","[5, 0]",22,5.208,0.6071,0,175.0,piece_count,2,midgame,False,0.0,0.0,False
4,27,1,"[[2, 1], [3, 2]]","[3, 2]",23,3.3865,0.6406,0,175.0,piece_count,2,midgame,False,0.0,0.0,False
4,28,0,"[[3, 0], [2, 1]]","[2, 1]",15,2.1298,0.7321,0,199.0,piece_count,2,midgame,False,0.0,0.0,False
4,29,1,"[[1, 2], [3, 0]]","[3, 0]",8,1.0712,0.0,0,199.0,piece_count,2,midgame,False,0.0,0.0,False
4,30,0,"[[7, 2], [6, 1]]","[6, 1]",20,2.7366,0.5833,0,212.0,piece_count,2,midgame,True,0,0.0,False
4,31,1,"[[1, 0], [2, 1]]","[2, 1]",21,4.9779,0.6719,0,212.0,piece_count,2,midgame,False,0.0,0.0,True
4,32,0,"[[7, 4], [6, 5]]","[6, 5]",16,3.8574,0.6,0,213.0,piece_count,2,midgame,False,0.0,0.0,False
4,33,1,"[[3, 4], [4, 3]]","[4, 3]",15,3.6576,0.6875,0,213.0,piece_count,2,midgame,False,0.0,0.0,True
4,34,0,"[[6, 5], [5, 6]]","[5, 6]",13,3.1142,0.4583,0,213.0,piece_count,2,midgame,False,0.0,0.0,False
4,35,1,"[[2, 3], [3, 4]]","[3, 4]",17,4.2009,0.6458,0,213.0,piece_count,2,midgame,True,0.0,0.0,True
4,36,0,"[[5, 6], [4, 7]]","[4, 7]",16,3.8705,0.6,0,213.0,piece_count,2,midgame,False,0.0,0.0,False
4,37,1,"[[3, 4], [4, 5]]","[4, 5]",16,2.7871,0.6667,0,213.0,piece_count,2,midgame,False,0.0,0.0,False
4,38,0,"[[4, 7], [3, 6]]","[3, 6]",13,1.7135,0.5938,0,213.0,piece_count,2,midgame,False,0.0,0.0,False
4,39,1,"[[4, 1], [5, 2]]","[5, 2]",14,1.8742,0.65,0,213.0,piece_count,2,midgame,False,0.0,0.0,True
4,40,0,"[[3, 6], [2, 5]]","[2, 5]",9,1.1368,0.7188,0,241.0,piece_count,2,midgame,True,0,0.0,False
4,41,1,"[[5, 2], [7, 0]]","[7, 0]",7,0.8774,0.125,0,241.0,piece_count,2,midgame,False,0.0,0.0,False
4,42,0,"[[2, 5], [1, 4]]","[1, 4]",18,2.305,0.55,0,260.0,piece_count,2,midgame,False,0.0,0.0,False
4,43,1,"[[2, 7], [3, 6]]","[3, 6]",21,4.7905,0.6719,0,260.0,piece_count,2,midgame,False,0.0,0.0,False
4,44,0,"[[1, 4], [0, 3]]","[0, 3]",18,4.2379,0.55,0,260.0,piece_count,2,midgame,False,0.0,0.0,False
4,45,1,"[[3, 0], [4, 1]]","[4, 1]",20,4.9968,0.6875,0,260.0,piece_count,2,midgame,True,143.0,143.0,True
4,46,0,"[[0, 3], [1, 2]]","[1, 2]",16,3.8455,0.5,0,261.0,piece_count,2,midgame,False,0.0,0.0,False
4,47,1,"[[2, 1], [3, 0]]","[3, 0]",22,5.0139,0.6562,0,261.0,piece_count,2,midgame,False,0.0,0.0,True
4,48,0,"[[1, 2], [0, 1]]","[0, 1]",19,3.9978,0.6042,0,261.0,piece_count,2,midgame,False,0.0,0.0,True
4,49,1,"[[3, 6], [4, 7]]","[4, 7]",18,2.4028,0.6786,0,261.0,piece_count,2,midgame,False,0.0,0.0,True
4,50,0,"[[0, 1], [1, 0]]","[1, 0]",15,1.9431,0.5312,0,291.0,piece_count,2,endgame,True,0,0.0,True
4,51,1,"[[4, 1], [5, 2]]","[5, 2]",19,2.5389,0.6607,0,291.0,piece_count,2,endgame,False,0.0,0.0,True
4,52,0,"[[1, 0], [0, 1]]","[0, 1]",19,2.4664,0.525,0,317.0,piece_count,2,endgame,False,0.0,0.0,False
4,53,1,"[[3, 0], [4, 1]]","[4, 1]",22,4.6554,0.6944,0,317.0,piece_count,2,endgame,False,0.0,0.0,True
4,54,0,"[[0, 1], [1, 0]]","[1, 0]",15,3.5057,0.5312,0,318.0,piece_count,2,endgame,False,0.0,0.0,True
4,55,1,"[[4, 5], [5, 6]]","[5, 6]",18,4.3733,0.6786,0,318.0,piece_count,2,endgame,True,100.0,0.0,True
4,56,0,"[[1, 0], [0, 1]]","[0, 1]",15,2.1837,0.5312,0,418.0,piece_count,2,endgame,False,0.0,0.0,False
4,57,1,"[[5, 2], [6, 1]]","[6, 1]",18,2.3687,0.6786,0,418.0,piece_count,2,endgame,False,0.0,0.0,True
4,58,0,"[[0, 1], [1, 0]]","[1, 0]",26,3.3903,0.1875,0,418.0,piece_count,2,endgame,False,0.0,0.0,True
4,59,1,"[[6, 1], [7, 2]]","[7, 2]",22,2.943,0.6071,0,418.0,piece_count,2,endgame,False,0.0,0.0,False
4,60,0,"[[1, 0], [0, 1]]","[0, 1]",17,4.2515,0.4688,0,444.0,piece_count,2,endgame,True,0,0.0,False
4,61,1,"[[4, 1], [5, 2]]","[5, 2]",23,3.808,0.6806,0,444.0,piece_count,2,endgame,False,0.0,0.0,True
4,62,0,"[[0, 1], [1, 0]]","[1, 0]",20,2.5852,0.5,0,460.0,piece_count,2,endgame,False,0.0,0.0,True
4,63,1,"[[5, 2], [6, 1]]","[6, 1]",25,6.0713,0.6875,0,460.0,piece_count,2,endgame,False,0.0,0.0,True
4,64,0,"[[1, 0], [0, 1]]","[0, 1]",17,3.911,0.575,0,460.0,piece_count,2,endgame,False,0.0,0.0,False
4,65,1,"[[4, 3], [5, 2]]","[5, 2]",19,5.1684,0.6607,0,460.0,piece_count,2,endgame,True,0.0,0.0,True
4,66,0,"[[0, 1], [1, 0]]","[1, 0]",18,4.6396,0.55,0,460.0,piece_count,2,endgame,False,0.0,0.0,True
4,67,1,"[[3, 2], [4, 3]]","[4, 3]",21,4.2353,0.6719,0,460.0,piece_count,2,endgame,False,0.0,0.0,False
4,68,0,"[[1, 0], [0, 1]]","[0, 1]",16,4.0257,0.6,0,604.0,piece_count,2,endgame,False,0.0,0.0,False
4,69,1,"[[5, 2], [6, 3]]","[6, 3]",17,4.8549,0.6458,0,604.0,piece_count,2,endgame,False,0.0,0.0,False
4,70,0,"[[0, 1], [1, 0]]","[1, 0]",26,6.4826,0.35,0,725.0,piece_count,2,endgame,False,0,0.0,True
4,71,1,"[[6, 3], [7, 4]]","[7, 4]",19,5.6379,0.525,0,725.0,piece_count,2,endgame,False,0.0,0.0,True
4,72,0,"[[1, 0], [0, 1]]","[0, 1]",18,2.5728,0.55,0,725.0,piece_count,2,endgame,False,0.0,0.0,False
4,73,1,"[[4, 3], [5, 2]]","[5, 2]",21,6.2244,0.6719,0,725.0,piece_count,2,endgame,False,0.0,0.0,True
4,74,0,"[[0, 1], [1, 0]]","[1, 0]",18,5.8341,0.55,0,725.0,piece_count,2,endgame,False,0.0,0.0,True
4,75,1,"[[5, 2], [6, 3]]","[6, 3]",21,8.3733,0.6719,0,725.0,piece_count,2,endgame,True,144.0,0.0,False
4,76,0,"[[1, 0], [0, 1]]","[0, 1]",14,5.6164,0.65,0,869.0,piece_count,2,endgame,False,0.0,0.0,False
4,77,1,"[[5, 6], [6, 5]]","[6, 5]",12,5.3504,0.625,0,869.0,piece_count,2,endgame,False,0.0,0.0,True
4,78,0,"[[0, 1], [1, 0]]","[1, 0]",9,4.2055,0.7188,0,869.0,piece_count,2,endgame,False,0.0,0.0,True
4,79,1,"[[4, 7], [5, 6]]","[5, 6]",6,1.7326,0.25,0,869.0,piece_count,2,endgame,False,0.0,0.0,False
4,80,0,"[[1, 0], [0, 1]]","[0, 1]",9,2.5878,0.7188,0,869.0,piece_count,2,endgame,False,0,0.0,False
4,81,1,"[[5, 6], [6, 7]]","[6, 7]",5,1.2312,0.375,0,869.0,piece_count,2,endgame,False,0.0,0.0,False
4,82,0,"[[0, 1], [1, 0]]","[1, 0]",4,1.055,0.8333,0,899.0,piece_count,2,endgame,False,0.0,0.0,True
5,0,0,"[[6, 1], [5, 0]]","[5, 0]",21,9.8858,0.625,0,0,piece_count,2,opening,False,0,0.0,False
5,1,1,"[[1, 0], [2, 1]]","[2, 1]",22,9.2313,0.6071,0,0,piece_count,2,opening,False,0.0,0.0,True
5,2,0,"[[5, 0], [4, 1]]","[4, 1]",24,8.5547,0.625,0,1.0,piece_count,2,opening,False,0.0,0.0,False
5,3,1,"[[0, 1], [1, 0]]","[1, 0]",25,8.4224,0.6094,0,1.0,piece_count,2,opening,False,0.0,0.0,True
5,4,0,"[[4, 1], [3, 0]]","[3, 0]",24,8.0709,0.6667,0,1.0,piece_count,2,opening,False,0.0,0.0,False
5,5,1,"[[1, 4], [2, 3]]","[2, 3]",19,5.8064,0.6042,0,1.0,piece_count,2,opening,False,0.0,0.0,True
5,6,0,"[[6, 3], [5, 2]]","[5, 2]",21,6.9857,0.625,0,1.0,piece_count,2,opening,False,0.0,0.0,False
5,7,1,"[[0, 3], [1, 4]]","[1, 4]",23,7.6802,0.5893,0,1.0,piece_count,2,opening,False,0.0,0.0,True
5,8,0,"[[5, 2], [4, 1]]","[4, 1]",24,7.5376,0.6667,0,1.0,piece_count,2,opening,False,0.0,0.0,False
5,9,1,"[[1, 4], [2, 5]]","[2, 5]",20,6.2921,0.5833,0,1.0,piece_count,2,opening,False,0.0,0.0,True
5,10,0,"[[6, 5], [5, 4]]","[5, 4]",24,6.0754,0.625,0,1.0,piece_count,2,opening,True,0,0.0,False
5,11,1,"[[0, 5], [1, 4]]","[1, 4]",24,7.1201,0.5714,0,1.0,piece_count,2,opening,False,0.0,0.0,True
5,12,0,"[[5, 4], [4, 3]]","[4, 3]",27,8.0292,0.6625,0,1.0,piece_count,2,opening,False,0.0,0.0,False
5,13,1,"[[1, 6], [2, 7]]","[2, 7]",22,5.7878,0.5417,0,1.0,piece_count,2,opening,False,0.0,0.0,True
5,14,0,"[[6, 7], [5, 6]]","[5, 6]",27,6.582,0.6625,0,31.0,piece_count,2,opening,False,0.0,0.0,False
5,15,1,"[[0, 7], [1, 6]]","[1, 6]",26,6.9497,0.5357,0,31.0,piece_count,2,opening,True,0.0,0.0,True
5,16,0,"[[5, 6], [4, 5]]","[4, 5]",30,9.4609,0.6875,0,31.0,piece_count,2,opening,False,0.0,0.0,False
5,17,1,"[[2, 5], [3, 6]]","[3, 6]",24,7.3526,0.5,0,31.0,piece_count,2,opening,False,0.0,0.0,False
5,18,0,"[[4, 1], [3, 2]]","[3, 2]",25,7.2238,0.7159,0,112.0,piece_count,2,opening,False,0.0,0.0,False
5,19,1,"[[3, 6], [5, 4]]","[5, 4]",21,6.7136,0.0,0,112.0,piece_count,2,opening,False,0.0,0.0,False
5,20,0,"[[7, 0], [6, 1]]","[6, 1]",19,6.0709,0.7031,0,139.0,piece_count,2,midgame,True,0,0.0,False
5,21,1,"[[2, 3], [4, 1]]","[4, 1]",11,3.1798,0.0,0,139.0,piece_count,2,midgame,False,0.0,0.0,False
5,22,0,"[[4, 3], [3, 4]]","[3, 4]",28,8.4951,0.6111,0,153.0,piece_count,2,midgame,False,0.0,0.0,False
5,23,1,"[[1, 4], [2, 3]]","[2, 3]",29,8.6031,0.6375,0,153.0,piece_count,2,midgame,False,0.0,0.0,True
5,24,0,"[[3, 4], [2, 5]]","[2, 5]",17,4.1211,0.7344,0,153.0,piece_count,2,midgame,False,0.0,0.0,False
5,25,1,"[[1, 6], [3, 4]]","[3, 4]",9,1.3525,0.0,0,153.0,piece_count,2,midgame,True,22.0,0.0,False
5,26,0,"[[6, 1], [5, 0]]","[5, 0]",22,6.3076,0.6071,0,175.0,piece_count,2,midgame,False,0.0,0.0,False
5,27,1,"[[2, 1], [3, 2]]","[3, 2]",23,6.0492,0.6406,0,175.0,piece_count,2,midgame,False,0.0,0.0,False
5,28,0,"[[3, 0], [2, 1]]","[2, 1]",15,4.864,0.7321,0,199.0,piece_count,2,midgame,False,0.0,0.0,False
5,29,1,"[[1, 2], [3, 0]]","[3, 0]",8,2.3386,0.0,0,199.0,piece_count,2,midgame,False,0.0,0.0,False
5,30,0,"[[7, 2], [6, 1]]","[6, 1]",20,4.9839,0.5833,0,212.0,piece_count,2,midgame,True,0,0.0,False
5,31,1,"[[1, 0], [2, 1]]","[2, 1]",21,5.177,0.6719,0,212.0,piece_count,2,midgame,False,0.0,0.0,True
5,32,0,"[[7, 4], [6, 5]]","[6, 5]",16,4.0627,0.6,0,213.0,piece_count,2,midgame,False,0.0,0.0,False
5,33,1,"[[3, 4], [4, 3]]","[4, 3]",15,4.7441,0.6875,0,213.0,piece_count,2,midgame,False,0.0,0.0,True
5,34,0,"[[6, 5], [5, 6]]","[5, 6]",13,5.3513,0.4583,0,213.0,piece_count,2,midgame,False,0.0,0.0,False
5,35,1,"[[2, 3], [3, 4]]","[3, 4]",17,6.3055,0.6458,0,213.0,piece_count,2,midgame,True,0.0,0.0,True
5,36,0,"[[5, 6], [4, 7]]","[4, 7]",16,4.2853,0.6,0,213.0,piece_count,2,midgame,False,0.0,0.0,False
5,37,1,"[[3, 4], [4, 5]]","[4, 5]",16,6.2041,0.6667,0,213.0,piece_count,2,midgame,False,0.0,0.0,False
5,38,0,"[[4, 7], [3, 6]]","[3, 6]",13,3.6318,0.5938,0,213.0,piece_count,2,midgame,False,0.0,0.0,False
5,39,1,"[[4, 1], [5, 2]]","[5, 2]",14,3.5105,0.65,0,213.0,piece_count,2,midgame,False,0.0,0.0,True
5,40,0,"[[3, 6], [2, 5]]","[2, 5]",9,1.5829,0.7188,0,241.0,piece_count,2,midgame,True,0,0.0,False
5,41,1,"[[5, 2], [7, 0]]","[7, 0]",7,1.6625,0.125,0,241.0,piece_count,2,midgame,False,0.0,0.0,False
5,42,0,"[[2, 5], [1, 4]]","[1, 4]",18,3.6888,0.55,0,260.0,piece_count,2,midgame,False,0.0,0.0,False
5,43,1,"[[2, 7], [3, 6]]","[3, 6]",21,5.2223,0.6719,0,260.0,piece_count,2,midgame,False,0.0,0.0,False
5,44,0,"[[1, 4], [0, 3]]","[0, 3]",18,3.2079,0.55,0,260.0,piece_count,2,midgame,False,0.0,0.0,False
5,45,1,"[[3, 0], [4, 1]]","[4, 1]",20,5.1708,0.6875,0,260.0,piece_count,2,midgame,True,143.0,143.0,True
5,46,0,"[[0, 3], [1, 2]]","[1, 2]",16,3.6318,0.5,0,261.0,piece_count,2,midgame,False,0.0,0.0,False
5,47,1,"[[2, 1], [3, 0]]","[3, 0]",22,5.6787,0.6562,0,261.0,piece_count,2,midgame,False,0.0,0.0,True
5,48,0,"[[1, 2], [0, 1]]","[0, 1]",19,4.1196,0.6042,0,261.0,piece_count,2,midgame,False,0.0,0.0,True
5,49,1,"[[3, 6], [4, 7]]","[4, 7]",18,4.2717,0.6786,0,261.0,piece_count,2,midgame,False,0.0,0.0,True
5,50,0,"[[0, 1], [1, 0]]","[1, 0]",15,3.0894,0.5312,0,291.0,piece_count,2,endgame,True,0,0.0,True
5,51,1,"[[4, 1], [5, 2]]","[5, 2]",19,4.5912,0.6607,0,291.0,piece_count,2,endgame,False,0.0,0.0,True
5,52,0,"[[1, 0], [0, 1]]","[0, 1]",19,4.4117,0.525,0,317.0,piece_count,2,endgame,False,0.0,0.0,False
5,53,1,"[[3, 0], [4, 1]]","[4, 1]",22,6.2284,0.6944,0,317.0,piece_count,2,endgame,False,0.0,0.0,True
5,54,0,"[[0, 1], [1, 0]]","[1, 0]",15,3.566,0.5312,0,318.0,piece_count,2,endgame,False,0.0,0.0,True
5,55,1,"[[4, 5], [5, 6]]","[5, 6]",18,4.6239,0.6786,0,318.0,piece_count,2,endgame,True,100.0,0.0,True
5,56,0,"[[1, 0], [0, 1]]","[0, 1]",15,3.8674,0.5312,0,418.0,piece_count,2,endgame,False,0.0,0.0,False
5,57,1,"[[5, 2], [6, 1]]","[6, 1]",18,4.627,0.6786,0,418.0,piece_count,2,endgame,False,0.0,0.0,True
5,58,0,"[[0, 1], [1, 0]]","[1, 0]",26,6.8722,0.1875,0,418.0,piece_count,2,endgame,False,0.0,0.0,True
5,59,1,"[[6, 1], [7, 2]]","[7, 2]",22,6.402,0.6071,0,418.0,piece_count,2,endgame,False,0.0,0.0,False
5,60,0,"[[1, 0], [0, 1]]","[0, 1]",17,4.389,0.4688,0,444.0,piece_count,2,endgame,True,0,0.0,False
5,61,1,"[[4, 1], [5, 2]]","[5, 2]",23,5.3902,0.6806,0,444.0,piece_count,2,endgame,False,0.0,0.0,True
5,62,0,"[[0, 1], [1, 0]]","[1, 0]",20,4.3676,0.5,0,460.0,piece_count,2,endgame,False,0.0,0.0,True
5,63,1,"[[5, 2], [6, 1]]","[6, 1]",25,8.8673,0.6875,0,460.0,piece_count,2,endgame,False,0.0,0.0,True
5,64,0,"[[1, 0], [0, 1]]","[0, 1]",17,4.364,0.575,0,460.0,piece_count,2,endgame,False,0.0,0.0,False
5,65,1,"[[4, 3], [5, 2]]","[5, 2]",19,5.0137,0.6607,0,460.0,piece_count,2,endgame,True,0.0,0.0,True
5,66,0,"[[0, 1], [1, 0]]","[1, 0]",18,4.2236,0.55,0,460.0,piece_count,2,endgame,False,0.0,0.0,True
5,67,1,"[[3, 2], [4, 3]]","[4, 3]",21,4.9102,0.6719,0,460.0,piece_count,2,endgame,False,0.0,0.0,False
5,68,0,"[[1, 0], [0, 1]]","[0, 1]",16,5.0478,0.6,0,604.0,piece_count,2,endgame,False,0.0,0.0,False
5,69,1,"[[5, 2], [6, 3]]","[6, 3]",17,3.8588,0.6458,0,604.0,piece_count,2,endgame,False,0.0,0.0,False
5,70,0,"[[0, 1], [1, 0]]","[1, 0]",26,5.9347,0.35,0,725.0,piece_count,2,endgame,False,0,0.0,True
5,71,1,"[[6, 3], [7, 4]]","[7, 4]",19,5.3051,0.525,0,725.0,piece_count,2,endgame,False,0.0,0.0,True
5,72,0,"[[1, 0], [0, 1]]","[0, 1]",18,2.5277,0.55,0,725.0,piece_count,2,endgame,False,0.0,0.0,False
5,73,1,"[[4, 3], [5, 2]]","[5, 2]",21,3.6888,0.6719,0,725.0,piece_count,2,endgame,False,0.0,0.0,True
5,74,0,"[[0, 1], [1, 0]]","[1, 0]",18,4.6718,0.55,0,725.0,piece_count,2,endgame,False,0.0,0.0,True
5,75,1,"[[5, 2], [6, 3]]","[6, 3]",21,5.363,0.6719,0,725.0,piece_count,2,endgame,True,144.0,0.0,False
5,76,0,"[[1, 0], [0, 1]]","[0, 1]",14,3.7723,0.65,0,869.0,piece_count,2,endgame,False,0.0,0.0,False
5,77,1,"[[5, 6], [6, 5]]","[6, 5]",12,4.9162,0.625,0,869.0,piece_count,2,endgame,False,0.0,0.0,True
5,78,0,"[[0, 1], [1, 0]]","[1, 0]",9,2.7604,0.7188,0,869.0,piece_count,2,endgame,False,0.0,0.0,True
5,79,1,"[[4, 7], [5, 6]]","[5, 6]",6,2.3482,0.25,0,869.0,piece_count,2,endgame,False,0.0,0.0,False
5,80,0,"[[1, 0], [0, 1]]","[0, 1]",9,7.8242,0.7188,0,869.0,piece_count,2,endgame,False,0,0.0,False
5,81,1,"[[5, 6], [6, 7]]","[6, 7]",5,1.7636,0.375,0,869.0,piece_count,2,endgame,False,0.0,0.0,False
5,82,0,"[[0, 1], [1, 0]]","[1, 0]",4,1.0037,0.8333,0,899.0,piece_count,2,endgame,False,0.0,0.0,True
6,0,0,"[[6, 1], [5, 0]]","[5, 0]",21,11.1911,0.625,0,0,piece_count,2,opening,False,0,0.0,False
6,1,1,"[[1, 0], [2, 1]]","[2, 1]",22,8.5316,0.6071,0,0,piece_count,2,opening,False,0.0,0.0,True
6,2,0,"[[5, 0], [4, 1]]","[4, 1]",24,8.0922,0.625,0,1.0,piece_count,2,opening,False,0.0,0.0,False
6,3,1,"[[0, 1], [1, 0]]","[1, 0]",25,8.6322,0.6094,0,1.0,piece_count,2,opening,False,0.0,0.0,True
6,4,0,"[[4, 1], [3, 0]]","[3, 0]",24,8.5199,0.6667,0,1.0,piece_count,2,opening,False,0.0,0.0,False
6,5,1,"[[1, 4], [2, 3]]","[2, 3]",19,6.4988,0.6042,0,1.0,piece_count,2,opening,False,0.0,0.0,True
6,6,0,"[[6, 3], [5, 2]]","[5, 2]",21,6.2139,0.625,0,1.0,piece_count,2,opening,False,0.0,0.0,False
6,7,1,"[[0, 3], [1, 4]]","[1, 4]",23,8.1174,0.5893,0,1.0,piece_count,2,opening,False,0.0,0.0,True
6,8,0,"[[5, 2], [4, 1]]","[4, 1]",24,11.6165,0.6667,0,1.0,piece_count,2,opening,False,0.0,0.0,False
6,9,1,"[[1, 4], [2, 5]]","[2, 5]",20,9.8872,0.5833,0,1.0,piece_count,2,opening,False,0.0,0.0,True
6,10,0,"[[6, 5], [5, 4]]","[5, 4]",24,9.8917,0.625,0,1.0,piece_count,2,opening,True,0,0.0,False
6,11,1,"[[0, 5], [1, 4]]","[1, 4]",24,7.581,0.5714,0,1.0,piece_count,2,opening,False,0.0,0.0,True
6,12,0,"[[5, 4], [4, 3]]","[4, 3]",27,9.4669,0.6625,0,1.0,piece_count,2,opening,False,0.0,0.0,False
6,13,1,"[[1, 6], [2, 7]]","[2, 7]",22,7.6218,0.5417,0,1.0,piece_count,2,opening,False,0.0,0.0,True
6,14,0,"[[6, 7], [5, 6]]","[5, 6]",27,6.9957,0.6625,0,31.0,piece_count,2,opening,False,0.0,0.0,False
6,15,1,"[[0, 7], [1, 6]]","[1, 6]",26,8.5511,0.5357,0,31.0,piece_count,2,opening,True,0.0,0.0,True
6,16,0,"[[5, 6], [4, 5]]","[4, 5]",30,8.6269,0.6875,0,31.0,piece_count,2,opening,False,0.0,0.0,False
6,17,1,"[[2, 5], [3, 6]]","[3, 6]",24,7.2534,0.5,0,31.0,piece_count,2,opening,False,0.0,0.0,False
6,18,0,"[[4, 1], [3, 2]]","[3, 2]",25,7.9052,0.7159,0,112.0,piece_count,2,opening,False,0.0,0.0,False
6,19,1,"[[3, 6], [5, 4]]","[5, 4]",21,5.5943,0.0,0,112.0,piece_count,2,opening,False,0.0,0.0,False
6,20,0,"[[7, 0], [6, 1]]","[6, 1]",19,4.6275,0.7031,0,139.0,piece_count,2,midgame,True,0,0.0,False
6,21,1,"[[2, 3], [4, 1]]","[4, 1]",11,4.6353,0.0,0,139.0,piece_count,2,midgame,False,0.0,0.0,False
6,22,0,"[[4, 3], [3, 4]]","[3, 4]",28,7.6909,0.6111,0,153.0,piece_count,2,midgame,False,0.0,0.0,False
6,23,1,"[[1, 4], [2, 3]]","[2, 3]",29,6.474,0.6375,0,153.0,piece_count,2,midgame,False,0.0,0.0,True
6,24,0,"[[3, 4], [2, 5]]","[2, 5]",17,2.9182,0.7344,0,153.0,piece_count,2,midgame,False,0.0,0.0,False
6,25,1,"[[1, 6], [3, 4]]","[3, 4]",9,2.9442,0.0,0,153.0,piece_count,2,midgame,True,22.0,0.0,False
6,26,0,"[[6, 1], [5, 0]]","[5, 0]",22,6.8572,0.6071,0,175.0,piece_count,2,midgame,False,0.0,0.0,False
6,27,1,"[[2, 1], [3, 2]]","[3, 2]",23,7.2079,0.6406,0,175.0,piece_count,2,midgame,False,0.0,0.0,False
6,28,0,"[[3, 0], [2, 1]]","[2, 1]",15,3.8555,0.7321,0,199.0,piece_count,2,midgame,False,0.0,0.0,False
6,29,1,"[[1, 2], [3, 0]]","[3, 0]",8,2.3458,0.0,0,199.0,piece_count,2,midgame,False,0.0,0.0,False
6,30,0,"[[7, 2], [6, 1]]","[6, 1]",20,5.1763,0.5833,0,212.0,piece_count,2,midgame,True,0,0.0,False
6,31,1,"[[1, 0], [2, 1]]","[2, 1]",21,5.8742,0.6719,0,212.0,piece_count,2,midgame,False,0.0,0.0,True
6,32,0,"[[7, 4], [6, 5]]","[6, 5]",16,4.0209,0.6,0,213.0,piece_count,2,midgame,False,0.0,0.0,False
6,33,1,"[[3, 4], [4, 3]]","[4, 3]",15,3.9437,0.6875,0,213.0,piece_count,2,midgame,False,0.0,0.0,True
6,34,0,"[[6, 5], [5, 6]]","[5, 6]",13,1.729,0.4583,0,213.0,piece_count,2,midgame,False,0.0,0.0,False
6,35,1,"[[2, 3], [3, 4]]","[3, 4]",17,3.5264,0.6458,0,213.0,piece_count,2,midgame,True,0.0,0.0,True
6,36,0,"[[5, 6], [4, 7]]","[4, 7]",16,6.1555,0.6,0,213.0,piece_count,2,midgame,False,0.0,0.0,False
6,37,1,"[[3, 4], [4, 5]]","[4, 5]",16,4.4644,0.6667,0,213.0,piece_count,2,midgame,False,0.0,0.0,False
6,38,0,"[[4, 7], [3, 6]]","[3, 6]",13,5.5928,0.5938,0,213.0,piece_count,2,midgame,False,0.0,0.0,False
6,39,1,"[[4, 1], [5, 2]]","[5, 2]",14,3.7913,0.65,0,213.0,piece_count,2,midgame,False,0.0,0.0,True
6,40,0,"[[3, 6], [2, 5]]","[2, 5]",9,1.9498,0.7188,0,241.0,piece_count,2,midgame,True,0,0.0,False
6,41,1,"[[5, 2], [7, 0]]","[7, 0]",7,1.0347,0.125,0,241.0,piece_count,2,midgame,False,0.0,0.0,False
6,42,0,"[[2, 5], [1, 4]]","[1, 4]",18,4.6847,0.55,0,260.0,piece_count,2,midgame,False,0.0,0.0,False
6,43,1,"[[2, 7], [3, 6]]","[3, 6]",21,5.626,0.6719,0,260.0,piece_count,2,midgame,False,0.0,0.0,False
6,44,0,"[[1, 4], [0, 3]]","[0, 3]",18,4.8347,0.55,0,260.0,piece_count,2,midgame,False,0.0,0.0,False
6,45,1,"[[3, 0], [4, 1]]","[4, 1]",20,5.4939,0.6875,0,260.0,piece_count,2,midgame,True,143.0,143.0,True
6,46,0,"[[0, 3], [1, 2]]","[1, 2]",16,4.2737,0.5,0,261.0,piece_count,2,midgame,False,0.0,0.0,False
6,47,1,"[[2, 1], [3, 0]]","[3, 0]",22,21.6393,0.6562,0,261.0,piece_count,2,midgame,False,0.0,0.0,True
6,48,0,"[[1, 2], [0, 1]]","[0, 1]",19,4.8683,0.6042,0,261.0,piece_count,2,midgame,False,0.0,0.0,True
6,49,1,"[[3, 6], [4, 7]]","[4, 7]",18,4.8602,0.6786,0,261.0,piece_count,2,midgame,False,0.0,0.0,True
6,50,0,"[[0, 1], [1, 0]]","[1, 0]",15,3.5083,0.5312,0,291.0,piece_count,2,endgame,True,0,0.0,True
6,51,1,"[[4, 1], [5, 2]]","[5, 2]",19,3.9241,0.6607,0,291.0,piece_count,2,endgame,False,0.0,0.0,True
6,52,0,"[[1, 0], [0, 1]]","[0, 1]",19,4.8664,0.525,0,317.0,piece_count,2,endgame,False,0.0,0.0,False
6,53,1,"[[3, 0], [4, 1]]","[4, 1]",22,4.9415,0.6944,0,317.0,piece_count,2,endgame,False,0.0,0.0,True
6,54,0,"[[0, 1], [1, 0]]","[1, 0]",15,3.7901,0.5312,0,318.0,piece_count,2,endgame,False,0.0,0.0,True
6,55,1,"[[4, 5], [5, 6]]","[5, 6]",18,3.7305,0.6786,0,318.0,piece_count,2,endgame,True,100.0,0.0,True
6,56,0,"[[1, 0], [0, 1]]","[0, 1]",15,3.3598,0.5312,0,418.0,piece_count,2,endgame,False,0.0,0.0,False
6,57,1,"[[5, 2], [6, 1]]","[6, 1]",18,4.8785,0.6786,0,418.0,piece_count,2,endgame,False,0.0,0.0,True
6,58,0,"[[0, 1], [1, 0]]","[1, 0]",26,7.0126,0.1875,0,418.0,piece_count,2,endgame,False,0.0,0.0,True
6,59,1,"[[6, 1], [7, 2]]","[7, 2]",22,5.5671,0.6071,0,418.0,piece_count,2,endgame,False,0.0,0.0,False
6,60,0,"[[1, 0], [0, 1]]","[0, 1]",17,4.3106,0.4688,0,444.0,piece_count,2,endgame,True,0,0.0,False
6,61,1,"[[4, 1], [5, 2]]","[5, 2]",23,5.3861,0.6806,0,444.0,piece_count,2,endgame,False,0.0,0.0,True
6,62,0,"[[0, 1], [1, 0]]","[1, 0]",20,5.4131,0.5,0,460.0,piece_count,2,endgame,False,0.0,0.0,True
6,63,1,"[[5, 2], [6, 1]]","[6, 1]",25,6.5236,0.6875,0,460.0,piece_count,2,endgame,False,0.0,0.0,True
6,64,0,"[[1, 0], [0, 1]]","[0, 1]",17,3.6321,0.575,0,460.0,piece_count,2,endgame,False,0.0,0.0,False
6,65,1,"[[4, 3], [5, 2]]","[5, 2]",19,5.2423,0.6607,0,460.0,piece_count,2,endgame,True,0.0,0.0,True
6,66,0,"[[0, 1], [1, 0]]","[1, 0]",18,4.7934,0.55,0,460.0,piece_count,2,endgame,False,0.0,0.0,True
6,67,1,"[[3, 2], [4, 3]]","[4, 3]",21,5.5065,0.6719,0,460.0,piece_count,2,endgame,False,0.0,0.0,False
6,68,0,"[[1, 0], [0, 1]]","[0, 1]",16,3.7267,0.6,0,604.0,piece_count,2,endgame,False,0.0,0.0,False
6,69,1,"[[5, 2], [6, 3]]","[6, 3]",17,3.2585,0.6458,0,604.0,piece_count,2,endgame,False,0.0,0.0,False
6,70,0,"[[0, 1], [1, 0]]","[1, 0]",26,4.7169,0.35,0,725.0,piece_count,2,endgame,False,0,0.0,True
6,71,1,"[[6, 3], [7, 4]]","[7, 4]",19,4.2796,0.525,0,725.0,piece_count,2,endgame,False,0.0,0.0,True
6,72,0,"[[1, 0], [0, 1]]","[0, 1]",18,3.4003,0.55,0,725.0,piece_count,2,endgame,False,0.0,0.0,False
6,73,1,"[[4, 3], [5, 2]]","[5, 2]",21,5.4595,0.6719,0,725.0,piece_count,2,endgame,False,0.0,0.0,True
6,74,0,"[[0, 1], [1, 0]]","[1, 0]",18,4.653,0.55,0,725.0,piece_count,2,endgame,False,0.0,0.0,True
6,75,1,"[[5, 2], [6, 3]]","[6, 3]",21,5.6007,0.6719,0,725.0,piece_count,2,endgame,True,144.0,0.0,False
6,76,0,"[[1, 0], [0, 1]]","[0, 1]",14,2.5399,0.65,0,869.0,piece_count,2,endgame,False,0.0,0.0,False
6,77,1,"[[5, 6], [6, 5]]","[6, 5]",12,2.912,0.625,0,869.0,piece_count,2,endgame,False,0.0,0.0,True
6,78,0,"[[0, 1], [1, 0]]","[1, 0]",9,1.8492,0.7188,0,869.0,piece_count,2,endgame,False,0.0,0.0,True
6,79,1,"[[4, 7], [5, 6]]","[5, 6]",6,1.5278,0.25,0,869.0,piece_count,2,endgame,False,0.0,0.0,False
6,80,0,"[[1, 0], [0, 1]]","[0, 1]",9,2.0351,0.7188,0,869.0,piece_count,2,endgame,False,0,0.0,False
6,81,1,"[[5, 6], [6, 7]]","[6, 7]",5,1.0397,0.375,0,869.0,piece_count,2,endgame,False,0.0,0.0,False
6,82,0,"[[0, 1], [1, 0]]","[1, 0]",4,0.9797,0.8333,0,899.0,piece_count,2,endgame,False,0.0,0.0,True
7,0,0,"[[6, 1], [5, 0]]","[5, 0]",21,7.3647,0.625,0,0,piece_count,2,opening,False,0,0.0,False
7,1,1,"[[1, 0], [2, 1]]","[2, 1]",22,6.7518,0.6071,0,0,piece_count,2,opening,False,0.0,0.0,True
7,2,0,"[[5, 0], [4, 1]]","[4, 1]",24,7.9062,0.625,0,1.0,piece_count,2,opening,False,0.0,0.0,False
7,3,1,"[[0, 1], [1, 0]]","[1, 0]",25,7.5123,0.6094,0,1.0,piece_count,2,opening,False,0.0,0.0,True
7,4,0,"[[4, 1], [3, 0]]","[3, 0]",24,10.4184,0.6667,0,1.0,piece_count,2,opening,False,0.0,0.0,False
7,5,1,"[[1, 4], [2, 3]]","[2, 3]",19,5.4066,0.6042,0,1.0,piece_count,2,opening,False,0.0,0.0,True
7,6,0,"[[6, 3], [5, 2]]","[5, 2]",21,6.489,0.625,0,1.0,piece_count,2,opening,False,0.0,0.0,False
7,7,1,"[[0, 3], [1, 4]]","[1, 4]",23,7.2932,0.5893,0,1.0,piece_count,2,opening,False,0.0,0.0,True
7,8,0,"[[5, 2], [4, 1]]","[4, 1]",24,8.5189,0.6667,0,1.0,piece_count,2,opening,False,0.0,0.0,False
7,9,1,"[[1, 4], [2, 5]]","[2, 5]",20,6.3517,0.5833,0,1.0,piece_count,2,opening,False,0.0,0.0,True
7,10,0,"[[6, 5], [5, 4]]","[5, 4]",24,7.7999,0.625,0,1.0,piece_count,2,opening,True,0,0.0,False
7,11,1,"[[0, 5], [1, 4]]","[1, 4]",24,8.0557,0.5714,0,1.0,piece_count,2,opening,False,0.0,0.0,True
7,12,0,"[[5, 4], [4, 3]]","[4, 3]",27,9.1646,0.6625,0,1.0,piece_count,2,opening,False,0.0,0.0,False
7,13,1,"[[1, 6], [2, 7]]","[2, 7]",22,7.5078,0.5417,0,1.0,piece_count,2,opening,False,0.0,0.0,True
7,14,0,"[[6, 7], [5, 6]]","[5, 6]",27,9.6989,0.6625,0,31.0,piece_count,2,opening,False,0.0,0.0,False
7,15,1,"[[0, 7], [1, 6]]","[1, 6]",26,8.9231,0.5357,0,31.0,piece_count,2,opening,True,0.0,0.0,True
7,16,0,"[[5, 6], [4, 5]]","[4, 5]",30,9.8536,0.6875,0,31.0,piece_count,2,opening,False,0.0,0.0,False
7,17,1,"[[2, 5], [3, 6]]","[3, 6]",24,7.9334,0.5,0,31.0,piece_count,2,opening,False,0.0,0.0,False
7,18,0,"[[4, 1], [3, 2]]","[3, 2]",25,7.7531,0.7159,0,112.0,piece_count,2,opening,False,0.0,0.0,False
7,19,1,"[[3, 6], [5, 4]]","[5, 4]",21,6.2349,0.0,0,112.0,piece_count,2,opening,False,0.0,0.0,False
7,20,0,"[[7, 0], [6, 1]]","[6, 1]",19,4.8716,0.7031,0,139.0,piece_count,2,midgame,True,0,0.0,False
7,21,1,"[[2, 3], [4, 1]]","[4, 1]",11,3.5362,0.0,0,139.0,piece_count,2,midgame,False,0.0,0.0,False
7,22,0,"[[4, 3], [3, 4]]","[3, 4]",28,6.1047,0.6111,0,153.0,piece_count,2,midgame,False,0.0,0.0,False
7,23,1,"[[1, 4], [2, 3]]","[2, 3]",29,9.2008,0.6375,0,153.0,piece_count,2,midgame,False,0.0,0.0,True
7,24,0,"[[3, 4], [2, 5]]","[2, 5]",17,4.389,0.7344,0,153.0,piece_count,2,midgame,False,0.0,0.0,False
7,25,1,"[[1, 6], [3, 4]]","[3, 4]",9,2.5415,0.0,0,153.0,piece_count,2,midgame,True,22.0,0.0,False
7,26,0,"[[6, 1], [5, 0]]","[5, 0]",22,6.0084,0.6071,0,175.0,piece_count,2,midgame,False,0.0,0.0,False
7,27,1,"[[2, 1], [3, 2]]","[3, 2]",23,6.4919,0.6406,0,175.0,piece_count,2,midgame,False,0.0,0.0,False
7,28,0,"[[3, 0], [2, 1]]","[2, 1]",15,4.2965,0.7321,0,199.0,piece_count,2,midgame,False,0.0,0.0,False
7,29,1,"[[1, 2], [3, 0]]","[3, 0]",8,2.4779,0.0,0,199.0,piece_count,2,midgame,False,0.0,0.0,False
7,30,0,"[[7, 2], [6, 1]]","[6, 1]",20,6.037,0.5833,0,212.0,piece_count,2,midgame,True,0,0.0,False
7,31,1,"[[1, 0], [2, 1]]","[2, 1]",21,7.349,0.6719,0,212.0,piece_count,2,midgame,False,0.0,0.0,True
7,32,0,"[[7, 4], [6, 5]]","[6, 5]",16,4.6608,0.6,0,213.0,piece_count,2,midgame,False,0.0,0.0,False
7,33,1,"[[3, 4], [4, 3]]","[4, 3]",15,3.0191,0.6875,0,213.0,piece_count,2,midgame,False,0.0,0.0,True
7,34,0,"[[6, 5], [5, 6]]","[5, 6]",13,3.6998,0.4583,0,213.0,piece_count,2,midgame,False,0.0,0.0,False
7,35,1,"[[2, 3], [3, 4]]","[3, 4]",17,4.4515,0.6458,0,213.0,piece_count,2,midgame,True,0.0,0.0,True
7,36,0,"[[5, 6], [4, 7]]","[4, 7]",16,4.7524,0.6,0,213.0,piece_count,2,midgame,False,0.0,0.0,False
7,37,1,"[[3, 4], [4, 5]]","[4, 5]",16,5.4095,0.6667,0,213.0,piece_count,2,midgame,False,0.0,0.0,False
7,38,0,"[[4, 7], [3, 6]]","[3, 6]",13,4.0412,0.5938,0,213.0,piece_count,2,midgame,False,0.0,0.0,False
7,39,1,"[[4, 1], [5, 2]]","[5, 2]",14,6.634,0.65,0,213.0,piece_count,2,midgame,False,0.0,0.0,True
7,40,0,"[[3, 6], [2, 5]]","[2, 5]",9,2.3401,0.7188,0,241.0,piece_count,2,midgame,True,0,0.0,False
7,41,1,"[[5, 2], [7, 0]]","[7, 0]",7,2.1513,0.125,0,241.0,piece_count,2,midgame,False,0.0,0.0,False
7,42,0,"[[2, 5], [1, 4]]","[1, 4]",18,6.9258,0.55,0,260.0,piece_count,2,midgame,False,0.0,0.0,False
7,43,1,"[[2, 7], [3, 6]]","[3, 6]",21,7.9665,0.6719,0,260.0,piece_count,2,midgame,False,0.0,0.0,False
7,44,0,"[[1, 4], [0, 3]]","[0, 3]",18,6.427,0.55,0,260.0,piece_count,2,midgame,False,0.0,0.0,False
7,45,1,"[[3, 0], [4, 1]]","[4, 1]",20,7.4239,0.6875,0,260.0,piece_count,2,midgame,True,143.0,143.0,True
7,46,0,"[[0, 3], [1, 2]]","[1, 2]",16,5.964,0.5,0,261.0,piece_count,2,midgame,False,0.0,0.0,False
7,47,1,"[[2, 1], [3, 0]]","[3, 0]",22,7.6203,0.6562,0,261.0,piece_count,2,midgame,False,0.0,0.0,True
7,48,0,"[[1, 2], [0, 1]]","[0, 1]",19,6.938,0.6042,0,261.0,piece_count,2,midgame,False,0.0,0.0,True
7,49,1,"[[3, 6], [4, 7]]","[4, 7]",18,6.186,0.6786,0,261.0,piece_count,2,midgame,False,0.0,0.0,True
7,50,0,"[[0, 1], [1, 0]]","[1, 0]",15,5.3563,0.5312,0,291.0,piece_count,2,endgame,True,0,0.0,True
7,51,1,"[[4, 1], [5, 2]]","[5, 2]",19,6.8877,0.6607,0,291.0,piece_count,2,endgame,False,0.0,0.0,True
7,52,0,"[[1, 0], [0, 1]]","[0, 1]",19,7.2963,0.525,0,317.0,piece_count,2,endgame,False,0.0,0.0,False
7,53,1,"[[3, 0], [4, 1]]","[4, 1]",22,10.4768,0.6944,0,317.0,piece_count,2,endgame,False,0.0,0.0,True
7,54,0,"[[0, 1], [1, 0]]","[1, 0]",15,5.1403,0.5312,0,318.0,piece_count,2,endgame,False,0.0,0.0,True
7,55,1,"[[4, 5], [5, 6]]","[5, 6]",18,6.3243,0.6786,0,318.0,piece_count,2,endgame,True,100.0,0.0,True
7,56,0,"[[1, 0], [0, 1]]","[0, 1]",15,5.7993,0.5312,0,418.0,piece_count,2,endgame,False,0.0,0.0,False
7,57,1,"[[5, 2], [6, 1]]","[6, 1]",18,5.599,0.6786,0,418.0,piece_count,2,endgame,False,0.0,0.0,True
7,58,0,"[[0, 1], [1, 0]]","[1, 0]",26,11.0815,0.1875,0,418.0,piece_count,2,endgame,False,0.0,0.0,True
7,59,1,"[[6, 1], [7, 2]]","[7, 2]",22,12.4798,0.6071,0,418.0,piece_count,2,endgame,False,0.0,0.0,False
7,60,0,"[[1, 0], [0, 1]]","[0, 1]",17,6.1033,0.4688,0,444.0,piece_count,2,endgame,True,0,0.0,False
7,61,1,"[[4, 1], [5, 2]]","[5, 2]",23,9.4898,0.6806,0,444.0,piece_count,2,endgame,False,0.0,0.0,True
7,62,0,"[[0, 1], [1, 0]]","[1, 0]",20,7.4716,0.5,0,460.0,piece_count,2,endgame,False,0.0,0.0,True
7,63,1,"[[5, 2], [6, 1]]","[6, 1]",25,11.3797,0.6875,0,460.0,piece_count,2,endgame,False,0.0,0.0,True
7,64,0,"[[1, 0], [0, 1]]","[0, 1]",17,8.8923,0.575,0,460.0,piece_count,2,endgame,False,0.0,0.0,False
7,65,1,"[[4, 3], [5, 2]]","[5, 2]",19,9.3157,0.6607,0,460.0,piece_count,2,endgame,True,0.0,0.0,True
7,66,0,"[[0, 1], [1, 0]]","[1, 0]",18,7.1211,0.55,0,460.0,piece_count,2,endgame,False,0.0,0.0,True
7,67,1,"[[3, 2], [4, 3]]","[4, 3]",21,14.0293,0.6719,0,460.0,piece_count,2,endgame,False,0.0,0.0,False
7,68,0,"[[1, 0], [0, 1]]","[0, 1]",16,7.0243,0.6,0,604.0,piece_count,2,endgame,False,0.0,0.0,False
7,69,1,"[[5, 2], [6, 3]]","[6, 3]",17,9.7694,0.6458,0,604.0,piece_count,2,endgame,False,0.0,0.0,False
7,70,0,"[[0, 1], [1, 0]]","[1, 0]",26,19.1686,0.35,0,725.0,piece_count,2,endgame,False,0,0.0,True
7,71,1,"[[6, 3], [7, 4]]","[7, 4]",19,14.5459,0.525,0,725.0,piece_count,2,endgame,False,0.0,0.0,True
7,72,0,"[[1, 0], [0, 1]]","[0, 1]",18,8.6498,0.55,0,725.0,piece_count,2,endgame,False,0.0,0.0,False
7,73,1,"[[4, 3], [5, 2]]","[5, 2]",21,16.2024,0.6719,0,725.0,piece_count,2,endgame,False,0.0,0.0,True
7,74,0,"[[0, 1], [1, 0]]","[1, 0]",18,12.135,0.55,0,725.0,piece_count,2,endgame,False,0.0,0.0,True
7,75,1,"[[5, 2], [6, 3]]","[6, 3]",21,13.2923,0.6719,0,725.0,piece_count,2,endgame,True,144.0,0.0,False
7,76,0,"[[1, 0], [0, 1]]","[0, 1]",14,7.7257,0.65,0,869.0,piece_count,2,endgame,False,0.0,0.0,False
7,77,1,"[[5, 6], [6, 5]]","[6, 5]",12,7.5712,0.625,0,869.0,piece_count,2,endgame,False,0.0,0.0,True
7,78,0,"[[0, 1], [1, 0]]","[1, 0]",9,3.5594,0.7188,0,869.0,piece_count,2,endgame,False,0.0,0.0,True
7,79,1,"[[4, 7], [5, 6]]","[5, 6]",6,4.5815,0.25,0,869.0,piece_count,2,endgame,False,0.0,0.0,False
7,80,0,"[[1, 0], [0, 1]]","[0, 1]",9,3.1834,0.7188,0,869.0,piece_count,2,endgame,False,0,0.0,False
7,81,1,"[[5, 6], [6, 7]]","[6, 7]",5,2.1715,0.375,0,869.0,piece_count,2,endgame,False,0.0,0.0,False
7,82,0,"[[0, 1], [1, 0]]","[1, 0]",4,2.8095,0.8333,0,899.0,piece_count,2,endgame,False,0.0,0.0,True
8,0,0,"[[6, 1], [5, 0]]","[5, 0]",21,10.9782,0.625,0,0,piece_count,2,opening,False,0,0.0,False
8,1,1,"[[1, 0], [2, 1]]","[2, 1]",22,10.2839,0.6071,0,0,piece_count,2,opening,False,0.0,0.0,True
8,2,0,"[[5, 0], [4, 1]]","[4, 1]",24,10.9735,0.625,0,1.0,piece_count,2,opening,False,0.0,0.0,False
8,3,1,"[[0, 1], [1, 0]]","[1, 0]",25,11.9526,0.6094,0,1.0,piece_count,2,opening,False,0.0,0.0,True
8,4,0,"[[4, 1], [3, 0]]","[3, 0]",24,14.02,0.6667,0,1.0,piece_count,2,opening,False,0.0,0.0,False
8,5,1,"[[1, 4], [2, 3]]","[2, 3]",19,13.9003,0.6042,0,1.0,piece_count,2,opening,False,0.0,0.0,True
8,6,0,"[[6, 3], [5, 2]]","[5, 2]",21,11.543,0.625,0,1.0,piece_count,2,opening,False,0.0,0.0,False
8,7,1,"[[0, 3], [1, 4]]","[1, 4]",23,11.1382,0.5893,0,1.0,piece_count,2,opening,False,0.0,0.0,True
8,8,0,"[[5, 2], [4, 1]]","[4, 1]",24,10.3359,0.6667,0,1.0,piece_count,2,opening,False,0.0,0.0,False
8,9,1,"[[1, 4], [2, 5]]","[2, 5]",20,10.8156,0.5833,0,1.0,piece_count,2,opening,False,0.0,0.0,True
8,10,0,"[[6, 5], [5, 4]]","[5, 4]",24,16.4256,0.625,0,1.0,piece_count,2,opening,True,0,0.0,False
8,11,1,"[[0, 5], [1, 4]]","[1, 4]",24,14.7424,0.5714,0,1.0,piece_count,2,opening,False,0.0,0.0,True
8,12,0,"[[5, 4], [4, 3]]","[4, 3]",27,20.2403,0.6625,0,1.0,piece_count,2,opening,False,0.0,0.0,False
8,13,1,"[[1, 6], [2, 7]]","[2, 7]",22,8.7292,0.5417,0,1.0,piece_count,2,opening,False,0.0,0.0,True
8,14,0,"[[6, 7], [5, 6]]","[5, 6]",27,9.9325,0.6625,0,31.0,piece_count,2,opening,False,0.0,0.0,False
8,15,1,"[[0, 7], [1, 6]]","[1, 6]",26,11.0271,0.5357,0,31.0,piece_count,2,opening,True,0.0,0.0,True
8,16,0,"[[5, 6], [4, 5]]","[4, 5]",30,13.3455,0.6875,0,31.0,piece_count,2,opening,False,0.0,0.0,False
8,17,1,"[[2, 5], [3, 6]]","[3, 6]",24,9.7041,0.5,0,31.0,piece_count,2,opening,False,0.0,0.0,False
8,18,0,"[[4, 1], [3, 2]]","[3, 2]",25,7.7598,0.7159,0,112.0,piece_count,2,opening,False,0.0,0.0,False
8,19,1,"[[3, 6], [5, 4]]","[5, 4]",21,5.934,0.0,0,112.0,piece_count,2,opening,False,0.0,0.0,False
8,20,0,"[[7, 0], [6, 1]]","[6, 1]",19,5.4996,0.7031,0,139.0,piece_count,2,midgame,True,0,0.0,False
8,21,1,"[[2, 3], [4, 1]]","[4, 1]",11,1.6389,0.0,0,139.0,piece_count,2,midgame,False,0.0,0.0,False
8,22,0,"[[4, 3], [3, 4]]","[3, 4]",28,4.2682,0.6111,0,153.0,piece_count,2,midgame,False,0.0,0.0,False
8,23,1,"[[1, 4], [2, 3]]","[2, 3]",29,4.3709,0.6375,0,153.0,piece_count,2,midgame,False,0.0,0.0,True
8,24,0,"[[3, 4], [2, 5]]","[2, 5]",17,4.427,0.7344,0,153.0,piece_count,2,midgame,False,0.0,0.0,False
8,25,1,"[[1, 6], [3, 4]]","[3, 4]",9,2.5518,0.0,0,153.0,piece_count,2,midgame,True,22.0,0.0,False
8,26,0,"[[6, 1], [5, 0]]","[5, 0]",22,6.5591,0.6071,0,175.0,piece_count,2,midgame,False,0.0,0.0,False
8,27,1,"[[2, 1], [3, 2]]","[3, 2]",23,5.8548,0.6406,0,175.0,piece_count,2,midgame,False,0.0,0.0,False
8,28,0,"[[3, 0], [2, 1]]","[2, 1]",15,3.8145,0.7321,0,199.0,piece_count,2,midgame,False,0.0,0.0,False
8,29,1,"[[1, 2], [3, 0]]","[3, 0]",8,2.2693,0.0,0,199.0,piece_count,2,midgame,False,0.0,0.0,False
8,30,0,"[[7, 2], [6, 1]]","[6, 1]",20,7.2176,0.5833,0,212.0,piece_count,2,midgame,True,0,0.0,False
8,31,1,"[[1, 0], [2, 1]]","[2, 1]",21,10.5002,0.6719,0,212.0,piece_count,2,midgame,False,0.0,0.0,True
8,32,0,"[[7, 4], [6, 5]]","[6, 5]",16,7.9999,0.6,0,213.0,piece_count,2,midgame,False,0.0,0.0,False
8,33,1,"[[3, 4], [4, 3]]","[4, 3]",15,5.7089,0.6875,0,213.0,piece_count,2,midgame,False,0.0,0.0,True
8,34,0,"[[6, 5], [5, 6]]","[5, 6]",13,4.9667,0.4583,0,213.0,piece_count,2,midgame,False,0.0,0.0,False
8,35,1,"[[2, 3], [3, 4]]","[3, 4]",17,6.5198,0.6458,0,213.0,piece_count,2,midgame,True,0.0,0.0,True
8,36,0,"[[5, 6], [4, 7]]","[4, 7]",16,7.3018,0.6,0,213.0,piece_count,2,midgame,False,0.0,0.0,False
8,37,1,"[[3, 4], [4, 5]]","[4, 5]",16,7.5881,0.6667,0,213.0,piece_count,2,midgame,False,0.0,0.0,False
8,38,0,"[[4, 7], [3, 6]]","[3, 6]",13,17.8683,0.5938,0,213.0,piece_count,2,midgame,False,0.0,0.0,False
8,39,1,"[[4, 1], [5, 2]]","[5, 2]",14,5.5757,0.65,0,213.0,piece_count,2,midgame,False,0.0,0.0,True
8,40,0,"[[3, 6], [2, 5]]","[2, 5]",9,3.3889,0.7188,0,241.0,piece_count,2,midgame,True,0,0.0,False
8,41,1,"[[5, 2], [7, 0]]","[7, 0]",7,2.4948,0.125,0,241.0,piece_count,2,midgame,False,0.0,0.0,False
8,42,0,"[[2, 5], [1, 4]]","[1, 4]",18,6.5687,0.55,0,260.0,piece_count,2,midgame,False,0.0,0.0,False
8,43,1,"[[2, 7], [3, 6]]","[3, 6]",21,17.441,0.6719,0,260.0,piece_count,2,midgame,False,0.0,0.0,False
8,44,0,"[[1, 4], [0, 3]]","[0, 3]",18,6.6354,0.55,0,260.0,piece_count,2,midgame,False,0.0,0.0,False
8,45,1,"[[3, 0], [4, 1]]","[4, 1]",20,17.8592,0.6875,0,260.0,piece_count,2,midgame,True,143.0,143.0,True
8,46,0,"[[0, 3], [1, 2]]","[1, 2]",16,8.0538,0.5,0,261.0,piece_count,2,midgame,False,0.0,0.0,False
8,47,1,"[[2, 1], [3, 0]]","[3, 0]",22,8.2259,0.6562,0,261.0,piece_count,2,midgame,False,0.0,0.0,True
8,48,0,"[[1, 2], [0, 1]]","[0, 1]",19,16.5818,0.6042,0,261.0,piece_count,2,midgame,False,0.0,0.0,True
8,49,1,"[[3, 6], [4, 7]]","[4, 7]",18,36.0463,0.6786,0,261.0,piece_count,2,midgame,False,0.0,0.0,True
8,50,0,"[[0, 1], [1, 0]]","[1, 0]",15,8.1544,0.5312,0,291.0,piece_count,2,endgame,True,0,0.0,True
8,51,1,"[[4, 1], [5, 2]]","[5, 2]",19,52.0327,0.6607,0,291.0,piece_count,2,endgame,False,0.0,0.0,True
8,52,0,"[[1, 0], [0, 1]]","[0, 1]",19,103.6549,0.525,0,317.0,piece_count,2,endgame,False,0.0,0.0,False
8,53,1,"[[3, 0], [4, 1]]","[4, 1]",22,49.3894,0.6944,0,317.0,piece_count,2,endgame,False,0.0,0.0,True
8,54,0,"[[0, 1], [1, 0]]","[1, 0]",15,143.2593,0.5312,0,318.0,piece_count,2,endgame,False,0.0,0.0,True
8,55,1,"[[4, 5], [5, 6]]","[5, 6]",18,7.5703,0.6786,0,318.0,piece_count,2,endgame,True,100.0,0.0,True
8,56,0,"[[1, 0], [0, 1]]","[0, 1]",15,20.3667,0.5312,0,418.0,piece_count,2,endgame,False,0.0,0.0,False
8,57,1,"[[5, 2], [6, 1]]","[6, 1]",18,10.3307,0.6786,0,418.0,piece_count,2,endgame,False,0.0,0.0,True
8,58,0,"[[0, 1], [1, 0]]","[1, 0]",26,14.7283,0.1875,0,418.0,piece_count,2,endgame,False,0.0,0.0,True
8,59,1,"[[6, 1], [7, 2]]","[7, 2]",22,49.4931,0.6071,0,418.0,piece_count,2,endgame,False,0.0,0.0,False
8,60,0,"[[1, 0], [0, 1]]","[0, 1]",17,27.3333,0.4688,0,444.0,piece_count,2,endgame,True,0,0.0,False
8,61,1,"[[4, 1], [5, 2]]","[5, 2]",23,23.6778,0.6806,0,444.0,piece_count,2,endgame,False,0.0,0.0,True
8,62,0,"[[0, 1], [1, 0]]","[1, 0]",20,40.0593,0.5,0,460.0,piece_count,2,endgame,False,0.0,0.0,True
8,63,1,"[[5, 2], [6, 1]]","[6, 1]",25,29.6617,0.6875,0,460.0,piece_count,2,endgame,False,0.0,0.0,True
8,64,0,"[[1, 0], [0, 1]]","[0, 1]",17,49.3004,0.575,0,460.0,piece_count,2,endgame,False,0.0,0.0,False
8,65,1,"[[4, 3], [5, 2]]","[5, 2]",19,26.2668,0.6607,0,460.0,piece_count,2,endgame,True,0.0,0.0,True
8,66,0,"[[0, 1], [1, 0]]","[1, 0]",18,9.1517,0.55,0,460.0,piece_count,2,endgame,False,0.0,0.0,True
8,67,1,"[[3, 2], [4, 3]]","[4, 3]",21,32.6688,0.6719,0,460.0,piece_count,2,endgame,False,0.0,0.0,False
8,68,0,"[[1, 0], [0, 1]]","[0, 1]",16,8.9593,0.6,0,604.0,piece_count,2,endgame,False,0.0,0.0,False
8,69,1,"[[5, 2], [6, 3]]","[6, 3]",17,8.3971,0.6458,0,604.0,piece_count,2,endgame,False,0.0,0.0,False
8,70,0,"[[0, 1], [1, 0]]","[1, 0]",26,50.2243,0.35,0,725.0,piece_count,2,endgame,False,0,0.0,True
8,71,1,"[[6, 3], [7, 4]]","[7, 4]",19,35.0142,0.525,0,725.0,piece_count,2,endgame,False,0.0,0.0,True
8,72,0,"[[1, 0], [0, 1]]","[0, 1]",18,7.8015,0.55,0,725.0,piece_count,2,endgame,False,0.0,0.0,False
8,73,1,"[[4, 3], [5, 2]]","[5, 2]",21,37.4503,0.6719,0,725.0,piece_count,2,endgame,False,0.0,0.0,True
8,74,0,"[[0, 1], [1, 0]]","[1, 0]",18,17.087,0.55,0,725.0,piece_count,2,endgame,False,0.0,0.0,True
8,75,1,"[[5, 2], [6, 3]]","[6, 3]",21,11.4944,0.6719,0,725.0,piece_count,2,endgame,True,144.0,0.0,False
8,76,0,"[[1, 0], [0, 1]]","[0, 1]",14,8.7261,0.65,0,869.0,piece_count,2,endgame,False,0.0,0.0,False
8,77,1,"[[5, 6], [6, 5]]","[6, 5]",12,6.0799,0.625,0,869.0,piece_count,2,endgame,False,0.0,0.0,True
8,78,0,"[[0, 1], [1, 0]]","[1, 0]",9,5.0387,0.7188,0,869.0,piece_count,2,endgame,False,0.0,0.0,True
8,79,1,"[[4, 7], [5, 6]]","[5, 6]",6,5.2259,0.25,0,869.0,piece_count,2,endgame,False,0.0,0.0,False
8,80,0,"[[1, 0], [0, 1]]","[0, 1]",9,7.6406,0.7188,0,869.0,piece_count,2,endgame,False,0,0.0,False
8,81,1,"[[5, 6], [6, 7]]","[6, 7]",5,2.5592,0.375,0,869.0,piece_count,2,endgame,False,0.0,0.0,False
8,82,0,"[[0, 1], [1, 0]]","[1, 0]",4,1.9858,0.8333,0,899.0,piece_count,2,endgame,False,0.0,0.0,True
9,0,0,"[[6, 1], [5, 0]]","[5, 0]",21,14.0719,0.625,0,0,piece_count,2,opening,False,0,0.0,False
9,1,1,"[[1, 0], [2, 1]]","[2, 1]",22,13.8688,0.6071,0,0,piece_count,2,opening,False,0.0,0.0,True
9,2,0,"[[5, 0], [4, 1]]","[4, 1]",24,21.4164,0.625,0,1.0,piece_count,2,opening,False,0.0,0.0,False
9,3,1,"[[0, 1], [1, 0]]","[1, 0]",25,23.52,0.6094,0,1.0,piece_count,2,opening,False,0.0,0.0,True
9,4,0,"[[4, 1], [3, 0]]","[3, 0]",24,19.0167,0.6667,0,1.0,piece_count,2,opening,False,0.0,0.0,False
9,5,1,"[[1, 4], [2, 3]]","[2, 3]",19,5.6267,0.6042,0,1.0,piece_count,2,opening,False,0.0,0.0,True
9,6,0,"[[6, 3], [5, 2]]","[5, 2]",21,5.2927,0.625,0,1.0,piece_count,2,opening,False,0.0,0.0,False
9,7,1,"[[0, 3], [1, 4]]","[1, 4]",23,9.2413,0.5893,0,1.0,piece_count,2,opening,False,0.0,0.0,True
9,8,0,"[[5, 2], [4, 1]]","[4, 1]",24,13.247,0.6667,0,1.0,piece_count,2,opening,False,0.0,0.0,False
9,9,1,"[[1, 4], [2, 5]]","[2, 5]",20,9.4531,0.5833,0,1.0,piece_count,2,opening,False,0.0,0.0,True
9,10,0,"[[6, 5], [5, 4]]","[5, 4]",24,16.6621,0.625,0,1.0,piece_count,2,opening,True,0,0.0,False
9,11,1,"[[0, 5], [1, 4]]","[1, 4]",24,13.0515,0.5714,0,1.0,piece_count,2,opening,False,0.0,0.0,True
9,12,0,"[[5, 4], [4, 3]]","[4, 3]",27,21.5015,0.6625,0,1.0,piece_count,2,opening,False,0.0,0.0,False
9,13,1,"[[1, 6], [2, 7]]","[2, 7]",22,14.569,0.5417,0,1.0,piece_count,2,opening,False,0.0,0.0,True
9,14,0,"[[6, 7], [5, 6]]","[5, 6]",27,16.8283,0.6625,0,31.0,piece_count,2,opening,False,0.0,0.0,False
9,15,1,"[[0, 7], [1, 6]]","[1, 6]",26,14.3311,0.5357,0,31.0,piece_count,2,opening,True,0.0,0.0,True
9,16,0,"[[5, 6], [4, 5]]","[4, 5]",30,17.1697,0.6875,0,31.0,piece_count,2,opening,False,0.0,0.0,False
9,17,1,"[[2, 5], [3, 6]]","[3, 6]",24,11.9455,0.5,0,31.0,piece_count,2,opening,False,0.0,0.0,False
9,18,0,"[[4, 1], [3, 2]]","[3, 2]",25,15.6994,0.7159,0,112.0,piece_count,2,opening,False,0.0,0.0,False
9,19,1,"[[3, 6], [5, 4]]","[5, 4]",21,9.6769,0.0,0,112.0,piece_count,2,opening,False,0.0,0.0,False
9,20,0,"[[7, 0], [6, 1]]","[6, 1]",19,8.6193,0.7031,0,139.0,piece_count,2,midgame,True,0,0.0,False
9,21,1,"[[2, 3], [4, 1]]","[4, 1]",11,5.1041,0.0,0,139.0,piece_count,2,midgame,False,0.0,0.0,False
9,22,0,"[[4, 3], [3, 4]]","[3, 4]",28,13.6933,0.6111,0,153.0,piece_count,2,midgame,False,0.0,0.0,False
9,23,1,"[[1, 4], [2, 3]]","[2, 3]",29,11.9312,0.6375,0,153.0,piece_count,2,midgame,False,0.0,0.0,True
9,24,0,"[[3, 4], [2, 5]]","[2, 5]",17,6.7632,0.7344,0,153.0,piece_count,2,midgame,False,0.0,0.0,False
9,25,1,"[[1, 6], [3, 4]]","[3, 4]",9,4.0267,0.0,0,153.0,piece_count,2,midgame,True,22.0,0.0,False
9,26,0,"[[6, 1], [5, 0]]","[5, 0]",22,8.9049,0.6071,0,175.0,piece_count,2,midgame,False,0.0,0.0,False
9,27,1,"[[2, 1], [3, 2]]","[3, 2]",23,9.4786,0.6406,0,175.0,piece_count,2,midgame,False,0.0,0.0,False
9,28,0,"[[3, 0], [2, 1]]","[2, 1]",15,6.2225,0.7321,0,199.0,piece_count,2,midgame,False,0.0,0.0,False
9,29,1,"[[1, 2], [3, 0]]","[3, 0]",8,3.1695,0.0,0,199.0,piece_count,2,midgame,False,0.0,0.0,False
9,30,0,"[[7, 2], [6, 1]]","[6, 1]",20,8.0028,0.5833,0,212.0,piece_count,2,midgame,True,0,0.0,False
9,31,1,"[[1, 0], [2, 1]]","[2, 1]",21,8.9042,0.6719,0,212.0,piece_count,2,midgame,False,0.0,0.0,True
9,32,0,"[[7, 4], [6, 5]]","[6, 5]",16,6.5947,0.6,0,213.0,piece_count,2,midgame,False,0.0,0.0,False
9,33,1,"[[3, 4], [4, 3]]","[4, 3]",15,6.1951,0.6875,0,213.0,piece_count,2,midgame,False,0.0,0.0,True
9,34,0,"[[6, 5], [5, 6]]","[5, 6]",13,5.1043,0.4583,0,213.0,piece_count,2,midgame,False,0.0,0.0,False
9,35,1,"[[2, 3], [3, 4]]","[3, 4]",17,6.8982,0.6458,0,213.0,piece_count,2,midgame,True,0.0,0.0,True
9,36,0,"[[5, 6], [4, 7]]","[4, 7]",16,5.5616,0.6,0,213.0,piece_count,2,midgame,False,0.0,0.0,False
9,37,1,"[[3, 4], [4, 5]]","[4, 5]",16,2.8131,0.6667,0,213.0,piece_count,2,midgame,False,0.0,0.0,False
9,38,0,"[[4, 7], [3, 6]]","[3, 6]",13,2.6457,0.5938,0,213.0,piece_count,2,midgame,False,0.0,0.0,False
9,39,1,"[[4, 1], [5, 2]]","[5, 2]",14,5.2035,0.65,0,213.0,piece_count,2,midgame,False,0.0,0.0,True
9,40,0,"[[3, 6], [2, 5]]","[2, 5]",9,3.1154,0.7188,0,241.0,piece_count,2,midgame,True,0,0.0,False
9,41,1,"[[5, 2], [7, 0]]","[7, 0]",7,0.9086,0.125,0,241.0,piece_count,2,midgame,False,0.0,0.0,False
9,42,0,"[[2, 5], [1, 4]]","[1, 4]",18,5.9187,0.55,0,260.0,piece_count,2,midgame,False,0.0,0.0,False
9,43,1,"[[2, 7], [3, 6]]","[3, 6]",21,8.4333,0.6719,0,260.0,piece_count,2,midgame,False,0.0,0.0,False
9,44,0,"[[1, 4], [0, 3]]","[0, 3]",18,7.7524,0.55,0,260.0,piece_count,2,midgame,False,0.0,0.0,False
9,45,1,"[[3, 0], [4, 1]]","[4, 1]",20,5.0817,0.6875,0,260.0,piece_count,2,midgame,True,143.0,143.0,True
9,46,0,"[[0, 3], [1, 2]]","[1, 2]",16,4.179,0.5,0,261.0,piece_count,2,midgame,False,0.0,0.0,False
9,47,1,"[[2, 1], [3, 0]]","[3, 0]",22,4.348,0.6562,0,261.0,piece_count,2,midgame,False,0.0,0.0,True
9,48,0,"[[1, 2], [0, 1]]","[0, 1]",19,3.989,0.6042,0,261.0,piece_count,2,midgame,False,0.0,0.0,True
9,49,1,"[[3, 6], [4, 7]]","[4, 7]",18,3.4587,0.6786,0,261.0,piece_count,2,midgame,False,0.0,0.0,True
9,50,0,"[[0, 1], [1, 0]]","[1, 0]",15,2.3251,0.5312,0,291.0,piece_count,2,endgame,True,0,0.0,True
9,51,1,"[[4, 1], [5, 2]]","[5, 2]",19,3.2506,0.6607,0,291.0,piece_count,2,endgame,False,0.0,0.0,True
9,52,0,"[[1, 0], [0, 1]]","[0, 1]",19,3.4618,0.525,0,317.0,piece_count,2,endgame,False,0.0,0.0,False
9,53,1,"[[3, 0], [4, 1]]","[4, 1]",22,3.6769,0.6944,0,317.0,piece_count,2,endgame,False,0.0,0.0,True
9,54,0,"[[0, 1], [1, 0]]","[1, 0]",15,1.9295,0.5312,0,318.0,piece_count,2,endgame,False,0.0,0.0,True
9,55,1,"[[4, 5], [5, 6]]","[5, 6]",18,3.3894,0.6786,0,318.0,piece_count,2,endgame,True,100.0,0.0,True
9,56,0,"[[1, 0], [0, 1]]","[0, 1]",15,3.535,0.5312,0,418.0,piece_count,2,endgame,False,0.0,0.0,False
9,57,1,"[[5, 2], [6, 1]]","[6, 1]",18,4.3478,0.6786,0,418.0,piece_count,2,endgame,False,0.0,0.0,True
9,58,0,"[[0, 1], [1, 0]]","[1, 0]",26,5.6028,0.1875,0,418.0,piece_count,2,endgame,False,0.0,0.0,True
9,59,1,"[[6, 1], [7, 2]]","[7, 2]",22,5.3332,0.6071,0,418.0,piece_count,2,endgame,False,0.0,0.0,False
9,60,0,"[[1, 0], [0, 1]]","[0, 1]",17,4.0338,0.4688,0,444.0,piece_count,2,endgame,True,0,0.0,False
9,61,1,"[[4, 1], [5, 2]]","[5, 2]",23,5.1925,0.6806,0,444.0,piece_count,2,endgame,False,0.0,0.0,True
9,62,0,"[[0, 1], [1, 0]]","[1, 0]",20,3.9384,0.5,0,460.0,piece_count,2,endgame,False,0.0,0.0,True
9,63,1,"[[5, 2], [6, 1]]","[6, 1]",25,5.152,0.6875,0,460.0,piece_count,2,endgame,False,0.0,0.0,True
9,64,0,"[[1, 0], [0, 1]]","[0, 1]",17,2.2681,0.575,0,460.0,piece_count,2,endgame,False,0.0,0.0,False
9,65,1,"[[4, 3], [5, 2]]","[5, 2]",19,2.584,0.6607,0,460.0,piece_count,2,endgame,True,0.0,0.0,True
9,66,0,"[[0, 1], [1, 0]]","[1, 0]",18,2.4226,0.55,0,460.0,piece_count,2,endgame,False,0.0,0.0,True
9,67,1,"[[3, 2], [4, 3]]","[4, 3]",21,3.201,0.6719,0,460.0,piece_count,2,endgame,False,0.0,0.0,False
9,68,0,"[[1, 0], [0, 1]]","[0, 1]",16,3.8917,0.6,0,604.0,piece_count,2,endgame,False,0.0,0.0,False
9,69,1,"[[5, 2], [6, 3]]","[6, 3]",17,4.2527,0.6458,0,604.0,piece_count,2,endgame,False,0.0,0.0,False
9,70,0,"[[0, 1], [1, 0]]","[1, 0]",26,6.4681,0.35,0,725.0,piece_count,2,endgame,False,0,0.0,True
9,71,1,"[[6, 3], [7, 4]]","[7, 4]",19,4.8964,0.525,0,725.0,piece_count,2,endgame,False,0.0,0.0,True
9,72,0,"[[1, 0], [0, 1]]","[0, 1]",18,5.6398,0.55,0,725.0,piece_count,2,endgame,False,0.0,0.0,False
9,73,1,"[[4, 3], [5, 2]]","[5, 2]",21,2.9356,0.6719,0,725.0,piece_count,2,endgame,False,0.0,0.0,True
9,74,0,"[[0, 1], [1, 0]]","[1, 0]",18,2.4228,0.55,0,725.0,piece_count,2,endgame,False,0.0,0.0,True
9,75,1,"[[5, 2], [6, 3]]","[6, 3]",21,2.9352,0.6719,0,725.0,piece_count,2,endgame,True,144.0,0.0,False
9,76,0,"[[1, 0], [0, 1]]","[0, 1]",14,2.3789,0.65,0,869.0,piece_count,2,endgame,False,0.0,0.0,False
9,77,1,"[[5, 6], [6, 5]]","[6, 5]",12,1.6229,0.625,0,869.0,piece_count,2,endgame,False,0.0,0.0,True
9,78,0,"[[0, 1], [1, 0]]","[1, 0]",9,1.1587,0.7188,0,869.0,piece_count,2,endgame,False,0.0,0.0,True
9,79,1,"[[4, 7], [5, 6]]","[5, 6]",6,0.762,0.25,0,869.0,piece_count,2,endgame,False,0.0,0.0,False
9,80,0,"[[1, 0], [0, 1]]","[0, 1]",9,1.1539,0.7188,0,869.0,piece_count,2,endgame,False,0,0.0,False
9,81,1,"[[5, 6], [6, 7]]","[6, 7]",5,0.6244,0.375,0,869.0,piece_count,2,endgame,False,0.0,0.0,False
9,82,0,"[[0, 1], [1, 0]]","[1, 0]",4,0.4802,0.8333,0,899.0,piece_count,2,endgame,False,0.0,0.0,True
10,0,0,"[[6, 1], [5, 0]]","[5, 0]",21,4.2276,0.625,0,0,piece_count,2,opening,False,0,0.0,False
10,1,1,"[[1, 0], [2, 1]]","[2, 1]",22,3.8583,0.6071,0,0,piece_count,2,opening,False,0.0,0.0,True
10,2,0,"[[5, 0], [4, 1]]","[4, 1]",24,4.1575,0.625,0,1.0,piece_count,2,opening,False,0.0,0.0,False
10,3,1,"[[0, 1], [1, 0]]","[1, 0]",25,4.8225,0.6094,0,1.0,piece_count,2,opening,False,0.0,0.0,True
10,4,0,"[[4, 1], [3, 0]]","[3, 0]",24,6.7334,0.6667,0,1.0,piece_count,2,opening,False,0.0,0.0,False
10,5,1,"[[1, 4], [2, 3]]","[2, 3]",19,6.9311,0.6042,0,1.0,piece_count,2,opening,False,0.0,0.0,True
10,6,0,"[[6, 3], [5, 2]]","[5, 2]",21,4.0312,0.625,0,1.0,piece_count,2,opening,False,0.0,0.0,False
10,7,1,"[[0, 3], [1, 4]]","[1, 4]",23,4.2684,0.5893,0,1.0,piece_count,2,opening,False,0.0,0.0,True
10,8,0,"[[5, 2], [4, 1]]","[4, 1]",24,6.9458,0.6667,0,1.0,piece_count,2,opening,False,0.0,0.0,False
10,9,1,"[[1, 4], [2, 5]]","[2, 5]",20,5.7743,0.5833,0,1.0,piece_count,2,opening,False,0.0,0.0,True
10,10,0,"[[6, 5], [5, 4]]","[5, 4]",24,9.9058,0.625,0,1.0,piece_count,2,opening,True,0,0.0,False
10,11,1,"[[0, 5], [1, 4]]","[1, 4]",24,8.1937,0.5714,0,1.0,piece_count,2,opening,False,0.0,0.0,True
10,12,0,"[[5, 4], [4, 3]]","[4, 3]",27,28.5461,0.6625,0,1.0,piece_count,2,opening,False,0.0,0.0,False
10,13,1,"[[1, 6], [2, 7]]","[2, 7]",22,10.895,0.5417,0,1.0,piece_count,2,opening,False,0.0,0.0,True
10,14,0,"[[6, 7], [5, 6]]","[5, 6]",27,11.4362,0.6625,0,31.0,piece_count,2,opening,False,0.0,0.0,False
10,15,1,"[[0, 7], [1, 6]]","[1, 6]",26,11.4477,0.5357,0,31.0,piece_count,2,opening,True,0.0,0.0,True
10,16,0,"[[5, 6], [4, 5]]","[4, 5]",30,13.1078,0.6875,0,31.0,piece_count,2,opening,False,0.0,0.0,False
10,17,1,"[[2, 5], [3, 6]]","[3, 6]",24,9.3486,0.5,0,31.0,piece_count,2,opening,False,0.0,0.0,False
10,18,0,"[[4, 1], [3, 2]]","[3, 2]",25,7.8237,0.7159,0,112.0,piece_count,2,opening,False,0.0,0.0,False
10,19,1,"[[3, 6], [5, 4]]","[5, 4]",21,7.1344,0.0,0,112.0,piece_count,2,opening,False,0.0,0.0,False
10,20,0,"[[7, 0], [6, 1]]","[6, 1]",19,9.2242,0.7031,0,139.0,piece_count,2,midgame,True,0,0.0,False
10,21,1,"[[2, 3], [4, 1]]","[4, 1]",11,3.5133,0.0,0,139.0,piece_count,2,midgame,False,0.0,0.0,False
10,22,0,"[[4, 3], [3, 4]]","[3, 4]",28,9.5737,0.6111,0,153.0,piece_count,2,midgame,False,0.0,0.0,False
10,23,1,"[[1, 4], [2, 3]]","[2, 3]",29,11.8277,0.6375,0,153.0,piece_count,2,midgame,False,0.0,0.0,True
10,24,0,"[[3, 4], [2, 5]]","[2, 5]",17,4.7541,0.7344,0,153.0,piece_count,2,midgame,False,0.0,0.0,False
10,25,1,"[[1, 6], [3, 4]]","[3, 4]",9,2.8536,0.0,0,153.0,piece_count,2,midgame,True,22.0,0.0,False
10,26,0,"[[6, 1], [5, 0]]","[5, 0]",22,10.1707,0.6071,0,175.0,piece_count,2,midgame,False,0.0,0.0,False
10,27,1,"[[2, 1], [3, 2]]","[3, 2]",23,7.6675,0.6406,0,175.0,piece_count,2,midgame,False,0.0,0.0,False
10,28,0,"[[3, 0], [2, 1]]","[2, 1]",15,4.0731,0.7321,0,199.0,piece_count,2,midgame,False,0.0,0.0,False
10,29,1,"[[1, 2], [3, 0]]","[3, 0]",8,1.6117,0.0,0,199.0,piece_count,2,midgame,False,0.0,0.0,False
10,30,0,"[[7, 2], [6, 1]]","[6, 1]",20,6.0678,0.5833,0,212.0,piece_count,2,midgame,True,0,0.0,False
10,31,1,"[[1, 0], [2, 1]]","[2, 1]",21,4.8373,0.6719,0,212.0,piece_count,2,midgame,False,0.0,0.0,True
10,32,0,"[[7, 4], [6, 5]]","[6, 5]",16,3.2151,0.6,0,213.0,piece_count,2,midgame,False,0.0,0.0,False
10,33,1,"[[3, 4], [4, 3]]","[4, 3]",15,4.3876,0.6875,0,213.0,piece_count,2,midgame,False,0.0,0.0,True
10,34,0,"[[6, 5], [5, 6]]","[5, 6]",13,3.3898,0.4583,0,213.0,piece_count,2,midgame,False,0.0,0.0,False
10,35,1,"[[2, 3], [3, 4]]","[3, 4]",17,8.0581,0.6458,0,213.0,piece_count,2,midgame,True,0.0,0.0,True
10,36,0,"[[5, 6], [4, 7]]","[4, 7]",16,6.2461,0.6,0,213.0,piece_count,2,midgame,False,0.0,0.0,False
10,37,1,"[[3, 4], [4, 5]]","[4, 5]",16,8.2667,0.6667,0,213.0,piece_count,2,midgame,False,0.0,0.0,False
10,38,0,"[[4, 7], [3, 6]]","[3, 6]",13,5.0874,0.5938,0,213.0,piece_count,2,midgame,False,0.0,0.0,False
10,39,1,"[[4, 1], [5, 2]]","[5, 2]",14,3.7174,0.65,0,213.0,piece_count,2,midgame,False,0.0,0.0,True
10,40,0,"[[3, 6], [2, 5]]","[2, 5]",9,3.2635,0.7188,0,241.0,piece_count,2,midgame,True,0,0.0,False
10,41,1,"[[5, 2], [7, 0]]","[7, 0]",7,1.7064,0.125,0,241.0,piece_count,2,midgame,False,0.0,0.0,False
10,42,0,"[[2, 5], [1, 4]]","[1, 4]",18,5.687,0.55,0,260.0,piece_count,2,midgame,False,0.0,0.0,False
10,43,1,"[[2, 7], [3, 6]]","[3, 6]",21,6.9332,0.6719,0,260.0,piece_count,2,midgame,False,0.0,0.0,False
10,44,0,"[[1, 4], [0, 3]]","[0, 3]",18,6.1028,0.55,0,260.0,piece_count,2,midgame,False,0.0,0.0,False
10,45,1,"[[3, 0], [4, 1]]","[4, 1]",20,6.9516,0.6875,0,260.0,piece_count,2,midgame,True,143.0,143.0,True
10,46,0,"[[0, 3], [1, 2]]","[1, 2]",16,8.7409,0.5,0,261.0,piece_count,2,midgame,False,0.0,0.0,False
10,47,1,"[[2, 1], [3, 0]]","[3, 0]",22,7.2787,0.6562,0,261.0,piece_count,2,midgame,False,0.0,0.0,True
10,48,0,"[[1, 2], [0, 1]]","[0, 1]",19,10.1428,0.6042,0,261.0,piece_count,2,midgame,False,0.0,0.0,True
10,49,1,"[[3, 6], [4, 7]]","[4, 7]",18,10.0341,0.6786,0,261.0,piece_count,2,midgame,False,0.0,0.0,True
10,50,0,"[[0, 1], [1, 0]]","[1, 0]",15,77.8604,0.5312,0,291.0,piece_count,2,endgame,True,0,0.0,True
10,51,1,"[[4, 1], [5, 2]]","[5, 2]",19,10.0999,0.6607,0,291.0,piece_count,2,endgame,False,0.0,0.0,True
10,52,0,"[[1, 0], [0, 1]]","[0, 1]",19,29.5718,0.525,0,317.0,piece_count,2,endgame,False,0.0,0.0,False
10,53,1,"[[3, 0], [4, 1]]","[4, 1]",22,8.0612,0.6944,0,317.0,piece_count,2,endgame,False,0.0,0.0,True
10,54,0,"[[0, 1], [1, 0]]","[1, 0]",15,6.6841,0.5312,0,318.0,piece_count,2,endgame,False,0.0,0.0,True
10,55,1,"[[4, 5], [5, 6]]","[5, 6]",18,8.0686,0.6786,0,318.0,piece_count,2,endgame,True,100.0,0.0,True
10,56,0,"[[1, 0], [0, 1]]","[0, 1]",15,13.2191,0.5312,0,418.0,piece_count,2,endgame,False,0.0,0.0,False
10,57,1,"[[5, 2], [6, 1]]","[6, 1]",18,11.6315,0.6786,0,418.0,piece_count,2,endgame,False,0.0,0.0,True
10,58,0,"[[0, 1], [1, 0]]","[1, 0]",26,15.0945,0.1875,0,418.0,piece_count,2,endgame,False,0.0,0.0,True
10,59,1,"[[6, 1], [7, 2]]","[7, 2]",22,16.7964,0.6071,0,418.0,piece_count,2,endgame,False,0.0,0.0,False
10,60,0,"[[1, 0], [0, 1]]","[0, 1]",17,9.2938,0.4688,0,444.0,piece_count,2,endgame,True,0,0.0,False
10,61,1,"[[4, 1], [5, 2]]","[5, 2]",23,13.2382,0.6806,0,444.0,piece_count,2,endgame,False,0.0,0.0,True
10,62,0,"[[0, 1], [1, 0]]","[1, 0]",20,111.3031,0.5,0,460.0,piece_count,2,endgame,False,0.0,0.0,True
10,63,1,"[[5, 2], [6, 1]]","[6, 1]",25,71.3513,0.6875,0,460.0,piece_count,2,endgame,False,0.0,0.0,True
10,64,0,"[[1, 0], [0, 1]]","[0, 1]",17,113.4965,0.575,0,460.0,piece_count,2,endgame,False,0.0,0.0,False
10,65,1,"[[4, 3], [5, 2]]","[5, 2]",19,8.817,0.6607,0,460.0,piece_count,2,endgame,True,0.0,0.0,True
10,66,0,"[[0, 1], [1, 0]]","[1, 0]",18,6.2943,0.55,0,460.0,piece_count,2,endgame,False,0.0,0.0,True
10,67,1,"[[3, 2], [4, 3]]","[4, 3]",21,9.0976,0.6719,0,460.0,piece_count,2,endgame,False,0.0,0.0,False
10,68,0,"[[1, 0], [0, 1]]","[0, 1]",16,52.1121,0.6,0,604.0,piece_count,2,endgame,False,0.0,0.0,False
10,69,1,"[[5, 2], [6, 3]]","[6, 3]",17,7.5817,0.6458,0,604.0,piece_count,2,endgame,False,0.0,0.0,False
10,70,0,"[[0, 1], [1, 0]]","[1, 0]",26,10.4945,0.35,0,725.0,piece_count,2,endgame,False,0,0.0,True
10,71,1,"[[6, 3], [7, 4]]","[7, 4]",19,77.2974,0.525,0,725.0,piece_count,2,endgame,False,0.0,0.0,True
10,72,0,"[[1, 0], [0, 1]]","[0, 1]",18,6.1831,0.55,0,725.0,piece_count,2,endgame,False,0.0,0.0,False
10,73,1,"[[4, 3], [5, 2]]","[5, 2]",21,9.31,0.6719,0,725.0,piece_count,2,endgame,False,0.0,0.0,True
10,74,0,"[[0, 1], [1, 0]]","[1, 0]",18,6.4476,0.55,0,725.0,piece_count,2,endgame,False,0.0,0.0,True
10,75,1,"[[5, 2], [6, 3]]","[6, 3]",21,8.0504,0.6719,0,725.0,piece_count,2,endgame,True,144.0,0.0,False
10,76,0,"[[1, 0], [0, 1]]","[0, 1]",14,6.3226,0.65,0,869.0,piece_count,2,endgame,False,0.0,0.0,False
10,77,1,"[[5, 6], [6, 5]]","[6, 5]",12,5.1072,0.625,0,869.0,piece_count,2,endgame,False,0.0,0.0,True
10,78,0,"[[0, 1], [1, 0]]","[1, 0]",9,4.4081,0.7188,0,869.0,piece_count,2,endgame,False,0.0,0.0,True
10,79,1,"[[4, 7], [5, 6]]","[5, 6]",6,43.7062,0.25,0,869.0,piece_count,2,endgame,False,0.0,0.0,False
10,80,0,"[[1, 0], [0, 1]]","[0, 1]",9,3.9446,0.7188,0,869.0,piece_count,2,endgame,False,0,0.0,False
10,81,1,"[[5, 6], [6, 7]]","[6, 7]",5,1.7424,0.375,0,869.0,piece_count,2,endgame,False,0.0,0.0,False
10,82,0,"[[0, 1], [1, 0]]","[1, 0]",4,1.2627,0.8333,0,899.0,piece_count,2,endgame,False,0.0,0.0,True
11,0,0,"[[6, 1], [5, 0]]","[5, 0]",21,10.787,0.625,0,0,piece_count,2,opening,False,0,0.0,False
11,1,1,"[[1, 0], [2, 1]]","[2, 1]",22,38.9569,0.6071,0,0,piece_count,2,opening,False,0.0,0.0,True
11,2,0,"[[5, 0], [4, 1]]","[4, 1]",24,13.0634,0.625,0,1.0,piece_count,2,opening,False,0.0,0.0,False
11,3,1,"[[0, 1], [1, 0]]","[1, 0]",25,25.1718,0.6094,0,1.0,piece_count,2,opening,False,0.0,0.0,True
11,4,0,"[[4, 1], [3, 0]]","[3, 0]",24,23.7172,0.6667,0,1.0,piece_count,2,opening,False,0.0,0.0,False
11,5,1,"[[1, 4], [2, 3]]","[2, 3]",19,10.7186,0.6042,0,1.0,piece_count,2,opening,False,0.0,0.0,True
11,6,0,"[[6, 3], [5, 2]]","[5, 2]",21,11.5685,0.625,0,1.0,piece_count,2,opening,False,0.0,0.0,False
11,7,1,"[[0, 3], [1, 4]]","[1, 4]",23,11.6134,0.5893,0,1.0,piece_count,2,opening,False,0.0,0.0,True
11,8,0,"[[5, 2], [4, 1]]","[4, 1]",24,40.5731,0.6667,0,1.0,piece_count,2,opening,False,0.0,0.0,False
11,9,1,"[[1, 4], [2, 5]]","[2, 5]",20,9.4419,0.5833,0,1.0,piece_count,2,opening,False,0.0,0.0,True
11,10,0,"[[6, 5], [5, 4]]","[5, 4]",24,19.0175,0.625,0,1.0,piece_count,2,opening,True,0,0.0,False
11,11,1,"[[0, 5], [1, 4]]","[1, 4]",24,12.6379,0.5714,0,1.0,piece_count,2,opening,False,0.0,0.0,True
11,12,0,"[[5, 4], [4, 3]]","[4, 3]",27,16.381,0.6625,0,1.0,piece_count,2,opening,False,0.0,0.0,False
11,13,1,"[[1, 6], [2, 7]]","[2, 7]",22,10.6409,0.5417,0,1.0,piece_count,2,opening,False,0.0,0.0,True
11,14,0,"[[6, 7], [5, 6]]","[5, 6]",27,31.4896,0.6625,0,31.0,piece_count,2,opening,False,0.0,0.0,False
11,15,1,"[[0, 7], [1, 6]]","[1, 6]",26,12.5899,0.5357,0,31.0,piece_count,2,opening,True,0.0,0.0,True
11,16,0,"[[5, 6], [4, 5]]","[4, 5]",30,26.4375,0.6875,0,31.0,piece_count,2,opening,False,0.0,0.0,False
11,17,1,"[[2, 5], [3, 6]]","[3, 6]",24,11.2307,0.5,0,31.0,piece_count,2,opening,False,0.0,0.0,False
11,18,0,"[[4, 1], [3, 2]]","[3, 2]",25,12.5461,0.7159,0,112.0,piece_count,2,opening,False,0.0,0.0,False
11,19,1,"[[3, 6], [5, 4]]","[5, 4]",21,9.3443,0.0,0,112.0,piece_count,2,opening,False,0.0,0.0,False
11,20,0,"[[7, 0], [6, 1]]","[6, 1]",19,10.2124,0.7031,0,139.0,piece_count,2,midgame,True,0,0.0,False
11,21,1,"[[2, 3], [4, 1]]","[4, 1]",11,4.6003,0.0,0,139.0,piece_count,2,midgame,False,0.0,0.0,False
11,22,0,"[[4, 3], [3, 4]]","[3, 4]",28,44.2226,0.6111,0,153.0,piece_count,2,midgame,False,0.0,0.0,False
11,23,1,"[[1, 4], [2, 3]]","[2, 3]",29,27.6823,0.6375,0,153.0,piece_count,2,midgame,False,0.0,0.0,True
11,24,0,"[[3, 4], [2, 5]]","[2, 5]",17,6.8407,0.7344,0,153.0,piece_count,2,midgame,False,0.0,0.0,False
11,25,1,"[[1, 6], [3, 4]]","[3, 4]",9,3.9678,0.0,0,153.0,piece_count,2,midgame,True,22.0,0.0,False
11,26,0,"[[6, 1], [5, 0]]","[5, 0]",22,12.5048,0.6071,0,175.0,piece_count,2,midgame,False,0.0,0.0,False
11,27,1,"[[2, 1], [3, 2]]","[3, 2]",23,9.7413,0.6406,0,175.0,piece_count,2,midgame,False,0.0,0.0,False
11,28,0,"[[3, 0], [2, 1]]","[2, 1]",15,5.8,0.7321,0,199.0,piece_count,2,midgame,False,0.0,0.0,False
11,29,1,"[[1, 2], [3, 0]]","[3, 0]",8,16.9399,0.0,0,199.0,piece_count,2,midgame,False,0.0,0.0,False
11,30,0,"[[7, 2], [6, 1]]","[6, 1]",20,8.0218,0.5833,0,212.0,piece_count,2,midgame,True,0,0.0,False
11,31,1,"[[1, 0], [2, 1]]","[2, 1]",21,8.1689,0.6719,0,212.0,piece_count,2,midgame,False,0.0,0.0,True
11,32,0,"[[7, 4], [6, 5]]","[6, 5]",16,5.8973,0.6,0,213.0,piece_count,2,midgame,False,0.0,0.0,False
11,33,1,"[[3, 4], [4, 3]]","[4, 3]",15,26.9589,0.6875,0,213.0,piece_count,2,midgame,False,0.0,0.0,True
11,34,0,"[[6, 5], [5, 6]]","[5, 6]",13,4.9431,0.4583,0,213.0,piece_count,2,midgame,False,0.0,0.0,False
11,35,1,"[[2, 3], [3, 4]]","[3, 4]",17,6.4554,0.6458,0,213.0,piece_count,2,midgame,True,0.0,0.0,True
11,36,0,"[[5, 6], [4, 7]]","[4, 7]",16,5.9297,0.6,0,213.0,piece_count,2,midgame,False,0.0,0.0,False
11,37,1,"[[3, 4], [4, 5]]","[4, 5]",16,17.4651,0.6667,0,213.0,piece_count,2,midgame,False,0.0,0.0,False
11,38,0,"[[4, 7], [3, 6]]","[3, 6]",13,4.9305,0.5938,0,213.0,piece_count,2,midgame,False,0.0,0.0,False
11,39,1,"[[4, 1], [5, 2]]","[5, 2]",14,5.2476,0.65,0,213.0,piece_count,2,midgame,False,0.0,0.0,True
11,40,0,"[[3, 6], [2, 5]]","[2, 5]",9,12.238,0.7188,0,241.0,piece_count,2,midgame,True,0,0.0,False
11,41,1,"[[5, 2], [7, 0]]","[7, 0]",7,3.0301,0.125,0,241.0,piece_count,2,midgame,False,0.0,0.0,False
11,42,0,"[[2, 5], [1, 4]]","[1, 4]",18,7.0732,0.55,0,260.0,piece_count,2,midgame,False,0.0,0.0,False
11,43,1,"[[2, 7], [3, 6]]","[3, 6]",21,9.5847,0.6719,0,260.0,piece_count,2,midgame,False,0.0,0.0,False
11,44,0,"[[1, 4], [0, 3]]","[0, 3]",18,6.4397,0.55,0,260.0,piece_count,2,midgame,False,0.0,0.0,False
11,45,1,"[[3, 0], [4, 1]]","[4, 1]",20,43.2525,0.6875,0,260.0,piece_count,2,midgame,True,143.0,143.0,True
11,46,0,"[[0, 3], [1, 2]]","[1, 2]",16,5.9228,0.5,0,261.0,piece_count,2,midgame,False,0.0,0.0,False
11,47,1,"[[2, 1], [3, 0]]","[3, 0]",22,8.4119,0.6562,0,261.0,piece_count,2,midgame,False,0.0,0.0,True
11,48,0,"[[1, 2], [0, 1]]","[0, 1]",19,8.2989,0.6042,0,261.0,piece_count,2,midgame,False,0.0,0.0,True
11,49,1,"[[3, 6], [4, 7]]","[4, 7]",18,6.9759,0.6786,0,261.0,piece_count,2,midgame,False,0.0,0.0,True
11,50,0,"[[0, 1], [1, 0]]","[1, 0]",15,5.4679,0.5312,0,291.0,piece_count,2,endgame,True,0,0.0,True
11,51,1,"[[4, 1], [5, 2]]","[5, 2]",19,7.4143,0.6607,0,291.0,piece_count,2,endgame,False,0.0,0.0,True
11,52,0,"[[1, 0], [0, 1]]","[0, 1]",19,17.0887,0.525,0,317.0,piece_count,2,endgame,False,0.0,0.0,False
11,53,1,"[[3, 0], [4, 1]]","[4, 1]",22,8.5208,0.6944,0,317.0,piece_count,2,endgame,False,0.0,0.0,True
11,54,0,"[[0, 1], [1, 0]]","[1, 0]",15,5.3616,0.5312,0,318.0,piece_count,2,endgame,False,0.0,0.0,True
11,55,1,"[[4, 5], [5, 6]]","[5, 6]",18,28.1212,0.6786,0,318.0,piece_count,2,endgame,True,100.0,0.0,True
11,56,0,"[[1, 0], [0, 1]]","[0, 1]",15,6.7573,0.5312,0,418.0,piece_count,2,endgame,False,0.0,0.0,False
11,57,1,"[[5, 2], [6, 1]]","[6, 1]",18,6.6454,0.6786,0,418.0,piece_count,2,endgame,False,0.0,0.0,True
11,58,0,"[[0, 1], [1, 0]]","[1, 0]",26,9.6688,0.1875,0,418.0,piece_count,2,endgame,False,0.0,0.0,True
11,59,1,"[[6, 1], [7, 2]]","[7, 2]",22,18.3077,0.6071,0,418.0,piece_count,2,endgame,False,0.0,0.0,False
11,60,0,"[[1, 0], [0, 1]]","[0, 1]",17,7.1414,0.4688,0,444.0,piece_count,2,endgame,True,0,0.0,False
11,61,1,"[[4, 1], [5, 2]]","[5, 2]",23,8.9979,0.6806,0,444.0,piece_count,2,endgame,False,0.0,0.0,True
11,62,0,"[[0, 1], [1, 0]]","[1, 0]",20,35.0416,0.5,0,460.0,piece_count,2,endgame,False,0.0,0.0,True
11,63,1,"[[5, 2], [6, 1]]","[6, 1]",25,12.2957,0.6875,0,460.0,piece_count,2,endgame,False,0.0,0.0,True
11,64,0,"[[1, 0], [0, 1]]","[0, 1]",17,6.5176,0.575,0,460.0,piece_count,2,endgame,False,0.0,0.0,False
11,65,1,"[[4, 3], [5, 2]]","[5, 2]",19,12.49,0.6607,0,460.0,piece_count,2,endgame,True,0.0,0.0,True
11,66,0,"[[0, 1], [1, 0]]","[1, 0]",18,6.3601,0.55,0,460.0,piece_count,2,endgame,False,0.0,0.0,True
11,67,1,"[[3, 2], [4, 3]]","[4, 3]",21,8.0044,0.6719,0,460.0,piece_count,2,endgame,False,0.0,0.0,False
11,68,0,"[[1, 0], [0, 1]]","[0, 1]",16,5.7378,0.6,0,604.0,piece_count,2,endgame,False,0.0,0.0,False
11,69,1,"[[5, 2], [6, 3]]","[6, 3]",17,6.1936,0.6458,0,604.0,piece_count,2,endgame,False,0.0,0.0,False
11,70,0,"[[0, 1], [1, 0]]","[1, 0]",26,9.1388,0.35,0,725.0,piece_count,2,endgame,False,0,0.0,True
11,71,1,"[[6, 3], [7, 4]]","[7, 4]",19,7.5014,0.525,0,725.0,piece_count,2,endgame,False,0.0,0.0,True
11,72,0,"[[1, 0], [0, 1]]","[0, 1]",18,6.7327,0.55,0,725.0,piece_count,2,endgame,False,0.0,0.0,False
11,73,1,"[[4, 3], [5, 2]]","[5, 2]",21,8.1654,0.6719,0,725.0,piece_count,2,endgame,False,0.0,0.0,True
11,74,0,"[[0, 1], [1, 0]]","[1, 0]",18,7.1154,0.55,0,725.0,piece_count,2,endgame,False,0.0,0.0,True
11,75,1,"[[5, 2], [6, 3]]","[6, 3]",21,8.2831,0.6719,0,725.0,piece_count,2,endgame,True,144.0,0.0,False
11,76,0,"[[1, 0], [0, 1]]","[0, 1]",14,5.1951,0.65,0,869.0,piece_count,2,endgame,False,0.0,0.0,False
11,77,1,"[[5, 6], [6, 5]]","[6, 5]",12,4.7488,0.625,0,869.0,piece_count,2,endgame,False,0.0,0.0,True
11,78,0,"[[0, 1], [1, 0]]","[1, 0]",9,3.2494,0.7188,0,869.0,piece_count,2,endgame,False,0.0,0.0,True
11,79,1,"[[4, 7], [5, 6]]","[5, 6]",6,2.2275,0.25,0,869.0,piece_count,2,endgame,False,0.0,0.0,False
11,80,0,"[[1, 0], [0, 1]]","[0, 1]",9,3.2873,0.7188,0,869.0,piece_count,2,endgame,False,0,0.0,False
11,81,1,"[[5, 6], [6, 7]]","[6, 7]",5,1.802,0.375,0,869.0,piece_count,2,endgame,False,0.0,0.0,False
11,82,0,"[[0, 1], [1, 0]]","[1, 0]",4,1.328,0.8333,0,899.0,piece_count,2,endgame,False,0.0,0.0,True
12,0,0,"[[6, 1], [5, 0]]","[5, 0]",21,10.649,0.625,0,0,piece_count,2,opening,False,0,0.0,False
12,1,1,"[[1, 0], [2, 1]]","[2, 1]",22,10.8738,0.6071,0,0,piece_count,2,opening,False,0.0,0.0,True
12,2,0,"[[5, 0], [4, 1]]","[4, 1]",24,11.5507,0.625,0,1.0,piece_count,2,opening,False,0.0,0.0,False
12,3,1,"[[0, 1], [1, 0]]","[1, 0]",25,9.5866,0.6094,0,1.0,piece_count,2,opening,False,0.0,0.0,True
12,4,0,"[[4, 1], [3, 0]]","[3, 0]",24,8.8165,0.6667,0,1.0,piece_count,2,opening,False,0.0,0.0,False
12,5,1,"[[1, 4], [2, 3]]","[2, 3]",19,6.9587,0.6042,0,1.0,piece_count,2,opening,False,0.0,0.0,True
12,6,0,"[[6, 3], [5, 2]]","[5, 2]",21,5.8043,0.625,0,1.0,piece_count,2,opening,False,0.0,0.0,False
12,7,1,"[[0, 3], [1, 4]]","[1, 4]",23,6.3665,0.5893,0,1.0,piece_count,2,opening,False,0.0,0.0,True
12,8,0,"[[5, 2], [4, 1]]","[4, 1]",24,7.4577,0.6667,0,1.0,piece_count,2,opening,False,0.0,0.0,False
12,9,1,"[[1, 4], [2, 5]]","[2, 5]",20,5.059,0.5833,0,1.0,piece_count,2,opening,False,0.0,0.0,True
12,10,0,"[[6, 5], [5, 4]]","[5, 4]",24,4.1199,0.625,0,1.0,piece_count,2,opening,True,0,0.0,False
12,11,1,"[[0, 5], [1, 4]]","[1, 4]",24,4.6711,0.5714,0,1.0,piece_count,2,opening,False,0.0,0.0,True
12,12,0,"[[5, 4], [4, 3]]","[4, 3]",27,7.643,0.6625,0,1.0,piece_count,2,opening,False,0.0,0.0,False
12,13,1,"[[1, 6], [2, 7]]","[2, 7]",22,6.5053,0.5417,0,1.0,piece_count,2,opening,False,0.0,0.0,True
12,14,0,"[[6, 7], [5, 6]]","[5, 6]",27,4.6697,0.6625,0,31.0,piece_count,2,opening,False,0.0,0.0,False
12,15,1,"[[0, 7], [1, 6]]","[1, 6]",26,4.3817,0.5357,0,31.0,piece_count,2,opening,True,0.0,0.0,True
12,16,0,"[[5, 6], [4, 5]]","[4, 5]",30,6.1889,0.6875,0,31.0,piece_count,2,opening,False,0.0,0.0,False
12,17,1,"[[2, 5], [3, 6]]","[3, 6]",24,4.5333,0.5,0,31.0,piece_count,2,opening,False,0.0,0.0,False
12,18,0,"[[4, 1], [3, 2]]","[3, 2]",25,8.0304,0.7159,0,112.0,piece_count,2,opening,False,0.0,0.0,False
12,19,1,"[[3, 6], [5, 4]]","[5, 4]",21,3.3247,0.0,0,112.0,piece_count,2,opening,False,0.0,0.0,False
12,20,0,"[[7, 0], [6, 1]]","[6, 1]",19,2.9981,0.7031,0,139.0,piece_count,2,midgame,True,0,0.0,False
12,21,1,"[[2, 3], [4, 1]]","[4, 1]",11,3.0186,0.0,0,139.0,piece_count,2,midgame,False,0.0,0.0,False
12,22,0,"[[4, 3], [3, 4]]","[3, 4]",28,7.7107,0.6111,0,153.0,piece_count,2,midgame,False,0.0,0.0,False
12,23,1,"[[1, 4], [2, 3]]","[2, 3]",29,4.9777,0.6375,0,153.0,piece_count,2,midgame,False,0.0,0.0,True
12,24,0,"[[3, 4], [2, 5]]","[2, 5]",17,2.7585,0.7344,0,153.0,piece_count,2,midgame,False,0.0,0.0,False
12,25,1,"[[1, 6], [3, 4]]","[3, 4]",9,1.647,0.0,0,153.0,piece_count,2,midgame,True,22.0,0.0,False
12,26,0,"[[6, 1], [5, 0]]","[5, 0]",22,3.3326,0.6071,0,175.0,piece_count,2,midgame,False,0.0,0.0,False
12,27,1,"[[2, 1], [3, 2]]","[3, 2]",23,3.8152,0.6406,0,175.0,piece_count,2,midgame,False,0.0,0.0,False
12,28,0,"[[3, 0], [2, 1]]","[2, 1]",15,2.1546,0.7321,0,199.0,piece_count,2,midgame,False,0.0,0.0,False
12,29,1,"[[1, 2], [3, 0]]","[3, 0]",8,1.0853,0.0,0,199.0,piece_count,2,midgame,False,0.0,0.0,False
12,30,0,"[[7, 2], [6, 1]]","[6, 1]",20,2.7642,0.5833,0,212.0,piece_count,2,midgame,True,0,0.0,False
12,31,1,"[[1, 0], [2, 1]]","[2, 1]",21,3.0544,0.6719,0,212.0,piece_count,2,midgame,False,0.0,0.0,True
12,32,0,"[[7, 4], [6, 5]]","[6, 5]",16,2.1632,0.6,0,213.0,piece_count,2,midgame,False,0.0,0.0,False
12,33,1,"[[3, 4], [4, 3]]","[4, 3]",15,2.0716,0.6875,0,213.0,piece_count,2,midgame,False,0.0,0.0,True
12,34,0,"[[6, 5], [5, 6]]","[5, 6]",13,1.7171,0.4583,0,213.0,piece_count,2,midgame,False,0.0,0.0,False
12,35,1,"[[2, 3], [3, 4]]","[3, 4]",17,2.5811,0.6458,0,213.0,piece_count,2,midgame,True,0.0,0.0,True
12,36,0,"[[5, 6], [4, 7]]","[4, 7]",16,7.1809,0.6,0,213.0,piece_count,2,midgame,False,0.0,0.0,False
12,37,1,"[[3, 4], [4, 5]]","[4, 5]",16,3.087,0.6667,0,213.0,piece_count,2,midgame,False,0.0,0.0,False
12,38,0,"[[4, 7], [3, 6]]","[3, 6]",13,1.7374,0.5938,0,213.0,piece_count,2,midgame,False,0.0,0.0,False
12,39,1,"[[4, 1], [5, 2]]","[5, 2]",14,3.4223,0.65,0,213.0,piece_count,2,midgame,False,0.0,0.0,True
12,40,0,"[[3, 6], [2, 5]]","[2, 5]",9,2.0611,0.7188,0,241.0,piece_count,2,midgame,True,0,0.0,False
12,41,1,"[[5, 2], [7, 0]]","[7, 0]",7,1.6015,0.125,0,241.0,piece_count,2,midgame,False,0.0,0.0,False
12,42,0,"[[2, 5], [1, 4]]","[1, 4]",18,4.2117,0.55,0,260.0,piece_count,2,midgame,False,0.0,0.0,False
12,43,1,"[[2, 7], [3, 6]]","[3, 6]",21,5.0905,0.6719,0,260.0,piece_count,2,midgame,False,0.0,0.0,False
12,44,0,"[[1, 4], [0, 3]]","[0, 3]",18,4.2551,0.55,0,260.0,piece_count,2,midgame,False,0.0,0.0,False
12,45,1,"[[3, 0], [4, 1]]","[4, 1]",20,4.8516,0.6875,0,260.0,piece_count,2,midgame,True,143.0,143.0,True
12,46,0,"[[0, 3], [1, 2]]","[1, 2]",16,2.419,0.5,0,261.0,piece_count,2,midgame,False,0.0,0.0,False
12,47,1,"[[2, 1], [3, 0]]","[3, 0]",22,3.3212,0.6562,0,261.0,piece_count,2,midgame,False,0.0,0.0,True
12,48,0,"[[1, 2], [0, 1]]","[0, 1]",19,2.4927,0.6042,0,261.0,piece_count,2,midgame,False,0.0,0.0,True
12,49,1,"[[3, 6], [4, 7]]","[4, 7]",18,4.3325,0.6786,0,261.0,piece_count,2,midgame,False,0.0,0.0,True
12,50,0,"[[0, 1], [1, 0]]","[1, 0]",15,3.5462,0.5312,0,291.0,piece_count,2,endgame,True,0,0.0,True
12,51,1,"[[4, 1], [5, 2]]","[5, 2]",19,4.6122,0.6607,0,291.0,piece_count,2,endgame,False,0.0,0.0,True
12,52,0,"[[1, 0], [0, 1]]","[0, 1]",19,4.8766,0.525,0,317.0,piece_count,2,endgame,False,0.0,0.0,False
12,53,1,"[[3, 0], [4, 1]]","[4, 1]",22,5.5063,0.6944,0,317.0,piece_count,2,endgame,False,0.0,0.0,True
12,54,0,"[[0, 1], [1, 0]]","[1, 0]",15,3.0074,0.5312,0,318.0,piece_count,2,endgame,False,0.0,0.0,True
12,55,1,"[[4, 5], [5, 6]]","[5, 6]",18,2.8462,0.6786,0,318.0,piece_count,2,endgame,True,100.0,0.0,True
12,56,0,"[[1, 0], [0, 1]]","[0, 1]",15,2.6455,0.5312,0,418.0,piece_count,2,endgame,False,0.0,0.0,False
12,57,1,"[[5, 2], [6, 1]]","[6, 1]",18,2.7766,0.6786,0,418.0,piece_count,2,endgame,False,0.0,0.0,True
12,58,0,"[[0, 1], [1, 0]]","[1, 0]",26,4.267,0.1875,0,418.0,piece_count,2,endgame,False,0.0,0.0,True
12,59,1,"[[6, 1], [7, 2]]","[7, 2]",22,4.2653,0.6071,0,418.0,piece_count,2,endgame,False,0.0,0.0,False
12,60,0,"[[1, 0], [0, 1]]","[0, 1]",17,4.0281,0.4688,0,444.0,piece_count,2,endgame,True,0,0.0,False
12,61,1,"[[4, 1], [5, 2]]","[5, 2]",23,5.1539,0.6806,0,444.0,piece_count,2,endgame,False,0.0,0.0,True
12,62,0,"[[0, 1], [1, 0]]","[1, 0]",20,2.5911,0.5,0,460.0,piece_count,2,endgame,False,0.0,0.0,True
12,63,1,"[[5, 2], [6, 1]]","[6, 1]",25,3.355,0.6875,0,460.0,piece_count,2,endgame,False,0.0,0.0,True
12,64,0,"[[1, 0], [0, 1]]","[0, 1]",17,2.183,0.575,0,460.0,piece_count,2,endgame,False,0.0,0.0,False
12,65,1,"[[4, 3], [5, 2]]","[5, 2]",19,2.7437,0.6607,0,460.0,piece_count,2,endgame,True,0.0,0.0,True
12,66,0,"[[0, 1], [1, 0]]","[1, 0]",18,4.185,0.55,0,460.0,piece_count,2,endgame,False,0.0,0.0,True
12,67,1,"[[3, 2], [4, 3]]","[4, 3]",21,5.1231,0.6719,0,460.0,piece_count,2,endgame,False,0.0,0.0,False
12,68,0,"[[1, 0], [0, 1]]","[0, 1]",16,4.3063,0.6,0,604.0,piece_count,2,endgame,False,0.0,0.0,False
12,69,1,"[[5, 2], [6, 3]]","[6, 3]",17,3.2468,0.6458,0,604.0,piece_count,2,endgame,False,0.0,0.0,False
12,70,0,"[[0, 1], [1, 0]]","[1, 0]",26,6.2969,0.35,0,725.0,piece_count,2,endgame,False,0,0.0,True
12,71,1,"[[6, 3], [7, 4]]","[7, 4]",19,4.8287,0.525,0,725.0,piece_count,2,endgame,False,0.0,0.0,True
12,72,0,"[[1, 0], [0, 1]]","[0, 1]",18,5.6596,0.55,0,725.0,piece_count,2,endgame,False,0.0,0.0,False
12,73,1,"[[4, 3], [5, 2]]","[5, 2]",21,5.3766,0.6719,0,725.0,piece_count,2,endgame,False,0.0,0.0,True
12,74,0,"[[0, 1], [1, 0]]","[1, 0]",18,4.389,0.55,0,725.0,piece_count,2,endgame,False,0.0,0.0,True
12,75,1,"[[5, 2], [6, 3]]","[6, 3]",21,5.2929,0.6719,0,725.0,piece_count,2,endgame,True,144.0,0.0,False
12,76,0,"[[1, 0], [0, 1]]","[0, 1]",14,3.3934,0.65,0,869.0,piece_count,2,endgame,False,0.0,0.0,False
12,77,1,"[[5, 6], [6, 5]]","[6, 5]",12,2.9671,0.625,0,869.0,piece_count,2,endgame,False,0.0,0.0,True
12,78,0,"[[0, 1], [1, 0]]","[1, 0]",9,2.0466,0.7188,0,869.0,piece_count,2,endgame,False,0.0,0.0,True
12,79,1,"[[4, 7], [5, 6]]","[5, 6]",6,1.3862,0.25,0,869.0,piece_count,2,endgame,False,0.0,0.0,False
12,80,0,"[[1, 0], [0, 1]]","[0, 1]",9,2.5797,0.7188,0,869.0,piece_count,2,endgame,False,0,0.0,False
12,81,1,"[[5, 6], [6, 7]]","[6, 7]",5,1.1227,0.375,0,869.0,piece_count,2,endgame,False,0.0,0.0,False
12,82,0,"[[0, 1], [1, 0]]","[1, 0]",4,0.8612,0.8333,0,899.0,piece_count,2,endgame,False,0.0,0.0,True
13,0,0,"[[6, 1], [5, 0]]","[5, 0]",21,6.5463,0.625,0,0,piece_count,2,opening,False,0,0.0,False
13,1,1,"[[1, 0], [2, 1]]","[2, 1]",22,7.87,0.6071,0,0,piece_count,2,opening,False,0.0,0.0,True
13,2,0,"[[5, 0], [4, 1]]","[4, 1]",24,10.6382,0.625,0,1.0,piece_count,2,opening,False,0.0,0.0,False
13,3,1,"[[0, 1], [1, 0]]","[1, 0]",25,7.1111,0.6094,0,1.0,piece_count,2,opening,False,0.0,0.0,True
13,4,0,"[[4, 1], [3, 0]]","[3, 0]",24,11.3196,0.6667,0,1.0,piece_count,2,opening,False,0.0,0.0,False
13,5,1,"[[1, 4], [2, 3]]","[2, 3]",19,3.2332,0.6042,0,1.0,piece_count,2,opening,False,0.0,0.0,True
13,6,0,"[[6, 3], [5, 2]]","[5, 2]",21,3.5784,0.625,0,1.0,piece_count,2,opening,False,0.0,0.0,False
13,7,1,"[[0, 3], [1, 4]]","[1, 4]",23,3.871,0.5893,0,1.0,piece_count,2,opening,False,0.0,0.0,True
13,8,0,"[[5, 2], [4, 1]]","[4, 1]",24,8.4772,0.6667,0,1.0,piece_count,2,opening,False,0.0,0.0,False
13,9,1,"[[1, 4], [2, 5]]","[2, 5]",20,4.0722,0.5833,0,1.0,piece_count,2,opening,False,0.0,0.0,True
13,10,0,"[[6, 5], [5, 4]]","[5, 4]",24,8.6429,0.625,0,1.0,piece_count,2,opening,True,0,0.0,False
13,11,1,"[[0, 5], [1, 4]]","[1, 4]",24,4.7014,0.5714,0,1.0,piece_count,2,opening,False,0.0,0.0,True
13,12,0,"[[5, 4], [4, 3]]","[4, 3]",27,6.0213,0.6625,0,1.0,piece_count,2,opening,False,0.0,0.0,False
13,13,1,"[[1, 6], [2, 7]]","[2, 7]",22,3.6941,0.5417,0,1.0,piece_count,2,opening,False,0.0,0.0,True
13,14,0,"[[6, 7], [5, 6]]","[5, 6]",27,10.2065,0.6625,0,31.0,piece_count,2,opening,False,0.0,0.0,False
13,15,1,"[[0, 7], [1, 6]]","[1, 6]",26,4.4601,0.5357,0,31.0,piece_count,2,opening,True,0.0,0.0,True
13,16,0,"[[5, 6], [4, 5]]","[4, 5]",30,8.9996,0.6875,0,31.0,piece_count,2,opening,False,0.0,0.0,False
13,17,1,"[[2, 5], [3, 6]]","[3, 6]",24,7.2103,0.5,0,31.0,piece_count,2,opening,False,0.0,0.0,False
13,18,0,"[[4, 1], [3, 2]]","[3, 2]",25,8.2326,0.7159,0,112.0,piece_count,2,opening,False,0.0,0.0,False
13,19,1,"[[3, 6], [5, 4]]","[5, 4]",21,6.9888,0.0,0,112.0,piece_count,2,opening,False,0.0,0.0,False
13,20,0,"[[7, 0], [6, 1]]","[6, 1]",19,5.7595,0.7031,0,139.0,piece_count,2,midgame,True,0,0.0,False
13,21,1,"[[2, 3], [4, 1]]","[4, 1]",11,2.995,0.0,0,139.0,piece_count,2,midgame,False,0.0,0.0,False
13,22,0,"[[4, 3], [3, 4]]","[3, 4]",28,6.912,0.6111,0,153.0,piece_count,2,midgame,False,0.0,0.0,False
13,23,1,"[[1, 4], [2, 3]]","[2, 3]",29,7.1568,0.6375,0,153.0,piece_count,2,midgame,False,0.0,0.0,True
13,24,0,"[[3, 4], [2, 5]]","[2, 5]",17,4.4413,0.7344,0,153.0,piece_count,2,midgame,False,0.0,0.0,False
13,25,1,"[[1, 6], [3, 4]]","[3, 4]",9,1.2801,0.0,0,153.0,piece_count,2,midgame,True,22.0,0.0,False
13,26,0,"[[6, 1], [5, 0]]","[5, 0]",22,3.1822,0.6071,0,175.0,piece_count,2,midgame,False,0.0,0.0,False
13,27,1,"[[2, 1], [3, 2]]","[3, 2]",23,3.3891,0.6406,0,175.0,piece_count,2,midgame,False,0.0,0.0,False
13,28,0,"[[3, 0], [2, 1]]","[2, 1]",15,2.1224,0.7321,0,199.0,piece_count,2,midgame,False,0.0,0.0,False
13,29,1,"[[1, 2], [3, 0]]","[3, 0]",8,2.0509,0.0,0,199.0,piece_count,2,midgame,False,0.0,0.0,False
13,30,0,"[[7, 2], [6, 1]]","[6, 1]",20,3.2926,0.5833,0,212.0,piece_count,2,midgame,True,0,0.0,False
13,31,1,"[[1, 0], [2, 1]]","[2, 1]",21,3.715,0.6719,0,212.0,piece_count,2,midgame,False,0.0,0.0,True
13,32,0,"[[7, 4], [6, 5]]","[6, 5]",16,4.2443,0.6,0,213.0,piece_count,2,midgame,False,0.0,0.0,False
13,33,1,"[[3, 4], [4, 3]]","[4, 3]",15,3.6676,0.6875,0,213.0,piece_count,2,midgame,False,0.0,0.0,True
13,34,0,"[[6, 5], [5, 6]]","[5, 6]",13,2.8486,0.4583,0,213.0,piece_count,2,midgame,False,0.0,0.0,False
13,35,1,"[[2, 3], [3, 4]]","[3, 4]",17,4.7531,0.6458,0,213.0,piece_count,2,midgame,True,0.0,0.0,True
13,36,0,"[[5, 6], [4, 7]]","[4, 7]",16,3.8643,0.6,0,213.0,piece_count,2,midgame,False,0.0,0.0,False
13,37,1,"[[3, 4], [4, 5]]","[4, 5]",16,3.8903,0.6667,0,213.0,piece_count,2,midgame,False,0.0,0.0,False
13,38,0,"[[4, 7], [3, 6]]","[3, 6]",13,2.6896,0.5938,0,213.0,piece_count,2,midgame,False,0.0,0.0,False
13,39,1,"[[4, 1], [5, 2]]","[5, 2]",14,1.8864,0.65,0,213.0,piece_count,2,midgame,False,0.0,0.0,True
13,40,0,"[[3, 6], [2, 5]]","[2, 5]",9,1.1406,0.7188,0,241.0,piece_count,2,midgame,True,0,0.0,False
13,41,1,"[[5, 2], [7, 0]]","[7, 0]",7,0.8812,0.125,0,241.0,piece_count,2,midgame,False,0.0,0.0,False
13,42,0,"[[2, 5], [1, 4]]","[1, 4]",18,2.3048,0.55,0,260.0,piece_count,2,midgame,False,0.0,0.0,False
13,43,1,"[[2, 7], [3, 6]]","[3, 6]",21,2.7728,0.6719,0,260.0,piece_count,2,midgame,False,0.0,0.0,False
13,44,0,"[[1, 4], [0, 3]]","[0, 3]",18,2.8996,0.55,0,260.0,piece_count,2,midgame,False,0.0,0.0,False
13,45,1,"[[3, 0], [4, 1]]","[4, 1]",20,2.6805,0.6875,0,260.0,piece_count,2,midgame,True,143.0,143.0,True
13,46,0,"[[0, 3], [1, 2]]","[1, 2]",16,2.1038,0.5,0,261.0,piece_count,2,midgame,False,0.0,0.0,False
13,47,1,"[[2, 1], [3, 0]]","[3, 0]",22,2.9721,0.6562,0,261.0,piece_count,2,midgame,False,0.0,0.0,True
13,48,0,"[[1, 2], [0, 1]]","[0, 1]",19,2.4908,0.6042,0,261.0,piece_count,2,midgame,False,0.0,0.0,True
13,49,1,"[[3, 6], [4, 7]]","[4, 7]",18,2.9433,0.6786,0,261.0,piece_count,2,midgame,False,0.0,0.0,True
13,50,0,"[[0, 1], [1, 0]]","[1, 0]",15,2.2225,0.5312,0,291.0,piece_count,2,endgame,True,0,0.0,True
13,51,1,"[[4, 1], [5, 2]]","[5, 2]",19,4.6186,0.6607,0,291.0,piece_count,2,endgame,False,0.0,0.0,True
13,52,0,"[[1, 0], [0, 1]]","[0, 1]",19,4.5874,0.525,0,317.0,piece_count,2,endgame,False,0.0,0.0,False
13,53,1,"[[3, 0], [4, 1]]","[4, 1]",22,5.3837,0.6944,0,317.0,piece_count,2,endgame,False,0.0,0.0,True
13,54,0,"[[0, 1], [1, 0]]","[1, 0]",15,3.5806,0.5312,0,318.0,piece_count,2,endgame,False,0.0,0.0,True
13,55,1,"[[4, 5], [5, 6]]","[5, 6]",18,4.4622,0.6786,0,318.0,piece_count,2,endgame,True,100.0,0.0,True
13,56,0,"[[1, 0], [0, 1]]","[0, 1]",15,3.4966,0.5312,0,418.0,piece_count,2,endgame,False,0.0,0.0,False
13,57,1,"[[5, 2], [6, 1]]","[6, 1]",18,4.3623,0.6786,0,418.0,piece_count,2,endgame,False,0.0,0.0,True
13,58,0,"[[0, 1], [1, 0]]","[1, 0]",26,6.2137,0.1875,0,418.0,piece_count,2,endgame,False,0.0,0.0,True
13,59,1,"[[6, 1], [7, 2]]","[7, 2]",22,5.3816,0.6071,0,418.0,piece_count,2,endgame,False,0.0,0.0,False
13,60,0,"[[1, 0], [0, 1]]","[0, 1]",17,4.7128,0.4688,0,444.0,piece_count,2,endgame,True,0,0.0,False
13,61,1,"[[4, 1], [5, 2]]","[5, 2]",23,7.6854,0.6806,0,444.0,piece_count,2,endgame,False,0.0,0.0,True
13,62,0,"[[0, 1], [1, 0]]","[1, 0]",20,4.1633,0.5,0,460.0,piece_count,2,endgame,False,0.0,0.0,True
13,63,1,"[[5, 2], [6, 1]]","[6, 1]",25,6.1903,0.6875,0,460.0,piece_count,2,endgame,False,0.0,0.0,True
13,64,0,"[[1, 0], [0, 1]]","[0, 1]",17,3.9434,0.575,0,460.0,piece_count,2,endgame,False,0.0,0.0,False
13,65,1,"[[4, 3], [5, 2]]","[5, 2]",19,2.6572,0.6607,0,460.0,piece_count,2,endgame,True,0.0,0.0,True
13,66,0,"[[0, 1], [1, 0]]","[1, 0]",18,2.8057,0.55,0,460.0,piece_count,2,endgame,False,0.0,0.0,True
13,67,1,"[[3, 2], [4, 3]]","[4, 3]",21,2.8489,0.6719,0,460.0,piece_count,2,endgame,False,0.0,0.0,False
13,68,0,"[[1, 0], [0, 1]]","[0, 1]",16,3.5846,0.6,0,604.0,piece_count,2,endgame,False,0.0,0.0,False
13,69,1,"[[5, 2], [6, 3]]","[6, 3]",17,4.1423,0.6458,0,604.0,piece_count,2,endgame,False,0.0,0.0,False
13,70,0,"[[0, 1], [1, 0]]","[1, 0]",26,6.1672,0.35,0,725.0,piece_count,2,endgame,False,0,0.0,True
13,71,1,"[[6, 3], [7, 4]]","[7, 4]",19,4.7553,0.525,0,725.0,piece_count,2,endgame,False,0.0,0.0,True
13,72,0,"[[1, 0], [0, 1]]","[0, 1]",18,4.2555,0.55,0,725.0,piece_count,2,endgame,False,0.0,0.0,False
13,73,1,"[[4, 3], [5, 2]]","[5, 2]",21,5.1432,0.6719,0,725.0,piece_count,2,endgame,False,0.0,0.0,True
13,74,0,"[[0, 1], [1, 0]]","[1, 0]",18,4.2565,0.55,0,725.0,piece_count,2,endgame,False,0.0,0.0,True
13,75,1,"[[5, 2], [6, 3]]","[6, 3]",21,5.1517,0.6719,0,725.0,piece_count,2,endgame,True,144.0,0.0,False
13,76,0,"[[1, 0], [0, 1]]","[0, 1]",14,3.2754,0.65,0,869.0,piece_count,2,endgame,False,0.0,0.0,False
13,77,1,"[[5, 6], [6, 5]]","[6, 5]",12,2.8911,0.625,0,869.0,piece_count,2,endgame,False,0.0,0.0,True
13,78,0,"[[0, 1], [1, 0]]","[1, 0]",9,2.0421,0.7188,0,869.0,piece_count,2,endgame,False,0.0,0.0,True
13,79,1,"[[4, 7], [5, 6]]","[5, 6]",6,1.3869,0.25,0,869.0,piece_count,2,endgame,False,0.0,0.0,False
13,80,0,"[[1, 0], [0, 1]]","[0, 1]",9,2.0466,0.7188,0,869.0,piece_count,2,endgame,False,0,0.0,False
13,81,1,"[[5, 6], [6, 7]]","[6, 7]",5,1.116,0.375,0,869.0,piece_count,2,endgame,False,0.0,0.0,False
13,82,0,"[[0, 1], [1, 0]]","[1, 0]",4,0.639,0.8333,0,899.0,piece_count,2,endgame,False,0.0,0.0,True
14,0,0,"[[6, 1], [5, 0]]","[5, 0]",21,3.5596,0.625,0,0,piece_count,2,opening,False,0,0.0,False
14,1,1,"[[1, 0], [2, 1]]","[2, 1]",22,3.7222,0.6071,0,0,piece_count,2,opening,False,0.0,0.0,True
14,2,0,"[[5, 0], [4, 1]]","[4, 1]",24,4.0591,0.625,0,1.0,piece_count,2,opening,False,0.0,0.0,False
14,3,1,"[[0, 1], [1, 0]]","[1, 0]",25,7.6962,0.6094,0,1.0,piece_count,2,opening,False,0.0,0.0,True
14,4,0,"[[4, 1], [3, 0]]","[3, 0]",24,7.36,0.6667,0,1.0,piece_count,2,opening,False,0.0,0.0,False
14,5,1,"[[1, 4], [2, 3]]","[2, 3]",19,5.7521,0.6042,0,1.0,piece_count,2,opening,False,0.0,0.0,True
14,6,0,"[[6, 3], [5, 2]]","[5, 2]",21,6.0632,0.625,0,1.0,piece_count,2,opening,False,0.0,0.0,False
14,7,1,"[[0, 3], [1, 4]]","[1, 4]",23,3.8791,0.5893,0,1.0,piece_count,2,opening,False,0.0,0.0,True
14,8,0,"[[5, 2], [4, 1]]","[4, 1]",24,6.6614,0.6667,0,1.0,piece_count,2,opening,False,0.0,0.0,False
14,9,1,"[[1, 4], [2, 5]]","[2, 5]",20,6.0253,0.5833,0,1.0,piece_count,2,opening,False,0.0,0.0,True
14,10,0,"[[6, 5], [5, 4]]","[5, 4]",24,7.3781,0.625,0,1.0,piece_count,2,opening,True,0,0.0,False
14,11,1,"[[0, 5], [1, 4]]","[1, 4]",24,3.9914,0.5714,0,1.0,piece_count,2,opening,False,0.0,0.0,True
14,12,0,"[[5, 4], [4, 3]]","[4, 3]",27,4.5514,0.6625,0,1.0,piece_count,2,opening,False,0.0,0.0,False
14,13,1,"[[1, 6], [2, 7]]","[2, 7]",22,3.6378,0.5417,0,1.0,piece_count,2,opening,False,0.0,0.0,True
14,14,0,"[[6, 7], [5, 6]]","[5, 6]",27,4.5016,0.6625,0,31.0,piece_count,2,opening,False,0.0,0.0,False
14,15,1,"[[0, 7], [1, 6]]","[1, 6]",26,4.3387,0.5357,0,31.0,piece_count,2,opening,True,0.0,0.0,True
14,16,0,"[[5, 6], [4, 5]]","[4, 5]",30,6.4378,0.6875,0,31.0,piece_count,2,opening,False,0.0,0.0,False
14,17,1,"[[2, 5], [3, 6]]","[3, 6]",24,7.091,0.5,0,31.0,piece_count,2,opening,False,0.0,0.0,False
14,18,0,"[[4, 1], [3, 2]]","[3, 2]",25,7.7686,0.7159,0,112.0,piece_count,2,opening,False,0.0,0.0,False
14,19,1,"[[3, 6], [5, 4]]","[5, 4]",21,5.9445,0.0,0,112.0,piece_count,2,opening,False,0.0,0.0,False
14,20,0,"[[7, 0], [6, 1]]","[6, 1]",19,5.2991,0.7031,0,139.0,piece_count,2,midgame,True,0,0.0,False
14,21,1,"[[2, 3], [4, 1]]","[4, 1]",11,2.9569,0.0,0,139.0,piece_count,2,midgame,False,0.0,0.0,False
14,22,0,"[[4, 3], [3, 4]]","[3, 4]",28,7.6637,0.6111,0,153.0,piece_count,2,midgame,False,0.0,0.0,False
14,23,1,"[[1, 4], [2, 3]]","[2, 3]",29,7.8993,0.6375,0,153.0,piece_count,2,midgame,False,0.0,0.0,True
14,24,0,"[[3, 4], [2, 5]]","[2, 5]",17,4.4372,0.7344,0,153.0,piece_count,2,midgame,False,0.0,0.0,False
14,25,1,"[[1, 6], [3, 4]]","[3, 4]",9,2.2957,0.0,0,153.0,piece_count,2,midgame,True,22.0,0.0,False
14,26,0,"[[6, 1], [5, 0]]","[5, 0]",22,5.6951,0.6071,0,175.0,piece_count,2,midgame,False,0.0,0.0,False
14,27,1,"[[2, 1], [3, 2]]","[3, 2]",23,6.1147,0.6406,0,175.0,piece_count,2,midgame,False,0.0,0.0,False
14,28,0,"[[3, 0], [2, 1]]","[2, 1]",15,3.8292,0.7321,0,199.0,piece_count,2,midgame,False,0.0,0.0,False
14,29,1,"[[1, 2], [3, 0]]","[3, 0]",8,1.956,0.0,0,199.0,piece_count,2,midgame,False,0.0,0.0,False
14,30,0,"[[7, 2], [6, 1]]","[6, 1]",20,4.9391,0.5833,0,212.0,piece_count,2,midgame,True,0,0.0,False
14,31,1,"[[1, 0], [2, 1]]","[2, 1]",21,5.1563,0.6719,0,212.0,piece_count,2,midgame,False,0.0,0.0,True
14,32,0,"[[7, 4], [6, 5]]","[6, 5]",16,3.8526,0.6,0,213.0,piece_count,2,midgame,False,0.0,0.0,False
14,33,1,"[[3, 4], [4, 3]]","[4, 3]",15,3.6643,0.6875,0,213.0,piece_count,2,midgame,False,0.0,0.0,True
14,34,0,"[[6, 5], [5, 6]]","[5, 6]",13,3.1621,0.4583,0,213.0,piece_count,2,midgame,False,0.0,0.0,False
14,35,1,"[[2, 3], [3, 4]]","[3, 4]",17,4.2191,0.6458,0,213.0,piece_count,2,midgame,True,0.0,0.0,True
14,36,0,"[[5, 6], [4, 7]]","[4, 7]",16,3.8767,0.6,0,213.0,piece_count,2,midgame,False,0.0,0.0,False
14,37,1,"[[3, 4], [4, 5]]","[4, 5]",16,3.8981,0.6667,0,213.0,piece_count,2,midgame,False,0.0,0.0,False
14,38,0,"[[4, 7], [3, 6]]","[3, 6]",13,1.7262,0.5938,0,213.0,piece_count,2,midgame,False,0.0,0.0,False
14,39,1,"[[4, 1], [5, 2]]","[5, 2]",14,1.8797,0.65,0,213.0,piece_count,2,midgame,False,0.0,0.0,True
14,40,0,"[[3, 6], [2, 5]]","[2, 5]",9,1.1456,0.7188,0,241.0,piece_count,2,midgame,True,0,0.0,False
14,41,1,"[[5, 2], [7, 0]]","[7, 0]",7,1.579,0.125,0,241.0,piece_count,2,midgame,False,0.0,0.0,False
14,42,0,"[[2, 5], [1, 4]]","[1, 4]",18,4.2295,0.55,0,260.0,piece_count,2,midgame,False,0.0,0.0,False
14,43,1,"[[2, 7], [3, 6]]","[3, 6]",21,5.0588,0.6719,0,260.0,piece_count,2,midgame,False,0.0,0.0,False
14,44,0,"[[1, 4], [0, 3]]","[0, 3]",18,4.2212,0.55,0,260.0,piece_count,2,midgame,False,0.0,0.0,False
14,45,1,"[[3, 0], [4, 1]]","[4, 1]",20,4.9617,0.6875,0,260.0,piece_count,2,midgame,True,143.0,143.0,True
14,46,0,"[[0, 3], [1, 2]]","[1, 2]",16,3.793,0.5,0,261.0,piece_count,2,midgame,False,0.0,0.0,False
14,47,1,"[[2, 1], [3, 0]]","[3, 0]",22,5.3489,0.6562,0,261.0,piece_count,2,midgame,False,0.0,0.0,True
14,48,0,"[[1, 2], [0, 1]]","[0, 1]",19,2.676,0.6042,0,261.0,piece_count,2,midgame,False,0.0,0.0,True
14,49,1,"[[3, 6], [4, 7]]","[4, 7]",18,2.3859,0.6786,0,261.0,piece_count,2,midgame,False,0.0,0.0,True
14,50,0,"[[0, 1], [1, 0]]","[1, 0]",15,1.9336,0.5312,0,291.0,piece_count,2,endgame,True,0,0.0,True
14,51,1,"[[4, 1], [5, 2]]","[5, 2]",19,2.5296,0.6607,0,291.0,piece_count,2,endgame,False,0.0,0.0,True
14,52,0,"[[1, 0], [0, 1]]","[0, 1]",19,2.4602,0.525,0,317.0,piece_count,2,endgame,False,0.0,0.0,False
14,53,1,"[[3, 0], [4, 1]]","[4, 1]",22,4.8254,0.6944,0,317.0,piece_count,2,endgame,False,0.0,0.0,True
14,54,0,"[[0, 1], [1, 0]]","[1, 0]",15,3.5174,0.5312,0,318.0,piece_count,2,endgame,False,0.0,0.0,True
14,55,1,"[[4, 5], [5, 6]]","[5, 6]",18,4.3759,0.6786,0,318.0,piece_count,2,endgame,True,100.0,0.0,True
14,56,0,"[[1, 0], [0, 1]]","[0, 1]",15,3.5052,0.5312,0,418.0,piece_count,2,endgame,False,0.0,0.0,False
14,57,1,"[[5, 2], [6, 1]]","[6, 1]",18,4.3414,0.6786,0,418.0,piece_count,2,endgame,False,0.0,0.0,True
14,58,0,"[[0, 1], [1, 0]]","[1, 0]",26,6.3481,0.1875,0,418.0,piece_count,2,endgame,False,0.0,0.0,True
14,59,1,"[[6, 1], [7, 2]]","[7, 2]",22,5.3885,0.6071,0,418.0,piece_count,2,endgame,False,0.0,0.0,False
14,60,0,"[[1, 0], [0, 1]]","[0, 1]",17,3.9961,0.4688,0,444.0,piece_count,2,endgame,True,0,0.0,False
14,61,1,"[[4, 1], [5, 2]]","[5, 2]",23,5.6698,0.6806,0,444.0,piece_count,2,endgame,False,0.0,0.0,True
14,62,0,"[[0, 1], [1, 0]]","[1, 0]",20,4.6887,0.5,0,460.0,piece_count,2,endgame,False,0.0,0.0,True
14,63,1,"[[5, 2], [6, 1]]","[6, 1]",25,6.1834,0.6875,0,460.0,piece_count,2,endgame,False,0.0,0.0,True
14,64,0,"[[1, 0], [0, 1]]","[0, 1]",17,3.9425,0.575,0,460.0,piece_count,2,endgame,False,0.0,0.0,False
14,65,1,"[[4, 3], [5, 2]]","[5, 2]",19,4.5669,0.6607,0,460.0,piece_count,2,endgame,True,0.0,0.0,True
14,66,0,"[[0, 1], [1, 0]]","[1, 0]",18,4.266,0.55,0,460.0,piece_count,2,endgame,False,0.0,0.0,True
14,67,1,"[[3, 2], [4, 3]]","[4, 3]",21,5.1351,0.6719,0,460.0,piece_count,2,endgame,False,0.0,0.0,False
14,68,0,"[[1, 0], [0, 1]]","[0, 1]",16,3.8605,0.6,0,604.0,piece_count,2,endgame,False,0.0,0.0,False
14,69,1,"[[5, 2], [6, 3]]","[6, 3]",17,4.1339,0.6458,0,604.0,piece_count,2,endgame,False,0.0,0.0,False
14,70,0,"[[0, 1], [1, 0]]","[1, 0]",26,6.1774,0.35,0,725.0,piece_count,2,endgame,False,0,0.0,True
14,71,1,"[[6, 3], [7, 4]]","[7, 4]",19,4.7045,0.525,0,725.0,piece_count,2,endgame,False,0.0,0.0,True
14,72,0,"[[1, 0], [0, 1]]","[0, 1]",18,4.2503,0.55,0,725.0,piece_count,2,endgame,False,0.0,0.0,False
14,73,1,"[[4, 3], [5, 2]]","[5, 2]",21,5.2972,0.6719,0,725.0,piece_count,2,endgame,False,0.0,0.0,True
14,74,0,"[[0, 1], [1, 0]]","[1, 0]",18,3.2082,0.55,0,725.0,piece_count,2,endgame,False,0.0,0.0,True
14,75,1,"[[5, 2], [6, 3]]","[6, 3]",21,5.1603,0.6719,0,725.0,piece_count,2,endgame,True,144.0,0.0,False
14,76,0,"[[1, 0], [0, 1]]","[0, 1]",14,3.6008,0.65,0,869.0,piece_count,2,endgame,False,0.0,0.0,False
14,77,1,"[[5, 6], [6, 5]]","[6, 5]",12,1.5726,0.625,0,869.0,piece_count,2,endgame,False,0.0,0.0,True
14,78,0,"[[0, 1], [1, 0]]","[1, 0]",9,1.1191,0.7188,0,869.0,piece_count,2,endgame,False,0.0,0.0,True
14,79,1,"[[4, 7], [5, 6]]","[5, 6]",6,0.7498,0.25,0,869.0,piece_count,2,endgame,False,0.0,0.0,False
14,80,0,"[[1, 0], [0, 1]]","[0, 1]",9,1.1313,0.7188,0,869.0,piece_count,2,endgame,False,0,0.0,False
14,81,1,"[[5, 6], [6, 7]]","[6, 7]",5,0.6061,0.375,0,869.0,piece_count,2,endgame,False,0.0,0.0,False
14,82,0,"[[0, 1], [1, 0]]","[1, 0]",4,0.874,0.8333,0,899.0,piece_count,2,endgame,False,0.0,0.0,True
15,0,0,"[[6, 1], [5, 0]]","[5, 0]",21,6.5336,0.625,0,0,piece_count,2,opening,False,0,0.0,False
15,1,1,"[[1, 0], [2, 1]]","[2, 1]",22,6.7968,0.6071,0,0,piece_count,2,opening,False,0.0,0.0,True
15,2,0,"[[5, 0], [4, 1]]","[4, 1]",24,7.6191,0.625,0,1.0,piece_count,2,opening,False,0.0,0.0,False
15,3,1,"[[0, 1], [1, 0]]","[1, 0]",25,7.7078,0.6094,0,1.0,piece_count,2,opening,False,0.0,0.0,True
15,4,0,"[[4, 1], [3, 0]]","[3, 0]",24,7.5994,0.6667,0,1.0,piece_count,2,opening,False,0.0,0.0,False
15,5,1,"[[1, 4], [2, 3]]","[2, 3]",19,5.9042,0.6042,0,1.0,piece_count,2,opening,False,0.0,0.0,True
15,6,0,"[[6, 3], [5, 2]]","[5, 2]",21,6.5174,0.625,0,1.0,piece_count,2,opening,False,0.0,0.0,False
15,7,1,"[[0, 3], [1, 4]]","[1, 4]",23,7.076,0.5893,0,1.0,piece_count,2,opening,False,0.0,0.0,True
15,8,0,"[[5, 2], [4, 1]]","[4, 1]",24,7.4356,0.6667,0,1.0,piece_count,2,opening,False,0.0,0.0,False
15,9,1,"[[1, 4], [2, 5]]","[2, 5]",20,3.861,0.5833,0,1.0,piece_count,2,opening,False,0.0,0.0,True
15,10,0,"[[6, 5], [5, 4]]","[5, 4]",24,4.0679,0.625,0,1.0,piece_count,2,opening,True,0,0.0,False
15,11,1,"[[0, 5], [1, 4]]","[1, 4]",24,4.0488,0.5714,0,1.0,piece_count,2,opening,False,0.0,0.0,True
15,12,0,"[[5, 4], [4, 3]]","[4, 3]",27,6.4092,0.6625,0,1.0,piece_count,2,opening,False,0.0,0.0,False
15,13,1,"[[1, 6], [2, 7]]","[2, 7]",22,6.6059,0.5417,0,1.0,piece_count,2,opening,False,0.0,0.0,True
15,14,0,"[[6, 7], [5, 6]]","[5, 6]",27,8.2481,0.6625,0,31.0,piece_count,2,opening,False,0.0,0.0,False
15,15,1,"[[0, 7], [1, 6]]","[1, 6]",26,7.9138,0.5357,0,31.0,piece_count,2,opening,True,0.0,0.0,True
15,16,0,"[[5, 6], [4, 5]]","[4, 5]",30,8.9486,0.6875,0,31.0,piece_count,2,opening,False,0.0,0.0,False
15,17,1,"[[2, 5], [3, 6]]","[3, 6]",24,7.0767,0.5,0,31.0,piece_count,2,opening,False,0.0,0.0,False
15,18,0,"[[4, 1], [3, 2]]","[3, 2]",25,8.5394,0.7159,0,112.0,piece_count,2,opening,False,0.0,0.0,False
15,19,1,"[[3, 6], [5, 4]]","[5, 4]",21,5.9528,0.0,0,112.0,piece_count,2,opening,False,0.0,0.0,False
15,20,0,"[[7, 0], [6, 1]]","[6, 1]",19,5.4114,0.7031,0,139.0,piece_count,2,midgame,True,0,0.0,False
15,21,1,"[[2, 3], [4, 1]]","[4, 1]",11,2.9693,0.0,0,139.0,piece_count,2,midgame,False,0.0,0.0,False
15,22,0,"[[4, 3], [3, 4]]","[3, 4]",28,7.6473,0.6111,0,153.0,piece_count,2,midgame,False,0.0,0.0,False
15,23,1,"[[1, 4], [2, 3]]","[2, 3]",29,7.8995,0.6375,0,153.0,piece_count,2,midgame,False,0.0,0.0,True
15,24,0,"[[3, 4], [2, 5]]","[2, 5]",17,4.4684,0.7344,0,153.0,piece_count,2,midgame,False,0.0,0.0,False
15,25,1,"[[1, 6], [3, 4]]","[3, 4]",9,2.3019,0.0,0,153.0,piece_count,2,midgame,True,22.0,0.0,False
15,26,0,"[[6, 1], [5, 0]]","[5, 0]",22,5.6937,0.6071,0,175.0,piece_count,2,midgame,False,0.0,0.0,False
15,27,1,"[[2, 1], [3, 2]]","[3, 2]",23,6.151,0.6406,0,175.0,piece_count,2,midgame,False,0.0,0.0,False
15,28,0,"[[3, 0], [2, 1]]","[2, 1]",15,3.8214,0.7321,0,199.0,piece_count,2,midgame,False,0.0,0.0,False
15,29,1,"[[1, 2], [3, 0]]","[3, 0]",8,2.1615,0.0,0,199.0,piece_count,2,midgame,False,0.0,0.0,False
15,30,0,"[[7, 2], [6, 1]]","[6, 1]",20,3.3123,0.5833,0,212.0,piece_count,2,midgame,True,0,0.0,False
15,31,1,"[[1, 0], [2, 1]]","[2, 1]",21,2.8629,0.6719,0,212.0,piece_count,2,midgame,False,0.0,0.0,True
15,32,0,"[[7, 4], [6, 5]]","[6, 5]",16,2.1167,0.6,0,213.0,piece_count,2,midgame,False,0.0,0.0,False
15,33,1,"[[3, 4], [4, 3]]","[4, 3]",15,2.0175,0.6875,0,213.0,piece_count,2,midgame,False,0.0,0.0,True
15,34,0,"[[6, 5], [5, 6]]","[5, 6]",13,2.7676,0.4583,0,213.0,piece_count,2,midgame,False,0.0,0.0,False
15,35,1,"[[2, 3], [3, 4]]","[3, 4]",17,4.2002,0.6458,0,213.0,piece_count,2,midgame,True,0.0,0.0,True
15,36,0,"[[5, 6], [4, 7]]","[4, 7]",16,3.8636,0.6,0,213.0,piece_count,2,midgame,False,0.0,0.0,False
15,37,1,"[[3, 4], [4, 5]]","[4, 5]",16,3.9721,0.6667,0,213.0,piece_count,2,midgame,False,0.0,0.0,False
15,38,0,"[[4, 7], [3, 6]]","[3, 6]",13,3.109,0.5938,0,213.0,piece_count,2,midgame,False,0.0,0.0,False
15,39,1,"[[4, 1], [5, 2]]","[5, 2]",14,3.4008,0.65,0,213.0,piece_count,2,midgame,False,0.0,0.0,True
15,40,0,"[[3, 6], [2, 5]]","[2, 5]",9,2.1701,0.7188,0,241.0,piece_count,2,midgame,True,0,0.0,False
15,41,1,"[[5, 2], [7, 0]]","[7, 0]",7,1.6096,0.125,0,241.0,piece_count,2,midgame,False,0.0,0.0,False
15,42,0,"[[2, 5], [1, 4]]","[1, 4]",18,4.2105,0.55,0,260.0,piece_count,2,midgame,False,0.0,0.0,False
15,43,1,"[[2, 7], [3, 6]]","[3, 6]",21,5.0726,0.6719,0,260.0,piece_count,2,midgame,False,0.0,0.0,False
15,44,0,"[[1, 4], [0, 3]]","[0, 3]",18,4.2281,0.55,0,260.0,piece_count,2,midgame,False,0.0,0.0,False
15,45,1,"[[3, 0], [4, 1]]","[4, 1]",20,4.8177,0.6875,0,260.0,piece_count,2,midgame,True,143.0,143.0,True
15,46,0,"[[0, 3], [1, 2]]","[1, 2]",16,4.5743,0.5,0,261.0,piece_count,2,midgame,False,0.0,0.0,False
15,47,1,"[[2, 1], [3, 0]]","[3, 0]",22,3.5264,0.6562,0,261.0,piece_count,2,midgame,False,0.0,0.0,True
15,48,0,"[[1, 2], [0, 1]]","[0, 1]",19,2.4838,0.6042,0,261.0,piece_count,2,midgame,False,0.0,0.0,True
15,49,1,"[[3, 6], [4, 7]]","[4, 7]",18,2.3797,0.6786,0,261.0,piece_count,2,midgame,False,0.0,0.0,True
15,50,0,"[[0, 1], [1, 0]]","[1, 0]",15,2.4493,0.5312,0,291.0,piece_count,2,endgame,True,0,0.0,True
15,51,1,"[[4, 1], [5, 2]]","[5, 2]",19,4.6101,0.6607,0,291.0,piece_count,2,endgame,False,0.0,0.0,True
15,52,0,"[[1, 0], [0, 1]]","[0, 1]",19,4.4656,0.525,0,317.0,piece_count,2,endgame,False,0.0,0.0,False
15,53,1,"[[3, 0], [4, 1]]","[4, 1]",22,5.7933,0.6944,0,317.0,piece_count,2,endgame,False,0.0,0.0,True
15,54,0,"[[0, 1], [1, 0]]","[1, 0]",15,3.5114,0.5312,0,318.0,piece_count,2,endgame,False,0.0,0.0,True
15,55,1,"[[4, 5], [5, 6]]","[5, 6]",18,4.3933,0.6786,0,318.0,piece_count,2,endgame,True,100.0,0.0,True
15,56,0,"[[1, 0], [0, 1]]","[0, 1]",15,3.6094,0.5312,0,418.0,piece_count,2,endgame,False,0.0,0.0,False
15,57,1,"[[5, 2], [6, 1]]","[6, 1]",18,4.3402,0.6786,0,418.0,piece_count,2,endgame,False,0.0,0.0,True
15,58,0,"[[0, 1], [1, 0]]","[1, 0]",26,6.2459,0.1875,0,418.0,piece_count,2,endgame,False,0.0,0.0,True
15,59,1,"[[6, 1], [7, 2]]","[7, 2]",22,2.9585,0.6071,0,418.0,piece_count,2,endgame,False,0.0,0.0,False
15,60,0,"[[1, 0], [0, 1]]","[0, 1]",17,2.1884,0.4688,0,444.0,piece_count,2,endgame,True,0,0.0,False
15,61,1,"[[4, 1], [5, 2]]","[5, 2]",23,3.0727,0.6806,0,444.0,piece_count,2,endgame,False,0.0,0.0,True
15,62,0,"[[0, 1], [1, 0]]","[1, 0]",20,2.5697,0.5,0,460.0,piece_count,2,endgame,False,0.0,0.0,True
15,63,1,"[[5, 2], [6, 1]]","[6, 1]",25,5.7318,0.6875,0,460.0,piece_count,2,endgame,False,0.0,0.0,True
15,64,0,"[[1, 0], [0, 1]]","[0, 1]",17,3.9246,0.575,0,460.0,piece_count,2,endgame,False,0.0,0.0,False
15,65,1,"[[4, 3], [5, 2]]","[5, 2]",19,4.6129,0.6607,0,460.0,piece_count,2,endgame,True,0.0,0.0,True
15,66,0,"[[0, 1], [1, 0]]","[1, 0]",18,4.1764,0.55,0,460.0,piece_count,2,endgame,False,0.0,0.0,True
15,67,1,"[[3, 2], [4, 3]]","[4, 3]",21,5.1146,0.6719,0,460.0,piece_count,2,endgame,False,0.0,0.0,False
15,68,0,"[[1, 0], [0, 1]]","[0, 1]",16,4.59,0.6,0,604.0,piece_count,2,endgame,False,0.0,0.0,False
15,69,1,"[[5, 2], [6, 3]]","[6, 3]",17,2.2557,0.6458,0,604.0,piece_count,2,endgame,False,0.0,0.0,False
15,70,0,"[[0, 1], [1, 0]]","[1, 0]",26,3.3786,0.35,0,725.0,piece_count,2,endgame,False,0,0.0,True
15,71,1,"[[6, 3], [7, 4]]","[7, 4]",19,2.5656,0.525,0,725.0,piece_count,2,endgame,False,0.0,0.0,True
15,72,0,"[[1, 0], [0, 1]]","[0, 1]",18,2.8658,0.55,0,725.0,piece_count,2,endgame,False,0.0,0.0,False
15,73,1,"[[4, 3], [5, 2]]","[5, 2]",21,4.4663,0.6719,0,725.0,piece_count,2,endgame,False,0.0,0.0,True
15,74,0,"[[0, 1], [1, 0]]","[1, 0]",18,3.4325,0.55,0,725.0,piece_count,2,endgame,False,0.0,0.0,True
15,75,1,"[[5, 2], [6, 3]]","[6, 3]",21,4.8268,0.6719,0,725.0,piece_count,2,endgame,True,144.0,0.0,False
15,76,0,"[[1, 0], [0, 1]]","[0, 1]",14,1.7879,0.65,0,869.0,piece_count,2,endgame,False,0.0,0.0,False
15,77,1,"[[5, 6], [6, 5]]","[6, 5]",12,1.5585,0.625,0,869.0,piece_count,2,endgame,False,0.0,0.0,True
15,78,0,"[[0, 1], [1, 0]]","[1, 0]",9,1.1139,0.7188,0,869.0,piece_count,2,endgame,False,0.0,0.0,True
15,79,1,"[[4, 7], [5, 6]]","[5, 6]",6,0.7427,0.25,0,869.0,piece_count,2,endgame,False,0.0,0.0,False
15,80,0,"[[1, 0], [0, 1]]","[0, 1]",9,1.1194,0.7188,0,869.0,piece_count,2,endgame,False,0,0.0,False
15,81,1,"[[5, 6], [6, 7]]","[6, 7]",5,0.5996,0.375,0,869.0,piece_count,2,endgame,False,0.0,0.0,False
15,82,0,"[[0, 1], [1, 0]]","[1, 0]",4,0.4587,0.8333,0,899.0,piece_count,2,endgame,False,0.0,0.0,True
16,0,0,"[[6, 1], [5, 0]]","[5, 0]",21,4.6659,0.625,0,0,piece_count,2,opening,False,0,0.0,False
16,1,1,"[[1, 0], [2, 1]]","[2, 1]",22,6.8045,0.6071,0,0,piece_count,2,opening,False,0.0,0.0,True
16,2,0,"[[5, 0], [4, 1]]","[4, 1]",24,7.8061,0.625,0,1.0,piece_count,2,opening,False,0.0,0.0,False
16,3,1,"[[0, 1], [1, 0]]","[1, 0]",25,7.7701,0.6094,0,1.0,piece_count,2,opening,False,0.0,0.0,True
16,4,0,"[[4, 1], [3, 0]]","[3, 0]",24,7.4365,0.6667,0,1.0,piece_count,2,opening,False,0.0,0.0,False
16,5,1,"[[1, 4], [2, 3]]","[2, 3]",19,6.4924,0.6042,0,1.0,piece_count,2,opening,False,0.0,0.0,True
16,6,0,"[[6, 3], [5, 2]]","[5, 2]",21,9.2061,0.625,0,1.0,piece_count,2,opening,False,0.0,0.0,False
16,7,1,"[[0, 3], [1, 4]]","[1, 4]",23,8.4164,0.5893,0,1.0,piece_count,2,opening,False,0.0,0.0,True
16,8,0,"[[5, 2], [4, 1]]","[4, 1]",24,4.082,0.6667,0,1.0,piece_count,2,opening,False,0.0,0.0,False
16,9,1,"[[1, 4], [2, 5]]","[2, 5]",20,6.1743,0.5833,0,1.0,piece_count,2,opening,False,0.0,0.0,True
16,10,0,"[[6, 5], [5, 4]]","[5, 4]",24,7.5133,0.625,0,1.0,piece_count,2,opening,True,0,0.0,False
16,11,1,"[[0, 5], [1, 4]]","[1, 4]",24,6.7356,0.5714,0,1.0,piece_count,2,opening,False,0.0,0.0,True
16,12,0,"[[5, 4], [4, 3]]","[4, 3]",27,8.6012,0.6625,0,1.0,piece_count,2,opening,False,0.0,0.0,False
16,13,1,"[[1, 6], [2, 7]]","[2, 7]",22,6.634,0.5417,0,1.0,piece_count,2,opening,False,0.0,0.0,True
16,14,0,"[[6, 7], [5, 6]]","[5, 6]",27,8.4407,0.6625,0,31.0,piece_count,2,opening,False,0.0,0.0,False
16,15,1,"[[0, 7], [1, 6]]","[1, 6]",26,8.2822,0.5357,0,31.0,piece_count,2,opening,True,0.0,0.0,True
16,16,0,"[[5, 6], [4, 5]]","[4, 5]",30,4.9796,0.6875,0,31.0,piece_count,2,opening,False,0.0,0.0,False
16,17,1,"[[2, 5], [3, 6]]","[3, 6]",24,3.9563,0.5,0,31.0,piece_count,2,opening,False,0.0,0.0,False
16,18,0,"[[4, 1], [3, 2]]","[3, 2]",25,6.294,0.7159,0,112.0,piece_count,2,opening,False,0.0,0.0,False
16,19,1,"[[3, 6], [5, 4]]","[5, 4]",21,5.9373,0.0,0,112.0,piece_count,2,opening,False,0.0,0.0,False
16,20,0,"[[7, 0], [6, 1]]","[6, 1]",19,5.3806,0.7031,0,139.0,piece_count,2,midgame,True,0,0.0,False
16,21,1,"[[2, 3], [4, 1]]","[4, 1]",11,2.9812,0.0,0,139.0,piece_count,2,midgame,False,0.0,0.0,False
16,22,0,"[[4, 3], [3, 4]]","[3, 4]",28,7.853,0.6111,0,153.0,piece_count,2,midgame,False,0.0,0.0,False
16,23,1,"[[1, 4], [2, 3]]","[2, 3]",29,7.8871,0.6375,0,153.0,piece_count,2,midgame,False,0.0,0.0,True
16,24,0,"[[3, 4], [2, 5]]","[2, 5]",17,4.5955,0.7344,0,153.0,piece_count,2,midgame,False,0.0,0.0,False
16,25,1,"[[1, 6], [3, 4]]","[3, 4]",9,2.3167,0.0,0,153.0,piece_count,2,midgame,True,22.0,0.0,False
16,26,0,"[[6, 1], [5, 0]]","[5, 0]",22,5.6934,0.6071,0,175.0,piece_count,2,midgame,False,0.0,0.0,False
16,27,1,"[[2, 1], [3, 2]]","[3, 2]",23,6.0766,0.6406,0,175.0,piece_count,2,midgame,False,0.0,0.0,False
16,28,0,"[[3, 0], [2, 1]]","[2, 1]",15,3.8226,0.7321,0,199.0,piece_count,2,midgame,False,0.0,0.0,False
16,29,1,"[[1, 2], [3, 0]]","[3, 0]",8,2.3205,0.0,0,199.0,piece_count,2,midgame,False,0.0,0.0,False
16,30,0,"[[7, 2], [6, 1]]","[6, 1]",20,2.8327,0.5833,0,212.0,piece_count,2,midgame,True,0,0.0,False
16,31,1,"[[1, 0], [2, 1]]","[2, 1]",21,2.8489,0.6719,0,212.0,piece_count,2,midgame,False,0.0,0.0,True
16,32,0,"[[7, 4], [6, 5]]","[6, 5]",16,2.1274,0.6,0,213.0,piece_count,2,midgame,False,0.0,0.0,False
16,33,1,"[[3, 4], [4, 3]]","[4, 3]",15,2.0075,0.6875,0,213.0,piece_count,2,midgame,False,0.0,0.0,True
16,34,0,"[[6, 5], [5, 6]]","[5, 6]",13,2.3072,0.4583,0,213.0,piece_count,2,midgame,False,0.0,0.0,False
16,35,1,"[[2, 3], [3, 4]]","[3, 4]",17,2.3062,0.6458,0,213.0,piece_count,2,midgame,True,0.0,0.0,True
16,36,0,"[[5, 6], [4, 7]]","[4, 7]",16,2.1238,0.6,0,213.0,piece_count,2,midgame,False,0.0,0.0,False
16,37,1,"[[3, 4], [4, 5]]","[4, 5]",16,2.1536,0.6667,0,213.0,piece_count,2,midgame,False,0.0,0.0,False
16,38,0,"[[4, 7], [3, 6]]","[3, 6]",13,1.7049,0.5938,0,213.0,piece_count,2,midgame,False,0.0,0.0,False
16,39,1,"[[4, 1], [5, 2]]","[5, 2]",14,2.4226,0.65,0,213.0,piece_count,2,midgame,False,0.0,0.0,True
16,40,0,"[[3, 6], [2, 5]]","[2, 5]",9,1.1613,0.7188,0,241.0,piece_count,2,midgame,True,0,0.0,False
16,41,1,"[[5, 2], [7, 0]]","[7, 0]",7,0.9022,0.125,0,241.0,piece_count,2,midgame,False,0.0,0.0,False
16,42,0,"[[2, 5], [1, 4]]","[1, 4]",18,3.48,0.55,0,260.0,piece_count,2,midgame,False,0.0,0.0,False
16,43,1,"[[2, 7], [3, 6]]","[3, 6]",21,2.7995,0.6719,0,260.0,piece_count,2,midgame,False,0.0,0.0,False
16,44,0,"[[1, 4], [0, 3]]","[0, 3]",18,2.5599,0.55,0,260.0,piece_count,2,midgame,False,0.0,0.0,False
16,45,1,"[[3, 0], [4, 1]]","[4, 1]",20,4.8761,0.6875,0,260.0,piece_count,2,midgame,True,143.0,143.0,True
16,46,0,"[[0, 3], [1, 2]]","[1, 2]",16,3.7978,0.5,0,261.0,piece_count,2,midgame,False,0.0,0.0,False
16,47,1,"[[2, 1], [3, 0]]","[3, 0]",22,5.7542,0.6562,0,261.0,piece_count,2,midgame,False,0.0,0.0,True
16,48,0,"[[1, 2], [0, 1]]","[0, 1]",19,4.5352,0.6042,0,261.0,piece_count,2,midgame,False,0.0,0.0,True
16,49,1,"[[3, 6], [4, 7]]","[4, 7]",18,4.3318,0.6786,0,261.0,piece_count,2,midgame,False,0.0,0.0,True
16,50,0,"[[0, 1], [1, 0]]","[1, 0]",15,3.5777,0.5312,0,291.0,piece_count,2,endgame,True,0,0.0,True
16,51,1,"[[4, 1], [5, 2]]","[5, 2]",19,4.6141,0.6607,0,291.0,piece_count,2,endgame,False,0.0,0.0,True
16,52,0,"[[1, 0], [0, 1]]","[0, 1]",19,4.4765,0.525,0,317.0,piece_count,2,endgame,False,0.0,0.0,False
16,53,1,"[[3, 0], [4, 1]]","[4, 1]",22,5.3594,0.6944,0,317.0,piece_count,2,endgame,False,0.0,0.0,True
16,54,0,"[[0, 1], [1, 0]]","[1, 0]",15,3.5076,0.5312,0,318.0,piece_count,2,endgame,False,0.0,0.0,True
16,55,1,"[[4, 5], [5, 6]]","[5, 6]",18,4.4467,0.6786,0,318.0,piece_count,2,endgame,True,100.0,0.0,True
16,56,0,"[[1, 0], [0, 1]]","[0, 1]",15,3.4976,0.5312,0,418.0,piece_count,2,endgame,False,0.0,0.0,False
16,57,1,"[[5, 2], [6, 1]]","[6, 1]",18,4.3168,0.6786,0,418.0,piece_count,2,endgame,False,0.0,0.0,True
16,58,0,"[[0, 1], [1, 0]]","[1, 0]",26,5.2333,0.1875,0,418.0,piece_count,2,endgame,False,0.0,0.0,True
16,59,1,"[[6, 1], [7, 2]]","[7, 2]",22,2.9418,0.6071,0,418.0,piece_count,2,endgame,False,0.0,0.0,False
16,60,0,"[[1, 0], [0, 1]]","[0, 1]",17,2.1706,0.4688,0,444.0,piece_count,2,endgame,True,0,0.0,False
16,61,1,"[[4, 1], [5, 2]]","[5, 2]",23,3.051,0.6806,0,444.0,piece_count,2,endgame,False,0.0,0.0,True
16,62,0,"[[0, 1], [1, 0]]","[1, 0]",20,2.5721,0.5,0,460.0,piece_count,2,endgame,False,0.0,0.0,True
16,63,1,"[[5, 2], [6, 1]]","[6, 1]",25,6.0782,0.6875,0,460.0,piece_count,2,endgame,False,0.0,0.0,True
16,64,0,"[[1, 0], [0, 1]]","[0, 1]",17,3.9213,0.575,0,460.0,piece_count,2,endgame,False,0.0,0.0,False
16,65,1,"[[4, 3], [5, 2]]","[5, 2]",19,4.6,0.6607,0,460.0,piece_count,2,endgame,True,0.0,0.0,True
16,66,0,"[[0, 1], [1, 0]]","[1, 0]",18,4.1718,0.55,0,460.0,piece_count,2,endgame,False,0.0,0.0,True
16,67,1,"[[3, 2], [4, 3]]","[4, 3]",21,5.0995,0.6719,0,460.0,piece_count,2,endgame,False,0.0,0.0,False
16,68,0,"[[1, 0], [0, 1]]","[0, 1]",16,3.7551,0.6,0,604.0,piece_count,2,endgame,False,0.0,0.0,False
16,69,1,"[[5, 2], [6, 3]]","[6, 3]",17,4.1199,0.6458,0,604.0,piece_count,2,endgame,False,0.0,0.0,False
16,70,0,"[[0, 1], [1, 0]]","[1, 0]",26,6.2118,0.35,0,725.0,piece_count,2,endgame,False,0,0.0,True
16,71,1,"[[6, 3], [7, 4]]","[7, 4]",19,4.6871,0.525,0,725.0,piece_count,2,endgame,False,0.0,0.0,True
16,72,0,"[[1, 0], [0, 1]]","[0, 1]",18,4.2305,0.55,0,725.0,piece_count,2,endgame,False,0.0,0.0,False
16,73,1,"[[4, 3], [5, 2]]","[5, 2]",21,5.1985,0.6719,0,725.0,piece_count,2,endgame,False,0.0,0.0,True
16,74,0,"[[0, 1], [1, 0]]","[1, 0]",18,4.2453,0.55,0,725.0,piece_count,2,endgame,False,0.0,0.0,True
16,75,1,"[[5, 2], [6, 3]]","[6, 3]",21,5.1455,0.6719,0,725.0,piece_count,2,endgame,True,144.0,0.0,False
16,76,0,"[[1, 0], [0, 1]]","[0, 1]",14,3.2122,0.65,0,869.0,piece_count,2,endgame,False,0.0,0.0,False
16,77,1,"[[5, 6], [6, 5]]","[6, 5]",12,2.8629,0.625,0,869.0,piece_count,2,endgame,False,0.0,0.0,True
16,78,0,"[[0, 1], [1, 0]]","[1, 0]",9,2.0339,0.7188,0,869.0,piece_count,2,endgame,False,0.0,0.0,True
16,79,1,"[[4, 7], [5, 6]]","[5, 6]",6,1.3824,0.25,0,869.0,piece_count,2,endgame,False,0.0,0.0,False
16,80,0,"[[1, 0], [0, 1]]","[0, 1]",9,2.0461,0.7188,0,869.0,piece_count,2,endgame,False,0,0.0,False
16,81,1,"[[5, 6], [6, 7]]","[6, 7]",5,1.1125,0.375,0,869.0,piece_count,2,endgame,False,0.0,0.0,False
16,82,0,"[[0, 1], [1, 0]]","[1, 0]",4,0.8552,0.8333,0,899.0,piece_count,2,endgame,False,0.0,0.0,True
17,0,0,"[[6, 1], [5, 0]]","[5, 0]",21,6.4912,0.625,0,0,piece_count,2,opening,False,0,0.0,False
17,1,1,"[[1, 0], [2, 1]]","[2, 1]",22,6.8228,0.6071,0,0,piece_count,2,opening,False,0.0,0.0,True
17,2,0,"[[5, 0], [4, 1]]","[4, 1]",24,7.4,0.625,0,1.0,piece_count,2,opening,False,0.0,0.0,False
17,3,1,"[[0, 1], [1, 0]]","[1, 0]",25,7.6988,0.6094,0,1.0,piece_count,2,opening,False,0.0,0.0,True
17,4,0,"[[4, 1], [3, 0]]","[3, 0]",24,7.7472,0.6667,0,1.0,piece_count,2,opening,False,0.0,0.0,False
17,5,1,"[[1, 4], [2, 3]]","[2, 3]",19,5.7571,0.6042,0,1.0,piece_count,2,opening,False,0.0,0.0,True
17,6,0,"[[6, 3], [5, 2]]","[5, 2]",21,6.4878,0.625,0,1.0,piece_count,2,opening,False,0.0,0.0,False
17,7,1,"[[0, 3], [1, 4]]","[1, 4]",23,7.0596,0.5893,0,1.0,piece_count,2,opening,False,0.0,0.0,True
17,8,0,"[[5, 2], [4, 1]]","[4, 1]",24,7.4427,0.6667,0,1.0,piece_count,2,opening,False,0.0,0.0,False
17,9,1,"[[1, 4], [2, 5]]","[2, 5]",20,6.124,0.5833,0,1.0,piece_count,2,opening,False,0.0,0.0,True
17,10,0,"[[6, 5], [5, 4]]","[5, 4]",24,7.4017,0.625,0,1.0,piece_count,2,opening,True,0,0.0,False
17,11,1,"[[0, 5], [1, 4]]","[1, 4]",24,7.3335,0.5714,0,1.0,piece_count,2,opening,False,0.0,0.0,True
17,12,0,"[[5, 4], [4, 3]]","[4, 3]",27,8.2695,0.6625,0,1.0,piece_count,2,opening,False,0.0,0.0,False
17,13,1,"[[1, 6], [2, 7]]","[2, 7]",22,6.6481,0.5417,0,1.0,piece_count,2,opening,False,0.0,0.0,True
17,14,0,"[[6, 7], [5, 6]]","[5, 6]",27,8.2333,0.6625,0,31.0,piece_count,2,opening,False,0.0,0.0,False
17,15,1,"[[0, 7], [1, 6]]","[1, 6]",26,7.8785,0.5357,0,31.0,piece_count,2,opening,True,0.0,0.0,True
17,16,0,"[[5, 6], [4, 5]]","[4, 5]",30,5.728,0.6875,0,31.0,piece_count,2,opening,False,0.0,0.0,False
17,17,1,"[[2, 5], [3, 6]]","[3, 6]",24,3.9675,0.5,0,31.0,piece_count,2,opening,False,0.0,0.0,False
17,18,0,"[[4, 1], [3, 2]]","[3, 2]",25,4.1068,0.7159,0,112.0,piece_count,2,opening,False,0.0,0.0,False
17,19,1,"[[3, 6], [5, 4]]","[5, 4]",21,3.2771,0.0,0,112.0,piece_count,2,opening,False,0.0,0.0,False
17,20,0,"[[7, 0], [6, 1]]","[6, 1]",19,2.9404,0.7031,0,139.0,piece_count,2,midgame,True,0,0.0,False
17,21,1,"[[2, 3], [4, 1]]","[4, 1]",11,1.6205,0.0,0,139.0,piece_count,2,midgame,False,0.0,0.0,False
17,22,0,"[[4, 3], [3, 4]]","[3, 4]",28,5.4097,0.6111,0,153.0,piece_count,2,midgame,False,0.0,0.0,False
17,23,1,"[[1, 4], [2, 3]]","[2, 3]",29,7.8776,0.6375,0,153.0,piece_count,2,midgame,False,0.0,0.0,True
17,24,0,"[[3, 4], [2, 5]]","[2, 5]",17,4.4479,0.7344,0,153.0,piece_count,2,midgame,False,0.0,0.0,False
17,25,1,"[[1, 6], [3, 4]]","[3, 4]",9,2.3017,0.0,0,153.0,piece_count,2,midgame,True,22.0,0.0,False
17,26,0,"[[6, 1], [5, 0]]","[5, 0]",22,5.7256,0.6071,0,175.0,piece_count,2,midgame,False,0.0,0.0,False
17,27,1,"[[2, 1], [3, 2]]","[3, 2]",23,6.0697,0.6406,0,175.0,piece_count,2,midgame,False,0.0,0.0,False
17,28,0,"[[3, 0], [2, 1]]","[2, 1]",15,3.8214,0.7321,0,199.0,piece_count,2,midgame,False,0.0,0.0,False
17,29,1,"[[1, 2], [3, 0]]","[3, 0]",8,1.9488,0.0,0,199.0,piece_count,2,midgame,False,0.0,0.0,False
17,30,0,"[[7, 2], [6, 1]]","[6, 1]",20,4.914,0.5833,0,212.0,piece_count,2,midgame,True,0,0.0,False
17,31,1,"[[1, 0], [2, 1]]","[2, 1]",21,5.1525,0.6719,0,212.0,piece_count,2,midgame,False,0.0,0.0,True
17,32,0,"[[7, 4], [6, 5]]","[6, 5]",16,3.9105,0.6,0,213.0,piece_count,2,midgame,False,0.0,0.0,False
17,33,1,"[[3, 4], [4, 3]]","[4, 3]",15,3.6521,0.6875,0,213.0,piece_count,2,midgame,False,0.0,0.0,True
17,34,0,"[[6, 5], [5, 6]]","[5, 6]",13,3.1047,0.4583,0,213.0,piece_count,2,midgame,False,0.0,0.0,False
17,35,1,"[[2, 3], [3, 4]]","[3, 4]",17,4.2157,0.6458,0,213.0,piece_count,2,midgame,True,0.0,0.0,True
17,36,0,"[[5, 6], [4, 7]]","[4, 7]",16,3.8815,0.6,0,213.0,piece_count,2,midgame,False,0.0,0.0,False
17,37,1,"[[3, 4], [4, 5]]","[4, 5]",16,3.9082,0.6667,0,213.0,piece_count,2,midgame,False,0.0,0.0,False
17,38,0,"[[4, 7], [3, 6]]","[3, 6]",13,3.1643,0.5938,0,213.0,piece_count,2,midgame,False,0.0,0.0,False
17,39,1,"[[4, 1], [5, 2]]","[5, 2]",14,1.8759,0.65,0,213.0,piece_count,2,midgame,False,0.0,0.0,True
17,40,0,"[[3, 6], [2, 5]]","[2, 5]",9,1.1394,0.7188,0,241.0,piece_count,2,midgame,True,0,0.0,False
17,41,1,"[[5, 2], [7, 0]]","[7, 0]",7,0.8755,0.125,0,241.0,piece_count,2,midgame,False,0.0,0.0,False
17,42,0,"[[2, 5], [1, 4]]","[1, 4]",18,2.3091,0.55,0,260.0,piece_count,2,midgame,False,0.0,0.0,False
17,43,1,"[[2, 7], [3, 6]]","[3, 6]",21,2.7556,0.6719,0,260.0,piece_count,2,midgame,False,0.0,0.0,False
17,44,0,"[[1, 4], [0, 3]]","[0, 3]",18,2.8794,0.55,0,260.0,piece_count,2,midgame,False,0.0,0.0,False
17,45,1,"[[3, 0], [4, 1]]","[4, 1]",20,4.8323,0.6875,0,260.0,piece_count,2,midgame,True,143.0,143.0,True
17,46,0,"[[0, 3], [1, 2]]","[1, 2]",16,3.7873,0.5,0,261.0,piece_count,2,midgame,False,0.0,0.0,False
17,47,1,"[[2, 1], [3, 0]]","[3, 0]",22,5.3918,0.6562,0,261.0,piece_count,2,midgame,False,0.0,0.0,True
17,48,0,"[[1, 2], [0, 1]]","[0, 1]",19,4.5133,0.6042,0,261.0,piece_count,2,midgame,False,0.0,0.0,True
17,49,1,"[[3, 6], [4, 7]]","[4, 7]",18,4.3235,0.6786,0,261.0,piece_count,2,midgame,False,0.0,0.0,True
17,50,0,"[[0, 1], [1, 0]]","[1, 0]",15,3.921,0.5312,0,291.0,piece_count,2,endgame,True,0,0.0,True
17,51,1,"[[4, 1], [5, 2]]","[5, 2]",19,4.6215,0.6607,0,291.0,piece_count,2,endgame,False,0.0,0.0,True
17,52,0,"[[1, 0], [0, 1]]","[0, 1]",19,4.4937,0.525,0,317.0,piece_count,2,endgame,False,0.0,0.0,False
17,53,1,"[[3, 0], [4, 1]]","[4, 1]",22,5.0638,0.6944,0,317.0,piece_count,2,endgame,False,0.0,0.0,True
17,54,0,"[[0, 1], [1, 0]]","[1, 0]",15,3.5167,0.5312,0,318.0,piece_count,2,endgame,False,0.0,0.0,True
17,55,1,"[[4, 5], [5, 6]]","[5, 6]",18,4.4074,0.6786,0,318.0,piece_count,2,endgame,True,100.0,0.0,True
17,56,0,"[[1, 0], [0, 1]]","[0, 1]",15,3.5028,0.5312,0,418.0,piece_count,2,endgame,False,0.0,0.0,False
17,57,1,"[[5, 2], [6, 1]]","[6, 1]",18,4.3397,0.6786,0,418.0,piece_count,2,endgame,False,0.0,0.0,True
17,58,0,"[[0, 1], [1, 0]]","[1, 0]",26,6.2623,0.1875,0,418.0,piece_count,2,endgame,False,0.0,0.0,True
17,59,1,"[[6, 1], [7, 2]]","[7, 2]",22,5.3747,0.6071,0,418.0,piece_count,2,endgame,False,0.0,0.0,False
17,60,0,"[[1, 0], [0, 1]]","[0, 1]",17,3.9899,0.4688,0,444.0,piece_count,2,endgame,True,0,0.0,False
17,61,1,"[[4, 1], [5, 2]]","[5, 2]",23,3.1984,0.6806,0,444.0,piece_count,2,endgame,False,0.0,0.0,True
17,62,0,"[[0, 1], [1, 0]]","[1, 0]",20,2.5673,0.5,0,460.0,piece_count,2,endgame,False,0.0,0.0,True
17,63,1,"[[5, 2], [6, 1]]","[6, 1]",25,3.3443,0.6875,0,460.0,piece_count,2,endgame,False,0.0,0.0,True
17,64,0,"[[1, 0], [0, 1]]","[0, 1]",17,2.1627,0.575,0,460.0,piece_count,2,endgame,False,0.0,0.0,False
17,65,1,"[[4, 3], [5, 2]]","[5, 2]",19,4.6396,0.6607,0,460.0,piece_count,2,endgame,True,0.0,0.0,True
17,66,0,"[[0, 1], [1, 0]]","[1, 0]",18,4.1754,0.55,0,460.0,piece_count,2,endgame,False,0.0,0.0,True
17,67,1,"[[3, 2], [4, 3]]","[4, 3]",21,5.1632,0.6719,0,460.0,piece_count,2,endgame,False,0.0,0.0,False
17,68,0,"[[1, 0], [0, 1]]","[0, 1]",16,3.773,0.6,0,604.0,piece_count,2,endgame,False,0.0,0.0,False
17,69,1,"[[5, 2], [6, 3]]","[6, 3]",17,4.1239,0.6458,0,604.0,piece_count,2,endgame,False,0.0,0.0,False
17,70,0,"[[0, 1], [1, 0]]","[1, 0]",26,6.1715,0.35,0,725.0,piece_count,2,endgame,False,0,0.0,True
17,71,1,"[[6, 3], [7, 4]]","[7, 4]",19,4.6823,0.525,0,725.0,piece_count,2,endgame,False,0.0,0.0,True
17,72,0,"[[1, 0], [0, 1]]","[0, 1]",18,4.2417,0.55,0,725.0,piece_count,2,endgame,False,0.0,0.0,False
17,73,1,"[[4, 3], [5, 2]]","[5, 2]",21,5.1415,0.6719,0,725.0,piece_count,2,endgame,False,0.0,0.0,True
17,74,0,"[[0, 1], [1, 0]]","[1, 0]",18,4.2558,0.55,0,725.0,piece_count,2,endgame,False,0.0,0.0,True
17,75,1,"[[5, 2], [6, 3]]","[6, 3]",21,5.3804,0.6719,0,725.0,piece_count,2,endgame,True,144.0,0.0,False
17,76,0,"[[1, 0], [0, 1]]","[0, 1]",14,1.7812,0.65,0,869.0,piece_count,2,endgame,False,0.0,0.0,False
17,77,1,"[[5, 6], [6, 5]]","[6, 5]",12,2.8808,0.625,0,869.0,piece_count,2,endgame,False,0.0,0.0,True
17,78,0,"[[0, 1], [1, 0]]","[1, 0]",9,2.0375,0.7188,0,869.0,piece_count,2,endgame,False,0.0,0.0,True
17,79,1,"[[4, 7], [5, 6]]","[5, 6]",6,1.5447,0.25,0,869.0,piece_count,2,endgame,False,0.0,0.0,False
17,80,0,"[[1, 0], [0, 1]]","[0, 1]",9,2.0788,0.7188,0,869.0,piece_count,2,endgame,False,0,0.0,False
17,81,1,"[[5, 6], [6, 7]]","[6, 7]",5,0.7942,0.375,0,869.0,piece_count,2,endgame,False,0.0,0.0,False
17,82,0,"[[0, 1], [1, 0]]","[1, 0]",4,0.6666,0.8333,0,899.0,piece_count,2,endgame,False,0.0,0.0,True
18,0,0,"[[6, 1], [5, 0]]","[5, 0]",21,6.5398,0.625,0,0,piece_count,2,opening,False,0,0.0,False
18,1,1,"[[1, 0], [2, 1]]","[2, 1]",22,6.0186,0.6071,0,0,piece_count,2,opening,False,0.0,0.0,True
18,2,0,"[[5, 0], [4, 1]]","[4, 1]",24,7.566,0.625,0,1.0,piece_count,2,opening,False,0.0,0.0,False
18,3,1,"[[0, 1], [1, 0]]","[1, 0]",25,4.2603,0.6094,0,1.0,piece_count,2,opening,False,0.0,0.0,True
18,4,0,"[[4, 1], [3, 0]]","[3, 0]",24,4.0822,0.6667,0,1.0,piece_count,2,opening,False,0.0,0.0,False
18,5,1,"[[1, 4], [2, 3]]","[2, 3]",19,3.1662,0.6042,0,1.0,piece_count,2,opening,False,0.0,0.0,True
18,6,0,"[[6, 3], [5, 2]]","[5, 2]",21,6.4893,0.625,0,1.0,piece_count,2,opening,False,0.0,0.0,False
18,7,1,"[[0, 3], [1, 4]]","[1, 4]",23,7.3609,0.5893,0,1.0,piece_count,2,opening,False,0.0,0.0,True
18,8,0,"[[5, 2], [4, 1]]","[4, 1]",24,7.4825,0.6667,0,1.0,piece_count,2,opening,False,0.0,0.0,False
18,9,1,"[[1, 4], [2, 5]]","[2, 5]",20,6.2697,0.5833,0,1.0,piece_count,2,opening,False,0.0,0.0,True
18,10,0,"[[6, 5], [5, 4]]","[5, 4]",24,7.4039,0.625,0,1.0,piece_count,2,opening,True,0,0.0,False
18,11,1,"[[0, 5], [1, 4]]","[1, 4]",24,7.3187,0.5714,0,1.0,piece_count,2,opening,False,0.0,0.0,True
18,12,0,"[[5, 4], [4, 3]]","[4, 3]",27,8.3489,0.6625,0,1.0,piece_count,2,opening,False,0.0,0.0,False
18,13,1,"[[1, 6], [2, 7]]","[2, 7]",22,6.6431,0.5417,0,1.0,piece_count,2,opening,False,0.0,0.0,True
18,14,0,"[[6, 7], [5, 6]]","[5, 6]",27,8.2245,0.6625,0,31.0,piece_count,2,opening,False,0.0,0.0,False
18,15,1,"[[0, 7], [1, 6]]","[1, 6]",26,8.1613,0.5357,0,31.0,piece_count,2,opening,True,0.0,0.0,True
18,16,0,"[[5, 6], [4, 5]]","[4, 5]",30,8.9967,0.6875,0,31.0,piece_count,2,opening,False,0.0,0.0,False
18,17,1,"[[2, 5], [3, 6]]","[3, 6]",24,3.9501,0.5,0,31.0,piece_count,2,opening,False,0.0,0.0,False
18,18,0,"[[4, 1], [3, 2]]","[3, 2]",25,4.118,0.7159,0,112.0,piece_count,2,opening,False,0.0,0.0,False
18,19,1,"[[3, 6], [5, 4]]","[5, 4]",21,3.9668,0.0,0,112.0,piece_count,2,opening,False,0.0,0.0,False
18,20,0,"[[7, 0], [6, 1]]","[6, 1]",19,2.9716,0.7031,0,139.0,piece_count,2,midgame,True,0,0.0,False
18,21,1,"[[2, 3], [4, 1]]","[4, 1]",11,1.6367,0.0,0,139.0,piece_count,2,midgame,False,0.0,0.0,False
18,22,0,"[[4, 3], [3, 4]]","[3, 4]",28,4.2512,0.6111,0,153.0,piece_count,2,midgame,False,0.0,0.0,False
18,23,1,"[[1, 4], [2, 3]]","[2, 3]",29,7.5104,0.6375,0,153.0,piece_count,2,midgame,False,0.0,0.0,True
18,24,0,"[[3, 4], [2, 5]]","[2, 5]",17,4.4594,0.7344,0,153.0,piece_count,2,midgame,False,0.0,0.0,False
18,25,1,"[[1, 6], [3, 4]]","[3, 4]",9,2.4285,0.0,0,153.0,piece_count,2,midgame,True,22.0,0.0,False
18,26,0,"[[6, 1], [5, 0]]","[5, 0]",22,5.7247,0.6071,0,175.0,piece_count,2,midgame,False,0.0,0.0,False
18,27,1,"[[2, 1], [3, 2]]","[3, 2]",23,6.0813,0.6406,0,175.0,piece_count,2,midgame,False,0.0,0.0,False
18,28,0,"[[3, 0], [2, 1]]","[2, 1]",15,3.8106,0.7321,0,199.0,piece_count,2,midgame,False,0.0,0.0,False
18,29,1,"[[1, 2], [3, 0]]","[3, 0]",8,1.9417,0.0,0,199.0,piece_count,2,midgame,False,0.0,0.0,False
18,30,0,"[[7, 2], [6, 1]]","[6, 1]",20,4.9853,0.5833,0,212.0,piece_count,2,midgame,True,0,0.0,False
18,31,1,"[[1, 0], [2, 1]]","[2, 1]",21,5.1641,0.6719,0,212.0,piece_count,2,midgame,False,0.0,0.0,True
18,32,0,"[[7, 4], [6, 5]]","[6, 5]",16,3.8569,0.6,0,213.0,piece_count,2,midgame,False,0.0,0.0,False
18,33,1,"[[3, 4], [4, 3]]","[4, 3]",15,3.758,0.6875,0,213.0,piece_count,2,midgame,False,0.0,0.0,True
18,34,0,"[[6, 5], [5, 6]]","[5, 6]",13,3.103,0.4583,0,213.0,piece_count,2,midgame,False,0.0,0.0,False
18,35,1,"[[2, 3], [3, 4]]","[3, 4]",17,4.1933,0.6458,0,213.0,piece_count,2,midgame,True,0.0,0.0,True
18,36,0,"[[5, 6], [4, 7]]","[4, 7]",16,3.8848,0.6,0,213.0,piece_count,2,midgame,False,0.0,0.0,False
18,37,1,"[[3, 4], [4, 5]]","[4, 5]",16,3.9041,0.6667,0,213.0,piece_count,2,midgame,False,0.0,0.0,False
18,38,0,"[[4, 7], [3, 6]]","[3, 6]",13,3.1002,0.5938,0,213.0,piece_count,2,midgame,False,0.0,0.0,False
18,39,1,"[[4, 1], [5, 2]]","[5, 2]",14,3.6271,0.65,0,213.0,piece_count,2,midgame,False,0.0,0.0,True
18,40,0,"[[3, 6], [2, 5]]","[2, 5]",9,2.0516,0.7188,0,241.0,piece_count,2,midgame,True,0,0.0,False
18,41,1,"[[5, 2], [7, 0]]","[7, 0]",7,1.6034,0.125,0,241.0,piece_count,2,midgame,False,0.0,0.0,False
18,42,0,"[[2, 5], [1, 4]]","[1, 4]",18,4.1966,0.55,0,260.0,piece_count,2,midgame,False,0.0,0.0,False
18,43,1,"[[2, 7], [3, 6]]","[3, 6]",21,5.2929,0.6719,0,260.0,piece_count,2,midgame,False,0.0,0.0,False
18,44,0,"[[1, 4], [0, 3]]","[0, 3]",18,4.2081,0.55,0,260.0,piece_count,2,midgame,False,0.0,0.0,False
18,45,1,"[[3, 0], [4, 1]]","[4, 1]",20,2.6493,0.6875,0,260.0,piece_count,2,midgame,True,143.0,143.0,True
18,46,0,"[[0, 3], [1, 2]]","[1, 2]",16,3.3002,0.5,0,261.0,piece_count,2,midgame,False,0.0,0.0,False
18,47,1,"[[2, 1], [3, 0]]","[3, 0]",22,5.3504,0.6562,0,261.0,piece_count,2,midgame,False,0.0,0.0,True
18,48,0,"[[1, 2], [0, 1]]","[0, 1]",19,4.5631,0.6042,0,261.0,piece_count,2,midgame,False,0.0,0.0,True
18,49,1,"[[3, 6], [4, 7]]","[4, 7]",18,4.3511,0.6786,0,261.0,piece_count,2,midgame,False,0.0,0.0,True
18,50,0,"[[0, 1], [1, 0]]","[1, 0]",15,3.5186,0.5312,0,291.0,piece_count,2,endgame,True,0,0.0,True
18,51,1,"[[4, 1], [5, 2]]","[5, 2]",19,4.6649,0.6607,0,291.0,piece_count,2,endgame,False,0.0,0.0,True
18,52,0,"[[1, 0], [0, 1]]","[0, 1]",19,4.4811,0.525,0,317.0,piece_count,2,endgame,False,0.0,0.0,False
18,53,1,"[[3, 0], [4, 1]]","[4, 1]",22,5.331,0.6944,0,317.0,piece_count,2,endgame,False,0.0,0.0,True
18,54,0,"[[0, 1], [1, 0]]","[1, 0]",15,3.0692,0.5312,0,318.0,piece_count,2,endgame,False,0.0,0.0,True
18,55,1,"[[4, 5], [5, 6]]","[5, 6]",18,2.4033,0.6786,0,318.0,piece_count,2,endgame,True,100.0,0.0,True
18,56,0,"[[1, 0], [0, 1]]","[0, 1]",15,1.9233,0.5312,0,418.0,piece_count,2,endgame,False,0.0,0.0,False
18,57,1,"[[5, 2], [6, 1]]","[6, 1]",18,2.377,0.6786,0,418.0,piece_count,2,endgame,False,0.0,0.0,True
18,58,0,"[[0, 1], [1, 0]]","[1, 0]",26,3.3786,0.1875,0,418.0,piece_count,2,endgame,False,0.0,0.0,True
18,59,1,"[[6, 1], [7, 2]]","[7, 2]",22,4.4777,0.6071,0,418.0,piece_count,2,endgame,False,0.0,0.0,False
18,60,0,"[[1, 0], [0, 1]]","[0, 1]",17,4.2267,0.4688,0,444.0,piece_count,2,endgame,True,0,0.0,False
18,61,1,"[[4, 1], [5, 2]]","[5, 2]",23,8.42,0.6806,0,444.0,piece_count,2,endgame,False,0.0,0.0,True
18,62,0,"[[0, 1], [1, 0]]","[1, 0]",20,5.3966,0.5,0,460.0,piece_count,2,endgame,False,0.0,0.0,True
18,63,1,"[[5, 2], [6, 1]]","[6, 1]",25,8.6184,0.6875,0,460.0,piece_count,2,endgame,False,0.0,0.0,True
18,64,0,"[[1, 0], [0, 1]]","[0, 1]",17,4.0853,0.575,0,460.0,piece_count,2,endgame,False,0.0,0.0,False
18,65,1,"[[4, 3], [5, 2]]","[5, 2]",19,7.4253,0.6607,0,460.0,piece_count,2,endgame,True,0.0,0.0,True
18,66,0,"[[0, 1], [1, 0]]","[1, 0]",18,4.8366,0.55,0,460.0,piece_count,2,endgame,False,0.0,0.0,True
18,67,1,"[[3, 2], [4, 3]]","[4, 3]",21,6.1865,0.6719,0,460.0,piece_count,2,endgame,False,0.0,0.0,False
18,68,0,"[[1, 0], [0, 1]]","[0, 1]",16,4.3015,0.6,0,604.0,piece_count,2,endgame,False,0.0,0.0,False
18,69,1,"[[5, 2], [6, 3]]","[6, 3]",17,4.9729,0.6458,0,604.0,piece_count,2,endgame,False,0.0,0.0,False
18,70,0,"[[0, 1], [1, 0]]","[1, 0]",26,6.9211,0.35,0,725.0,piece_count,2,endgame,False,0,0.0,True
18,71,1,"[[6, 3], [7, 4]]","[7, 4]",19,5.842,0.525,0,725.0,piece_count,2,endgame,False,0.0,0.0,True
18,72,0,"[[1, 0], [0, 1]]","[0, 1]",18,4.7531,0.55,0,725.0,piece_count,2,endgame,False,0.0,0.0,False
18,73,1,"[[4, 3], [5, 2]]","[5, 2]",21,5.9247,0.6719,0,725.0,piece_count,2,endgame,False,0.0,0.0,True
18,74,0,"[[0, 1], [1, 0]]","[1, 0]",18,4.7967,0.55,0,725.0,piece_count,2,endgame,False,0.0,0.0,True
18,75,1,"[[5, 2], [6, 3]]","[6, 3]",21,6.4745,0.6719,0,725.0,piece_count,2,endgame,True,144.0,0.0,False
18,76,0,"[[1, 0], [0, 1]]","[0, 1]",14,4.02,0.65,0,869.0,piece_count,2,endgame,False,0.0,0.0,False
18,77,1,"[[5, 6], [6, 5]]","[6, 5]",12,3.2754,0.625,0,869.0,piece_count,2,endgame,False,0.0,0.0,True
18,78,0,"[[0, 1], [1, 0]]","[1, 0]",9,2.3012,0.7188,0,869.0,piece_count,2,endgame,False,0.0,0.0,True
18,79,1,"[[4, 7], [5, 6]]","[5, 6]",6,2.5337,0.25,0,869.0,piece_count,2,endgame,False,0.0,0.0,False
18,80,0,"[[1, 0], [0, 1]]","[0, 1]",9,2.0165,0.7188,0,869.0,piece_count,2,endgame,False,0,0.0,False
18,81,1,"[[5, 6], [6, 7]]","[6, 7]",5,1.1804,0.375,0,869.0,piece_count,2,endgame,False,0.0,0.0,False
18,82,0,"[[0, 1], [1, 0]]","[1, 0]",4,1.1432,0.8333,0,899.0,piece_count,2,endgame,False,0.0,0.0,True
19,0,0,"[[6, 1], [5, 0]]","[5, 0]",21,9.501,0.625,0,0,piece_count,2,opening,False,0,0.0,False
19,1,1,"[[1, 0], [2, 1]]","[2, 1]",22,8.25,0.6071,0,0,piece_count,2,opening,False,0.0,0.0,True
19,2,0,"[[5, 0], [4, 1]]","[4, 1]",24,9.5656,0.625,0,1.0,piece_count,2,opening,False,0.0,0.0,False
19,3,1,"[[0, 1], [1, 0]]","[1, 0]",25,9.9061,0.6094,0,1.0,piece_count,2,opening,False,0.0,0.0,True
19,4,0,"[[4, 1], [3, 0]]","[3, 0]",24,11.1997,0.6667,0,1.0,piece_count,2,opening,False,0.0,0.0,False
19,5,1,"[[1, 4], [2, 3]]","[2, 3]",19,7.0229,0.6042,0,1.0,piece_count,2,opening,False,0.0,0.0,True
19,6,0,"[[6, 3], [5, 2]]","[5, 2]",21,10.8197,0.625,0,1.0,piece_count,2,opening,False,0.0,0.0,False
19,7,1,"[[0, 3], [1, 4]]","[1, 4]",23,15.1815,0.5893,0,1.0,piece_count,2,opening,False,0.0,0.0,True
19,8,0,"[[5, 2], [4, 1]]","[4, 1]",24,16.0902,0.6667,0,1.0,piece_count,2,opening,False,0.0,0.0,False
19,9,1,"[[1, 4], [2, 5]]","[2, 5]",20,5.6036,0.5833,0,1.0,piece_count,2,opening,False,0.0,0.0,True
19,10,0,"[[6, 5], [5, 4]]","[5, 4]",24,4.6268,0.625,0,1.0,piece_count,2,opening,True,0,0.0,False
19,11,1,"[[0, 5], [1, 4]]","[1, 4]",24,7.5462,0.5714,0,1.0,piece_count,2,opening,False,0.0,0.0,True
19,12,0,"[[5, 4], [4, 3]]","[4, 3]",27,8.7059,0.6625,0,1.0,piece_count,2,opening,False,0.0,0.0,False
19,13,1,"[[1, 6], [2, 7]]","[2, 7]",22,6.1977,0.5417,0,1.0,piece_count,2,opening,False,0.0,0.0,True
19,14,0,"[[6, 7], [5, 6]]","[5, 6]",27,10.8616,0.6625,0,31.0,piece_count,2,opening,False,0.0,0.0,False
19,15,1,"[[0, 7], [1, 6]]","[1, 6]",26,6.7863,0.5357,0,31.0,piece_count,2,opening,True,0.0,0.0,True
19,16,0,"[[5, 6], [4, 5]]","[4, 5]",30,9.2602,0.6875,0,31.0,piece_count,2,opening,False,0.0,0.0,False
19,17,1,"[[2, 5], [3, 6]]","[3, 6]",24,5.9431,0.5,0,31.0,piece_count,2,opening,False,0.0,0.0,False
19,18,0,"[[4, 1], [3, 2]]","[3, 2]",25,4.1244,0.7159,0,112.0,piece_count,2,opening,False,0.0,0.0,False
19,19,1,"[[3, 6], [5, 4]]","[5, 4]",21,3.324,0.0,0,112.0,piece_count,2,opening,False,0.0,0.0,False
19,20,0,"[[7, 0], [6, 1]]","[6, 1]",19,3.6066,0.7031,0,139.0,piece_count,2,midgame,True,0,0.0,False
19,21,1,"[[2, 3], [4, 1]]","[4, 1]",11,1.6334,0.0,0,139.0,piece_count,2,midgame,False,0.0,0.0,False
19,22,0,"[[4, 3], [3, 4]]","[3, 4]",28,4.2758,0.6111,0,153.0,piece_count,2,midgame,False,0.0,0.0,False
19,23,1,"[[1, 4], [2, 3]]","[2, 3]",29,5.1455,0.6375,0,153.0,piece_count,2,midgame,False,0.0,0.0,True
19,24,0,"[[3, 4], [2, 5]]","[2, 5]",17,4.4641,0.7344,0,153.0,piece_count,2,midgame,False,0.0,0.0,False
19,25,1,"[[1, 6], [3, 4]]","[3, 4]",9,2.353,0.0,0,153.0,piece_count,2,midgame,True,22.0,0.0,False
19,26,0,"[[6, 1], [5, 0]]","[5, 0]",22,3.2015,0.6071,0,175.0,piece_count,2,midgame,False,0.0,0.0,False
19,27,1,"[[2, 1], [3, 2]]","[3, 2]",23,3.3984,0.6406,0,175.0,piece_count,2,midgame,False,0.0,0.0,False
19,28,0,"[[3, 0], [2, 1]]","[2, 1]",15,2.1117,0.7321,0,199.0,piece_count,2,midgame,False,0.0,0.0,False
19,29,1,"[[1, 2], [3, 0]]","[3, 0]",8,1.0693,0.0,0,199.0,piece_count,2,midgame,False,0.0,0.0,False
19,30,0,"[[7, 2], [6, 1]]","[6, 1]",20,4.2074,0.5833,0,212.0,piece_count,2,midgame,True,0,0.0,False
19,31,1,"[[1, 0], [2, 1]]","[2, 1]",21,5.8844,0.6719,0,212.0,piece_count,2,midgame,False,0.0,0.0,True
19,32,0,"[[7, 4], [6, 5]]","[6, 5]",16,4.0033,0.6,0,213.0,piece_count,2,midgame,False,0.0,0.0,False
19,33,1,"[[3, 4], [4, 3]]","[4, 3]",15,2.5098,0.6875,0,213.0,piece_count,2,midgame,False,0.0,0.0,True
19,34,0,"[[6, 5], [5, 6]]","[5, 6]",13,3.5539,0.4583,0,213.0,piece_count,2,midgame,False,0.0,0.0,False
19,35,1,"[[2, 3], [3, 4]]","[3, 4]",17,3.3007,0.6458,0,213.0,piece_count,2,midgame,True,0.0,0.0,True
19,36,0,"[[5, 6], [4, 7]]","[4, 7]",16,2.9576,0.6,0,213.0,piece_count,2,midgame,False,0.0,0.0,False
19,37,1,"[[3, 4], [4, 5]]","[4, 5]",16,4.9219,0.6667,0,213.0,piece_count,2,midgame,False,0.0,0.0,False
19,38,0,"[[4, 7], [3, 6]]","[3, 6]",13,3.5248,0.5938,0,213.0,piece_count,2,midgame,False,0.0,0.0,False
19,39,1,"[[4, 1], [5, 2]]","[5, 2]",14,3.4852,0.65,0,213.0,piece_count,2,midgame,False,0.0,0.0,True
19,40,0,"[[3, 6], [2, 5]]","[2, 5]",9,2.6636,0.7188,0,241.0,piece_count,2,midgame,True,0,0.0,False
19,41,1,"[[5, 2], [7, 0]]","[7, 0]",7,1.6296,0.125,0,241.0,piece_count,2,midgame,False,0.0,0.0,False
19,42,0,"[[2, 5], [1, 4]]","[1, 4]",18,4.4837,0.55,0,260.0,piece_count,2,midgame,False,0.0,0.0,False
19,43,1,"[[2, 7], [3, 6]]","[3, 6]",21,5.1,0.6719,0,260.0,piece_count,2,midgame,False,0.0,0.0,False
19,44,0,"[[1, 4], [0, 3]]","[0, 3]",18,4.1206,0.55,0,260.0,piece_count,2,midgame,False,0.0,0.0,False
19,45,1,"[[3, 0], [4, 1]]","[4, 1]",20,4.9334,0.6875,0,260.0,piece_count,2,midgame,True,143.0,143.0,True
19,46,0,"[[0, 3], [1, 2]]","[1, 2]",16,4.8556,0.5,0,261.0,piece_count,2,midgame,False,0.0,0.0,False
19,47,1,"[[2, 1], [3, 0]]","[3, 0]",22,4.2562,0.6562,0,261.0,piece_count,2,midgame,False,0.0,0.0,True
19,48,0,"[[1, 2], [0, 1]]","[0, 1]",19,4.5285,0.6042,0,261.0,piece_count,2,midgame,False,0.0,0.0,True
19,49,1,"[[3, 6], [4, 7]]","[4, 7]",18,4.8869,0.6786,0,261.0,piece_count,2,midgame,False,0.0,0.0,True
19,50,0,"[[0, 1], [1, 0]]","[1, 0]",15,3.5329,0.5312,0,291.0,piece_count,2,endgame,True,0,0.0,True
19,51,1,"[[4, 1], [5, 2]]","[5, 2]",19,4.7359,0.6607,0,291.0,piece_count,2,endgame,False,0.0,0.0,True
19,52,0,"[[1, 0], [0, 1]]","[0, 1]",19,5.6291,0.525,0,317.0,piece_count,2,endgame,False,0.0,0.0,False
19,53,1,"[[3, 0], [4, 1]]","[4, 1]",22,5.3694,0.6944,0,317.0,piece_count,2,endgame,False,0.0,0.0,True
19,54,0,"[[0, 1], [1, 0]]","[1, 0]",15,3.5629,0.5312,0,318.0,piece_count,2,endgame,False,0.0,0.0,True
19,55,1,"[[4, 5], [5, 6]]","[5, 6]",18,4.8301,0.6786,0,318.0,piece_count,2,endgame,True,100.0,0.0,True
19,56,0,"[[1, 0], [0, 1]]","[0, 1]",15,3.4544,0.5312,0,418.0,piece_count,2,endgame,False,0.0,0.0,False
19,57,1,"[[5, 2], [6, 1]]","[6, 1]",18,5.1312,0.6786,0,418.0,piece_count,2,endgame,False,0.0,0.0,True
19,58,0,"[[0, 1], [1, 0]]","[1, 0]",26,7.0355,0.1875,0,418.0,piece_count,2,endgame,False,0.0,0.0,True
19,59,1,"[[6, 1], [7, 2]]","[7, 2]",22,2.9511,0.6071,0,418.0,piece_count,2,endgame,False,0.0,0.0,False
19,60,0,"[[1, 0], [0, 1]]","[0, 1]",17,6.1114,0.4688,0,444.0,piece_count,2,endgame,True,0,0.0,False
19,61,1,"[[4, 1], [5, 2]]","[5, 2]",23,3.0689,0.6806,0,444.0,piece_count,2,endgame,False,0.0,0.0,True
19,62,0,"[[0, 1], [1, 0]]","[1, 0]",20,2.5537,0.5,0,460.0,piece_count,2,endgame,False,0.0,0.0,True
19,63,1,"[[5, 2], [6, 1]]","[6, 1]",25,4.6692,0.6875,0,460.0,piece_count,2,endgame,False,0.0,0.0,True
19,64,0,"[[1, 0], [0, 1]]","[0, 1]",17,2.907,0.575,0,460.0,piece_count,2,endgame,False,0.0,0.0,False
19,65,1,"[[4, 3], [5, 2]]","[5, 2]",19,2.9676,0.6607,0,460.0,piece_count,2,endgame,True,0.0,0.0,True
19,66,0,"[[0, 1], [1, 0]]","[1, 0]",18,3.9175,0.55,0,460.0,piece_count,2,endgame,False,0.0,0.0,True
19,67,1,"[[3, 2], [4, 3]]","[4, 3]",21,4.1366,0.6719,0,460.0,piece_count,2,endgame,False,0.0,0.0,False
19,68,0,"[[1, 0], [0, 1]]","[0, 1]",16,2.0685,0.6,0,604.0,piece_count,2,endgame,False,0.0,0.0,False
19,69,1,"[[5, 2], [6, 3]]","[6, 3]",17,2.2604,0.6458,0,604.0,piece_count,2,endgame,False,0.0,0.0,False
19,70,0,"[[0, 1], [1, 0]]","[1, 0]",26,3.9444,0.35,0,725.0,piece_count,2,endgame,False,0,0.0,True
19,71,1,"[[6, 3], [7, 4]]","[7, 4]",19,3.7656,0.525,0,725.0,piece_count,2,endgame,False,0.0,0.0,True
19,72,0,"[[1, 0], [0, 1]]","[0, 1]",18,2.3224,0.55,0,725.0,piece_count,2,endgame,False,0.0,0.0,False
19,73,1,"[[4, 3], [5, 2]]","[5, 2]",21,2.8074,0.6719,0,725.0,piece_count,2,endgame,False,0.0,0.0,True
19,74,0,"[[0, 1], [1, 0]]","[1, 0]",18,3.6738,0.55,0,725.0,piece_count,2,endgame,False,0.0,0.0,True
19,75,1,"[[5, 2], [6, 3]]","[6, 3]",21,4.5369,0.6719,0,725.0,piece_count,2,endgame,True,144.0,0.0,False
19,76,0,"[[1, 0], [0, 1]]","[0, 1]",14,1.7843,0.65,0,869.0,piece_count,2,endgame,False,0.0,0.0,False
19,77,1,"[[5, 6], [6, 5]]","[6, 5]",12,1.5736,0.625,0,869.0,piece_count,2,endgame,False,0.0,0.0,True
19,78,0,"[[0, 1], [1, 0]]","[1, 0]",9,1.2567,0.7188,0,869.0,piece_count,2,endgame,False,0.0,0.0,True
19,79,1,"[[4, 7], [5, 6]]","[5, 6]",6,0.7513,0.25,0,869.0,piece_count,2,endgame,False,0.0,0.0,False
19,80,0,"[[1, 0], [0, 1]]","[0, 1]",9,1.3611,0.7188,0,869.0,piece_count,2,endgame,False,0,0.0,False
19,81,1,"[[5, 6], [6, 7]]","[6, 7]",5,1.1156,0.375,0,869.0,piece_count,2,endgame,False,0.0,0.0,False
19,82,0,"[[0, 1], [1, 0]]","[1, 0]",4,1.3394,0.8333,0,899.0,piece_count,2,endgame,False,0.0,0.0,True
20,0,0,"[[6, 1], [5, 0]]","[5, 0]",21,3.5539,0.625,0,0,piece_count,2,opening,False,0,0.0,False
20,1,1,"[[1, 0], [2, 1]]","[2, 1]",22,4.8079,0.6071,0,0,piece_count,2,opening,False,0.0,0.0,True
20,2,0,"[[5, 0], [4, 1]]","[4, 1]",24,7.8883,0.625,0,1.0,piece_count,2,opening,False,0.0,0.0,False
20,3,1,"[[0, 1], [1, 0]]","[1, 0]",25,7.3957,0.6094,0,1.0,piece_count,2,opening,False,0.0,0.0,True
20,4,0,"[[4, 1], [3, 0]]","[3, 0]",24,9.5983,0.6667,0,1.0,piece_count,2,opening,False,0.0,0.0,False
20,5,1,"[[1, 4], [2, 3]]","[2, 3]",19,6.3095,0.6042,0,1.0,piece_count,2,opening,False,0.0,0.0,True
20,6,0,"[[6, 3], [5, 2]]","[5, 2]",21,5.9235,0.625,0,1.0,piece_count,2,opening,False,0.0,0.0,False
20,7,1,"[[0, 3], [1, 4]]","[1, 4]",23,7.5903,0.5893,0,1.0,piece_count,2,opening,False,0.0,0.0,True
20,8,0,"[[5, 2], [4, 1]]","[4, 1]",24,4.3859,0.6667,0,1.0,piece_count,2,opening,False,0.0,0.0,False
20,9,1,"[[1, 4], [2, 5]]","[2, 5]",20,3.3269,0.5833,0,1.0,piece_count,2,opening,False,0.0,0.0,True
20,10,0,"[[6, 5], [5, 4]]","[5, 4]",24,5.1763,0.625,0,1.0,piece_count,2,opening,True,0,0.0,False
20,11,1,"[[0, 5], [1, 4]]","[1, 4]",24,4.0553,0.5714,0,1.0,piece_count,2,opening,False,0.0,0.0,True
20,12,0,"[[5, 4], [4, 3]]","[4, 3]",27,5.738,0.6625,0,1.0,piece_count,2,opening,False,0.0,0.0,False
20,13,1,"[[1, 6], [2, 7]]","[2, 7]",22,6.6435,0.5417,0,1.0,piece_count,2,opening,False,0.0,0.0,True
20,14,0,"[[6, 7], [5, 6]]","[5, 6]",27,7.3664,0.6625,0,31.0,piece_count,2,opening,False,0.0,0.0,False
20,15,1,"[[0, 7], [1, 6]]","[1, 6]",26,4.3364,0.5357,0,31.0,piece_count,2,opening,True,0.0,0.0,True
20,16,0,"[[5, 6], [4, 5]]","[4, 5]",30,4.9753,0.6875,0,31.0,piece_count,2,opening,False,0.0,0.0,False
20,17,1,"[[2, 5], [3, 6]]","[3, 6]",24,4.0107,0.5,0,31.0,piece_count,2,opening,False,0.0,0.0,False
20,18,0,"[[4, 1], [3, 2]]","[3, 2]",25,4.1103,0.7159,0,112.0,piece_count,2,opening,False,0.0,0.0,False
20,19,1,"[[3, 6], [5, 4]]","[5, 4]",21,3.6991,0.0,0,112.0,piece_count,2,opening,False,0.0,0.0,False
20,20,0,"[[7, 0], [6, 1]]","[6, 1]",19,2.9771,0.7031,0,139.0,piece_count,2,midgame,True,0,0.0,False
20,21,1,"[[2, 3], [4, 1]]","[4, 1]",11,1.6255,0.0,0,139.0,piece_count,2,midgame,False,0.0,0.0,False
20,22,0,"[[4, 3], [3, 4]]","[3, 4]",28,4.2353,0.6111,0,153.0,piece_count,2,midgame,False,0.0,0.0,False
20,23,1,"[[1, 4], [2, 3]]","[2, 3]",29,7.1838,0.6375,0,153.0,piece_count,2,midgame,False,0.0,0.0,True
20,24,0,"[[3, 4], [2, 5]]","[2, 5]",17,4.4353,0.7344,0,153.0,piece_count,2,midgame,False,0.0,0.0,False
20,25,1,"[[1, 6], [3, 4]]","[3, 4]",9,2.3131,0.0,0,153.0,piece_count,2,midgame,True,22.0,0.0,False
20,26,0,"[[6, 1], [5, 0]]","[5, 0]",22,4.2763,0.6071,0,175.0,piece_count,2,midgame,False,0.0,0.0,False
20,27,1,"[[2, 1], [3, 2]]","[3, 2]",23,3.3963,0.6406,0,175.0,piece_count,2,midgame,False,0.0,0.0,False
20,28,0,"[[3, 0], [2, 1]]","[2, 1]",15,3.9225,0.7321,0,199.0,piece_count,2,midgame,False,0.0,0.0,False
20,29,1,"[[1, 2], [3, 0]]","[3, 0]",8,3.6621,0.0,0,199.0,piece_count,2,midgame,False,0.0,0.0,False
20,30,0,"[[7, 2], [6, 1]]","[6, 1]",20,4.5195,0.5833,0,212.0,piece_count,2,midgame,True,0,0.0,False
20,31,1,"[[1, 0], [2, 1]]","[2, 1]",21,3.4704,0.6719,0,212.0,piece_count,2,midgame,False,0.0,0.0,True
20,32,0,"[[7, 4], [6, 5]]","[6, 5]",16,3.9542,0.6,0,213.0,piece_count,2,midgame,False,0.0,0.0,False
20,33,1,"[[3, 4], [4, 3]]","[4, 3]",15,2.9168,0.6875,0,213.0,piece_count,2,midgame,False,0.0,0.0,True
20,34,0,"[[6, 5], [5, 6]]","[5, 6]",13,1.7183,0.4583,0,213.0,piece_count,2,midgame,False,0.0,0.0,False
20,35,1,"[[2, 3], [3, 4]]","[3, 4]",17,2.8992,0.6458,0,213.0,piece_count,2,midgame,True,0.0,0.0,True
20,36,0,"[[5, 6], [4, 7]]","[4, 7]",16,2.1331,0.6,0,213.0,piece_count,2,midgame,False,0.0,0.0,False
20,37,1,"[[3, 4], [4, 5]]","[4, 5]",16,3.1574,0.6667,0,213.0,piece_count,2,midgame,False,0.0,0.0,False
20,38,0,"[[4, 7], [3, 6]]","[3, 6]",13,1.7631,0.5938,0,213.0,piece_count,2,midgame,False,0.0,0.0,False
20,39,1,"[[4, 1], [5, 2]]","[5, 2]",14,1.8718,0.65,0,213.0,piece_count,2,midgame,False,0.0,0.0,True
20,40,0,"[[3, 6], [2, 5]]","[2, 5]",9,1.1396,0.7188,0,241.0,piece_count,2,midgame,True,0,0.0,False
20,41,1,"[[5, 2], [7, 0]]","[7, 0]",7,0.8893,0.125,0,241.0,piece_count,2,midgame,False,0.0,0.0,False
20,42,0,"[[2, 5], [1, 4]]","[1, 4]",18,2.2907,0.55,0,260.0,piece_count,2,midgame,False,0.0,0.0,False
20,43,1,"[[2, 7], [3, 6]]","[3, 6]",21,4.4379,0.6719,0,260.0,piece_count,2,midgame,False,0.0,0.0,False
20,44,0,"[[1, 4], [0, 3]]","[0, 3]",18,3.4194,0.55,0,260.0,piece_count,2,midgame,False,0.0,0.0,False
20,45,1,"[[3, 0], [4, 1]]","[4, 1]",20,2.826,0.6875,0,260.0,piece_count,2,midgame,True,143.0,143.0,True
20,46,0,"[[0, 3], [1, 2]]","[1, 2]",16,2.0819,0.5,0,261.0,piece_count,2,midgame,False,0.0,0.0,False
20,47,1,"[[2, 1], [3, 0]]","[3, 0]",22,4.1728,0.6562,0,261.0,piece_count,2,midgame,False,0.0,0.0,True
20,48,0,"[[1, 2], [0, 1]]","[0, 1]",19,2.5327,0.6042,0,261.0,piece_count,2,midgame,False,0.0,0.0,True
20,49,1,"[[3, 6], [4, 7]]","[4, 7]",18,2.9426,0.6786,0,261.0,piece_count,2,midgame,False,0.0,0.0,True
20,50,0,"[[0, 1], [1, 0]]","[1, 0]",15,1.9553,0.5312,0,291.0,piece_count,2,endgame,True,0,0.0,True
20,51,1,"[[4, 1], [5, 2]]","[5, 2]",19,2.5313,0.6607,0,291.0,piece_count,2,endgame,False,0.0,0.0,True
20,52,0,"[[1, 0], [0, 1]]","[0, 1]",19,4.9171,0.525,0,317.0,piece_count,2,endgame,False,0.0,0.0,False
20,53,1,"[[3, 0], [4, 1]]","[4, 1]",22,5.0373,0.6944,0,317.0,piece_count,2,endgame,False,0.0,0.0,True
20,54,0,"[[0, 1], [1, 0]]","[1, 0]",15,3.5098,0.5312,0,318.0,piece_count,2,endgame,False,0.0,0.0,True
20,55,1,"[[4, 5], [5, 6]]","[5, 6]",18,2.7902,0.6786,0,318.0,piece_count,2,endgame,True,100.0,0.0,True
20,56,0,"[[1, 0], [0, 1]]","[0, 1]",15,1.9326,0.5312,0,418.0,piece_count,2,endgame,False,0.0,0.0,False
20,57,1,"[[5, 2], [6, 1]]","[6, 1]",18,3.5939,0.6786,0,418.0,piece_count,2,endgame,False,0.0,0.0,True
20,58,0,"[[0, 1], [1, 0]]","[1, 0]",26,6.4404,0.1875,0,418.0,piece_count,2,endgame,False,0.0,0.0,True
20,59,1,"[[6, 1], [7, 2]]","[7, 2]",22,3.0107,0.6071,0,418.0,piece_count,2,endgame,False,0.0,0.0,False
20,60,0,"[[1, 0], [0, 1]]","[0, 1]",17,3.1133,0.4688,0,444.0,piece_count,2,endgame,True,0,0.0,False
20,61,1,"[[4, 1], [5, 2]]","[5, 2]",23,5.6443,0.6806,0,444.0,piece_count,2,endgame,False,0.0,0.0,True
20,62,0,"[[0, 1], [1, 0]]","[1, 0]",20,4.0979,0.5,0,460.0,piece_count,2,endgame,False,0.0,0.0,True
20,63,1,"[[5, 2], [6, 1]]","[6, 1]",25,6.7556,0.6875,0,460.0,piece_count,2,endgame,False,0.0,0.0,True
20,64,0,"[[1, 0], [0, 1]]","[0, 1]",17,6.7179,0.575,0,460.0,piece_count,2,endgame,False,0.0,0.0,False
20,65,1,"[[4, 3], [5, 2]]","[5, 2]",19,2.6574,0.6607,0,460.0,piece_count,2,endgame,True,0.0,0.0,True
20,66,0,"[[0, 1], [1, 0]]","[1, 0]",18,4.5578,0.55,0,460.0,piece_count,2,endgame,False,0.0,0.0,True
20,67,1,"[[3, 2], [4, 3]]","[4, 3]",21,46.0024,0.6719,0,460.0,piece_count,2,endgame,False,0.0,0.0,False
20,68,0,"[[1, 0], [0, 1]]","[0, 1]",16,7.0047,0.6,0,604.0,piece_count,2,endgame,False,0.0,0.0,False
20,69,1,"[[5, 2], [6, 3]]","[6, 3]",17,23.2649,0.6458,0,604.0,piece_count,2,endgame,False,0.0,0.0,False
20,70,0,"[[0, 1], [1, 0]]","[1, 0]",26,10.7946,0.35,0,725.0,piece_count,2,endgame,False,0,0.0,True
20,71,1,"[[6, 3], [7, 4]]","[7, 4]",19,7.2317,0.525,0,725.0,piece_count,2,endgame,False,0.0,0.0,True
20,72,0,"[[1, 0], [0, 1]]","[0, 1]",18,27.6754,0.55,0,725.0,piece_count,2,endgame,False,0.0,0.0,False
20,73,1,"[[4, 3], [5, 2]]","[5, 2]",21,41.8601,0.6719,0,725.0,piece_count,2,endgame,False,0.0,0.0,True
20,74,0,"[[0, 1], [1, 0]]","[1, 0]",18,15.3723,0.55,0,725.0,piece_count,2,endgame,False,0.0,0.0,True
20,75,1,"[[5, 2], [6, 3]]","[6, 3]",21,8.2321,0.6719,0,725.0,piece_count,2,endgame,True,144.0,0.0,False
20,76,0,"[[1, 0], [0, 1]]","[0, 1]",14,3.7267,0.65,0,869.0,piece_count,2,endgame,False,0.0,0.0,False
20,77,1,"[[5, 6], [6, 5]]","[6, 5]",12,3.2027,0.625,0,869.0,piece_count,2,endgame,False,0.0,0.0,True
20,78,0,"[[0, 1], [1, 0]]","[1, 0]",9,2.7547,0.7188,0,869.0,piece_count,2,endgame,False,0.0,0.0,True
20,79,1,"[[4, 7], [5, 6]]","[5, 6]",6,1.7154,0.25,0,869.0,piece_count,2,endgame,False,0.0,0.0,False
20,80,0,"[[1, 0], [0, 1]]","[0, 1]",9,2.4273,0.7188,0,869.0,piece_count,2,endgame,False,0,0.0,False
20,81,1,"[[5, 6], [6, 7]]","[6, 7]",5,1.3843,0.375,0,869.0,piece_count,2,endgame,False,0.0,0.0,False
20,82,0,"[[0, 1], [1, 0]]","[1, 0]",4,1.0643,0.8333,0,899.0,piece_count,2,endgame,False,0.0,0.0,True
21,0,0,"[[6, 1], [5, 0]]","[5, 0]",21,7.5741,0.625,0,0,piece_count,2,opening,False,0,0.0,False
21,1,1,"[[1, 0], [2, 1]]","[2, 1]",22,14.0791,0.6071,0,0,piece_count,2,opening,False,0.0,0.0,True
21,2,0,"[[5, 0], [4, 1]]","[4, 1]",24,6.3188,0.625,0,1.0,piece_count,2,opening,False,0.0,0.0,False
21,3,1,"[[0, 1], [1, 0]]","[1, 0]",25,7.8187,0.6094,0,1.0,piece_count,2,opening,False,0.0,0.0,True
21,4,0,"[[4, 1], [3, 0]]","[3, 0]",24,5.0342,0.6667,0,1.0,piece_count,2,opening,False,0.0,0.0,False
21,5,1,"[[1, 4], [2, 3]]","[2, 3]",19,5.908,0.6042,0,1.0,piece_count,2,opening,False,0.0,0.0,True
21,6,0,"[[6, 3], [5, 2]]","[5, 2]",21,7.0972,0.625,0,1.0,piece_count,2,opening,False,0.0,0.0,False
21,7,1,"[[0, 3], [1, 4]]","[1, 4]",23,7.6237,0.5893,0,1.0,piece_count,2,opening,False,0.0,0.0,True
21,8,0,"[[5, 2], [4, 1]]","[4, 1]",24,9.2425,0.6667,0,1.0,piece_count,2,opening,False,0.0,0.0,False
21,9,1,"[[1, 4], [2, 5]]","[2, 5]",20,6.8152,0.5833,0,1.0,piece_count,2,opening,False,0.0,0.0,True
21,10,0,"[[6, 5], [5, 4]]","[5, 4]",24,7.3955,0.625,0,1.0,piece_count,2,opening,True,0,0.0,False
21,11,1,"[[0, 5], [1, 4]]","[1, 4]",24,7.9665,0.5714,0,1.0,piece_count,2,opening,False,0.0,0.0,True
21,12,0,"[[5, 4], [4, 3]]","[4, 3]",27,5.692,0.6625,0,1.0,piece_count,2,opening,False,0.0,0.0,False
21,13,1,"[[1, 6], [2, 7]]","[2, 7]",22,5.6047,0.5417,0,1.0,piece_count,2,opening,False,0.0,0.0,True
21,14,0,"[[6, 7], [5, 6]]","[5, 6]",27,7.2968,0.6625,0,31.0,piece_count,2,opening,False,0.0,0.0,False
21,15,1,"[[0, 7], [1, 6]]","[1, 6]",26,6.1464,0.5357,0,31.0,piece_count,2,opening,True,0.0,0.0,True
21,16,0,"[[5, 6], [4, 5]]","[4, 5]",30,8.4217,0.6875,0,31.0,piece_count,2,opening,False,0.0,0.0,False
21,17,1,"[[2, 5], [3, 6]]","[3, 6]",24,7.0086,0.5,0,31.0,piece_count,2,opening,False,0.0,0.0,False
21,18,0,"[[4, 1], [3, 2]]","[3, 2]",25,7.3812,0.7159,0,112.0,piece_count,2,opening,False,0.0,0.0,False
21,19,1,"[[3, 6], [5, 4]]","[5, 4]",21,5.9707,0.0,0,112.0,piece_count,2,opening,False,0.0,0.0,False
21,20,0,"[[7, 0], [6, 1]]","[6, 1]",19,4.534,0.7031,0,139.0,piece_count,2,midgame,True,0,0.0,False
21,21,1,"[[2, 3], [4, 1]]","[4, 1]",11,2.7032,0.0,0,139.0,piece_count,2,midgame,False,0.0,0.0,False
21,22,0,"[[4, 3], [3, 4]]","[3, 4]",28,4.2531,0.6111,0,153.0,piece_count,2,midgame,False,0.0,0.0,False
21,23,1,"[[1, 4], [2, 3]]","[2, 3]",29,4.3709,0.6375,0,153.0,piece_count,2,midgame,False,0.0,0.0,True
21,24,0,"[[3, 4], [2, 5]]","[2, 5]",17,3.7186,0.7344,0,153.0,piece_count,2,midgame,False,0.0,0.0,False
21,25,1,"[[1, 6], [3, 4]]","[3, 4]",9,1.6432,0.0,0,153.0,piece_count,2,midgame,True,22.0,0.0,False
21,26,0,"[[6, 1], [5, 0]]","[5, 0]",22,4.9572,0.6071,0,175.0,piece_count,2,midgame,False,0.0,0.0,False
21,27,1,"[[2, 1], [3, 2]]","[3, 2]",23,7.026,0.6406,0,175.0,piece_count,2,midgame,False,0.0,0.0,False
21,28,0,"[[3, 0], [2, 1]]","[2, 1]",15,3.5725,0.7321,0,199.0,piece_count,2,midgame,False,0.0,0.0,False
21,29,1,"[[1, 2], [3, 0]]","[3, 0]",8,1.3101,0.0,0,199.0,piece_count,2,midgame,False,0.0,0.0,False
21,30,0,"[[7, 2], [6, 1]]","[6, 1]",20,3.0966,0.5833,0,212.0,piece_count,2,midgame,True,0,0.0,False
21,31,1,"[[1, 0], [2, 1]]","[2, 1]",21,3.2179,0.6719,0,212.0,piece_count,2,midgame,False,0.0,0.0,True
21,32,0,"[[7, 4], [6, 5]]","[6, 5]",16,2.1396,0.6,0,213.0,piece_count,2,midgame,False,0.0,0.0,False
21,33,1,"[[3, 4], [4, 3]]","[4, 3]",15,2.0151,0.6875,0,213.0,piece_count,2,midgame,False,0.0,0.0,True
21,34,0,"[[6, 5], [5, 6]]","[5, 6]",13,3.5474,0.4583,0,213.0,piece_count,2,midgame,False,0.0,0.0,False
21,35,1,"[[2, 3], [3, 4]]","[3, 4]",17,4.7848,0.6458,0,213.0,piece_count,2,midgame,True,0.0,0.0,True
21,36,0,"[[5, 6], [4, 7]]","[4, 7]",16,3.1319,0.6,0,213.0,piece_count,2,midgame,False,0.0,0.0,False
21,37,1,"[[3, 4], [4, 5]]","[4, 5]",16,2.8493,0.6667,0,213.0,piece_count,2,midgame,False,0.0,0.0,False
21,38,0,"[[4, 7], [3, 6]]","[3, 6]",13,2.641,0.5938,0,213.0,piece_count,2,midgame,False,0.0,0.0,False
21,39,1,"[[4, 1], [5, 2]]","[5, 2]",14,4.3383,0.65,0,213.0,piece_count,2,midgame,False,0.0,0.0,True
21,40,0,"[[3, 6], [2, 5]]","[2, 5]",9,2.3301,0.7188,0,241.0,piece_count,2,midgame,True,0,0.0,False
21,41,1,"[[5, 2], [7, 0]]","[7, 0]",7,0.8781,0.125,0,241.0,piece_count,2,midgame,False,0.0,0.0,False
21,42,0,"[[2, 5], [1, 4]]","[1, 4]",18,4.5791,0.55,0,260.0,piece_count,2,midgame,False,0.0,0.0,False
21,43,1,"[[2, 7], [3, 6]]","[3, 6]",21,8.5444,0.6719,0,260.0,piece_count,2,midgame,False,0.0,0.0,False
21,44,0,"[[1, 4], [0, 3]]","[0, 3]",18,6.3667,0.55,0,260.0,piece_count,2,midgame,False,0.0,0.0,False
21,45,1,"[[3, 0], [4, 1]]","[4, 1]",20,7.534,0.6875,0,260.0,piece_count,2,midgame,True,143.0,143.0,True
21,46,0,"[[0, 3], [1, 2]]","[1, 2]",16,5.9378,0.5,0,261.0,piece_count,2,midgame,False,0.0,0.0,False
21,47,1,"[[2, 1], [3, 0]]","[3, 0]",22,7.0646,0.6562,0,261.0,piece_count,2,midgame,False,0.0,0.0,True
21,48,0,"[[1, 2], [0, 1]]","[0, 1]",19,5.1503,0.6042,0,261.0,piece_count,2,midgame,False,0.0,0.0,True
21,49,1,"[[3, 6], [4, 7]]","[4, 7]",18,5.1684,0.6786,0,261.0,piece_count,2,midgame,False,0.0,0.0,True
21,50,0,"[[0, 1], [1, 0]]","[1, 0]",15,3.8619,0.5312,0,291.0,piece_count,2,endgame,True,0,0.0,True
21,51,1,"[[4, 1], [5, 2]]","[5, 2]",19,6.2988,0.6607,0,291.0,piece_count,2,endgame,False,0.0,0.0,True
21,52,0,"[[1, 0], [0, 1]]","[0, 1]",19,8.6296,0.525,0,317.0,piece_count,2,endgame,False,0.0,0.0,False
21,53,1,"[[3, 0], [4, 1]]","[4, 1]",22,9.7749,0.6944,0,317.0,piece_count,2,endgame,False,0.0,0.0,True
21,54,0,"[[0, 1], [1, 0]]","[1, 0]",15,3.7489,0.5312,0,318.0,piece_count,2,endgame,False,0.0,0.0,True
21,55,1,"[[4, 5], [5, 6]]","[5, 6]",18,4.7994,0.6786,0,318.0,piece_count,2,endgame,True,100.0,0.0,True
21,56,0,"[[1, 0], [0, 1]]","[0, 1]",15,3.5014,0.5312,0,418.0,piece_count,2,endgame,False,0.0,0.0,False
21,57,1,"[[5, 2], [6, 1]]","[6, 1]",18,4.3502,0.6786,0,418.0,piece_count,2,endgame,False,0.0,0.0,True
21,58,0,"[[0, 1], [1, 0]]","[1, 0]",26,6.4371,0.1875,0,418.0,piece_count,2,endgame,False,0.0,0.0,True
21,59,1,"[[6, 1], [7, 2]]","[7, 2]",22,5.3737,0.6071,0,418.0,piece_count,2,endgame,False,0.0,0.0,False
21,60,0,"[[1, 0], [0, 1]]","[0, 1]",17,4.1065,0.4688,0,444.0,piece_count,2,endgame,True,0,0.0,False
21,61,1,"[[4, 1], [5, 2]]","[5, 2]",23,3.1168,0.6806,0,444.0,piece_count,2,endgame,False,0.0,0.0,True
21,62,0,"[[0, 1], [1, 0]]","[1, 0]",20,2.593,0.5,0,460.0,piece_count,2,endgame,False,0.0,0.0,True
21,63,1,"[[5, 2], [6, 1]]","[6, 1]",25,3.3443,0.6875,0,460.0,piece_count,2,endgame,False,0.0,0.0,True
21,64,0,"[[1, 0], [0, 1]]","[0, 1]",17,2.1782,0.575,0,460.0,piece_count,2,endgame,False,0.0,0.0,False
21,65,1,"[[4, 3], [5, 2]]","[5, 2]",19,4.668,0.6607,0,460.0,piece_count,2,endgame,True,0.0,0.0,True
21,66,0,"[[0, 1], [1, 0]]","[1, 0]",18,4.1766,0.55,0,460.0,piece_count,2,endgame,False,0.0,0.0,True
21,67,1,"[[3, 2], [4, 3]]","[4, 3]",21,5.1153,0.6719,0,460.0,piece_count,2,endgame,False,0.0,0.0,False
21,68,0,"[[1, 0], [0, 1]]","[0, 1]",16,3.767,0.6,0,604.0,piece_count,2,endgame,False,0.0,0.0,False
21,69,1,"[[5, 2], [6, 3]]","[6, 3]",17,4.1316,0.6458,0,604.0,piece_count,2,endgame,False,0.0,0.0,False
21,70,0,"[[0, 1], [1, 0]]","[1, 0]",26,4.8876,0.35,0,725.0,piece_count,2,endgame,False,0,0.0,True
21,71,1,"[[6, 3], [7, 4]]","[7, 4]",19,2.5649,0.525,0,725.0,piece_count,2,endgame,False,0.0,0.0,True
21,72,0,"[[1, 0], [0, 1]]","[0, 1]",18,2.3236,0.55,0,725.0,piece_count,2,endgame,False,0.0,0.0,False
21,73,1,"[[4, 3], [5, 2]]","[5, 2]",21,2.8019,0.6719,0,725.0,piece_count,2,endgame,False,0.0,0.0,True
21,74,0,"[[0, 1], [1, 0]]","[1, 0]",18,2.8722,0.55,0,725.0,piece_count,2,endgame,False,0.0,0.0,True
21,75,1,"[[5, 2], [6, 3]]","[6, 3]",21,2.816,0.6719,0,725.0,piece_count,2,endgame,True,144.0,0.0,False
21,76,0,"[[1, 0], [0, 1]]","[0, 1]",14,1.785,0.65,0,869.0,piece_count,2,endgame,False,0.0,0.0,False
21,77,1,"[[5, 6], [6, 5]]","[6, 5]",12,1.5597,0.625,0,869.0,piece_count,2,endgame,False,0.0,0.0,True
21,78,0,"[[0, 1], [1, 0]]","[1, 0]",9,1.1177,0.7188,0,869.0,piece_count,2,endgame,False,0.0,0.0,True
21,79,1,"[[4, 7], [5, 6]]","[5, 6]",6,0.7455,0.25,0,869.0,piece_count,2,endgame,False,0.0,0.0,False
21,80,0,"[[1, 0], [0, 1]]","[0, 1]",9,1.1163,0.7188,0,869.0,piece_count,2,endgame,False,0,0.0,False
21,81,1,"[[5, 6], [6, 7]]","[6, 7]",5,0.6132,0.375,0,869.0,piece_count,2,endgame,False,0.0,0.0,False
21,82,0,"[[0, 1], [1, 0]]","[1, 0]",4,0.463,0.8333,0,899.0,piece_count,2,endgame,False,0.0,0.0,True
22,0,0,"[[6, 1], [5, 0]]","[5, 0]",21,6.506,0.625,0,0,piece_count,2,opening,False,0,0.0,False
22,1,1,"[[1, 0], [2, 1]]","[2, 1]",22,7.5214,0.6071,0,0,piece_count,2,opening,False,0.0,0.0,True
22,2,0,"[[5, 0], [4, 1]]","[4, 1]",24,4.0889,0.625,0,1.0,piece_count,2,opening,False,0.0,0.0,False
22,3,1,"[[0, 1], [1, 0]]","[1, 0]",25,4.2272,0.6094,0,1.0,piece_count,2,opening,False,0.0,0.0,True
22,4,0,"[[4, 1], [3, 0]]","[3, 0]",24,5.1541,0.6667,0,1.0,piece_count,2,opening,False,0.0,0.0,False
22,5,1,"[[1, 4], [2, 3]]","[2, 3]",19,4.9586,0.6042,0,1.0,piece_count,2,opening,False,0.0,0.0,True
22,6,0,"[[6, 3], [5, 2]]","[5, 2]",21,5.6343,0.625,0,1.0,piece_count,2,opening,False,0.0,0.0,False
22,7,1,"[[0, 3], [1, 4]]","[1, 4]",23,3.8881,0.5893,0,1.0,piece_count,2,opening,False,0.0,0.0,True
22,8,0,"[[5, 2], [4, 1]]","[4, 1]",24,6.8533,0.6667,0,1.0,piece_count,2,opening,False,0.0,0.0,False
22,9,1,"[[1, 4], [2, 5]]","[2, 5]",20,5.574,0.5833,0,1.0,piece_count,2,opening,False,0.0,0.0,True
22,10,0,"[[6, 5], [5, 4]]","[5, 4]",24,7.4592,0.625,0,1.0,piece_count,2,opening,True,0,0.0,False
22,11,1,"[[0, 5], [1, 4]]","[1, 4]",24,7.3495,0.5714,0,1.0,piece_count,2,opening,False,0.0,0.0,True
22,12,0,"[[5, 4], [4, 3]]","[4, 3]",27,8.0657,0.6625,0,1.0,piece_count,2,opening,False,0.0,0.0,False
22,13,1,"[[1, 6], [2, 7]]","[2, 7]",22,6.8011,0.5417,0,1.0,piece_count,2,opening,False,0.0,0.0,True
22,14,0,"[[6, 7], [5, 6]]","[5, 6]",27,11.3811,0.6625,0,31.0,piece_count,2,opening,False,0.0,0.0,False
22,15,1,"[[0, 7], [1, 6]]","[1, 6]",26,4.4916,0.5357,0,31.0,piece_count,2,opening,True,0.0,0.0,True
22,16,0,"[[5, 6], [4, 5]]","[4, 5]",30,5.5144,0.6875,0,31.0,piece_count,2,opening,False,0.0,0.0,False
22,17,1,"[[2, 5], [3, 6]]","[3, 6]",24,6.0389,0.5,0,31.0,piece_count,2,opening,False,0.0,0.0,False
22,18,0,"[[4, 1], [3, 2]]","[3, 2]",25,4.5435,0.7159,0,112.0,piece_count,2,opening,False,0.0,0.0,False
22,19,1,"[[3, 6], [5, 4]]","[5, 4]",21,6.422,0.0,0,112.0,piece_count,2,opening,False,0.0,0.0,False
22,20,0,"[[7, 0], [6, 1]]","[6, 1]",19,5.2686,0.7031,0,139.0,piece_count,2,midgame,True,0,0.0,False
22,21,1,"[[2, 3], [4, 1]]","[4, 1]",11,2.9624,0.0,0,139.0,piece_count,2,midgame,False,0.0,0.0,False
22,22,0,"[[4, 3], [3, 4]]","[3, 4]",28,7.6859,0.6111,0,153.0,piece_count,2,midgame,False,0.0,0.0,False
22,23,1,"[[1, 4], [2, 3]]","[2, 3]",29,8.3749,0.6375,0,153.0,piece_count,2,midgame,False,0.0,0.0,True
22,24,0,"[[3, 4], [2, 5]]","[2, 5]",17,4.6327,0.7344,0,153.0,piece_count,2,midgame,False,0.0,0.0,False
22,25,1,"[[1, 6], [3, 4]]","[3, 4]",9,1.276,0.0,0,153.0,piece_count,2,midgame,True,22.0,0.0,False
22,26,0,"[[6, 1], [5, 0]]","[5, 0]",22,3.1645,0.6071,0,175.0,piece_count,2,midgame,False,0.0,0.0,False
22,27,1,"[[2, 1], [3, 2]]","[3, 2]",23,3.3643,0.6406,0,175.0,piece_count,2,midgame,False,0.0,0.0,False
22,28,0,"[[3, 0], [2, 1]]","[2, 1]",15,2.1327,0.7321,0,199.0,piece_count,2,midgame,False,0.0,0.0,False
22,29,1,"[[1, 2], [3, 0]]","[3, 0]",8,2.4271,0.0,0,199.0,piece_count,2,midgame,False,0.0,0.0,False
22,30,0,"[[7, 2], [6, 1]]","[6, 1]",20,2.7514,0.5833,0,212.0,piece_count,2,midgame,True,0,0.0,False
22,31,1,"[[1, 0], [2, 1]]","[2, 1]",21,2.8822,0.6719,0,212.0,piece_count,2,midgame,False,0.0,0.0,True
22,32,0,"[[7, 4], [6, 5]]","[6, 5]",16,3.8714,0.6,0,213.0,piece_count,2,midgame,False,0.0,0.0,False
22,33,1,"[[3, 4], [4, 3]]","[4, 3]",15,3.098,0.6875,0,213.0,piece_count,2,midgame,False,0.0,0.0,True
22,34,0,"[[6, 5], [5, 6]]","[5, 6]",13,1.7343,0.4583,0,213.0,piece_count,2,midgame,False,0.0,0.0,False
22,35,1,"[[2, 3], [3, 4]]","[3, 4]",17,2.3162,0.6458,0,213.0,piece_count,2,midgame,True,0.0,0.0,True
22,36,0,"[[5, 6], [4, 7]]","[4, 7]",16,2.1389,0.6,0,213.0,piece_count,2,midgame,False,0.0,0.0,False
22,37,1,"[[3, 4], [4, 5]]","[4, 5]",16,2.1605,0.6667,0,213.0,piece_count,2,midgame,False,0.0,0.0,False
22,38,0,"[[4, 7], [3, 6]]","[3, 6]",13,2.2333,0.5938,0,213.0,piece_count,2,midgame,False,0.0,0.0,False
22,39,1,"[[4, 1], [5, 2]]","[5, 2]",14,3.3977,0.65,0,213.0,piece_count,2,midgame,False,0.0,0.0,True
22,40,0,"[[3, 6], [2, 5]]","[2, 5]",9,2.0535,0.7188,0,241.0,piece_count,2,midgame,True,0,0.0,False
22,41,1,"[[5, 2], [7, 0]]","[7, 0]",7,1.5953,0.125,0,241.0,piece_count,2,midgame,False,0.0,0.0,False
22,42,0,"[[2, 5], [1, 4]]","[1, 4]",18,4.215,0.55,0,260.0,piece_count,2,midgame,False,0.0,0.0,False
22,43,1,"[[2, 7], [3, 6]]","[3, 6]",21,5.1317,0.6719,0,260.0,piece_count,2,midgame,False,0.0,0.0,False
22,44,0,"[[1, 4], [0, 3]]","[0, 3]",18,4.216,0.55,0,260.0,piece_count,2,midgame,False,0.0,0.0,False
22,45,1,"[[3, 0], [4, 1]]","[4, 1]",20,5.501,0.6875,0,260.0,piece_count,2,midgame,True,143.0,143.0,True
22,46,0,"[[0, 3], [1, 2]]","[1, 2]",16,4.5345,0.5,0,261.0,piece_count,2,midgame,False,0.0,0.0,False
22,47,1,"[[2, 1], [3, 0]]","[3, 0]",22,6.2611,0.6562,0,261.0,piece_count,2,midgame,False,0.0,0.0,True
22,48,0,"[[1, 2], [0, 1]]","[0, 1]",19,4.5264,0.6042,0,261.0,piece_count,2,midgame,False,0.0,0.0,True
22,49,1,"[[3, 6], [4, 7]]","[4, 7]",18,4.3242,0.6786,0,261.0,piece_count,2,midgame,False,0.0,0.0,True
22,50,0,"[[0, 1], [1, 0]]","[1, 0]",15,2.2631,0.5312,0,291.0,piece_count,2,endgame,True,0,0.0,True
22,51,1,"[[4, 1], [5, 2]]","[5, 2]",19,2.5337,0.6607,0,291.0,piece_count,2,endgame,False,0.0,0.0,True
22,52,0,"[[1, 0], [0, 1]]","[0, 1]",19,2.4674,0.525,0,317.0,piece_count,2,endgame,False,0.0,0.0,False
22,53,1,"[[3, 0], [4, 1]]","[4, 1]",22,2.9361,0.6944,0,317.0,piece_count,2,endgame,False,0.0,0.0,True
22,54,0,"[[0, 1], [1, 0]]","[1, 0]",15,1.9321,0.5312,0,318.0,piece_count,2,endgame,False,0.0,0.0,True
22,55,1,"[[4, 5], [5, 6]]","[5, 6]",18,2.9027,0.6786,0,318.0,piece_count,2,endgame,True,100.0,0.0,True
22,56,0,"[[1, 0], [0, 1]]","[0, 1]",15,1.9419,0.5312,0,418.0,piece_count,2,endgame,False,0.0,0.0,False
22,57,1,"[[5, 2], [6, 1]]","[6, 1]",18,2.3818,0.6786,0,418.0,piece_count,2,endgame,False,0.0,0.0,True
22,58,0,"[[0, 1], [1, 0]]","[1, 0]",26,3.3777,0.1875,0,418.0,piece_count,2,endgame,False,0.0,0.0,True
22,59,1,"[[6, 1], [7, 2]]","[7, 2]",22,3.3071,0.6071,0,418.0,piece_count,2,endgame,False,0.0,0.0,False
22,60,0,"[[1, 0], [0, 1]]","[0, 1]",17,2.2135,0.4688,0,444.0,piece_count,2,endgame,True,0,0.0,False
22,61,1,"[[4, 1], [5, 2]]","[5, 2]",23,3.0615,0.6806,0,444.0,piece_count,2,endgame,False,0.0,0.0,True
22,62,0,"[[0, 1], [1, 0]]","[1, 0]",20,2.5766,0.5,0,460.0,piece_count,2,endgame,False,0.0,0.0,True
22,63,1,"[[5, 2], [6, 1]]","[6, 1]",25,4.0472,0.6875,0,460.0,piece_count,2,endgame,False,0.0,0.0,True
22,64,0,"[[1, 0], [0, 1]]","[0, 1]",17,2.1825,0.575,0,460.0,piece_count,2,endgame,False,0.0,0.0,False
22,65,1,"[[4, 3], [5, 2]]","[5, 2]",19,2.5103,0.6607,0,460.0,piece_count,2,endgame,True,0.0,0.0,True
22,66,0,"[[0, 1], [1, 0]]","[1, 0]",18,2.31,0.55,0,460.0,piece_count,2,endgame,False,0.0,0.0,True
22,67,1,"[[3, 2], [4, 3]]","[4, 3]",21,2.8074,0.6719,0,460.0,piece_count,2,endgame,False,0.0,0.0,False
22,68,0,"[[1, 0], [0, 1]]","[0, 1]",16,2.5504,0.6,0,604.0,piece_count,2,endgame,False,0.0,0.0,False
22,69,1,"[[5, 2], [6, 3]]","[6, 3]",17,2.2655,0.6458,0,604.0,piece_count,2,endgame,False,0.0,0.0,False
22,70,0,"[[0, 1], [1, 0]]","[1, 0]",26,3.4025,0.35,0,725.0,piece_count,2,endgame,False,0,0.0,True
22,71,1,"[[6, 3], [7, 4]]","[7, 4]",19,2.5654,0.525,0,725.0,piece_count,2,endgame,False,0.0,0.0,True
22,72,0,"[[1, 0], [0, 1]]","[0, 1]",18,2.3336,0.55,0,725.0,piece_count,2,endgame,False,0.0,0.0,False
22,73,1,"[[4, 3], [5, 2]]","[5, 2]",21,3.3433,0.6719,0,725.0,piece_count,2,endgame,False,0.0,0.0,True
22,74,0,"[[0, 1], [1, 0]]","[1, 0]",18,2.3177,0.55,0,725.0,piece_count,2,endgame,False,0.0,0.0,True
22,75,1,"[[5, 2], [6, 3]]","[6, 3]",21,2.8014,0.6719,0,725.0,piece_count,2,endgame,True,144.0,0.0,False
22,76,0,"[[1, 0], [0, 1]]","[0, 1]",14,1.7827,0.65,0,869.0,piece_count,2,endgame,False,0.0,0.0,False
22,77,1,"[[5, 6], [6, 5]]","[6, 5]",12,1.5602,0.625,0,869.0,piece_count,2,endgame,False,0.0,0.0,True
22,78,0,"[[0, 1], [1, 0]]","[1, 0]",9,1.8265,0.7188,0,869.0,piece_count,2,endgame,False,0.0,0.0,True
22,79,1,"[[4, 7], [5, 6]]","[5, 6]",6,1.3812,0.25,0,869.0,piece_count,2,endgame,False,0.0,0.0,False
22,80,0,"[[1, 0], [0, 1]]","[0, 1]",9,2.0781,0.7188,0,869.0,piece_count,2,endgame,False,0,0.0,False
22,81,1,"[[5, 6], [6, 7]]","[6, 7]",5,1.1127,0.375,0,869.0,piece_count,2,endgame,False,0.0,0.0,False
22,82,0,"[[0, 1], [1, 0]]","[1, 0]",4,0.8574,0.8333,0,899.0,piece_count,2,endgame,False,0.0,0.0,True
23,0,0,"[[6, 1], [5, 0]]","[5, 0]",21,6.5258,0.625,0,0,piece_count,2,opening,False,0,0.0,False
23,1,1,"[[1, 0], [2, 1]]","[2, 1]",22,6.8114,0.6071,0,0,piece_count,2,opening,False,0.0,0.0,True
23,2,0,"[[5, 0], [4, 1]]","[4, 1]",24,6.5906,0.625,0,1.0,piece_count,2,opening,False,0.0,0.0,False
23,3,1,"[[0, 1], [1, 0]]","[1, 0]",25,4.1943,0.6094,0,1.0,piece_count,2,opening,False,0.0,0.0,True
23,4,0,"[[4, 1], [3, 0]]","[3, 0]",24,4.0774,0.6667,0,1.0,piece_count,2,opening,False,0.0,0.0,False
23,5,1,"[[1, 4], [2, 3]]","[2, 3]",19,3.1536,0.6042,0,1.0,piece_count,2,opening,False,0.0,0.0,True
23,6,0,"[[6, 3], [5, 2]]","[5, 2]",21,3.5417,0.625,0,1.0,piece_count,2,opening,False,0.0,0.0,False
23,7,1,"[[0, 3], [1, 4]]","[1, 4]",23,3.8664,0.5893,0,1.0,piece_count,2,opening,False,0.0,0.0,True
23,8,0,"[[5, 2], [4, 1]]","[4, 1]",24,4.581,0.6667,0,1.0,piece_count,2,opening,False,0.0,0.0,False
23,9,1,"[[1, 4], [2, 5]]","[2, 5]",20,3.3057,0.5833,0,1.0,piece_count,2,opening,False,0.0,0.0,True
23,10,0,"[[6, 5], [5, 4]]","[5, 4]",24,4.0705,0.625,0,1.0,piece_count,2,opening,True,0,0.0,False
23,11,1,"[[0, 5], [1, 4]]","[1, 4]",24,5.1775,0.5714,0,1.0,piece_count,2,opening,False,0.0,0.0,True
23,12,0,"[[5, 4], [4, 3]]","[4, 3]",27,8.275,0.6625,0,1.0,piece_count,2,opening,False,0.0,0.0,False
23,13,1,"[[1, 6], [2, 7]]","[2, 7]",22,8.3578,0.5417,0,1.0,piece_count,2,opening,False,0.0,0.0,True
23,14,0,"[[6, 7], [5, 6]]","[5, 6]",27,9.7179,0.6625,0,31.0,piece_count,2,opening,False,0.0,0.0,False
23,15,1,"[[0, 7], [1, 6]]","[1, 6]",26,8.5208,0.5357,0,31.0,piece_count,2,opening,True,0.0,0.0,True
23,16,0,"[[5, 6], [4, 5]]","[4, 5]",30,10.1557,0.6875,0,31.0,piece_count,2,opening,False,0.0,0.0,False
23,17,1,"[[2, 5], [3, 6]]","[3, 6]",24,9.618,0.5,0,31.0,piece_count,2,opening,False,0.0,0.0,False
23,18,0,"[[4, 1], [3, 2]]","[3, 2]",25,9.6269,0.7159,0,112.0,piece_count,2,opening,False,0.0,0.0,False
23,19,1,"[[3, 6], [5, 4]]","[5, 4]",21,8.0953,0.0,0,112.0,piece_count,2,opening,False,0.0,0.0,False
23,20,0,"[[7, 0], [6, 1]]","[6, 1]",19,8.1453,0.7031,0,139.0,piece_count,2,midgame,True,0,0.0,False
23,21,1,"[[2, 3], [4, 1]]","[4, 1]",11,4.4272,0.0,0,139.0,piece_count,2,midgame,False,0.0,0.0,False
23,22,0,"[[4, 3], [3, 4]]","[3, 4]",28,9.2192,0.6111,0,153.0,piece_count,2,midgame,False,0.0,0.0,False
23,23,1,"[[1, 4], [2, 3]]","[2, 3]",29,8.8298,0.6375,0,153.0,piece_count,2,midgame,False,0.0,0.0,True
23,24,0,"[[3, 4], [2, 5]]","[2, 5]",17,6.654,0.7344,0,153.0,piece_count,2,midgame,False,0.0,0.0,False
23,25,1,"[[1, 6], [3, 4]]","[3, 4]",9,3.1042,0.0,0,153.0,piece_count,2,midgame,True,22.0,0.0,False
23,26,0,"[[6, 1], [5, 0]]","[5, 0]",22,4.9973,0.6071,0,175.0,piece_count,2,midgame,False,0.0,0.0,False
23,27,1,"[[2, 1], [3, 2]]","[3, 2]",23,7.1824,0.6406,0,175.0,piece_count,2,midgame,False,0.0,0.0,False
23,28,0,"[[3, 0], [2, 1]]","[2, 1]",15,4.6504,0.7321,0,199.0,piece_count,2,midgame,False,0.0,0.0,False
23,29,1,"[[1, 2], [3, 0]]","[3, 0]",8,2.7688,0.0,0,199.0,piece_count,2,midgame,False,0.0,0.0,False
23,30,0,"[[7, 2], [6, 1]]","[6, 1]",20,6.6376,0.5833,0,212.0,piece_count,2,midgame,True,0,0.0,False
23,31,1,"[[1, 0], [2, 1]]","[2, 1]",21,5.4698,0.6719,0,212.0,piece_count,2,midgame,False,0.0,0.0,True
23,32,0,"[[7, 4], [6, 5]]","[6, 5]",16,5.9645,0.6,0,213.0,piece_count,2,midgame,False,0.0,0.0,False
23,33,1,"[[3, 4], [4, 3]]","[4, 3]",15,5.3806,0.6875,0,213.0,piece_count,2,midgame,False,0.0,0.0,True
23,34,0,"[[6, 5], [5, 6]]","[5, 6]",13,4.0975,0.4583,0,213.0,piece_count,2,midgame,False,0.0,0.0,False
23,35,1,"[[2, 3], [3, 4]]","[3, 4]",17,5.697,0.6458,0,213.0,piece_count,2,midgame,True,0.0,0.0,True
23,36,0,"[[5, 6], [4, 7]]","[4, 7]",16,5.3947,0.6,0,213.0,piece_count,2,midgame,False,0.0,0.0,False
23,37,1,"[[3, 4], [4, 5]]","[4, 5]",16,4.9264,0.6667,0,213.0,piece_count,2,midgame,False,0.0,0.0,False
23,38,0,"[[4, 7], [3, 6]]","[3, 6]",13,4.1738,0.5938,0,213.0,piece_count,2,midgame,False,0.0,0.0,False
23,39,1,"[[4, 1], [5, 2]]","[5, 2]",14,4.5207,0.65,0,213.0,piece_count,2,midgame,False,0.0,0.0,True
23,40,0,"[[3, 6], [2, 5]]","[2, 5]",9,2.5303,0.7188,0,241.0,piece_count,2,midgame,True,0,0.0,False
23,41,1,"[[5, 2], [7, 0]]","[7, 0]",7,1.9054,0.125,0,241.0,piece_count,2,midgame,False,0.0,0.0,False
23,42,0,"[[2, 5], [1, 4]]","[1, 4]",18,5.9049,0.55,0,260.0,piece_count,2,midgame,False,0.0,0.0,False
23,43,1,"[[2, 7], [3, 6]]","[3, 6]",21,5.5935,0.6719,0,260.0,piece_count,2,midgame,False,0.0,0.0,False
23,44,0,"[[1, 4], [0, 3]]","[0, 3]",18,6.0508,0.55,0,260.0,piece_count,2,midgame,False,0.0,0.0,False
23,45,1,"[[3, 0], [4, 1]]","[4, 1]",20,5.3868,0.6875,0,260.0,piece_count,2,midgame,True,143.0,143.0,True
23,46,0,"[[0, 3], [1, 2]]","[1, 2]",16,4.1633,0.5,0,261.0,piece_count,2,midgame,False,0.0,0.0,False
23,47,1,"[[2, 1], [3, 0]]","[3, 0]",22,6.7511,0.6562,0,261.0,piece_count,2,midgame,False,0.0,0.0,True
23,48,0,"[[1, 2], [0, 1]]","[0, 1]",19,6.8891,0.6042,0,261.0,piece_count,2,midgame,False,0.0,0.0,True
23,49,1,"[[3, 6], [4, 7]]","[4, 7]",18,6.8183,0.6786,0,261.0,piece_count,2,midgame,False,0.0,0.0,True
23,50,0,"[[0, 1], [1, 0]]","[1, 0]",15,4.9632,0.5312,0,291.0,piece_count,2,endgame,True,0,0.0,True
23,51,1,"[[4, 1], [5, 2]]","[5, 2]",19,6.8045,0.6607,0,291.0,piece_count,2,endgame,False,0.0,0.0,True
23,52,0,"[[1, 0], [0, 1]]","[0, 1]",19,5.9717,0.525,0,317.0,piece_count,2,endgame,False,0.0,0.0,False
23,53,1,"[[3, 0], [4, 1]]","[4, 1]",22,6.959,0.6944,0,317.0,piece_count,2,endgame,False,0.0,0.0,True
23,54,0,"[[0, 1], [1, 0]]","[1, 0]",15,4.6368,0.5312,0,318.0,piece_count,2,endgame,False,0.0,0.0,True
23,55,1,"[[4, 5], [5, 6]]","[5, 6]",18,5.9719,0.6786,0,318.0,piece_count,2,endgame,True,100.0,0.0,True
23,56,0,"[[1, 0], [0, 1]]","[0, 1]",15,3.8013,0.5312,0,418.0,piece_count,2,endgame,False,0.0,0.0,False
23,57,1,"[[5, 2], [6, 1]]","[6, 1]",18,5.5969,0.6786,0,418.0,piece_count,2,endgame,False,0.0,0.0,True
23,58,0,"[[0, 1], [1, 0]]","[1, 0]",26,7.2854,0.1875,0,418.0,piece_count,2,endgame,False,0.0,0.0,True
23,59,1,"[[6, 1], [7, 2]]","[7, 2]",22,5.4827,0.6071,0,418.0,piece_count,2,endgame,False,0.0,0.0,False
23,60,0,"[[1, 0], [0, 1]]","[0, 1]",17,5.2505,0.4688,0,444.0,piece_count,2,endgame,True,0,0.0,False
23,61,1,"[[4, 1], [5, 2]]","[5, 2]",23,6.8059,0.6806,0,444.0,piece_count,2,endgame,False,0.0,0.0,True
23,62,0,"[[0, 1], [1, 0]]","[1, 0]",20,5.6758,0.5,0,460.0,piece_count,2,endgame,False,0.0,0.0,True
23,63,1,"[[5, 2], [6, 1]]","[6, 1]",25,6.88,0.6875,0,460.0,piece_count,2,endgame,False,0.0,0.0,True
23,64,0,"[[1, 0], [0, 1]]","[0, 1]",17,4.07,0.575,0,460.0,piece_count,2,endgame,False,0.0,0.0,False
23,65,1,"[[4, 3], [5, 2]]","[5, 2]",19,5.4843,0.6607,0,460.0,piece_count,2,endgame,True,0.0,0.0,True
23,66,0,"[[0, 1], [1, 0]]","[1, 0]",18,6.0382,0.55,0,460.0,piece_count,2,endgame,False,0.0,0.0,True
23,67,1,"[[3, 2], [4, 3]]","[4, 3]",21,6.3717,0.6719,0,460.0,piece_count,2,endgame,False,0.0,0.0,False
23,68,0,"[[1, 0], [0, 1]]","[0, 1]",16,5.4908,0.6,0,604.0,piece_count,2,endgame,False,0.0,0.0,False
23,69,1,"[[5, 2], [6, 3]]","[6, 3]",17,4.8318,0.6458,0,604.0,piece_count,2,endgame,False,0.0,0.0,False
23,70,0,"[[0, 1], [1, 0]]","[1, 0]",26,7.966,0.35,0,725.0,piece_count,2,endgame,False,0,0.0,True
23,71,1,"[[6, 3], [7, 4]]","[7, 4]",19,6.3708,0.525,0,725.0,piece_count,2,endgame,False,0.0,0.0,True
23,72,0,"[[1, 0], [0, 1]]","[0, 1]",18,6.5875,0.55,0,725.0,piece_count,2,endgame,False,0.0,0.0,False
23,73,1,"[[4, 3], [5, 2]]","[5, 2]",21,6.736,0.6719,0,725.0,piece_count,2,endgame,False,0.0,0.0,True
23,74,0,"[[0, 1], [1, 0]]","[1, 0]",18,9.3017,0.55,0,725.0,piece_count,2,endgame,False,0.0,0.0,True
23,75,1,"[[5, 2], [6, 3]]","[6, 3]",21,5.163,0.6719,0,725.0,piece_count,2,endgame,True,144.0,0.0,False
23,76,0,"[[1, 0], [0, 1]]","[0, 1]",14,3.2215,0.65,0,869.0,piece_count,2,endgame,False,0.0,0.0,False
23,77,1,"[[5, 6], [6, 5]]","[6, 5]",12,2.8784,0.625,0,869.0,piece_count,2,endgame,False,0.0,0.0,True
23,78,0,"[[0, 1], [1, 0]]","[1, 0]",9,2.0406,0.7188,0,869.0,piece_count,2,endgame,False,0.0,0.0,True
23,79,1,"[[4, 7], [5, 6]]","[5, 6]",6,1.3871,0.25,0,869.0,piece_count,2,endgame,False,0.0,0.0,False
23,80,0,"[[1, 0], [0, 1]]","[0, 1]",9,1.3571,0.7188,0,869.0,piece_count,2,endgame,False,0,0.0,False
23,81,1,"[[5, 6], [6, 7]]","[6, 7]",5,1.0974,0.375,0,869.0,piece_count,2,endgame,False,0.0,0.0,False
23,82,0,"[[0, 1], [1, 0]]","[1, 0]",4,1.2038,0.8333,0,899.0,piece_count,2,endgame,False,0.0,0.0,True
24,0,0,"[[6, 1], [5, 0]]","[5, 0]",21,7.53,0.625,0,0,piece_count,2,opening,False,0,0.0,False
24,1,1,"[[1, 0], [2, 1]]","[2, 1]",22,8.0819,0.6071,0,0,piece_count,2,opening,False,0.0,0.0,True
24,2,0,"[[5, 0], [4, 1]]","[4, 1]",24,8.8525,0.625,0,1.0,piece_count,2,opening,False,0.0,0.0,False
24,3,1,"[[0, 1], [1, 0]]","[1, 0]",25,10.2537,0.6094,0,1.0,piece_count,2,opening,False,0.0,0.0,True
24,4,0,"[[4, 1], [3, 0]]","[3, 0]",24,8.0328,0.6667,0,1.0,piece_count,2,opening,False,0.0,0.0,False
24,5,1,"[[1, 4], [2, 3]]","[2, 3]",19,7.0753,0.6042,0,1.0,piece_count,2,opening,False,0.0,0.0,True
24,6,0,"[[6, 3], [5, 2]]","[5, 2]",21,6.6404,0.625,0,1.0,piece_count,2,opening,False,0.0,0.0,False
24,7,1,"[[0, 3], [1, 4]]","[1, 4]",23,7.8418,0.5893,0,1.0,piece_count,2,opening,False,0.0,0.0,True
24,8,0,"[[5, 2], [4, 1]]","[4, 1]",24,9.7663,0.6667,0,1.0,piece_count,2,opening,False,0.0,0.0,False
24,9,1,"[[1, 4], [2, 5]]","[2, 5]",20,6.7523,0.5833,0,1.0,piece_count,2,opening,False,0.0,0.0,True
24,10,0,"[[6, 5], [5, 4]]","[5, 4]",24,9.9177,0.625,0,1.0,piece_count,2,opening,True,0,0.0,False
24,11,1,"[[0, 5], [1, 4]]","[1, 4]",24,9.5074,0.5714,0,1.0,piece_count,2,opening,False,0.0,0.0,True
24,12,0,"[[5, 4], [4, 3]]","[4, 3]",27,10.814,0.6625,0,1.0,piece_count,2,opening,False,0.0,0.0,False
24,13,1,"[[1, 6], [2, 7]]","[2, 7]",22,7.4489,0.5417,0,1.0,piece_count,2,opening,False,0.0,0.0,True
24,14,0,"[[6, 7], [5, 6]]","[5, 6]",27,11.1547,0.6625,0,31.0,piece_count,2,opening,False,0.0,0.0,False
24,15,1,"[[0, 7], [1, 6]]","[1, 6]",26,9.2928,0.5357,0,31.0,piece_count,2,opening,True,0.0,0.0,True
24,16,0,"[[5, 6], [4, 5]]","[4, 5]",30,9.007,0.6875,0,31.0,piece_count,2,opening,False,0.0,0.0,False
24,17,1,"[[2, 5], [3, 6]]","[3, 6]",24,8.8623,0.5,0,31.0,piece_count,2,opening,False,0.0,0.0,False
24,18,0,"[[4, 1], [3, 2]]","[3, 2]",25,9.5141,0.7159,0,112.0,piece_count,2,opening,False,0.0,0.0,False
24,19,1,"[[3, 6], [5, 4]]","[5, 4]",21,6.0456,0.0,0,112.0,piece_count,2,opening,False,0.0,0.0,False
24,20,0,"[[7, 0], [6, 1]]","[6, 1]",19,6.1648,0.7031,0,139.0,piece_count,2,midgame,True,0,0.0,False
24,21,1,"[[2, 3], [4, 1]]","[4, 1]",11,3.1683,0.0,0,139.0,piece_count,2,midgame,False,0.0,0.0,False
24,22,0,"[[4, 3], [3, 4]]","[3, 4]",28,9.187,0.6111,0,153.0,piece_count,2,midgame,False,0.0,0.0,False
24,23,1,"[[1, 4], [2, 3]]","[2, 3]",29,8.5242,0.6375,0,153.0,piece_count,2,midgame,False,0.0,0.0,True
24,24,0,"[[3, 4], [2, 5]]","[2, 5]",17,5.9407,0.7344,0,153.0,piece_count,2,midgame,False,0.0,0.0,False
24,25,1,"[[1, 6], [3, 4]]","[3, 4]",9,3.0072,0.0,0,153.0,piece_count,2,midgame,True,22.0,0.0,False
24,26,0,"[[6, 1], [5, 0]]","[5, 0]",22,6.4788,0.6071,0,175.0,piece_count,2,midgame,False,0.0,0.0,False
24,27,1,"[[2, 1], [3, 2]]","[3, 2]",23,8.8346,0.6406,0,175.0,piece_count,2,midgame,False,0.0,0.0,False
24,28,0,"[[3, 0], [2, 1]]","[2, 1]",15,4.6954,0.7321,0,199.0,piece_count,2,midgame,False,0.0,0.0,False
24,29,1,"[[1, 2], [3, 0]]","[3, 0]",8,1.462,0.0,0,199.0,piece_count,2,midgame,False,0.0,0.0,False
24,30,0,"[[7, 2], [6, 1]]","[6, 1]",20,2.7318,0.5833,0,212.0,piece_count,2,midgame,True,0,0.0,False
24,31,1,"[[1, 0], [2, 1]]","[2, 1]",21,3.2077,0.6719,0,212.0,piece_count,2,midgame,False,0.0,0.0,True
24,32,0,"[[7, 4], [6, 5]]","[6, 5]",16,3.644,0.6,0,213.0,piece_count,2,midgame,False,0.0,0.0,False
24,33,1,"[[3, 4], [4, 3]]","[4, 3]",15,3.6528,0.6875,0,213.0,piece_count,2,midgame,False,0.0,0.0,True
24,34,0,"[[6, 5], [5, 6]]","[5, 6]",13,3.1042,0.4583,0,213.0,piece_count,2,midgame,False,0.0,0.0,False
24,35,1,"[[2, 3], [3, 4]]","[3, 4]",17,4.2737,0.6458,0,213.0,piece_count,2,midgame,True,0.0,0.0,True
24,36,0,"[[5, 6], [4, 7]]","[4, 7]",16,3.8702,0.6,0,213.0,piece_count,2,midgame,False,0.0,0.0,False
24,37,1,"[[3, 4], [4, 5]]","[4, 5]",16,3.8924,0.6667,0,213.0,piece_count,2,midgame,False,0.0,0.0,False
24,38,0,"[[4, 7], [3, 6]]","[3, 6]",13,3.221,0.5938,0,213.0,piece_count,2,midgame,False,0.0,0.0,False
24,39,1,"[[4, 1], [5, 2]]","[5, 2]",14,3.3913,0.65,0,213.0,piece_count,2,midgame,False,0.0,0.0,True
24,40,0,"[[3, 6], [2, 5]]","[2, 5]",9,2.0452,0.7188,0,241.0,piece_count,2,midgame,True,0,0.0,False
24,41,1,"[[5, 2], [7, 0]]","[7, 0]",7,1.5955,0.125,0,241.0,piece_count,2,midgame,False,0.0,0.0,False
24,42,0,"[[2, 5], [1, 4]]","[1, 4]",18,4.2858,0.55,0,260.0,piece_count,2,midgame,False,0.0,0.0,False
24,43,1,"[[2, 7], [3, 6]]","[3, 6]",21,5.0538,0.6719,0,260.0,piece_count,2,midgame,False,0.0,0.0,False
24,44,0,"[[1, 4], [0, 3]]","[0, 3]",18,4.3118,0.55,0,260.0,piece_count,2,midgame,False,0.0,0.0,False
24,45,1,"[[3, 0], [4, 1]]","[4, 1]",20,4.8282,0.6875,0,260.0,piece_count,2,midgame,True,143.0,143.0,True
24,46,0,"[[0, 3], [1, 2]]","[1, 2]",16,3.7713,0.5,0,261.0,piece_count,2,midgame,False,0.0,0.0,False
24,47,1,"[[2, 1], [3, 0]]","[3, 0]",22,5.388,0.6562,0,261.0,piece_count,2,midgame,False,0.0,0.0,True
24,48,0,"[[1, 2], [0, 1]]","[0, 1]",19,4.5199,0.6042,0,261.0,piece_count,2,midgame,False,0.0,0.0,True
24,49,1,"[[3, 6], [4, 7]]","[4, 7]",18,4.3349,0.6786,0,261.0,piece_count,2,midgame,False,0.0,0.0,True
24,50,0,"[[0, 1], [1, 0]]","[1, 0]",15,2.5804,0.5312,0,291.0,piece_count,2,endgame,True,0,0.0,True
24,51,1,"[[4, 1], [5, 2]]","[5, 2]",19,2.5542,0.6607,0,291.0,piece_count,2,endgame,False,0.0,0.0,True
24,52,0,"[[1, 0], [0, 1]]","[0, 1]",19,2.47,0.525,0,317.0,piece_count,2,endgame,False,0.0,0.0,False
24,53,1,"[[3, 0], [4, 1]]","[4, 1]",22,3.3119,0.6944,0,317.0,piece_count,2,endgame,False,0.0,0.0,True
24,54,0,"[[0, 1], [1, 0]]","[1, 0]",15,3.7553,0.5312,0,318.0,piece_count,2,endgame,False,0.0,0.0,True
24,55,1,"[[4, 5], [5, 6]]","[5, 6]",18,3.8481,0.6786,0,318.0,piece_count,2,endgame,True,100.0,0.0,True
24,56,0,"[[1, 0], [0, 1]]","[0, 1]",15,3.2976,0.5312,0,418.0,piece_count,2,endgame,False,0.0,0.0,False
24,57,1,"[[5, 2], [6, 1]]","[6, 1]",18,2.9609,0.6786,0,418.0,piece_count,2,endgame,False,0.0,0.0,True
24,58,0,"[[0, 1], [1, 0]]","[1, 0]",26,3.4146,0.1875,0,418.0,piece_count,2,endgame,False,0.0,0.0,True
24,59,1,"[[6, 1], [7, 2]]","[7, 2]",22,2.955,0.6071,0,418.0,piece_count,2,endgame,False,0.0,0.0,False
24,60,0,"[[1, 0], [0, 1]]","[0, 1]",17,2.2168,0.4688,0,444.0,piece_count,2,endgame,True,0,0.0,False
24,61,1,"[[4, 1], [5, 2]]","[5, 2]",23,4.0908,0.6806,0,444.0,piece_count,2,endgame,False,0.0,0.0,True
24,62,0,"[[0, 1], [1, 0]]","[1, 0]",20,2.5947,0.5,0,460.0,piece_count,2,endgame,False,0.0,0.0,True
24,63,1,"[[5, 2], [6, 1]]","[6, 1]",25,5.2896,0.6875,0,460.0,piece_count,2,endgame,False,0.0,0.0,True
24,64,0,"[[1, 0], [0, 1]]","[0, 1]",17,3.6969,0.575,0,460.0,piece_count,2,endgame,False,0.0,0.0,False
24,65,1,"[[4, 3], [5, 2]]","[5, 2]",19,5.6002,0.6607,0,460.0,piece_count,2,endgame,True,0.0,0.0,True
24,66,0,"[[0, 1], [1, 0]]","[1, 0]",18,7.5119,0.55,0,460.0,piece_count,2,endgame,False,0.0,0.0,True
24,67,1,"[[3, 2], [4, 3]]","[4, 3]",21,4.7801,0.6719,0,460.0,piece_count,2,endgame,False,0.0,0.0,False
24,68,0,"[[1, 0], [0, 1]]","[0, 1]",16,3.7694,0.6,0,604.0,piece_count,2,endgame,False,0.0,0.0,False
24,69,1,"[[5, 2], [6, 3]]","[6, 3]",17,4.9195,0.6458,0,604.0,piece_count,2,endgame,False,0.0,0.0,False
24,70,0,"[[0, 1], [1, 0]]","[1, 0]",26,7.0941,0.35,0,725.0,piece_count,2,endgame,False,0,0.0,True
24,71,1,"[[6, 3], [7, 4]]","[7, 4]",19,6.546,0.525,0,725.0,piece_count,2,endgame,False,0.0,0.0,True
24,72,0,"[[1, 0], [0, 1]]","[0, 1]",18,4.7419,0.55,0,725.0,piece_count,2,endgame,False,0.0,0.0,False
24,73,1,"[[4, 3], [5, 2]]","[5, 2]",21,7.6361,0.6719,0,725.0,piece_count,2,endgame,False,0.0,0.0,True
24,74,0,"[[0, 1], [1, 0]]","[1, 0]",18,5.2121,0.55,0,725.0,piece_count,2,endgame,False,0.0,0.0,True
24,75,1,"[[5, 2], [6, 3]]","[6, 3]",21,7.0446,0.6719,0,725.0,piece_count,2,endgame,True,144.0,0.0,False
24,76,0,"[[1, 0], [0, 1]]","[0, 1]",14,4.91,0.65,0,869.0,piece_count,2,endgame,False,0.0,0.0,False
24,77,1,"[[5, 6], [6, 5]]","[6, 5]",12,3.7658,0.625,0,869.0,piece_count,2,endgame,False,0.0,0.0,True
24,78,0,"[[0, 1], [1, 0]]","[1, 0]",9,2.9213,0.7188,0,869.0,piece_count,2,endgame,False,0.0,0.0,True
24,79,1,"[[4, 7], [5, 6]]","[5, 6]",6,1.909,0.25,0,869.0,piece_count,2,endgame,False,0.0,0.0,False
24,80,0,"[[1, 0], [0, 1]]","[0, 1]",9,2.9664,0.7188,0,869.0,piece_count,2,endgame,False,0,0.0,False
24,81,1,"[[5, 6], [6, 7]]","[6, 7]",5,1.6904,0.375,0,869.0,piece_count,2,endgame,False,0.0,0.0,False
24,82,0,"[[0, 1], [1, 0]]","[1, 0]",4,0.8702,0.8333,0,899.0,piece_count,2,endgame,False,0.0,0.0,True
25,0,0,"[[6, 1], [5, 0]]","[5, 0]",21,6.5374,0.625,0,0,piece_count,2,opening,False,0,0.0,False
25,1,1,"[[1, 0], [2, 1]]","[2, 1]",22,8.6937,0.6071,0,0,piece_count,2,opening,False,0.0,0.0,True
25,2,0,"[[5, 0], [4, 1]]","[4, 1]",24,10.9382,0.625,0,1.0,piece_count,2,opening,False,0.0,0.0,False
25,3,1,"[[0, 1], [1, 0]]","[1, 0]",25,7.3195,0.6094,0,1.0,piece_count,2,opening,False,0.0,0.0,True
25,4,0,"[[4, 1], [3, 0]]","[3, 0]",24,6.3531,0.6667,0,1.0,piece_count,2,opening,False,0.0,0.0,False
25,5,1,"[[1, 4], [2, 3]]","[2, 3]",19,3.1929,0.6042,0,1.0,piece_count,2,opening,False,0.0,0.0,True
25,6,0,"[[6, 3], [5, 2]]","[5, 2]",21,5.9886,0.625,0,1.0,piece_count,2,opening,False,0.0,0.0,False
25,7,1,"[[0, 3], [1, 4]]","[1, 4]",23,7.5431,0.5893,0,1.0,piece_count,2,opening,False,0.0,0.0,True
25,8,0,"[[5, 2], [4, 1]]","[4, 1]",24,7.4785,0.6667,0,1.0,piece_count,2,opening,False,0.0,0.0,False
25,9,1,"[[1, 4], [2, 5]]","[2, 5]",20,5.6078,0.5833,0,1.0,piece_count,2,opening,False,0.0,0.0,True
25,10,0,"[[6, 5], [5, 4]]","[5, 4]",24,4.0586,0.625,0,1.0,piece_count,2,opening,True,0,0.0,False
25,11,1,"[[0, 5], [1, 4]]","[1, 4]",24,4.081,0.5714,0,1.0,piece_count,2,opening,False,0.0,0.0,True
25,12,0,"[[5, 4], [4, 3]]","[4, 3]",27,5.7616,0.6625,0,1.0,piece_count,2,opening,False,0.0,0.0,False
25,13,1,"[[1, 6], [2, 7]]","[2, 7]",22,6.6578,0.5417,0,1.0,piece_count,2,opening,False,0.0,0.0,True
25,14,0,"[[6, 7], [5, 6]]","[5, 6]",27,8.3404,0.6625,0,31.0,piece_count,2,opening,False,0.0,0.0,False
25,15,1,"[[0, 7], [1, 6]]","[1, 6]",26,7.6241,0.5357,0,31.0,piece_count,2,opening,True,0.0,0.0,True
25,16,0,"[[5, 6], [4, 5]]","[4, 5]",30,5.0099,0.6875,0,31.0,piece_count,2,opening,False,0.0,0.0,False
25,17,1,"[[2, 5], [3, 6]]","[3, 6]",24,3.9392,0.5,0,31.0,piece_count,2,opening,False,0.0,0.0,False
25,18,0,"[[4, 1], [3, 2]]","[3, 2]",25,6.0177,0.7159,0,112.0,piece_count,2,opening,False,0.0,0.0,False
25,19,1,"[[3, 6], [5, 4]]","[5, 4]",21,6.0456,0.0,0,112.0,piece_count,2,opening,False,0.0,0.0,False
25,20,0,"[[7, 0], [6, 1]]","[6, 1]",19,3.6905,0.7031,0,139.0,piece_count,2,midgame,True,0,0.0,False
25,21,1,"[[2, 3], [4, 1]]","[4, 1]",11,1.7419,0.0,0,139.0,piece_count,2,midgame,False,0.0,0.0,False
25,22,0,"[[4, 3], [3, 4]]","[3, 4]",28,4.2741,0.6111,0,153.0,piece_count,2,midgame,False,0.0,0.0,False
25,23,1,"[[1, 4], [2, 3]]","[2, 3]",29,6.0697,0.6375,0,153.0,piece_count,2,midgame,False,0.0,0.0,True
25,24,0,"[[3, 4], [2, 5]]","[2, 5]",17,4.4546,0.7344,0,153.0,piece_count,2,midgame,False,0.0,0.0,False
25,25,1,"[[1, 6], [3, 4]]","[3, 4]",9,2.4681,0.0,0,153.0,piece_count,2,midgame,True,22.0,0.0,False
25,26,0,"[[6, 1], [5, 0]]","[5, 0]",22,6.3205,0.6071,0,175.0,piece_count,2,midgame,False,0.0,0.0,False
25,27,1,"[[2, 1], [3, 2]]","[3, 2]",23,6.2618,0.6406,0,175.0,piece_count,2,midgame,False,0.0,0.0,False
25,28,0,"[[3, 0], [2, 1]]","[2, 1]",15,5.5983,0.7321,0,199.0,piece_count,2,midgame,False,0.0,0.0,False
25,29,1,"[[1, 2], [3, 0]]","[3, 0]",8,1.0934,0.0,0,199.0,piece_count,2,midgame,False,0.0,0.0,False
25,30,0,"[[7, 2], [6, 1]]","[6, 1]",20,3.9146,0.5833,0,212.0,piece_count,2,midgame,True,0,0.0,False
25,31,1,"[[1, 0], [2, 1]]","[2, 1]",21,6.0186,0.6719,0,212.0,piece_count,2,midgame,False,0.0,0.0,True
25,32,0,"[[7, 4], [6, 5]]","[6, 5]",16,3.1576,0.6,0,213.0,piece_count,2,midgame,False,0.0,0.0,False
25,33,1,"[[3, 4], [4, 3]]","[4, 3]",15,4.4949,0.6875,0,213.0,piece_count,2,midgame,False,0.0,0.0,True
25,34,0,"[[6, 5], [5, 6]]","[5, 6]",13,3.3789,0.4583,0,213.0,piece_count,2,midgame,False,0.0,0.0,False
25,35,1,"[[2, 3], [3, 4]]","[3, 4]",17,4.2276,0.6458,0,213.0,piece_count,2,midgame,True,0.0,0.0,True
25,36,0,"[[5, 6], [4, 7]]","[4, 7]",16,5.1553,0.6,0,213.0,piece_count,2,midgame,False,0.0,0.0,False
25,37,1,"[[3, 4], [4, 5]]","[4, 5]",16,3.561,0.6667,0,213.0,piece_count,2,midgame,False,0.0,0.0,False
25,38,0,"[[4, 7], [3, 6]]","[3, 6]",13,1.7262,0.5938,0,213.0,piece_count,2,midgame,False,0.0,0.0,False
25,39,1,"[[4, 1], [5, 2]]","[5, 2]",14,1.8697,0.65,0,213.0,piece_count,2,midgame,False,0.0,0.0,True
25,40,0,"[[3, 6], [2, 5]]","[2, 5]",9,2.0576,0.7188,0,241.0,piece_count,2,midgame,True,0,0.0,False
25,41,1,"[[5, 2], [7, 0]]","[7, 0]",7,1.6017,0.125,0,241.0,piece_count,2,midgame,False,0.0,0.0,False
25,42,0,"[[2, 5], [1, 4]]","[1, 4]",18,4.2262,0.55,0,260.0,piece_count,2,midgame,False,0.0,0.0,False
25,43,1,"[[2, 7], [3, 6]]","[3, 6]",21,5.1305,0.6719,0,260.0,piece_count,2,midgame,False,0.0,0.0,False
25,44,0,"[[1, 4], [0, 3]]","[0, 3]",18,4.2214,0.55,0,260.0,piece_count,2,midgame,False,0.0,0.0,False
25,45,1,"[[3, 0], [4, 1]]","[4, 1]",20,4.8282,0.6875,0,260.0,piece_count,2,midgame,True,143.0,143.0,True
25,46,0,"[[0, 3], [1, 2]]","[1, 2]",16,3.8092,0.5,0,261.0,piece_count,2,midgame,False,0.0,0.0,False
25,47,1,"[[2, 1], [3, 0]]","[3, 0]",22,5.3611,0.6562,0,261.0,piece_count,2,midgame,False,0.0,0.0,True
25,48,0,"[[1, 2], [0, 1]]","[0, 1]",19,4.5209,0.6042,0,261.0,piece_count,2,midgame,False,0.0,0.0,True
25,49,1,"[[3, 6], [4, 7]]","[4, 7]",18,4.3356,0.6786,0,261.0,piece_count,2,midgame,False,0.0,0.0,True
25,50,0,"[[0, 1], [1, 0]]","[1, 0]",15,3.511,0.5312,0,291.0,piece_count,2,endgame,True,0,0.0,True
25,51,1,"[[4, 1], [5, 2]]","[5, 2]",19,4.5977,0.6607,0,291.0,piece_count,2,endgame,False,0.0,0.0,True
25,52,0,"[[1, 0], [0, 1]]","[0, 1]",19,4.4804,0.525,0,317.0,piece_count,2,endgame,False,0.0,0.0,False
25,53,1,"[[3, 0], [4, 1]]","[4, 1]",22,5.3627,0.6944,0,317.0,piece_count,2,endgame,False,0.0,0.0,True
25,54,0,"[[0, 1], [1, 0]]","[1, 0]",15,3.5791,0.5312,0,318.0,piece_count,2,endgame,False,0.0,0.0,True
25,55,1,"[[4, 5], [5, 6]]","[5, 6]",18,4.3702,0.6786,0,318.0,piece_count,2,endgame,True,100.0,0.0,True
25,56,0,"[[1, 0], [0, 1]]","[0, 1]",15,3.0572,0.5312,0,418.0,piece_count,2,endgame,False,0.0,0.0,False
25,57,1,"[[5, 2], [6, 1]]","[6, 1]",18,2.3944,0.6786,0,418.0,piece_count,2,endgame,False,0.0,0.0,True
25,58,0,"[[0, 1], [1, 0]]","[1, 0]",26,3.9427,0.1875,0,418.0,piece_count,2,endgame,False,0.0,0.0,True
25,59,1,"[[6, 1], [7, 2]]","[7, 2]",22,2.9807,0.6071,0,418.0,piece_count,2,endgame,False,0.0,0.0,False
25,60,0,"[[1, 0], [0, 1]]","[0, 1]",17,2.2085,0.4688,0,444.0,piece_count,2,endgame,True,0,0.0,False
25,61,1,"[[4, 1], [5, 2]]","[5, 2]",23,3.0997,0.6806,0,444.0,piece_count,2,endgame,False,0.0,0.0,True
25,62,0,"[[0, 1], [1, 0]]","[1, 0]",20,4.4324,0.5,0,460.0,piece_count,2,endgame,False,0.0,0.0,True
25,63,1,"[[5, 2], [6, 1]]","[6, 1]",25,6.0897,0.6875,0,460.0,piece_count,2,endgame,False,0.0,0.0,True
25,64,0,"[[1, 0], [0, 1]]","[0, 1]",17,3.9315,0.575,0,460.0,piece_count,2,endgame,False,0.0,0.0,False
25,65,1,"[[4, 3], [5, 2]]","[5, 2]",19,2.5253,0.6607,0,460.0,piece_count,2,endgame,True,0.0,0.0,True
25,66,0,"[[0, 1], [1, 0]]","[1, 0]",18,4.189,0.55,0,460.0,piece_count,2,endgame,False,0.0,0.0,True
25,67,1,"[[3, 2], [4, 3]]","[4, 3]",21,5.1522,0.6719,0,460.0,piece_count,2,endgame,False,0.0,0.0,False
25,68,0,"[[1, 0], [0, 1]]","[0, 1]",16,3.7613,0.6,0,604.0,piece_count,2,endgame,False,0.0,0.0,False
25,69,1,"[[5, 2], [6, 3]]","[6, 3]",17,4.1471,0.6458,0,604.0,piece_count,2,endgame,False,0.0,0.0,False
25,70,0,"[[0, 1], [1, 0]]","[1, 0]",26,4.8943,0.35,0,725.0,piece_count,2,endgame,False,0,0.0,True
25,71,1,"[[6, 3], [7, 4]]","[7, 4]",19,2.6283,0.525,0,725.0,piece_count,2,endgame,False,0.0,0.0,True
25,72,0,"[[1, 0], [0, 1]]","[0, 1]",18,2.3372,0.55,0,725.0,piece_count,2,endgame,False,0.0,0.0,False
25,73,1,"[[4, 3], [5, 2]]","[5, 2]",21,2.8312,0.6719,0,725.0,piece_count,2,endgame,False,0.0,0.0,True
25,74,0,"[[0, 1], [1, 0]]","[1, 0]",18,2.5599,0.55,0,725.0,piece_count,2,endgame,False,0.0,0.0,True
25,75,1,"[[5, 2], [6, 3]]","[6, 3]",21,3.2349,0.6719,0,725.0,piece_count,2,endgame,True,144.0,0.0,False
25,76,0,"[[1, 0], [0, 1]]","[0, 1]",14,2.0401,0.65,0,869.0,piece_count,2,endgame,False,0.0,0.0,False
25,77,1,"[[5, 6], [6, 5]]","[6, 5]",12,1.8027,0.625,0,869.0,piece_count,2,endgame,False,0.0,0.0,True
25,78,0,"[[0, 1], [1, 0]]","[1, 0]",9,1.2841,0.7188,0,869.0,piece_count,2,endgame,False,0.0,0.0,True
25,79,1,"[[4, 7], [5, 6]]","[5, 6]",6,0.8683,0.25,0,869.0,piece_count,2,endgame,False,0.0,0.0,False
25,80,0,"[[1, 0], [0, 1]]","[0, 1]",9,1.1694,0.7188,0,869.0,piece_count,2,endgame,False,0,0.0,False
25,81,1,"[[5, 6], [6, 7]]","[6, 7]",5,1.3516,0.375,0,869.0,piece_count,2,endgame,False,0.0,0.0,False
25,82,0,"[[0, 1], [1, 0]]","[1, 0]",4,0.5052,0.8333,0,899.0,piece_count,2,endgame,False,0.0,0.0,True
26,0,0,"[[6, 1], [5, 0]]","[5, 0]",21,6.5708,0.625,0,0,piece_count,2,opening,False,0,0.0,False
26,1,1,"[[1, 0], [2, 1]]","[2, 1]",22,6.918,0.6071,0,0,piece_count,2,opening,False,0.0,0.0,True
26,2,0,"[[5, 0], [4, 1]]","[4, 1]",24,7.4258,0.625,0,1.0,piece_count,2,opening,False,0.0,0.0,False
26,3,1,"[[0, 1], [1, 0]]","[1, 0]",25,7.7279,0.6094,0,1.0,piece_count,2,opening,False,0.0,0.0,True
26,4,0,"[[4, 1], [3, 0]]","[3, 0]",24,7.386,0.6667,0,1.0,piece_count,2,opening,False,0.0,0.0,False
26,5,1,"[[1, 4], [2, 3]]","[2, 3]",19,5.7771,0.6042,0,1.0,piece_count,2,opening,False,0.0,0.0,True
26,6,0,"[[6, 3], [5, 2]]","[5, 2]",21,6.5076,0.625,0,1.0,piece_count,2,opening,False,0.0,0.0,False
26,7,1,"[[0, 3], [1, 4]]","[1, 4]",23,7.081,0.5893,0,1.0,piece_count,2,opening,False,0.0,0.0,True
26,8,0,"[[5, 2], [4, 1]]","[4, 1]",24,6.928,0.6667,0,1.0,piece_count,2,opening,False,0.0,0.0,False
26,9,1,"[[1, 4], [2, 5]]","[2, 5]",20,3.3221,0.5833,0,1.0,piece_count,2,opening,False,0.0,0.0,True
26,10,0,"[[6, 5], [5, 4]]","[5, 4]",24,4.0314,0.625,0,1.0,piece_count,2,opening,True,0,0.0,False
26,11,1,"[[0, 5], [1, 4]]","[1, 4]",24,4.7536,0.5714,0,1.0,piece_count,2,opening,False,0.0,0.0,True
26,12,0,"[[5, 4], [4, 3]]","[4, 3]",27,8.2901,0.6625,0,1.0,piece_count,2,opening,False,0.0,0.0,False
26,13,1,"[[1, 6], [2, 7]]","[2, 7]",22,6.6464,0.5417,0,1.0,piece_count,2,opening,False,0.0,0.0,True
26,14,0,"[[6, 7], [5, 6]]","[5, 6]",27,8.2378,0.6625,0,31.0,piece_count,2,opening,False,0.0,0.0,False
26,15,1,"[[0, 7], [1, 6]]","[1, 6]",26,7.8545,0.5357,0,31.0,piece_count,2,opening,True,0.0,0.0,True
26,16,0,"[[5, 6], [4, 5]]","[4, 5]",30,8.9779,0.6875,0,31.0,piece_count,2,opening,False,0.0,0.0,False
26,17,1,"[[2, 5], [3, 6]]","[3, 6]",24,7.0784,0.5,0,31.0,piece_count,2,opening,False,0.0,0.0,False
26,18,0,"[[4, 1], [3, 2]]","[3, 2]",25,7.1237,0.7159,0,112.0,piece_count,2,opening,False,0.0,0.0,False
26,19,1,"[[3, 6], [5, 4]]","[5, 4]",21,5.6262,0.0,0,112.0,piece_count,2,opening,False,0.0,0.0,False
26,20,0,"[[7, 0], [6, 1]]","[6, 1]",19,2.9616,0.7031,0,139.0,piece_count,2,midgame,True,0,0.0,False
26,21,1,"[[2, 3], [4, 1]]","[4, 1]",11,1.636,0.0,0,139.0,piece_count,2,midgame,False,0.0,0.0,False
26,22,0,"[[4, 3], [3, 4]]","[3, 4]",28,4.2434,0.6111,0,153.0,piece_count,2,midgame,False,0.0,0.0,False
26,23,1,"[[1, 4], [2, 3]]","[2, 3]",29,5.9636,0.6375,0,153.0,piece_count,2,midgame,False,0.0,0.0,True
26,24,0,"[[3, 4], [2, 5]]","[2, 5]",17,4.4415,0.7344,0,153.0,piece_count,2,midgame,False,0.0,0.0,False
26,25,1,"[[1, 6], [3, 4]]","[3, 4]",9,2.296,0.0,0,153.0,piece_count,2,midgame,True,22.0,0.0,False
26,26,0,"[[6, 1], [5, 0]]","[5, 0]",22,4.6539,0.6071,0,175.0,piece_count,2,midgame,False,0.0,0.0,False
26,27,1,"[[2, 1], [3, 2]]","[3, 2]",23,3.3793,0.6406,0,175.0,piece_count,2,midgame,False,0.0,0.0,False
26,28,0,"[[3, 0], [2, 1]]","[2, 1]",15,2.1183,0.7321,0,199.0,piece_count,2,midgame,False,0.0,0.0,False
26,29,1,"[[1, 2], [3, 0]]","[3, 0]",8,1.0672,0.0,0,199.0,piece_count,2,midgame,False,0.0,0.0,False
26,30,0,"[[7, 2], [6, 1]]","[6, 1]",20,2.7182,0.5833,0,212.0,piece_count,2,midgame,True,0,0.0,False
26,31,1,"[[1, 0], [2, 1]]","[2, 1]",21,2.8472,0.6719,0,212.0,piece_count,2,midgame,False,0.0,0.0,True
26,32,0,"[[7, 4], [6, 5]]","[6, 5]",16,2.1312,0.6,0,213.0,piece_count,2,midgame,False,0.0,0.0,False
26,33,1,"[[3, 4], [4, 3]]","[4, 3]",15,2.0301,0.6875,0,213.0,piece_count,2,midgame,False,0.0,0.0,True
26,34,0,"[[6, 5], [5, 6]]","[5, 6]",13,1.7118,0.4583,0,213.0,piece_count,2,midgame,False,0.0,0.0,False
26,35,1,"[[2, 3], [3, 4]]","[3, 4]",17,2.3041,0.6458,0,213.0,piece_count,2,midgame,True,0.0,0.0,True
26,36,0,"[[5, 6], [4, 7]]","[4, 7]",16,3.8059,0.6,0,213.0,piece_count,2,midgame,False,0.0,0.0,False
26,37,1,"[[3, 4], [4, 5]]","[4, 5]",16,3.8974,0.6667,0,213.0,piece_count,2,midgame,False,0.0,0.0,False
26,38,0,"[[4, 7], [3, 6]]","[3, 6]",13,3.0961,0.5938,0,213.0,piece_count,2,midgame,False,0.0,0.0,False
26,39,1,"[[4, 1], [5, 2]]","[5, 2]",14,3.4246,0.65,0,213.0,piece_count,2,midgame,False,0.0,0.0,True
26,40,0,"[[3, 6], [2, 5]]","[2, 5]",9,2.0497,0.7188,0,241.0,piece_count,2,midgame,True,0,0.0,False
26,41,1,"[[5, 2], [7, 0]]","[7, 0]",7,1.6022,0.125,0,241.0,piece_count,2,midgame,False,0.0,0.0,False
26,42,0,"[[2, 5], [1, 4]]","[1, 4]",18,4.1895,0.55,0,260.0,piece_count,2,midgame,False,0.0,0.0,False
26,43,1,"[[2, 7], [3, 6]]","[3, 6]",21,5.1122,0.6719,0,260.0,piece_count,2,midgame,False,0.0,0.0,False
26,44,0,"[[1, 4], [0, 3]]","[0, 3]",18,4.2131,0.55,0,260.0,piece_count,2,midgame,False,0.0,0.0,False
26,45,1,"[[3, 0], [4, 1]]","[4, 1]",20,4.8175,0.6875,0,260.0,piece_count,2,midgame,True,143.0,143.0,True
26,46,0,"[[0, 3], [1, 2]]","[1, 2]",16,3.7723,0.5,0,261.0,piece_count,2,midgame,False,0.0,0.0,False
26,47,1,"[[2, 1], [3, 0]]","[3, 0]",22,5.3234,0.6562,0,261.0,piece_count,2,midgame,False,0.0,0.0,True
26,48,0,"[[1, 2], [0, 1]]","[0, 1]",19,4.873,0.6042,0,261.0,piece_count,2,midgame,False,0.0,0.0,True
26,49,1,"[[3, 6], [4, 7]]","[4, 7]",18,4.3497,0.6786,0,261.0,piece_count,2,midgame,False,0.0,0.0,True
26,50,0,"[[0, 1], [1, 0]]","[1, 0]",15,3.511,0.5312,0,291.0,piece_count,2,endgame,True,0,0.0,True
26,51,1,"[[4, 1], [5, 2]]","[5, 2]",19,5.1773,0.6607,0,291.0,piece_count,2,endgame,False,0.0,0.0,True
26,52,0,"[[1, 0], [0, 1]]","[0, 1]",19,4.4651,0.525,0,317.0,piece_count,2,endgame,False,0.0,0.0,False
26,53,1,"[[3, 0], [4, 1]]","[4, 1]",22,5.3518,0.6944,0,317.0,piece_count,2,endgame,False,0.0,0.0,True
26,54,0,"[[0, 1], [1, 0]]","[1, 0]",15,3.5048,0.5312,0,318.0,piece_count,2,endgame,False,0.0,0.0,True
26,55,1,"[[4, 5], [5, 6]]","[5, 6]",18,4.3609,0.6786,0,318.0,piece_count,2,endgame,True,100.0,0.0,True
26,56,0,"[[1, 0], [0, 1]]","[0, 1]",15,3.4938,0.5312,0,418.0,piece_count,2,endgame,False,0.0,0.0,False
26,57,1,"[[5, 2], [6, 1]]","[6, 1]",18,3.4149,0.6786,0,418.0,piece_count,2,endgame,False,0.0,0.0,True
26,58,0,"[[0, 1], [1, 0]]","[1, 0]",26,3.4046,0.1875,0,418.0,piece_count,2,endgame,False,0.0,0.0,True
26,59,1,"[[6, 1], [7, 2]]","[7, 2]",22,2.9948,0.6071,0,418.0,piece_count,2,endgame,False,0.0,0.0,False
26,60,0,"[[1, 0], [0, 1]]","[0, 1]",17,2.2068,0.4688,0,444.0,piece_count,2,endgame,True,0,0.0,False
26,61,1,"[[4, 1], [5, 2]]","[5, 2]",23,5.0254,0.6806,0,444.0,piece_count,2,endgame,False,0.0,0.0,True
26,62,0,"[[0, 1], [1, 0]]","[1, 0]",20,4.6999,0.5,0,460.0,piece_count,2,endgame,False,0.0,0.0,True
26,63,1,"[[5, 2], [6, 1]]","[6, 1]",25,5.9674,0.6875,0,460.0,piece_count,2,endgame,False,0.0,0.0,True
26,64,0,"[[1, 0], [0, 1]]","[0, 1]",17,2.2063,0.575,0,460.0,piece_count,2,endgame,False,0.0,0.0,False
26,65,1,"[[4, 3], [5, 2]]","[5, 2]",19,4.6093,0.6607,0,460.0,piece_count,2,endgame,True,0.0,0.0,True
26,66,0,"[[0, 1], [1, 0]]","[1, 0]",18,4.3619,0.55,0,460.0,piece_count,2,endgame,False,0.0,0.0,True
26,67,1,"[[3, 2], [4, 3]]","[4, 3]",21,2.8229,0.6719,0,460.0,piece_count,2,endgame,False,0.0,0.0,False
26,68,0,"[[1, 0], [0, 1]]","[0, 1]",16,2.0812,0.6,0,604.0,piece_count,2,endgame,False,0.0,0.0,False
26,69,1,"[[5, 2], [6, 3]]","[6, 3]",17,2.2564,0.6458,0,604.0,piece_count,2,endgame,False,0.0,0.0,False
26,70,0,"[[0, 1], [1, 0]]","[1, 0]",26,3.7317,0.35,0,725.0,piece_count,2,endgame,False,0,0.0,True
26,71,1,"[[6, 3], [7, 4]]","[7, 4]",19,4.7538,0.525,0,725.0,piece_count,2,endgame,False,0.0,0.0,True
26,72,0,"[[1, 0], [0, 1]]","[0, 1]",18,4.2639,0.55,0,725.0,piece_count,2,endgame,False,0.0,0.0,False
26,73,1,"[[4, 3], [5, 2]]","[5, 2]",21,5.1451,0.6719,0,725.0,piece_count,2,endgame,False,0.0,0.0,True
26,74,0,"[[0, 1], [1, 0]]","[1, 0]",18,4.2741,0.55,0,725.0,piece_count,2,endgame,False,0.0,0.0,True
26,75,1,"[[5, 2], [6, 3]]","[6, 3]",21,5.1439,0.6719,0,725.0,piece_count,2,endgame,True,144.0,0.0,False
26,76,0,"[[1, 0], [0, 1]]","[0, 1]",14,3.2229,0.65,0,869.0,piece_count,2,endgame,False,0.0,0.0,False
26,77,1,"[[5, 6], [6, 5]]","[6, 5]",12,2.8915,0.625,0,869.0,piece_count,2,endgame,False,0.0,0.0,True
26,78,0,"[[0, 1], [1, 0]]","[1, 0]",9,2.0332,0.7188,0,869.0,piece_count,2,endgame,False,0.0,0.0,True
26,79,1,"[[4, 7], [5, 6]]","[5, 6]",6,1.3883,0.25,0,869.0,piece_count,2,endgame,False,0.0,0.0,False
26,80,0,"[[1, 0], [0, 1]]","[0, 1]",9,2.0566,0.7188,0,869.0,piece_count,2,endgame,False,0,0.0,False
26,81,1,"[[5, 6], [6, 7]]","[6, 7]",5,1.112,0.375,0,869.0,piece_count,2,endgame,False,0.0,0.0,False
26,82,0,"[[0, 1], [1, 0]]","[1, 0]",4,0.8593,0.8333,0,899.0,piece_count,2,endgame,False,0.0,0.0,True
27,0,0,"[[6, 1], [5, 0]]","[5, 0]",21,6.4855,0.625,0,0,piece_count,2,opening,False,0,0.0,False
27,1,1,"[[1, 0], [2, 1]]","[2, 1]",22,6.825,0.6071,0,0,piece_count,2,opening,False,0.0,0.0,True
27,2,0,"[[5, 0], [4, 1]]","[4, 1]",24,7.4151,0.625,0,1.0,piece_count,2,opening,False,0.0,0.0,False
27,3,1,"[[0, 1], [1, 0]]","[1, 0]",25,7.7465,0.6094,0,1.0,piece_count,2,opening,False,0.0,0.0,True
27,4,0,"[[4, 1], [3, 0]]","[3, 0]",24,7.4122,0.6667,0,1.0,piece_count,2,opening,False,0.0,0.0,False
27,5,1,"[[1, 4], [2, 3]]","[2, 3]",19,4.9396,0.6042,0,1.0,piece_count,2,opening,False,0.0,0.0,True
27,6,0,"[[6, 3], [5, 2]]","[5, 2]",21,3.5799,0.625,0,1.0,piece_count,2,opening,False,0.0,0.0,False
27,7,1,"[[0, 3], [1, 4]]","[1, 4]",23,7.0696,0.5893,0,1.0,piece_count,2,opening,False,0.0,0.0,True
27,8,0,"[[5, 2], [4, 1]]","[4, 1]",24,7.4465,0.6667,0,1.0,piece_count,2,opening,False,0.0,0.0,False
27,9,1,"[[1, 4], [2, 5]]","[2, 5]",20,6.0365,0.5833,0,1.0,piece_count,2,opening,False,0.0,0.0,True
27,10,0,"[[6, 5], [5, 4]]","[5, 4]",24,7.4561,0.625,0,1.0,piece_count,2,opening,True,0,0.0,False
27,11,1,"[[0, 5], [1, 4]]","[1, 4]",24,7.3135,0.5714,0,1.0,piece_count,2,opening,False,0.0,0.0,True
27,12,0,"[[5, 4], [4, 3]]","[4, 3]",27,7.5579,0.6625,0,1.0,piece_count,2,opening,False,0.0,0.0,False
27,13,1,"[[1, 6], [2, 7]]","[2, 7]",22,6.7604,0.5417,0,1.0,piece_count,2,opening,False,0.0,0.0,True
27,14,0,"[[6, 7], [5, 6]]","[5, 6]",27,8.2142,0.6625,0,31.0,piece_count,2,opening,False,0.0,0.0,False
27,15,1,"[[0, 7], [1, 6]]","[1, 6]",26,4.6318,0.5357,0,31.0,piece_count,2,opening,True,0.0,0.0,True
27,16,0,"[[5, 6], [4, 5]]","[4, 5]",30,4.972,0.6875,0,31.0,piece_count,2,opening,False,0.0,0.0,False
27,17,1,"[[2, 5], [3, 6]]","[3, 6]",24,4.4379,0.5,0,31.0,piece_count,2,opening,False,0.0,0.0,False
27,18,0,"[[4, 1], [3, 2]]","[3, 2]",25,7.0722,0.7159,0,112.0,piece_count,2,opening,False,0.0,0.0,False
27,19,1,"[[3, 6], [5, 4]]","[5, 4]",21,8.7924,0.0,0,112.0,piece_count,2,opening,False,0.0,0.0,False
27,20,0,"[[7, 0], [6, 1]]","[6, 1]",19,2.9423,0.7031,0,139.0,piece_count,2,midgame,True,0,0.0,False
27,21,1,"[[2, 3], [4, 1]]","[4, 1]",11,1.6139,0.0,0,139.0,piece_count,2,midgame,False,0.0,0.0,False
27,22,0,"[[4, 3], [3, 4]]","[3, 4]",28,4.7877,0.6111,0,153.0,piece_count,2,midgame,False,0.0,0.0,False
27,23,1,"[[1, 4], [2, 3]]","[2, 3]",29,4.3755,0.6375,0,153.0,piece_count,2,midgame,False,0.0,0.0,True
27,24,0,"[[3, 4], [2, 5]]","[2, 5]",17,2.4562,0.7344,0,153.0,piece_count,2,midgame,False,0.0,0.0,False
27,25,1,"[[1, 6], [3, 4]]","[3, 4]",9,1.2584,0.0,0,153.0,piece_count,2,midgame,True,22.0,0.0,False
27,26,0,"[[6, 1], [5, 0]]","[5, 0]",22,4.302,0.6071,0,175.0,piece_count,2,midgame,False,0.0,0.0,False
27,27,1,"[[2, 1], [3, 2]]","[3, 2]",23,3.3531,0.6406,0,175.0,piece_count,2,midgame,False,0.0,0.0,False
27,28,0,"[[3, 0], [2, 1]]","[2, 1]",15,3.8333,0.7321,0,199.0,piece_count,2,midgame,False,0.0,0.0,False
27,29,1,"[[1, 2], [3, 0]]","[3, 0]",8,1.9679,0.0,0,199.0,piece_count,2,midgame,False,0.0,0.0,False
27,30,0,"[[7, 2], [6, 1]]","[6, 1]",20,4.9245,0.5833,0,212.0,piece_count,2,midgame,True,0,0.0,False
27,31,1,"[[1, 0], [2, 1]]","[2, 1]",21,5.1608,0.6719,0,212.0,piece_count,2,midgame,False,0.0,0.0,True
27,32,0,"[[7, 4], [6, 5]]","[6, 5]",16,3.9673,0.6,0,213.0,piece_count,2,midgame,False,0.0,0.0,False
27,33,1,"[[3, 4], [4, 3]]","[4, 3]",15,3.6564,0.6875,0,213.0,piece_count,2,midgame,False,0.0,0.0,True
27,34,0,"[[6, 5], [5, 6]]","[5, 6]",13,3.1073,0.4583,0,213.0,piece_count,2,midgame,False,0.0,0.0,False
27,35,1,"[[2, 3], [3, 4]]","[3, 4]",17,4.241,0.6458,0,213.0,piece_count,2,midgame,True,0.0,0.0,True
27,36,0,"[[5, 6], [4, 7]]","[4, 7]",16,3.9999,0.6,0,213.0,piece_count,2,midgame,False,0.0,0.0,False
27,37,1,"[[3, 4], [4, 5]]","[4, 5]",16,3.9439,0.6667,0,213.0,piece_count,2,midgame,False,0.0,0.0,False
27,38,0,"[[4, 7], [3, 6]]","[3, 6]",13,3.1745,0.5938,0,213.0,piece_count,2,midgame,False,0.0,0.0,False
27,39,1,"[[4, 1], [5, 2]]","[5, 2]",14,3.4068,0.65,0,213.0,piece_count,2,midgame,False,0.0,0.0,True
27,40,0,"[[3, 6], [2, 5]]","[2, 5]",9,2.064,0.7188,0,241.0,piece_count,2,midgame,True,0,0.0,False
27,41,1,"[[5, 2], [7, 0]]","[7, 0]",7,1.5953,0.125,0,241.0,piece_count,2,midgame,False,0.0,0.0,False
27,42,0,"[[2, 5], [1, 4]]","[1, 4]",18,4.4899,0.55,0,260.0,piece_count,2,midgame,False,0.0,0.0,False
27,43,1,"[[2, 7], [3, 6]]","[3, 6]",21,2.7728,0.6719,0,260.0,piece_count,2,midgame,False,0.0,0.0,False
27,44,0,"[[1, 4], [0, 3]]","[0, 3]",18,2.4338,0.55,0,260.0,piece_count,2,midgame,False,0.0,0.0,False
27,45,1,"[[3, 0], [4, 1]]","[4, 1]",20,4.9081,0.6875,0,260.0,piece_count,2,midgame,True,143.0,143.0,True
27,46,0,"[[0, 3], [1, 2]]","[1, 2]",16,3.7973,0.5,0,261.0,piece_count,2,midgame,False,0.0,0.0,False
27,47,1,"[[2, 1], [3, 0]]","[3, 0]",22,5.3391,0.6562,0,261.0,piece_count,2,midgame,False,0.0,0.0,True
27,48,0,"[[1, 2], [0, 1]]","[0, 1]",19,4.5204,0.6042,0,261.0,piece_count,2,midgame,False,0.0,0.0,True
27,49,1,"[[3, 6], [4, 7]]","[4, 7]",18,4.3404,0.6786,0,261.0,piece_count,2,midgame,False,0.0,0.0,True
27,50,0,"[[0, 1], [1, 0]]","[1, 0]",15,3.5827,0.5312,0,291.0,piece_count,2,endgame,True,0,0.0,True
27,51,1,"[[4, 1], [5, 2]]","[5, 2]",19,4.6229,0.6607,0,291.0,piece_count,2,endgame,False,0.0,0.0,True
27,52,0,"[[1, 0], [0, 1]]","[0, 1]",19,4.472,0.525,0,317.0,piece_count,2,endgame,False,0.0,0.0,False
27,53,1,"[[3, 0], [4, 1]]","[4, 1]",22,5.4438,0.6944,0,317.0,piece_count,2,endgame,False,0.0,0.0,True
27,54,0,"[[0, 1], [1, 0]]","[1, 0]",15,3.5138,0.5312,0,318.0,piece_count,2,endgame,False,0.0,0.0,True
27,55,1,"[[4, 5], [5, 6]]","[5, 6]",18,3.6662,0.6786,0,318.0,piece_count,2,endgame,True,100.0,0.0,True
27,56,0,"[[1, 0], [0, 1]]","[0, 1]",15,3.6695,0.5312,0,418.0,piece_count,2,endgame,False,0.0,0.0,False
27,57,1,"[[5, 2], [6, 1]]","[6, 1]",18,4.513,0.6786,0,418.0,piece_count,2,endgame,False,0.0,0.0,True
27,58,0,"[[0, 1], [1, 0]]","[1, 0]",26,4.1361,0.1875,0,418.0,piece_count,2,endgame,False,0.0,0.0,True
27,59,1,"[[6, 1], [7, 2]]","[7, 2]",22,5.5447,0.6071,0,418.0,piece_count,2,endgame,False,0.0,0.0,False
27,60,0,"[[1, 0], [0, 1]]","[0, 1]",17,3.9988,0.4688,0,444.0,piece_count,2,endgame,True,0,0.0,False
27,61,1,"[[4, 1], [5, 2]]","[5, 2]",23,3.3503,0.6806,0,444.0,piece_count,2,endgame,False,0.0,0.0,True
27,62,0,"[[0, 1], [1, 0]]","[1, 0]",20,4.7095,0.5,0,460.0,piece_count,2,endgame,False,0.0,0.0,True
27,63,1,"[[5, 2], [6, 1]]","[6, 1]",25,6.103,0.6875,0,460.0,piece_count,2,endgame,False,0.0,0.0,True
27,64,0,"[[1, 0], [0, 1]]","[0, 1]",17,3.9403,0.575,0,460.0,piece_count,2,endgame,False,0.0,0.0,False
27,65,1,"[[4, 3], [5, 2]]","[5, 2]",19,4.5807,0.6607,0,460.0,piece_count,2,endgame,True,0.0,0.0,True
27,66,0,"[[0, 1], [1, 0]]","[1, 0]",18,4.1852,0.55,0,460.0,piece_count,2,endgame,False,0.0,0.0,True
27,67,1,"[[3, 2], [4, 3]]","[4, 3]",21,4.1931,0.6719,0,460.0,piece_count,2,endgame,False,0.0,0.0,False
27,68,0,"[[1, 0], [0, 1]]","[0, 1]",16,2.0747,0.6,0,604.0,piece_count,2,endgame,False,0.0,0.0,False
27,69,1,"[[5, 2], [6, 3]]","[6, 3]",17,2.26,0.6458,0,604.0,piece_count,2,endgame,False,0.0,0.0,False
27,70,0,"[[0, 1], [1, 0]]","[1, 0]",26,3.4173,0.35,0,725.0,piece_count,2,endgame,False,0,0.0,True
27,71,1,"[[6, 3], [7, 4]]","[7, 4]",19,2.9042,0.525,0,725.0,piece_count,2,endgame,False,0.0,0.0,True
27,72,0,"[[1, 0], [0, 1]]","[0, 1]",18,4.1776,0.55,0,725.0,piece_count,2,endgame,False,0.0,0.0,False
27,73,1,"[[4, 3], [5, 2]]","[5, 2]",21,5.1188,0.6719,0,725.0,piece_count,2,endgame,False,0.0,0.0,True
27,74,0,"[[0, 1], [1, 0]]","[1, 0]",18,3.9847,0.55,0,725.0,piece_count,2,endgame,False,0.0,0.0,True
27,75,1,"[[5, 2], [6, 3]]","[6, 3]",21,2.8329,0.6719,0,725.0,piece_count,2,endgame,True,144.0,0.0,False
27,76,0,"[[1, 0], [0, 1]]","[0, 1]",14,1.7846,0.65,0,869.0,piece_count,2,endgame,False,0.0,0.0,False
27,77,1,"[[5, 6], [6, 5]]","[6, 5]",12,1.5702,0.625,0,869.0,piece_count,2,endgame,False,0.0,0.0,True
27,78,0,"[[0, 1], [1, 0]]","[1, 0]",9,1.1263,0.7188,0,869.0,piece_count,2,endgame,False,0.0,0.0,True
27,79,1,"[[4, 7], [5, 6]]","[5, 6]",6,1.2622,0.25,0,869.0,piece_count,2,endgame,False,0.0,0.0,False
27,80,0,"[[1, 0], [0, 1]]","[0, 1]",9,2.0742,0.7188,0,869.0,piece_count,2,endgame,False,0,0.0,False
27,81,1,"[[5, 6], [6, 7]]","[6, 7]",5,1.1129,0.375,0,869.0,piece_count,2,endgame,False,0.0,0.0,False
27,82,0,"[[0, 1], [1, 0]]","[1, 0]",4,0.874,0.8333,0,899.0,piece_count,2,endgame,False,0.0,0.0,True
28,0,0,"[[6, 1], [5, 0]]","[5, 0]",21,6.2826,0.625,0,0,piece_count,2,opening,False,0,0.0,False
28,1,1,"[[1, 0], [2, 1]]","[2, 1]",22,5.2915,0.6071,0,0,piece_count,2,opening,False,0.0,0.0,True
28,2,0,"[[5, 0], [4, 1]]","[4, 1]",24,4.0851,0.625,0,1.0,piece_count,2,opening,False,0.0,0.0,False
28,3,1,"[[0, 1], [1, 0]]","[1, 0]",25,4.2329,0.6094,0,1.0,piece_count,2,opening,False,0.0,0.0,True
28,4,0,"[[4, 1], [3, 0]]","[3, 0]",24,6.8016,0.6667,0,1.0,piece_count,2,opening,False,0.0,0.0,False
28,5,1,"[[1, 4], [2, 3]]","[2, 3]",19,5.7523,0.6042,0,1.0,piece_count,2,opening,False,0.0,0.0,True
28,6,0,"[[6, 3], [5, 2]]","[5, 2]",21,6.494,0.625,0,1.0,piece_count,2,opening,False,0.0,0.0,False
28,7,1,"[[0, 3], [1, 4]]","[1, 4]",23,7.1602,0.5893,0,1.0,piece_count,2,opening,False,0.0,0.0,True
28,8,0,"[[5, 2], [4, 1]]","[4, 1]",24,7.4835,0.6667,0,1.0,piece_count,2,opening,False,0.0,0.0,False
28,9,1,"[[1, 4], [2, 5]]","[2, 5]",20,7.7374,0.5833,0,1.0,piece_count,2,opening,False,0.0,0.0,True
28,10,0,"[[6, 5], [5, 4]]","[5, 4]",24,4.0493,0.625,0,1.0,piece_count,2,opening,True,0,0.0,False
28,11,1,"[[0, 5], [1, 4]]","[1, 4]",24,4.0174,0.5714,0,1.0,piece_count,2,opening,False,0.0,0.0,True
28,12,0,"[[5, 4], [4, 3]]","[4, 3]",27,8.0595,0.6625,0,1.0,piece_count,2,opening,False,0.0,0.0,False
28,13,1,"[[1, 6], [2, 7]]","[2, 7]",22,6.7203,0.5417,0,1.0,piece_count,2,opening,False,0.0,0.0,True
28,14,0,"[[6, 7], [5, 6]]","[5, 6]",27,8.2417,0.6625,0,31.0,piece_count,2,opening,False,0.0,0.0,False
28,15,1,"[[0, 7], [1, 6]]","[1, 6]",26,7.9751,0.5357,0,31.0,piece_count,2,opening,True,0.0,0.0,True
28,16,0,"[[5, 6], [4, 5]]","[4, 5]",30,9.0199,0.6875,0,31.0,piece_count,2,opening,False,0.0,0.0,False
28,17,1,"[[2, 5], [3, 6]]","[3, 6]",24,7.0851,0.5,0,31.0,piece_count,2,opening,False,0.0,0.0,False
28,18,0,"[[4, 1], [3, 2]]","[3, 2]",25,7.4251,0.7159,0,112.0,piece_count,2,opening,False,0.0,0.0,False
28,19,1,"[[3, 6], [5, 4]]","[5, 4]",21,5.9669,0.0,0,112.0,piece_count,2,opening,False,0.0,0.0,False
28,20,0,"[[7, 0], [6, 1]]","[6, 1]",19,5.3787,0.7031,0,139.0,piece_count,2,midgame,True,0,0.0,False
28,21,1,"[[2, 3], [4, 1]]","[4, 1]",11,2.9833,0.0,0,139.0,piece_count,2,midgame,False,0.0,0.0,False
28,22,0,"[[4, 3], [3, 4]]","[3, 4]",28,7.7462,0.6111,0,153.0,piece_count,2,midgame,False,0.0,0.0,False
28,23,1,"[[1, 4], [2, 3]]","[2, 3]",29,7.9193,0.6375,0,153.0,piece_count,2,midgame,False,0.0,0.0,True
28,24,0,"[[3, 4], [2, 5]]","[2, 5]",17,4.4718,0.7344,0,153.0,piece_count,2,midgame,False,0.0,0.0,False
28,25,1,"[[1, 6], [3, 4]]","[3, 4]",9,2.3179,0.0,0,153.0,piece_count,2,midgame,True,22.0,0.0,False
28,26,0,"[[6, 1], [5, 0]]","[5, 0]",22,5.6982,0.6071,0,175.0,piece_count,2,midgame,False,0.0,0.0,False
28,27,1,"[[2, 1], [3, 2]]","[3, 2]",23,3.6676,0.6406,0,175.0,piece_count,2,midgame,False,0.0,0.0,False
28,28,0,"[[3, 0], [2, 1]]","[2, 1]",15,2.1091,0.7321,0,199.0,piece_count,2,midgame,False,0.0,0.0,False
28,29,1,"[[1, 2], [3, 0]]","[3, 0]",8,1.0674,0.0,0,199.0,piece_count,2,midgame,False,0.0,0.0,False
28,30,0,"[[7, 2], [6, 1]]","[6, 1]",20,2.7258,0.5833,0,212.0,piece_count,2,midgame,True,0,0.0,False
28,31,1,"[[1, 0], [2, 1]]","[2, 1]",21,3.2055,0.6719,0,212.0,piece_count,2,midgame,False,0.0,0.0,True
28,32,0,"[[7, 4], [6, 5]]","[6, 5]",16,3.8633,0.6,0,213.0,piece_count,2,midgame,False,0.0,0.0,False
28,33,1,"[[3, 4], [4, 3]]","[4, 3]",15,3.6504,0.6875,0,213.0,piece_count,2,midgame,False,0.0,0.0,True
28,34,0,"[[6, 5], [5, 6]]","[5, 6]",13,3.0975,0.4583,0,213.0,piece_count,2,midgame,False,0.0,0.0,False
28,35,1,"[[2, 3], [3, 4]]","[3, 4]",17,4.199,0.6458,0,213.0,piece_count,2,midgame,True,0.0,0.0,True
28,36,0,"[[5, 6], [4, 7]]","[4, 7]",16,3.8693,0.6,0,213.0,piece_count,2,midgame,False,0.0,0.0,False
28,37,1,"[[3, 4], [4, 5]]","[4, 5]",16,3.8867,0.6667,0,213.0,piece_count,2,midgame,False,0.0,0.0,False
28,38,0,"[[4, 7], [3, 6]]","[3, 6]",13,2.8462,0.5938,0,213.0,piece_count,2,midgame,False,0.0,0.0,False
28,39,1,"[[4, 1], [5, 2]]","[5, 2]",14,3.4075,0.65,0,213.0,piece_count,2,midgame,False,0.0,0.0,True
28,40,0,"[[3, 6], [2, 5]]","[2, 5]",9,2.058,0.7188,0,241.0,piece_count,2,midgame,True,0,0.0,False
28,41,1,"[[5, 2], [7, 0]]","[7, 0]",7,1.6007,0.125,0,241.0,piece_count,2,midgame,False,0.0,0.0,False
28,42,0,"[[2, 5], [1, 4]]","[1, 4]",18,4.2806,0.55,0,260.0,piece_count,2,midgame,False,0.0,0.0,False
28,43,1,"[[2, 7], [3, 6]]","[3, 6]",21,5.0795,0.6719,0,260.0,piece_count,2,midgame,False,0.0,0.0,False
28,44,0,"[[1, 4], [0, 3]]","[0, 3]",18,4.2396,0.55,0,260.0,piece_count,2,midgame,False,0.0,0.0,False
28,45,1,"[[3, 0], [4, 1]]","[4, 1]",20,4.1566,0.6875,0,260.0,piece_count,2,midgame,True,143.0,143.0,True
28,46,0,"[[0, 3], [1, 2]]","[1, 2]",16,3.7963,0.5,0,261.0,piece_count,2,midgame,False,0.0,0.0,False
28,47,1,"[[2, 1], [3, 0]]","[3, 0]",22,5.3804,0.6562,0,261.0,piece_count,2,midgame,False,0.0,0.0,True
28,48,0,"[[1, 2], [0, 1]]","[0, 1]",19,4.5426,0.6042,0,261.0,piece_count,2,midgame,False,0.0,0.0,True
28,49,1,"[[3, 6], [4, 7]]","[4, 7]",18,4.3533,0.6786,0,261.0,piece_count,2,midgame,False,0.0,0.0,True
28,50,0,"[[0, 1], [1, 0]]","[1, 0]",15,3.1309,0.5312,0,291.0,piece_count,2,endgame,True,0,0.0,True
28,51,1,"[[4, 1], [5, 2]]","[5, 2]",19,2.5363,0.6607,0,291.0,piece_count,2,endgame,False,0.0,0.0,True
28,52,0,"[[1, 0], [0, 1]]","[0, 1]",19,2.4459,0.525,0,317.0,piece_count,2,endgame,False,0.0,0.0,False
28,53,1,"[[3, 0], [4, 1]]","[4, 1]",22,2.9306,0.6944,0,317.0,piece_count,2,endgame,False,0.0,0.0,True
28,54,0,"[[0, 1], [1, 0]]","[1, 0]",15,1.9298,0.5312,0,318.0,piece_count,2,endgame,False,0.0,0.0,True
28,55,1,"[[4, 5], [5, 6]]","[5, 6]",18,3.4432,0.6786,0,318.0,piece_count,2,endgame,True,100.0,0.0,True
28,56,0,"[[1, 0], [0, 1]]","[0, 1]",15,3.495,0.5312,0,418.0,piece_count,2,endgame,False,0.0,0.0,False
28,57,1,"[[5, 2], [6, 1]]","[6, 1]",18,4.328,0.6786,0,418.0,piece_count,2,endgame,False,0.0,0.0,True
28,58,0,"[[0, 1], [1, 0]]","[1, 0]",26,5.0395,0.1875,0,418.0,piece_count,2,endgame,False,0.0,0.0,True
28,59,1,"[[6, 1], [7, 2]]","[7, 2]",22,3.9828,0.6071,0,418.0,piece_count,2,endgame,False,0.0,0.0,False
28,60,0,"[[1, 0], [0, 1]]","[0, 1]",17,3.9921,0.4688,0,444.0,piece_count,2,endgame,True,0,0.0,False
28,61,1,"[[4, 1], [5, 2]]","[5, 2]",23,5.6012,0.6806,0,444.0,piece_count,2,endgame,False,0.0,0.0,True
28,62,0,"[[0, 1], [1, 0]]","[1, 0]",20,4.6732,0.5,0,460.0,piece_count,2,endgame,False,0.0,0.0,True
28,63,1,"[[5, 2], [6, 1]]","[6, 1]",25,6.1514,0.6875,0,460.0,piece_count,2,endgame,False,0.0,0.0,True
28,64,0,"[[1, 0], [0, 1]]","[0, 1]",17,3.9306,0.575,0,460.0,piece_count,2,endgame,False,0.0,0.0,False
28,65,1,"[[4, 3], [5, 2]]","[5, 2]",19,4.5838,0.6607,0,460.0,piece_count,2,endgame,True,0.0,0.0,True
28,66,0,"[[0, 1], [1, 0]]","[1, 0]",18,4.3261,0.55,0,460.0,piece_count,2,endgame,False,0.0,0.0,True
28,67,1,"[[3, 2], [4, 3]]","[4, 3]",21,5.1136,0.6719,0,460.0,piece_count,2,endgame,False,0.0,0.0,False
28,68,0,"[[1, 0], [0, 1]]","[0, 1]",16,3.7525,0.6,0,604.0,piece_count,2,endgame,False,0.0,0.0,False
28,69,1,"[[5, 2], [6, 3]]","[6, 3]",17,4.1182,0.6458,0,604.0,piece_count,2,endgame,False,0.0,0.0,False
28,70,0,"[[0, 1], [1, 0]]","[1, 0]",26,6.1598,0.35,0,725.0,piece_count,2,endgame,False,0,0.0,True
28,71,1,"[[6, 3], [7, 4]]","[7, 4]",19,4.9677,0.525,0,725.0,piece_count,2,endgame,False,0.0,0.0,True
28,72,0,"[[1, 0], [0, 1]]","[0, 1]",18,4.2648,0.55,0,725.0,piece_count,2,endgame,False,0.0,0.0,False
28,73,1,"[[4, 3], [5, 2]]","[5, 2]",21,4.9574,0.6719,0,725.0,piece_count,2,endgame,False,0.0,0.0,True
28,74,0,"[[0, 1], [1, 0]]","[1, 0]",18,3.1824,0.55,0,725.0,piece_count,2,endgame,False,0.0,0.0,True
28,75,1,"[[5, 2], [6, 3]]","[6, 3]",21,2.7938,0.6719,0,725.0,piece_count,2,endgame,True,144.0,0.0,False
28,76,0,"[[1, 0], [0, 1]]","[0, 1]",14,1.7796,0.65,0,869.0,piece_count,2,endgame,False,0.0,0.0,False
28,77,1,"[[5, 6], [6, 5]]","[6, 5]",12,1.5693,0.625,0,869.0,piece_count,2,endgame,False,0.0,0.0,True
28,78,0,"[[0, 1], [1, 0]]","[1, 0]",9,1.1141,0.7188,0,869.0,piece_count,2,endgame,False,0.0,0.0,True
28,79,1,"[[4, 7], [5, 6]]","[5, 6]",6,0.7503,0.25,0,869.0,piece_count,2,endgame,False,0.0,0.0,False
28,80,0,"[[1, 0], [0, 1]]","[0, 1]",9,1.1251,0.7188,0,869.0,piece_count,2,endgame,False,0,0.0,False
28,81,1,"[[5, 6], [6, 7]]","[6, 7]",5,1.1427,0.375,0,869.0,piece_count,2,endgame,False,0.0,0.0,False
28,82,0,"[[0, 1], [1, 0]]","[1, 0]",4,0.4678,0.8333,0,899.0,piece_count,2,endgame,False,0.0,0.0,True
29,0,0,"[[6, 1], [5, 0]]","[5, 0]",21,3.593,0.625,0,0,piece_count,2,opening,False,0,0.0,False
29,1,1,"[[1, 0], [2, 1]]","[2, 1]",22,3.7134,0.6071,0,0,piece_count,2,opening,False,0.0,0.0,True
29,2,0,"[[5, 0], [4, 1]]","[4, 1]",24,4.0448,0.625,0,1.0,piece_count,2,opening,False,0.0,0.0,False
29,3,1,"[[0, 1], [1, 0]]","[1, 0]",25,4.2322,0.6094,0,1.0,piece_count,2,opening,False,0.0,0.0,True
29,4,0,"[[4, 1], [3, 0]]","[3, 0]",24,4.0708,0.6667,0,1.0,piece_count,2,opening,False,0.0,0.0,False
29,5,1,"[[1, 4], [2, 3]]","[2, 3]",19,3.4907,0.6042,0,1.0,piece_count,2,opening,False,0.0,0.0,True
29,6,0,"[[6, 3], [5, 2]]","[5, 2]",21,6.5281,0.625,0,1.0,piece_count,2,opening,False,0.0,0.0,False
29,7,1,"[[0, 3], [1, 4]]","[1, 4]",23,7.1676,0.5893,0,1.0,piece_count,2,opening,False,0.0,0.0,True
29,8,0,"[[5, 2], [4, 1]]","[4, 1]",24,12.4488,0.6667,0,1.0,piece_count,2,opening,False,0.0,0.0,False
29,9,1,"[[1, 4], [2, 5]]","[2, 5]",20,5.5487,0.5833,0,1.0,piece_count,2,opening,False,0.0,0.0,True
29,10,0,"[[6, 5], [5, 4]]","[5, 4]",24,4.3874,0.625,0,1.0,piece_count,2,opening,True,0,0.0,False
29,11,1,"[[0, 5], [1, 4]]","[1, 4]",24,4.6146,0.5714,0,1.0,piece_count,2,opening,False,0.0,0.0,True
29,12,0,"[[5, 4], [4, 3]]","[4, 3]",27,8.3196,0.6625,0,1.0,piece_count,2,opening,False,0.0,0.0,False
29,13,1,"[[1, 6], [2, 7]]","[2, 7]",22,6.6504,0.5417,0,1.0,piece_count,2,opening,False,0.0,0.0,True
29,14,0,"[[6, 7], [5, 6]]","[5, 6]",27,7.3311,0.6625,0,31.0,piece_count,2,opening,False,0.0,0.0,False
29,15,1,"[[0, 7], [1, 6]]","[1, 6]",26,4.3609,0.5357,0,31.0,piece_count,2,opening,True,0.0,0.0,True
29,16,0,"[[5, 6], [4, 5]]","[4, 5]",30,5.3387,0.6875,0,31.0,piece_count,2,opening,False,0.0,0.0,False
29,17,1,"[[2, 5], [3, 6]]","[3, 6]",24,7.1118,0.5,0,31.0,piece_count,2,opening,False,0.0,0.0,False
29,18,0,"[[4, 1], [3, 2]]","[3, 2]",25,12.8441,0.7159,0,112.0,piece_count,2,opening,False,0.0,0.0,False
29,19,1,"[[3, 6], [5, 4]]","[5, 4]",21,6.2623,0.0,0,112.0,piece_count,2,opening,False,0.0,0.0,False
29,20,0,"[[7, 0], [6, 1]]","[6, 1]",19,5.3217,0.7031,0,139.0,piece_count,2,midgame,True,0,0.0,False
29,21,1,"[[2, 3], [4, 1]]","[4, 1]",11,2.9752,0.0,0,139.0,piece_count,2,midgame,False,0.0,0.0,False
29,22,0,"[[4, 3], [3, 4]]","[3, 4]",28,14.3688,0.6111,0,153.0,piece_count,2,midgame,False,0.0,0.0,False
29,23,1,"[[1, 4], [2, 3]]","[2, 3]",29,6.7868,0.6375,0,153.0,piece_count,2,midgame,False,0.0,0.0,True
29,24,0,"[[3, 4], [2, 5]]","[2, 5]",17,3.9873,0.7344,0,153.0,piece_count,2,midgame,False,0.0,0.0,False
29,25,1,"[[1, 6], [3, 4]]","[3, 4]",9,2.0068,0.0,0,153.0,piece_count,2,midgame,True,22.0,0.0,False
29,26,0,"[[6, 1], [5, 0]]","[5, 0]",22,3.8161,0.6071,0,175.0,piece_count,2,midgame,False,0.0,0.0,False
29,27,1,"[[2, 1], [3, 2]]","[3, 2]",23,3.3689,0.6406,0,175.0,piece_count,2,midgame,False,0.0,0.0,False
29,28,0,"[[3, 0], [2, 1]]","[2, 1]",15,2.1927,0.7321,0,199.0,piece_count,2,midgame,False,0.0,0.0,False
29,29,1,"[[1, 2], [3, 0]]","[3, 0]",8,1.0622,0.0,0,199.0,piece_count,2,midgame,False,0.0,0.0,False
29,30,0,"[[7, 2], [6, 1]]","[6, 1]",20,4.406,0.5833,0,212.0,piece_count,2,midgame,True,0,0.0,False
29,31,1,"[[1, 0], [2, 1]]","[2, 1]",21,5.1768,0.6719,0,212.0,piece_count,2,midgame,False,0.0,0.0,True
29,32,0,"[[7, 4], [6, 5]]","[6, 5]",16,3.8557,0.6,0,213.0,piece_count,2,midgame,False,0.0,0.0,False
29,33,1,"[[3, 4], [4, 3]]","[4, 3]",15,2.2237,0.6875,0,213.0,piece_count,2,midgame,False,0.0,0.0,True
29,34,0,"[[6, 5], [5, 6]]","[5, 6]",13,1.7197,0.4583,0,213.0,piece_count,2,midgame,False,0.0,0.0,False
29,35,1,"[[2, 3], [3, 4]]","[3, 4]",17,2.3129,0.6458,0,213.0,piece_count,2,midgame,True,0.0,0.0,True
29,36,0,"[[5, 6], [4, 7]]","[4, 7]",16,2.1563,0.6,0,213.0,piece_count,2,midgame,False,0.0,0.0,False
29,37,1,"[[3, 4], [4, 5]]","[4, 5]",16,2.1896,0.6667,0,213.0,piece_count,2,midgame,False,0.0,0.0,False
29,38,0,"[[4, 7], [3, 6]]","[3, 6]",13,3.1011,0.5938,0,213.0,piece_count,2,midgame,False,0.0,0.0,False
29,39,1,"[[4, 1], [5, 2]]","[5, 2]",14,3.3934,0.65,0,213.0,piece_count,2,midgame,False,0.0,0.0,True
29,40,0,"[[3, 6], [2, 5]]","[2, 5]",9,2.0604,0.7188,0,241.0,piece_count,2,midgame,True,0,0.0,False
29,41,1,"[[5, 2], [7, 0]]","[7, 0]",7,1.6003,0.125,0,241.0,piece_count,2,midgame,False,0.0,0.0,False
29,42,0,"[[2, 5], [1, 4]]","[1, 4]",18,4.1883,0.55,0,260.0,piece_count,2,midgame,False,0.0,0.0,False
29,43,1,"[[2, 7], [3, 6]]","[3, 6]",21,5.0616,0.6719,0,260.0,piece_count,2,midgame,False,0.0,0.0,False
29,44,0,"[[1, 4], [0, 3]]","[0, 3]",18,4.2167,0.55,0,260.0,piece_count,2,midgame,False,0.0,0.0,False
29,45,1,"[[3, 0], [4, 1]]","[4, 1]",20,4.8316,0.6875,0,260.0,piece_count,2,midgame,True,143.0,143.0,True
29,46,0,"[[0, 3], [1, 2]]","[1, 2]",16,3.7766,0.5,0,261.0,piece_count,2,midgame,False,0.0,0.0,False
29,47,1,"[[2, 1], [3, 0]]","[3, 0]",22,5.439,0.6562,0,261.0,piece_count,2,midgame,False,0.0,0.0,True
29,48,0,"[[1, 2], [0, 1]]","[0, 1]",19,4.5402,0.6042,0,261.0,piece_count,2,midgame,False,0.0,0.0,True
29,49,1,"[[3, 6], [4, 7]]","[4, 7]",18,4.338,0.6786,0,261.0,piece_count,2,midgame,False,0.0,0.0,True
29,50,0,"[[0, 1], [1, 0]]","[1, 0]",15,3.5176,0.5312,0,291.0,piece_count,2,endgame,True,0,0.0,True
29,51,1,"[[4, 1], [5, 2]]","[5, 2]",19,4.6208,0.6607,0,291.0,piece_count,2,endgame,False,0.0,0.0,True
29,52,0,"[[1, 0], [0, 1]]","[0, 1]",19,4.4699,0.525,0,317.0,piece_count,2,endgame,False,0.0,0.0,False
29,53,1,"[[3, 0], [4, 1]]","[4, 1]",22,3.2456,0.6944,0,317.0,piece_count,2,endgame,False,0.0,0.0,True
29,54,0,"[[0, 1], [1, 0]]","[1, 0]",15,1.9555,0.5312,0,318.0,piece_count,2,endgame,False,0.0,0.0,True
29,55,1,"[[4, 5], [5, 6]]","[5, 6]",18,3.6099,0.6786,0,318.0,piece_count,2,endgame,True,100.0,0.0,True
29,56,0,"[[1, 0], [0, 1]]","[0, 1]",15,4.3702,0.5312,0,418.0,piece_count,2,endgame,False,0.0,0.0,False
29,57,1,"[[5, 2], [6, 1]]","[6, 1]",18,2.4116,0.6786,0,418.0,piece_count,2,endgame,False,0.0,0.0,True
29,58,0,"[[0, 1], [1, 0]]","[1, 0]",26,3.8781,0.1875,0,418.0,piece_count,2,endgame,False,0.0,0.0,True
29,59,1,"[[6, 1], [7, 2]]","[7, 2]",22,2.9607,0.6071,0,418.0,piece_count,2,endgame,False,0.0,0.0,False
29,60,0,"[[1, 0], [0, 1]]","[0, 1]",17,3.7813,0.4688,0,444.0,piece_count,2,endgame,True,0,0.0,False
29,61,1,"[[4, 1], [5, 2]]","[5, 2]",23,4.1652,0.6806,0,444.0,piece_count,2,endgame,False,0.0,0.0,True
29,62,0,"[[0, 1], [1, 0]]","[1, 0]",20,4.1723,0.5,0,460.0,piece_count,2,endgame,False,0.0,0.0,True
29,63,1,"[[5, 2], [6, 1]]","[6, 1]",25,6.0675,0.6875,0,460.0,piece_count,2,endgame,False,0.0,0.0,True
29,64,0,"[[1, 0], [0, 1]]","[0, 1]",17,3.1559,0.575,0,460.0,piece_count,2,endgame,False,0.0,0.0,False
29,65,1,"[[4, 3], [5, 2]]","[5, 2]",19,4.6179,0.6607,0,460.0,piece_count,2,endgame,True,0.0,0.0,True
29,66,0,"[[0, 1], [1, 0]]","[1, 0]",18,3.8648,0.55,0,460.0,piece_count,2,endgame,False,0.0,0.0,True
29,67,1,"[[3, 2], [4, 3]]","[4, 3]",21,5.1646,0.6719,0,460.0,piece_count,2,endgame,False,0.0,0.0,False
29,68,0,"[[1, 0], [0, 1]]","[0, 1]",16,3.9065,0.6,0,604.0,piece_count,2,endgame,False,0.0,0.0,False
29,69,1,"[[5, 2], [6, 3]]","[6, 3]",17,2.2726,0.6458,0,604.0,piece_count,2,endgame,False,0.0,0.0,False
29,70,0,"[[0, 1], [1, 0]]","[1, 0]",26,3.8128,0.35,0,725.0,piece_count,2,endgame,False,0,0.0,True
29,71,1,"[[6, 3], [7, 4]]","[7, 4]",19,2.5918,0.525,0,725.0,piece_count,2,endgame,False,0.0,0.0,True
29,72,0,"[[1, 0], [0, 1]]","[0, 1]",18,2.3317,0.55,0,725.0,piece_count,2,endgame,False,0.0,0.0,False
29,73,1,"[[4, 3], [5, 2]]","[5, 2]",21,4.2205,0.6719,0,725.0,piece_count,2,endgame,False,0.0,0.0,True
29,74,0,"[[0, 1], [1, 0]]","[1, 0]",18,2.3367,0.55,0,725.0,piece_count,2,endgame,False,0.0,0.0,True
29,75,1,"[[5, 2], [6, 3]]","[6, 3]",21,2.8207,0.6719,0,725.0,piece_count,2,endgame,True,144.0,0.0,False
29,76,0,"[[1, 0], [0, 1]]","[0, 1]",14,1.7748,0.65,0,869.0,piece_count,2,endgame,False,0.0,0.0,False
29,77,1,"[[5, 6], [6, 5]]","[6, 5]",12,1.6003,0.625,0,869.0,piece_count,2,endgame,False,0.0,0.0,True
29,78,0,"[[0, 1], [1, 0]]","[1, 0]",9,2.0571,0.7188,0,869.0,piece_count,2,endgame,False,0.0,0.0,True
29,79,1,"[[4, 7], [5, 6]]","[5, 6]",6,1.3881,0.25,0,869.0,piece_count,2,endgame,False,0.0,0.0,False
29,80,0,"[[1, 0], [0, 1]]","[0, 1]",9,2.0533,0.7188,0,869.0,piece_count,2,endgame,False,0,0.0,False
29,81,1,"[[5, 6], [6, 7]]","[6, 7]",5,1.1158,0.375,0,869.0,piece_count,2,endgame,False,0.0,0.0,False
29,82,0,"[[0, 1], [1, 0]]","[1, 0]",4,0.86,0.8333,0,899.0,piece_count,2,endgame,False,0.0,0.0,True
30,0,0,"[[6, 1], [5, 0]]","[5, 0]",21,6.5002,0.625,0,0,piece_count,2,opening,False,0,0.0,False
30,1,1,"[[1, 0], [2, 1]]","[2, 1]",22,6.789,0.6071,0,0,piece_count,2,opening,False,0.0,0.0,True
30,2,0,"[[5, 0], [4, 1]]","[4, 1]",24,7.6015,0.625,0,1.0,piece_count,2,opening,False,0.0,0.0,False
30,3,1,"[[0, 1], [1, 0]]","[1, 0]",25,4.3769,0.6094,0,1.0,piece_count,2,opening,False,0.0,0.0,True
30,4,0,"[[4, 1], [3, 0]]","[3, 0]",24,4.523,0.6667,0,1.0,piece_count,2,opening,False,0.0,0.0,False
30,5,1,"[[1, 4], [2, 3]]","[2, 3]",19,5.7521,0.6042,0,1.0,piece_count,2,opening,False,0.0,0.0,True
30,6,0,"[[6, 3], [5, 2]]","[5, 2]",21,5.8334,0.625,0,1.0,piece_count,2,opening,False,0.0,0.0,False
30,7,1,"[[0, 3], [1, 4]]","[1, 4]",23,4.0417,0.5893,0,1.0,piece_count,2,opening,False,0.0,0.0,True
30,8,0,"[[5, 2], [4, 1]]","[4, 1]",24,4.0872,0.6667,0,1.0,piece_count,2,opening,False,0.0,0.0,False
30,9,1,"[[1, 4], [2, 5]]","[2, 5]",20,5.4367,0.5833,0,1.0,piece_count,2,opening,False,0.0,0.0,True
30,10,0,"[[6, 5], [5, 4]]","[5, 4]",24,7.3724,0.625,0,1.0,piece_count,2,opening,True,0,0.0,False
30,11,1,"[[0, 5], [1, 4]]","[1, 4]",24,7.6172,0.5714,0,1.0,piece_count,2,opening,False,0.0,0.0,True
30,12,0,"[[5, 4], [4, 3]]","[4, 3]",27,8.3673,0.6625,0,1.0,piece_count,2,opening,False,0.0,0.0,False
30,13,1,"[[1, 6], [2, 7]]","[2, 7]",22,6.6018,0.5417,0,1.0,piece_count,2,opening,False,0.0,0.0,True
30,14,0,"[[6, 7], [5, 6]]","[5, 6]",27,8.2934,0.6625,0,31.0,piece_count,2,opening,False,0.0,0.0,False
30,15,1,"[[0, 7], [1, 6]]","[1, 6]",26,8.312,0.5357,0,31.0,piece_count,2,opening,True,0.0,0.0,True
30,16,0,"[[5, 6], [4, 5]]","[4, 5]",30,9.114,0.6875,0,31.0,piece_count,2,opening,False,0.0,0.0,False
30,17,1,"[[2, 5], [3, 6]]","[3, 6]",24,7.3743,0.5,0,31.0,piece_count,2,opening,False,0.0,0.0,False
30,18,0,"[[4, 1], [3, 2]]","[3, 2]",25,7.4854,0.7159,0,112.0,piece_count,2,opening,False,0.0,0.0,False
30,19,1,"[[3, 6], [5, 4]]","[5, 4]",21,5.4817,0.0,0,112.0,piece_count,2,opening,False,0.0,0.0,False
30,20,0,"[[7, 0], [6, 1]]","[6, 1]",19,2.9614,0.7031,0,139.0,piece_count,2,midgame,True,0,0.0,False
30,21,1,"[[2, 3], [4, 1]]","[4, 1]",11,2.1777,0.0,0,139.0,piece_count,2,midgame,False,0.0,0.0,False
30,22,0,"[[4, 3], [3, 4]]","[3, 4]",28,6.7239,0.6111,0,153.0,piece_count,2,midgame,False,0.0,0.0,False
30,23,1,"[[1, 4], [2, 3]]","[2, 3]",29,6.4263,0.6375,0,153.0,piece_count,2,midgame,False,0.0,0.0,True
30,24,0,"[[3, 4], [2, 5]]","[2, 5]",17,2.4679,0.7344,0,153.0,piece_count,2,midgame,False,0.0,0.0,False
30,25,1,"[[1, 6], [3, 4]]","[3, 4]",9,1.2679,0.0,0,153.0,piece_count,2,midgame,True,22.0,0.0,False
30,26,0,"[[6, 1], [5, 0]]","[5, 0]",22,3.1676,0.6071,0,175.0,piece_count,2,midgame,False,0.0,0.0,False
30,27,1,"[[2, 1], [3, 2]]","[3, 2]",23,3.4356,0.6406,0,175.0,piece_count,2,midgame,False,0.0,0.0,False
30,28,0,"[[3, 0], [2, 1]]","[2, 1]",15,2.1296,0.7321,0,199.0,piece_count,2,midgame,False,0.0,0.0,False
30,29,1,"[[1, 2], [3, 0]]","[3, 0]",8,1.0741,0.0,0,199.0,piece_count,2,midgame,False,0.0,0.0,False
30,30,0,"[[7, 2], [6, 1]]","[6, 1]",20,2.7688,0.5833,0,212.0,piece_count,2,midgame,True,0,0.0,False
30,31,1,"[[1, 0], [2, 1]]","[2, 1]",21,3.1507,0.6719,0,212.0,piece_count,2,midgame,False,0.0,0.0,True
30,32,0,"[[7, 4], [6, 5]]","[6, 5]",16,2.4164,0.6,0,213.0,piece_count,2,midgame,False,0.0,0.0,False
30,33,1,"[[3, 4], [4, 3]]","[4, 3]",15,2.0266,0.6875,0,213.0,piece_count,2,midgame,False,0.0,0.0,True
30,34,0,"[[6, 5], [5, 6]]","[5, 6]",13,1.7073,0.4583,0,213.0,piece_count,2,midgame,False,0.0,0.0,False
30,35,1,"[[2, 3], [3, 4]]","[3, 4]",17,2.4731,0.6458,0,213.0,piece_count,2,midgame,True,0.0,0.0,True
30,36,0,"[[5, 6], [4, 7]]","[4, 7]",16,2.1367,0.6,0,213.0,piece_count,2,midgame,False,0.0,0.0,False
30,37,1,"[[3, 4], [4, 5]]","[4, 5]",16,2.1544,0.6667,0,213.0,piece_count,2,midgame,False,0.0,0.0,False
30,38,0,"[[4, 7], [3, 6]]","[3, 6]",13,3.1426,0.5938,0,213.0,piece_count,2,midgame,False,0.0,0.0,False
30,39,1,"[[4, 1], [5, 2]]","[5, 2]",14,3.3994,0.65,0,213.0,piece_count,2,midgame,False,0.0,0.0,True
30,40,0,"[[3, 6], [2, 5]]","[2, 5]",9,2.0547,0.7188,0,241.0,piece_count,2,midgame,True,0,0.0,False
30,41,1,"[[5, 2], [7, 0]]","[7, 0]",7,1.5988,0.125,0,241.0,piece_count,2,midgame,False,0.0,0.0,False
30,42,0,"[[2, 5], [1, 4]]","[1, 4]",18,4.1947,0.55,0,260.0,piece_count,2,midgame,False,0.0,0.0,False
30,43,1,"[[2, 7], [3, 6]]","[3, 6]",21,5.0564,0.6719,0,260.0,piece_count,2,midgame,False,0.0,0.0,False
30,44,0,"[[1, 4], [0, 3]]","[0, 3]",18,4.2984,0.55,0,260.0,piece_count,2,midgame,False,0.0,0.0,False
30,45,1,"[[3, 0], [4, 1]]","[4, 1]",20,4.5989,0.6875,0,260.0,piece_count,2,midgame,True,143.0,143.0,True
30,46,0,"[[0, 3], [1, 2]]","[1, 2]",16,3.7732,0.5,0,261.0,piece_count,2,midgame,False,0.0,0.0,False
30,47,1,"[[2, 1], [3, 0]]","[3, 0]",22,5.4617,0.6562,0,261.0,piece_count,2,midgame,False,0.0,0.0,True
30,48,0,"[[1, 2], [0, 1]]","[0, 1]",19,4.5333,0.6042,0,261.0,piece_count,2,midgame,False,0.0,0.0,True
30,49,1,"[[3, 6], [4, 7]]","[4, 7]",18,4.3647,0.6786,0,261.0,piece_count,2,midgame,False,0.0,0.0,True
30,50,0,"[[0, 1], [1, 0]]","[1, 0]",15,3.0098,0.5312,0,291.0,piece_count,2,endgame,True,0,0.0,True
30,51,1,"[[4, 1], [5, 2]]","[5, 2]",19,4.6113,0.6607,0,291.0,piece_count,2,endgame,False,0.0,0.0,True
30,52,0,"[[1, 0], [0, 1]]","[0, 1]",19,3.792,0.525,0,317.0,piece_count,2,endgame,False,0.0,0.0,False
30,53,1,"[[3, 0], [4, 1]]","[4, 1]",22,5.3482,0.6944,0,317.0,piece_count,2,endgame,False,0.0,0.0,True
30,54,0,"[[0, 1], [1, 0]]","[1, 0]",15,3.4974,0.5312,0,318.0,piece_count,2,endgame,False,0.0,0.0,True
30,55,1,"[[4, 5], [5, 6]]","[5, 6]",18,4.3721,0.6786,0,318.0,piece_count,2,endgame,True,100.0,0.0,True
30,56,0,"[[1, 0], [0, 1]]","[0, 1]",15,2.7246,0.5312,0,418.0,piece_count,2,endgame,False,0.0,0.0,False
30,57,1,"[[5, 2], [6, 1]]","[6, 1]",18,4.3364,0.6786,0,418.0,piece_count,2,endgame,False,0.0,0.0,True
30,58,0,"[[0, 1], [1, 0]]","[1, 0]",26,5.368,0.1875,0,418.0,piece_count,2,endgame,False,0.0,0.0,True
30,59,1,"[[6, 1], [7, 2]]","[7, 2]",22,5.3902,0.6071,0,418.0,piece_count,2,endgame,False,0.0,0.0,False
30,60,0,"[[1, 0], [0, 1]]","[0, 1]",17,4.0023,0.4688,0,444.0,piece_count,2,endgame,True,0,0.0,False
30,61,1,"[[4, 1], [5, 2]]","[5, 2]",23,4.9329,0.6806,0,444.0,piece_count,2,endgame,False,0.0,0.0,True
30,62,0,"[[0, 1], [1, 0]]","[1, 0]",20,4.6868,0.5,0,460.0,piece_count,2,endgame,False,0.0,0.0,True
30,63,1,"[[5, 2], [6, 1]]","[6, 1]",25,5.8203,0.6875,0,460.0,piece_count,2,endgame,False,0.0,0.0,True
30,64,0,"[[1, 0], [0, 1]]","[0, 1]",17,3.9506,0.575,0,460.0,piece_count,2,endgame,False,0.0,0.0,False
30,65,1,"[[4, 3], [5, 2]]","[5, 2]",19,4.5791,0.6607,0,460.0,piece_count,2,endgame,True,0.0,0.0,True
30,66,0,"[[0, 1], [1, 0]]","[1, 0]",18,3.4182,0.55,0,460.0,piece_count,2,endgame,False,0.0,0.0,True
30,67,1,"[[3, 2], [4, 3]]","[4, 3]",21,5.1658,0.6719,0,460.0,piece_count,2,endgame,False,0.0,0.0,False
30,68,0,"[[1, 0], [0, 1]]","[0, 1]",16,3.7677,0.6,0,604.0,piece_count,2,endgame,False,0.0,0.0,False
30,69,1,"[[5, 2], [6, 3]]","[6, 3]",17,3.3951,0.6458,0,604.0,piece_count,2,endgame,False,0.0,0.0,False
30,70,0,"[[0, 1], [1, 0]]","[1, 0]",26,6.2053,0.35,0,725.0,piece_count,2,endgame,False,0,0.0,True
30,71,1,"[[6, 3], [7, 4]]","[7, 4]",19,4.2772,0.525,0,725.0,piece_count,2,endgame,False,0.0,0.0,True
30,72,0,"[[1, 0], [0, 1]]","[0, 1]",18,4.2658,0.55,0,725.0,piece_count,2,endgame,False,0.0,0.0,False
30,73,1,"[[4, 3], [5, 2]]","[5, 2]",21,5.1658,0.6719,0,725.0,piece_count,2,endgame,False,0.0,0.0,True
30,74,0,"[[0, 1], [1, 0]]","[1, 0]",18,4.2562,0.55,0,725.0,piece_count,2,endgame,False,0.0,0.0,True
30,75,1,"[[5, 2], [6, 3]]","[6, 3]",21,5.1522,0.6719,0,725.0,piece_count,2,endgame,True,144.0,0.0,False
30,76,0,"[[1, 0], [0, 1]]","[0, 1]",14,3.1075,0.65,0,869.0,piece_count,2,endgame,False,0.0,0.0,False
30,77,1,"[[5, 6], [6, 5]]","[6, 5]",12,2.882,0.625,0,869.0,piece_count,2,endgame,False,0.0,0.0,True
30,78,0,"[[0, 1], [1, 0]]","[1, 0]",9,2.0761,0.7188,0,869.0,piece_count,2,endgame,False,0.0,0.0,True
30,79,1,"[[4, 7], [5, 6]]","[5, 6]",6,1.3926,0.25,0,869.0,piece_count,2,endgame,False,0.0,0.0,False
30,80,0,"[[1, 0], [0, 1]]","[0, 1]",9,2.0506,0.7188,0,869.0,piece_count,2,endgame,False,0,0.0,False
30,81,1,"[[5, 6], [6, 7]]","[6, 7]",5,1.1187,0.375,0,869.0,piece_count,2,endgame,False,0.0,0.0,False
30,82,0,"[[0, 1], [1, 0]]","[1, 0]",4,0.8619,0.8333,0,899.0,piece_count,2,endgame,False,0.0,0.0,True
31,0,0,"[[6, 1], [5, 0]]","[5, 0]",21,6.531,0.625,0,0,piece_count,2,opening,False,0,0.0,False
31,1,1,"[[1, 0], [2, 1]]","[2, 1]",22,6.0403,0.6071,0,0,piece_count,2,opening,False,0.0,0.0,True
31,2,0,"[[5, 0], [4, 1]]","[4, 1]",24,7.5693,0.625,0,1.0,piece_count,2,opening,False,0.0,0.0,False
31,3,1,"[[0, 1], [1, 0]]","[1, 0]",25,7.6551,0.6094,0,1.0,piece_count,2,opening,False,0.0,0.0,True
31,4,0,"[[4, 1], [3, 0]]","[3, 0]",24,7.2918,0.6667,0,1.0,piece_count,2,opening,False,0.0,0.0,False
31,5,1,"[[1, 4], [2, 3]]","[2, 3]",19,5.7895,0.6042,0,1.0,piece_count,2,opening,False,0.0,0.0,True
31,6,0,"[[6, 3], [5, 2]]","[5, 2]",21,6.5477,0.625,0,1.0,piece_count,2,opening,False,0.0,0.0,False
31,7,1,"[[0, 3], [1, 4]]","[1, 4]",23,6.3229,0.5893,0,1.0,piece_count,2,opening,False,0.0,0.0,True
31,8,0,"[[5, 2], [4, 1]]","[4, 1]",24,6.7267,0.6667,0,1.0,piece_count,2,opening,False,0.0,0.0,False
31,9,1,"[[1, 4], [2, 5]]","[2, 5]",20,6.0673,0.5833,0,1.0,piece_count,2,opening,False,0.0,0.0,True
31,10,0,"[[6, 5], [5, 4]]","[5, 4]",24,10.4916,0.625,0,1.0,piece_count,2,opening,True,0,0.0,False
31,11,1,"[[0, 5], [1, 4]]","[1, 4]",24,8.8589,0.5714,0,1.0,piece_count,2,opening,False,0.0,0.0,True
31,12,0,"[[5, 4], [4, 3]]","[4, 3]",27,8.4004,0.6625,0,1.0,piece_count,2,opening,False,0.0,0.0,False
31,13,1,"[[1, 6], [2, 7]]","[2, 7]",22,6.649,0.5417,0,1.0,piece_count,2,opening,False,0.0,0.0,True
31,14,0,"[[6, 7], [5, 6]]","[5, 6]",27,7.5552,0.6625,0,31.0,piece_count,2,opening,False,0.0,0.0,False
31,15,1,"[[0, 7], [1, 6]]","[1, 6]",26,7.9138,0.5357,0,31.0,piece_count,2,opening,True,0.0,0.0,True
31,16,0,"[[5, 6], [4, 5]]","[4, 5]",30,9.0265,0.6875,0,31.0,piece_count,2,opening,False,0.0,0.0,False
31,17,1,"[[2, 5], [3, 6]]","[3, 6]",24,5.672,0.5,0,31.0,piece_count,2,opening,False,0.0,0.0,False
31,18,0,"[[4, 1], [3, 2]]","[3, 2]",25,7.4179,0.7159,0,112.0,piece_count,2,opening,False,0.0,0.0,False
31,19,1,"[[3, 6], [5, 4]]","[5, 4]",21,6.036,0.0,0,112.0,piece_count,2,opening,False,0.0,0.0,False
31,20,0,"[[7, 0], [6, 1]]","[6, 1]",19,5.2426,0.7031,0,139.0,piece_count,2,midgame,True,0,0.0,False
31,21,1,"[[2, 3], [4, 1]]","[4, 1]",11,3.6809,0.0,0,139.0,piece_count,2,midgame,False,0.0,0.0,False
31,22,0,"[[4, 3], [3, 4]]","[3, 4]",28,4.257,0.6111,0,153.0,piece_count,2,midgame,False,0.0,0.0,False
31,23,1,"[[1, 4], [2, 3]]","[2, 3]",29,4.4448,0.6375,0,153.0,piece_count,2,midgame,False,0.0,0.0,True
31,24,0,"[[3, 4], [2, 5]]","[2, 5]",17,2.4788,0.7344,0,153.0,piece_count,2,midgame,False,0.0,0.0,False
31,25,1,"[[1, 6], [3, 4]]","[3, 4]",9,1.2794,0.0,0,153.0,piece_count,2,midgame,True,22.0,0.0,False
31,26,0,"[[6, 1], [5, 0]]","[5, 0]",22,3.2289,0.6071,0,175.0,piece_count,2,midgame,False,0.0,0.0,False
31,27,1,"[[2, 1], [3, 2]]","[3, 2]",23,3.3677,0.6406,0,175.0,piece_count,2,midgame,False,0.0,0.0,False
31,28,0,"[[3, 0], [2, 1]]","[2, 1]",15,2.1205,0.7321,0,199.0,piece_count,2,midgame,False,0.0,0.0,False
31,29,1,"[[1, 2], [3, 0]]","[3, 0]",8,1.0629,0.0,0,199.0,piece_count,2,midgame,False,0.0,0.0,False
31,30,0,"[[7, 2], [6, 1]]","[6, 1]",20,2.8167,0.5833,0,212.0,piece_count,2,midgame,True,0,0.0,False
31,31,1,"[[1, 0], [2, 1]]","[2, 1]",21,4.4045,0.6719,0,212.0,piece_count,2,midgame,False,0.0,0.0,True
31,32,0,"[[7, 4], [6, 5]]","[6, 5]",16,3.8605,0.6,0,213.0,piece_count,2,midgame,False,0.0,0.0,False
31,33,1,"[[3, 4], [4, 3]]","[4, 3]",15,3.6564,0.6875,0,213.0,piece_count,2,midgame,False,0.0,0.0,True
31,34,0,"[[6, 5], [5, 6]]","[5, 6]",13,3.0985,0.4583,0,213.0,piece_count,2,midgame,False,0.0,0.0,False
31,35,1,"[[2, 3], [3, 4]]","[3, 4]",17,4.2031,0.6458,0,213.0,piece_count,2,midgame,True,0.0,0.0,True
31,36,0,"[[5, 6], [4, 7]]","[4, 7]",16,2.3856,0.6,0,213.0,piece_count,2,midgame,False,0.0,0.0,False
31,37,1,"[[3, 4], [4, 5]]","[4, 5]",16,2.2476,0.6667,0,213.0,piece_count,2,midgame,False,0.0,0.0,False
31,38,0,"[[4, 7], [3, 6]]","[3, 6]",13,1.7135,0.5938,0,213.0,piece_count,2,midgame,False,0.0,0.0,False
31,39,1,"[[4, 1], [5, 2]]","[5, 2]",14,1.8725,0.65,0,213.0,piece_count,2,midgame,False,0.0,0.0,True
31,40,0,"[[3, 6], [2, 5]]","[2, 5]",9,1.142,0.7188,0,241.0,piece_count,2,midgame,True,0,0.0,False
31,41,1,"[[5, 2], [7, 0]]","[7, 0]",7,0.8698,0.125,0,241.0,piece_count,2,midgame,False,0.0,0.0,False
31,42,0,"[[2, 5], [1, 4]]","[1, 4]",18,4.2512,0.55,0,260.0,piece_count,2,midgame,False,0.0,0.0,False
31,43,1,"[[2, 7], [3, 6]]","[3, 6]",21,4.2961,0.6719,0,260.0,piece_count,2,midgame,False,0.0,0.0,False
31,44,0,"[[1, 4], [0, 3]]","[0, 3]",18,4.2732,0.55,0,260.0,piece_count,2,midgame,False,0.0,0.0,False
31,45,1,"[[3, 0], [4, 1]]","[4, 1]",20,4.8409,0.6875,0,260.0,piece_count,2,midgame,True,143.0,143.0,True
31,46,0,"[[0, 3], [1, 2]]","[1, 2]",16,3.7818,0.5,0,261.0,piece_count,2,midgame,False,0.0,0.0,False
31,47,1,"[[2, 1], [3, 0]]","[3, 0]",22,4.3612,0.6562,0,261.0,piece_count,2,midgame,False,0.0,0.0,True
31,48,0,"[[1, 2], [0, 1]]","[0, 1]",19,2.4743,0.6042,0,261.0,piece_count,2,midgame,False,0.0,0.0,True
31,49,1,"[[3, 6], [4, 7]]","[4, 7]",18,2.3921,0.6786,0,261.0,piece_count,2,midgame,False,0.0,0.0,True
31,50,0,"[[0, 1], [1, 0]]","[1, 0]",15,1.9288,0.5312,0,291.0,piece_count,2,endgame,True,0,0.0,True
31,51,1,"[[4, 1], [5, 2]]","[5, 2]",19,2.5311,0.6607,0,291.0,piece_count,2,endgame,False,0.0,0.0,True
31,52,0,"[[1, 0], [0, 1]]","[0, 1]",19,2.9573,0.525,0,317.0,piece_count,2,endgame,False,0.0,0.0,False
31,53,1,"[[3, 0], [4, 1]]","[4, 1]",22,2.9283,0.6944,0,317.0,piece_count,2,endgame,False,0.0,0.0,True
31,54,0,"[[0, 1], [1, 0]]","[1, 0]",15,1.9195,0.5312,0,318.0,piece_count,2,endgame,False,0.0,0.0,True
31,55,1,"[[4, 5], [5, 6]]","[5, 6]",18,2.3804,0.6786,0,318.0,piece_count,2,endgame,True,100.0,0.0,True
31,56,0,"[[1, 0], [0, 1]]","[0, 1]",15,1.9166,0.5312,0,418.0,piece_count,2,endgame,False,0.0,0.0,False
31,57,1,"[[5, 2], [6, 1]]","[6, 1]",18,3.3908,0.6786,0,418.0,piece_count,2,endgame,False,0.0,0.0,True
31,58,0,"[[0, 1], [1, 0]]","[1, 0]",26,6.1567,0.1875,0,418.0,piece_count,2,endgame,False,0.0,0.0,True
31,59,1,"[[6, 1], [7, 2]]","[7, 2]",22,5.4393,0.6071,0,418.0,piece_count,2,endgame,False,0.0,0.0,False
31,60,0,"[[1, 0], [0, 1]]","[0, 1]",17,4.0009,0.4688,0,444.0,piece_count,2,endgame,True,0,0.0,False
31,61,1,"[[4, 1], [5, 2]]","[5, 2]",23,5.6105,0.6806,0,444.0,piece_count,2,endgame,False,0.0,0.0,True
31,62,0,"[[0, 1], [1, 0]]","[1, 0]",20,3.427,0.5,0,460.0,piece_count,2,endgame,False,0.0,0.0,True
31,63,1,"[[5, 2], [6, 1]]","[6, 1]",25,3.3391,0.6875,0,460.0,piece_count,2,endgame,False,0.0,0.0,True
31,64,0,"[[1, 0], [0, 1]]","[0, 1]",17,2.1625,0.575,0,460.0,piece_count,2,endgame,False,0.0,0.0,False
31,65,1,"[[4, 3], [5, 2]]","[5, 2]",19,2.5012,0.6607,0,460.0,piece_count,2,endgame,True,0.0,0.0,True
31,66,0,"[[0, 1], [1, 0]]","[1, 0]",18,3.2732,0.55,0,460.0,piece_count,2,endgame,False,0.0,0.0,True
31,67,1,"[[3, 2], [4, 3]]","[4, 3]",21,5.1365,0.6719,0,460.0,piece_count,2,endgame,False,0.0,0.0,False
31,68,0,"[[1, 0], [0, 1]]","[0, 1]",16,3.7603,0.6,0,604.0,piece_count,2,endgame,False,0.0,0.0,False
31,69,1,"[[5, 2], [6, 3]]","[6, 3]",17,4.2007,0.6458,0,604.0,piece_count,2,endgame,False,0.0,0.0,False
31,70,0,"[[0, 1], [1, 0]]","[1, 0]",26,5.4777,0.35,0,725.0,piece_count,2,endgame,False,0,0.0,True
31,71,1,"[[6, 3], [7, 4]]","[7, 4]",19,4.7929,0.525,0,725.0,piece_count,2,endgame,False,0.0,0.0,True
31,72,0,"[[1, 0], [0, 1]]","[0, 1]",18,4.2586,0.55,0,725.0,piece_count,2,endgame,False,0.0,0.0,False
31,73,1,"[[4, 3], [5, 2]]","[5, 2]",21,5.1703,0.6719,0,725.0,piece_count,2,endgame,False,0.0,0.0,True
31,74,0,"[[0, 1], [1, 0]]","[1, 0]",18,4.9891,0.55,0,725.0,piece_count,2,endgame,False,0.0,0.0,True
31,75,1,"[[5, 2], [6, 3]]","[6, 3]",21,2.8129,0.6719,0,725.0,piece_count,2,endgame,True,144.0,0.0,False
31,76,0,"[[1, 0], [0, 1]]","[0, 1]",14,2.4192,0.65,0,869.0,piece_count,2,endgame,False,0.0,0.0,False
31,77,1,"[[5, 6], [6, 5]]","[6, 5]",12,2.8827,0.625,0,869.0,piece_count,2,endgame,False,0.0,0.0,True
31,78,0,"[[0, 1], [1, 0]]","[1, 0]",9,1.7157,0.7188,0,869.0,piece_count,2,endgame,False,0.0,0.0,True
31,79,1,"[[4, 7], [5, 6]]","[5, 6]",6,0.7513,0.25,0,869.0,piece_count,2,endgame,False,0.0,0.0,False
31,80,0,"[[1, 0], [0, 1]]","[0, 1]",9,1.1289,0.7188,0,869.0,piece_count,2,endgame,False,0,0.0,False
31,81,1,"[[5, 6], [6, 7]]","[6, 7]",5,0.6013,0.375,0,869.0,piece_count,2,endgame,False,0.0,0.0,False
31,82,0,"[[0, 1], [1, 0]]","[1, 0]",4,0.4666,0.8333,0,899.0,piece_count,2,endgame,False,0.0,0.0,True
32,0,0,"[[6, 1], [5, 0]]","[5, 0]",21,3.5658,0.625,0,0,piece_count,2,opening,False,0,0.0,False
32,1,1,"[[1, 0], [2, 1]]","[2, 1]",22,3.7255,0.6071,0,0,piece_count,2,opening,False,0.0,0.0,True
32,2,0,"[[5, 0], [4, 1]]","[4, 1]",24,6.757,0.625,0,1.0,piece_count,2,opening,False,0.0,0.0,False
32,3,1,"[[0, 1], [1, 0]]","[1, 0]",25,7.8146,0.6094,0,1.0,piece_count,2,opening,False,0.0,0.0,True
32,4,0,"[[4, 1], [3, 0]]","[3, 0]",24,7.4077,0.6667,0,1.0,piece_count,2,opening,False,0.0,0.0,False
32,5,1,"[[1, 4], [2, 3]]","[2, 3]",19,5.0299,0.6042,0,1.0,piece_count,2,opening,False,0.0,0.0,True
32,6,0,"[[6, 3], [5, 2]]","[5, 2]",21,6.5036,0.625,0,1.0,piece_count,2,opening,False,0.0,0.0,False
32,7,1,"[[0, 3], [1, 4]]","[1, 4]",23,7.3333,0.5893,0,1.0,piece_count,2,opening,False,0.0,0.0,True
32,8,0,"[[5, 2], [4, 1]]","[4, 1]",24,7.4394,0.6667,0,1.0,piece_count,2,opening,False,0.0,0.0,False
32,9,1,"[[1, 4], [2, 5]]","[2, 5]",20,6.0654,0.5833,0,1.0,piece_count,2,opening,False,0.0,0.0,True
32,10,0,"[[6, 5], [5, 4]]","[5, 4]",24,7.4189,0.625,0,1.0,piece_count,2,opening,True,0,0.0,False
32,11,1,"[[0, 5], [1, 4]]","[1, 4]",24,7.3431,0.5714,0,1.0,piece_count,2,opening,False,0.0,0.0,True
32,12,0,"[[5, 4], [4, 3]]","[4, 3]",27,8.364,0.6625,0,1.0,piece_count,2,opening,False,0.0,0.0,False
32,13,1,"[[1, 6], [2, 7]]","[2, 7]",22,6.6133,0.5417,0,1.0,piece_count,2,opening,False,0.0,0.0,True
32,14,0,"[[6, 7], [5, 6]]","[5, 6]",27,8.2924,0.6625,0,31.0,piece_count,2,opening,False,0.0,0.0,False
32,15,1,"[[0, 7], [1, 6]]","[1, 6]",26,7.4601,0.5357,0,31.0,piece_count,2,opening,True,0.0,0.0,True
32,16,0,"[[5, 6], [4, 5]]","[4, 5]",30,5.0163,0.6875,0,31.0,piece_count,2,opening,False,0.0,0.0,False
32,17,1,"[[2, 5], [3, 6]]","[3, 6]",24,3.9368,0.5,0,31.0,piece_count,2,opening,False,0.0,0.0,False
32,18,0,"[[4, 1], [3, 2]]","[3, 2]",25,6.2513,0.7159,0,112.0,piece_count,2,opening,False,0.0,0.0,False
32,19,1,"[[3, 6], [5, 4]]","[5, 4]",21,5.208,0.0,0,112.0,piece_count,2,opening,False,0.0,0.0,False
32,20,0,"[[7, 0], [6, 1]]","[6, 1]",19,5.3926,0.7031,0,139.0,piece_count,2,midgame,True,0,0.0,False
32,21,1,"[[2, 3], [4, 1]]","[4, 1]",11,2.9743,0.0,0,139.0,piece_count,2,midgame,False,0.0,0.0,False
32,22,0,"[[4, 3], [3, 4]]","[3, 4]",28,7.7231,0.6111,0,153.0,piece_count,2,midgame,False,0.0,0.0,False
32,23,1,"[[1, 4], [2, 3]]","[2, 3]",29,7.1814,0.6375,0,153.0,piece_count,2,midgame,False,0.0,0.0,True
32,24,0,"[[3, 4], [2, 5]]","[2, 5]",17,4.528,0.7344,0,153.0,piece_count,2,midgame,False,0.0,0.0,False
32,25,1,"[[1, 6], [3, 4]]","[3, 4]",9,2.3034,0.0,0,153.0,piece_count,2,midgame,True,22.0,0.0,False
32,26,0,"[[6, 1], [5, 0]]","[5, 0]",22,5.7173,0.6071,0,175.0,piece_count,2,midgame,False,0.0,0.0,False
32,27,1,"[[2, 1], [3, 2]]","[3, 2]",23,11.8933,0.6406,0,175.0,piece_count,2,midgame,False,0.0,0.0,False
32,28,0,"[[3, 0], [2, 1]]","[2, 1]",15,2.1267,0.7321,0,199.0,piece_count,2,midgame,False,0.0,0.0,False
32,29,1,"[[1, 2], [3, 0]]","[3, 0]",8,1.0645,0.0,0,199.0,piece_count,2,midgame,False,0.0,0.0,False
32,30,0,"[[7, 2], [6, 1]]","[6, 1]",20,4.6797,0.5833,0,212.0,piece_count,2,midgame,True,0,0.0,False
32,31,1,"[[1, 0], [2, 1]]","[2, 1]",21,5.1477,0.6719,0,212.0,piece_count,2,midgame,False,0.0,0.0,True
32,32,0,"[[7, 4], [6, 5]]","[6, 5]",16,3.9358,0.6,0,213.0,piece_count,2,midgame,False,0.0,0.0,False
32,33,1,"[[3, 4], [4, 3]]","[4, 3]",15,2.9144,0.6875,0,213.0,piece_count,2,midgame,False,0.0,0.0,True
32,34,0,"[[6, 5], [5, 6]]","[5, 6]",13,3.1226,0.4583,0,213.0,piece_count,2,midgame,False,0.0,0.0,False
32,35,1,"[[2, 3], [3, 4]]","[3, 4]",17,4.2155,0.6458,0,213.0,piece_count,2,midgame,True,0.0,0.0,True
32,36,0,"[[5, 6], [4, 7]]","[4, 7]",16,3.8929,0.6,0,213.0,piece_count,2,midgame,False,0.0,0.0,False
32,37,1,"[[3, 4], [4, 5]]","[4, 5]",16,3.9132,0.6667,0,213.0,piece_count,2,midgame,False,0.0,0.0,False
32,38,0,"[[4, 7], [3, 6]]","[3, 6]",13,3.1161,0.5938,0,213.0,piece_count,2,midgame,False,0.0,0.0,False
32,39,1,"[[4, 1], [5, 2]]","[5, 2]",14,2.8045,0.65,0,213.0,piece_count,2,midgame,False,0.0,0.0,True
32,40,0,"[[3, 6], [2, 5]]","[2, 5]",9,1.7126,0.7188,0,241.0,piece_count,2,midgame,True,0,0.0,False
32,41,1,"[[5, 2], [7, 0]]","[7, 0]",7,1.6034,0.125,0,241.0,piece_count,2,midgame,False,0.0,0.0,False
32,42,0,"[[2, 5], [1, 4]]","[1, 4]",18,4.2117,0.55,0,260.0,piece_count,2,midgame,False,0.0,0.0,False
32,43,1,"[[2, 7], [3, 6]]","[3, 6]",21,5.1835,0.6719,0,260.0,piece_count,2,midgame,False,0.0,0.0,False
32,44,0,"[[1, 4], [0, 3]]","[0, 3]",18,4.2298,0.55,0,260.0,piece_count,2,midgame,False,0.0,0.0,False
32,45,1,"[[3, 0], [4, 1]]","[4, 1]",20,4.8623,0.6875,0,260.0,piece_count,2,midgame,True,143.0,143.0,True
32,46,0,"[[0, 3], [1, 2]]","[1, 2]",16,3.798,0.5,0,261.0,piece_count,2,midgame,False,0.0,0.0,False
32,47,1,"[[2, 1], [3, 0]]","[3, 0]",22,5.3623,0.6562,0,261.0,piece_count,2,midgame,False,0.0,0.0,True
32,48,0,"[[1, 2], [0, 1]]","[0, 1]",19,5.1813,0.6042,0,261.0,piece_count,2,midgame,False,0.0,0.0,True
32,49,1,"[[3, 6], [4, 7]]","[4, 7]",18,4.3738,0.6786,0,261.0,piece_count,2,midgame,False,0.0,0.0,True
32,50,0,"[[0, 1], [1, 0]]","[1, 0]",15,3.5281,0.5312,0,291.0,piece_count,2,endgame,True,0,0.0,True
32,51,1,"[[4, 1], [5, 2]]","[5, 2]",19,3.8488,0.6607,0,291.0,piece_count,2,endgame,False,0.0,0.0,True
32,52,0,"[[1, 0], [0, 1]]","[0, 1]",19,4.4806,0.525,0,317.0,piece_count,2,endgame,False,0.0,0.0,False
32,53,1,"[[3, 0], [4, 1]]","[4, 1]",22,5.3537,0.6944,0,317.0,piece_count,2,endgame,False,0.0,0.0,True
32,54,0,"[[0, 1], [1, 0]]","[1, 0]",15,2.7134,0.5312,0,318.0,piece_count,2,endgame,False,0.0,0.0,True
32,55,1,"[[4, 5], [5, 6]]","[5, 6]",18,2.3985,0.6786,0,318.0,piece_count,2,endgame,True,100.0,0.0,True
32,56,0,"[[1, 0], [0, 1]]","[0, 1]",15,1.9166,0.5312,0,418.0,piece_count,2,endgame,False,0.0,0.0,False
32,57,1,"[[5, 2], [6, 1]]","[6, 1]",18,2.3649,0.6786,0,418.0,piece_count,2,endgame,False,0.0,0.0,True
32,58,0,"[[0, 1], [1, 0]]","[1, 0]",26,3.3932,0.1875,0,418.0,piece_count,2,endgame,False,0.0,0.0,True
32,59,1,"[[6, 1], [7, 2]]","[7, 2]",22,3.4993,0.6071,0,418.0,piece_count,2,endgame,False,0.0,0.0,False
32,60,0,"[[1, 0], [0, 1]]","[0, 1]",17,2.1999,0.4688,0,444.0,piece_count,2,endgame,True,0,0.0,False
32,61,1,"[[4, 1], [5, 2]]","[5, 2]",23,3.0692,0.6806,0,444.0,piece_count,2,endgame,False,0.0,0.0,True
32,62,0,"[[0, 1], [1, 0]]","[1, 0]",20,2.5523,0.5,0,460.0,piece_count,2,endgame,False,0.0,0.0,True
32,63,1,"[[5, 2], [6, 1]]","[6, 1]",25,3.8264,0.6875,0,460.0,piece_count,2,endgame,False,0.0,0.0,True
32,64,0,"[[1, 0], [0, 1]]","[0, 1]",17,2.1701,0.575,0,460.0,piece_count,2,endgame,False,0.0,0.0,False
32,65,1,"[[4, 3], [5, 2]]","[5, 2]",19,4.5662,0.6607,0,460.0,piece_count,2,endgame,True,0.0,0.0,True
32,66,0,"[[0, 1], [1, 0]]","[1, 0]",18,4.2715,0.55,0,460.0,piece_count,2,endgame,False,0.0,0.0,True
32,67,1,"[[3, 2], [4, 3]]","[4, 3]",21,5.1246,0.6719,0,460.0,piece_count,2,endgame,False,0.0,0.0,False
32,68,0,"[[1, 0], [0, 1]]","[0, 1]",16,3.7644,0.6,0,604.0,piece_count,2,endgame,False,0.0,0.0,False
32,69,1,"[[5, 2], [6, 3]]","[6, 3]",17,4.1723,0.6458,0,604.0,piece_count,2,endgame,False,0.0,0.0,False
32,70,0,"[[0, 1], [1, 0]]","[1, 0]",26,5.4126,0.35,0,725.0,piece_count,2,endgame,False,0,0.0,True
32,71,1,"[[6, 3], [7, 4]]","[7, 4]",19,4.7383,0.525,0,725.0,piece_count,2,endgame,False,0.0,0.0,True
32,72,0,"[[1, 0], [0, 1]]","[0, 1]",18,4.2591,0.55,0,725.0,piece_count,2,endgame,False,0.0,0.0,False
32,73,1,"[[4, 3], [5, 2]]","[5, 2]",21,4.8082,0.6719,0,725.0,piece_count,2,endgame,False,0.0,0.0,True
32,74,0,"[[0, 1], [1, 0]]","[1, 0]",18,4.2541,0.55,0,725.0,piece_count,2,endgame,False,0.0,0.0,True
32,75,1,"[[5, 2], [6, 3]]","[6, 3]",21,5.0206,0.6719,0,725.0,piece_count,2,endgame,True,144.0,0.0,False
32,76,0,"[[1, 0], [0, 1]]","[0, 1]",14,3.2194,0.65,0,869.0,piece_count,2,endgame,False,0.0,0.0,False
32,77,1,"[[5, 6], [6, 5]]","[6, 5]",12,2.9476,0.625,0,869.0,piece_count,2,endgame,False,0.0,0.0,True
32,78,0,"[[0, 1], [1, 0]]","[1, 0]",9,2.0409,0.7188,0,869.0,piece_count,2,endgame,False,0.0,0.0,True
32,79,1,"[[4, 7], [5, 6]]","[5, 6]",6,1.3862,0.25,0,869.0,piece_count,2,endgame,False,0.0,0.0,False
32,80,0,"[[1, 0], [0, 1]]","[0, 1]",9,2.0468,0.7188,0,869.0,piece_count,2,endgame,False,0,0.0,False
32,81,1,"[[5, 6], [6, 7]]","[6, 7]",5,1.1172,0.375,0,869.0,piece_count,2,endgame,False,0.0,0.0,False
32,82,0,"[[0, 1], [1, 0]]","[1, 0]",4,0.8621,0.8333,0,899.0,piece_count,2,endgame,False,0.0,0.0,True
33,0,0,"[[6, 1], [5, 0]]","[5, 0]",21,4.9982,0.625,0,0,piece_count,2,opening,False,0,0.0,False
33,1,1,"[[1, 0], [2, 1]]","[2, 1]",22,3.7513,0.6071,0,0,piece_count,2,opening,False,0.0,0.0,True
33,2,0,"[[5, 0], [4, 1]]","[4, 1]",24,7.3173,0.625,0,1.0,piece_count,2,opening,False,0.0,0.0,False
33,3,1,"[[0, 1], [1, 0]]","[1, 0]",25,7.6859,0.6094,0,1.0,piece_count,2,opening,False,0.0,0.0,True
33,4,0,"[[4, 1], [3, 0]]","[3, 0]",24,7.4649,0.6667,0,1.0,piece_count,2,opening,False,0.0,0.0,False
33,5,1,"[[1, 4], [2, 3]]","[2, 3]",19,5.754,0.6042,0,1.0,piece_count,2,opening,False,0.0,0.0,True
33,6,0,"[[6, 3], [5, 2]]","[5, 2]",21,5.1558,0.625,0,1.0,piece_count,2,opening,False,0.0,0.0,False
33,7,1,"[[0, 3], [1, 4]]","[1, 4]",23,3.8807,0.5893,0,1.0,piece_count,2,opening,False,0.0,0.0,True
33,8,0,"[[5, 2], [4, 1]]","[4, 1]",24,4.0634,0.6667,0,1.0,piece_count,2,opening,False,0.0,0.0,False
33,9,1,"[[1, 4], [2, 5]]","[2, 5]",20,4.7164,0.5833,0,1.0,piece_count,2,opening,False,0.0,0.0,True
33,10,0,"[[6, 5], [5, 4]]","[5, 4]",24,7.3726,0.625,0,1.0,piece_count,2,opening,True,0,0.0,False
33,11,1,"[[0, 5], [1, 4]]","[1, 4]",24,5.2974,0.5714,0,1.0,piece_count,2,opening,False,0.0,0.0,True
33,12,0,"[[5, 4], [4, 3]]","[4, 3]",27,4.5729,0.6625,0,1.0,piece_count,2,opening,False,0.0,0.0,False
33,13,1,"[[1, 6], [2, 7]]","[2, 7]",22,3.634,0.5417,0,1.0,piece_count,2,opening,False,0.0,0.0,True
33,14,0,"[[6, 7], [5, 6]]","[5, 6]",27,7.8337,0.6625,0,31.0,piece_count,2,opening,False,0.0,0.0,False
33,15,1,"[[0, 7], [1, 6]]","[1, 6]",26,7.911,0.5357,0,31.0,piece_count,2,opening,True,0.0,0.0,True
33,16,0,"[[5, 6], [4, 5]]","[4, 5]",30,8.2562,0.6875,0,31.0,piece_count,2,opening,False,0.0,0.0,False
33,17,1,"[[2, 5], [3, 6]]","[3, 6]",24,6.7983,0.5,0,31.0,piece_count,2,opening,False,0.0,0.0,False
33,18,0,"[[4, 1], [3, 2]]","[3, 2]",25,7.4134,0.7159,0,112.0,piece_count,2,opening,False,0.0,0.0,False
33,19,1,"[[3, 6], [5, 4]]","[5, 4]",21,5.9729,0.0,0,112.0,piece_count,2,opening,False,0.0,0.0,False
33,20,0,"[[7, 0], [6, 1]]","[6, 1]",19,4.5574,0.7031,0,139.0,piece_count,2,midgame,True,0,0.0,False
33,21,1,"[[2, 3], [4, 1]]","[4, 1]",11,2.9836,0.0,0,139.0,piece_count,2,midgame,False,0.0,0.0,False
33,22,0,"[[4, 3], [3, 4]]","[3, 4]",28,7.164,0.6111,0,153.0,piece_count,2,midgame,False,0.0,0.0,False
33,23,1,"[[1, 4], [2, 3]]","[2, 3]",29,8.1606,0.6375,0,153.0,piece_count,2,midgame,False,0.0,0.0,True
33,24,0,"[[3, 4], [2, 5]]","[2, 5]",17,3.8197,0.7344,0,153.0,piece_count,2,midgame,False,0.0,0.0,False
33,25,1,"[[1, 6], [3, 4]]","[3, 4]",9,2.3081,0.0,0,153.0,piece_count,2,midgame,True,22.0,0.0,False
33,26,0,"[[6, 1], [5, 0]]","[5, 0]",22,5.739,0.6071,0,175.0,piece_count,2,midgame,False,0.0,0.0,False
33,27,1,"[[2, 1], [3, 2]]","[3, 2]",23,6.0906,0.6406,0,175.0,piece_count,2,midgame,False,0.0,0.0,False
33,28,0,"[[3, 0], [2, 1]]","[2, 1]",15,3.8435,0.7321,0,199.0,piece_count,2,midgame,False,0.0,0.0,False
33,29,1,"[[1, 2], [3, 0]]","[3, 0]",8,1.9555,0.0,0,199.0,piece_count,2,midgame,False,0.0,0.0,False
33,30,0,"[[7, 2], [6, 1]]","[6, 1]",20,4.1828,0.5833,0,212.0,piece_count,2,midgame,True,0,0.0,False
33,31,1,"[[1, 0], [2, 1]]","[2, 1]",21,5.1725,0.6719,0,212.0,piece_count,2,midgame,False,0.0,0.0,True
33,32,0,"[[7, 4], [6, 5]]","[6, 5]",16,3.8531,0.6,0,213.0,piece_count,2,midgame,False,0.0,0.0,False
33,33,1,"[[3, 4], [4, 3]]","[4, 3]",15,3.6578,0.6875,0,213.0,piece_count,2,midgame,False,0.0,0.0,True
33,34,0,"[[6, 5], [5, 6]]","[5, 6]",13,3.1221,0.4583,0,213.0,piece_count,2,midgame,False,0.0,0.0,False
33,35,1,"[[2, 3], [3, 4]]","[3, 4]",17,3.6616,0.6458,0,213.0,piece_count,2,midgame,True,0.0,0.0,True
33,36,0,"[[5, 6], [4, 7]]","[4, 7]",16,3.8755,0.6,0,213.0,piece_count,2,midgame,False,0.0,0.0,False
33,37,1,"[[3, 4], [4, 5]]","[4, 5]",16,3.9477,0.6667,0,213.0,piece_count,2,midgame,False,0.0,0.0,False
33,38,0,"[[4, 7], [3, 6]]","[3, 6]",13,3.1095,0.5938,0,213.0,piece_count,2,midgame,False,0.0,0.0,False
33,39,1,"[[4, 1], [5, 2]]","[5, 2]",14,3.3958,0.65,0,213.0,piece_count,2,midgame,False,0.0,0.0,True
33,40,0,"[[3, 6], [2, 5]]","[2, 5]",9,2.0599,0.7188,0,241.0,piece_count,2,midgame,True,0,0.0,False
33,41,1,"[[5, 2], [7, 0]]","[7, 0]",7,1.6201,0.125,0,241.0,piece_count,2,midgame,False,0.0,0.0,False
33,42,0,"[[2, 5], [1, 4]]","[1, 4]",18,3.4285,0.55,0,260.0,piece_count,2,midgame,False,0.0,0.0,False
33,43,1,"[[2, 7], [3, 6]]","[3, 6]",21,4.4959,0.6719,0,260.0,piece_count,2,midgame,False,0.0,0.0,False
33,44,0,"[[1, 4], [0, 3]]","[0, 3]",18,4.3135,0.55,0,260.0,piece_count,2,midgame,False,0.0,0.0,False
33,45,1,"[[3, 0], [4, 1]]","[4, 1]",20,4.8413,0.6875,0,260.0,piece_count,2,midgame,True,143.0,143.0,True
33,46,0,"[[0, 3], [1, 2]]","[1, 2]",16,3.7873,0.5,0,261.0,piece_count,2,midgame,False,0.0,0.0,False
33,47,1,"[[2, 1], [3, 0]]","[3, 0]",22,5.8277,0.6562,0,261.0,piece_count,2,midgame,False,0.0,0.0,True
33,48,0,"[[1, 2], [0, 1]]","[0, 1]",19,4.5252,0.6042,0,261.0,piece_count,2,midgame,False,0.0,0.0,True
33,49,1,"[[3, 6], [4, 7]]","[4, 7]",18,4.6749,0.6786,0,261.0,piece_count,2,midgame,False,0.0,0.0,True
33,50,0,"[[0, 1], [1, 0]]","[1, 0]",15,3.556,0.5312,0,291.0,piece_count,2,endgame,True,0,0.0,True
33,51,1,"[[4, 1], [5, 2]]","[5, 2]",19,4.6203,0.6607,0,291.0,piece_count,2,endgame,False,0.0,0.0,True
33,52,0,"[[1, 0], [0, 1]]","[0, 1]",19,4.8587,0.525,0,317.0,piece_count,2,endgame,False,0.0,0.0,False
33,53,1,"[[3, 0], [4, 1]]","[4, 1]",22,5.363,0.6944,0,317.0,piece_count,2,endgame,False,0.0,0.0,True
33,54,0,"[[0, 1], [1, 0]]","[1, 0]",15,3.5203,0.5312,0,318.0,piece_count,2,endgame,False,0.0,0.0,True
33,55,1,"[[4, 5], [5, 6]]","[5, 6]",18,2.8815,0.6786,0,318.0,piece_count,2,endgame,True,100.0,0.0,True
33,56,0,"[[1, 0], [0, 1]]","[0, 1]",15,1.9257,0.5312,0,418.0,piece_count,2,endgame,False,0.0,0.0,False
33,57,1,"[[5, 2], [6, 1]]","[6, 1]",18,2.3808,0.6786,0,418.0,piece_count,2,endgame,False,0.0,0.0,True
33,58,0,"[[0, 1], [1, 0]]","[1, 0]",26,3.3917,0.1875,0,418.0,piece_count,2,endgame,False,0.0,0.0,True
33,59,1,"[[6, 1], [7, 2]]","[7, 2]",22,3.1347,0.6071,0,418.0,piece_count,2,endgame,False,0.0,0.0,False
33,60,0,"[[1, 0], [0, 1]]","[0, 1]",17,4.0228,0.4688,0,444.0,piece_count,2,endgame,True,0,0.0,False
33,61,1,"[[4, 1], [5, 2]]","[5, 2]",23,5.6431,0.6806,0,444.0,piece_count,2,endgame,False,0.0,0.0,True
33,62,0,"[[0, 1], [1, 0]]","[1, 0]",20,4.7348,0.5,0,460.0,piece_count,2,endgame,False,0.0,0.0,True
33,63,1,"[[5, 2], [6, 1]]","[6, 1]",25,6.1057,0.6875,0,460.0,piece_count,2,endgame,False,0.0,0.0,True
33,64,0,"[[1, 0], [0, 1]]","[0, 1]",17,3.612,0.575,0,460.0,piece_count,2,endgame,False,0.0,0.0,False
33,65,1,"[[4, 3], [5, 2]]","[5, 2]",19,4.585,0.6607,0,460.0,piece_count,2,endgame,True,0.0,0.0,True
33,66,0,"[[0, 1], [1, 0]]","[1, 0]",18,4.2045,0.55,0,460.0,piece_count,2,endgame,False,0.0,0.0,True
33,67,1,"[[3, 2], [4, 3]]","[4, 3]",21,5.1816,0.6719,0,460.0,piece_count,2,endgame,False,0.0,0.0,False
33,68,0,"[[1, 0], [0, 1]]","[0, 1]",16,3.7773,0.6,0,604.0,piece_count,2,endgame,False,0.0,0.0,False
33,69,1,"[[5, 2], [6, 3]]","[6, 3]",17,4.1583,0.6458,0,604.0,piece_count,2,endgame,False,0.0,0.0,False
33,70,0,"[[0, 1], [1, 0]]","[1, 0]",26,6.3641,0.35,0,725.0,piece_count,2,endgame,False,0,0.0,True
33,71,1,"[[6, 3], [7, 4]]","[7, 4]",19,4.7092,0.525,0,725.0,piece_count,2,endgame,False,0.0,0.0,True
33,72,0,"[[1, 0], [0, 1]]","[0, 1]",18,4.251,0.55,0,725.0,piece_count,2,endgame,False,0.0,0.0,False
33,73,1,"[[4, 3], [5, 2]]","[5, 2]",21,5.1475,0.6719,0,725.0,piece_count,2,endgame,False,0.0,0.0,True
33,74,0,"[[0, 1], [1, 0]]","[1, 0]",18,3.8006,0.55,0,725.0,piece_count,2,endgame,False,0.0,0.0,True
33,75,1,"[[5, 2], [6, 3]]","[6, 3]",21,5.1787,0.6719,0,725.0,piece_count,2,endgame,True,144.0,0.0,False
33,76,0,"[[1, 0], [0, 1]]","[0, 1]",14,3.2289,0.65,0,869.0,piece_count,2,endgame,False,0.0,0.0,False
33,77,1,"[[5, 6], [6, 5]]","[6, 5]",12,2.8791,0.625,0,869.0,piece_count,2,endgame,False,0.0,0.0,True
33,78,0,"[[0, 1], [1, 0]]","[1, 0]",9,2.0392,0.7188,0,869.0,piece_count,2,endgame,False,0.0,0.0,True
33,79,1,"[[4, 7], [5, 6]]","[5, 6]",6,1.4086,0.25,0,869.0,piece_count,2,endgame,False,0.0,0.0,False
33,80,0,"[[1, 0], [0, 1]]","[0, 1]",9,2.0528,0.7188,0,869.0,piece_count,2,endgame,False,0,0.0,False
33,81,1,"[[5, 6], [6, 7]]","[6, 7]",5,1.1163,0.375,0,869.0,piece_count,2,endgame,False,0.0,0.0,False
33,82,0,"[[0, 1], [1, 0]]","[1, 0]",4,0.8624,0.8333,0,899.0,piece_count,2,endgame,False,0.0,0.0,True
34,0,0,"[[6, 1], [5, 0]]","[5, 0]",21,5.8012,0.625,0,0,piece_count,2,opening,False,0,0.0,False
34,1,1,"[[1, 0], [2, 1]]","[2, 1]",22,3.7501,0.6071,0,0,piece_count,2,opening,False,0.0,0.0,True
34,2,0,"[[5, 0], [4, 1]]","[4, 1]",24,4.1175,0.625,0,1.0,piece_count,2,opening,False,0.0,0.0,False
34,3,1,"[[0, 1], [1, 0]]","[1, 0]",25,4.6499,0.6094,0,1.0,piece_count,2,opening,False,0.0,0.0,True
34,4,0,"[[4, 1], [3, 0]]","[3, 0]",24,4.4537,0.6667,0,1.0,piece_count,2,opening,False,0.0,0.0,False
34,5,1,"[[1, 4], [2, 3]]","[2, 3]",19,3.2306,0.6042,0,1.0,piece_count,2,opening,False,0.0,0.0,True
34,6,0,"[[6, 3], [5, 2]]","[5, 2]",21,3.8741,0.625,0,1.0,piece_count,2,opening,False,0.0,0.0,False
34,7,1,"[[0, 3], [1, 4]]","[1, 4]",23,5.9426,0.5893,0,1.0,piece_count,2,opening,False,0.0,0.0,True
34,8,0,"[[5, 2], [4, 1]]","[4, 1]",24,7.4329,0.6667,0,1.0,piece_count,2,opening,False,0.0,0.0,False
34,9,1,"[[1, 4], [2, 5]]","[2, 5]",20,3.3464,0.5833,0,1.0,piece_count,2,opening,False,0.0,0.0,True
34,10,0,"[[6, 5], [5, 4]]","[5, 4]",24,4.0948,0.625,0,1.0,piece_count,2,opening,True,0,0.0,False
34,11,1,"[[0, 5], [1, 4]]","[1, 4]",24,4.2775,0.5714,0,1.0,piece_count,2,opening,False,0.0,0.0,True
34,12,0,"[[5, 4], [4, 3]]","[4, 3]",27,4.5626,0.6625,0,1.0,piece_count,2,opening,False,0.0,0.0,False
34,13,1,"[[1, 6], [2, 7]]","[2, 7]",22,3.6728,0.5417,0,1.0,piece_count,2,opening,False,0.0,0.0,True
34,14,0,"[[6, 7], [5, 6]]","[5, 6]",27,5.3525,0.6625,0,31.0,piece_count,2,opening,False,0.0,0.0,False
34,15,1,"[[0, 7], [1, 6]]","[1, 6]",26,7.8893,0.5357,0,31.0,piece_count,2,opening,True,0.0,0.0,True
34,16,0,"[[5, 6], [4, 5]]","[4, 5]",30,9.131,0.6875,0,31.0,piece_count,2,opening,False,0.0,0.0,False
34,17,1,"[[2, 5], [3, 6]]","[3, 6]",24,7.1633,0.5,0,31.0,piece_count,2,opening,False,0.0,0.0,False
34,18,0,"[[4, 1], [3, 2]]","[3, 2]",25,6.6326,0.7159,0,112.0,piece_count,2,opening,False,0.0,0.0,False
34,19,1,"[[3, 6], [5, 4]]","[5, 4]",21,4.8456,0.0,0,112.0,piece_count,2,opening,False,0.0,0.0,False
34,20,0,"[[7, 0], [6, 1]]","[6, 1]",19,2.9588,0.7031,0,139.0,piece_count,2,midgame,True,0,0.0,False
34,21,1,"[[2, 3], [4, 1]]","[4, 1]",11,1.6427,0.0,0,139.0,piece_count,2,midgame,False,0.0,0.0,False
34,22,0,"[[4, 3], [3, 4]]","[3, 4]",28,7.1738,0.6111,0,153.0,piece_count,2,midgame,False,0.0,0.0,False
34,23,1,"[[1, 4], [2, 3]]","[2, 3]",29,7.9019,0.6375,0,153.0,piece_count,2,midgame,False,0.0,0.0,True
34,24,0,"[[3, 4], [2, 5]]","[2, 5]",17,4.8594,0.7344,0,153.0,piece_count,2,midgame,False,0.0,0.0,False
34,25,1,"[[1, 6], [3, 4]]","[3, 4]",9,2.2969,0.0,0,153.0,piece_count,2,midgame,True,22.0,0.0,False
34,26,0,"[[6, 1], [5, 0]]","[5, 0]",22,4.9326,0.6071,0,175.0,piece_count,2,midgame,False,0.0,0.0,False
34,27,1,"[[2, 1], [3, 2]]","[3, 2]",23,5.3318,0.6406,0,175.0,piece_count,2,midgame,False,0.0,0.0,False
34,28,0,"[[3, 0], [2, 1]]","[2, 1]",15,3.8278,0.7321,0,199.0,piece_count,2,midgame,False,0.0,0.0,False
34,29,1,"[[1, 2], [3, 0]]","[3, 0]",8,1.9474,0.0,0,199.0,piece_count,2,midgame,False,0.0,0.0,False
34,30,0,"[[7, 2], [6, 1]]","[6, 1]",20,5.1095,0.5833,0,212.0,piece_count,2,midgame,True,0,0.0,False
34,31,1,"[[1, 0], [2, 1]]","[2, 1]",21,5.1644,0.6719,0,212.0,piece_count,2,midgame,False,0.0,0.0,True
34,32,0,"[[7, 4], [6, 5]]","[6, 5]",16,3.355,0.6,0,213.0,piece_count,2,midgame,False,0.0,0.0,False
34,33,1,"[[3, 4], [4, 3]]","[4, 3]",15,3.7427,0.6875,0,213.0,piece_count,2,midgame,False,0.0,0.0,True
34,34,0,"[[6, 5], [5, 6]]","[5, 6]",13,3.1095,0.4583,0,213.0,piece_count,2,midgame,False,0.0,0.0,False
34,35,1,"[[2, 3], [3, 4]]","[3, 4]",17,4.205,0.6458,0,213.0,piece_count,2,midgame,True,0.0,0.0,True
34,36,0,"[[5, 6], [4, 7]]","[4, 7]",16,3.9349,0.6,0,213.0,piece_count,2,midgame,False,0.0,0.0,False
34,37,1,"[[3, 4], [4, 5]]","[4, 5]",16,3.9043,0.6667,0,213.0,piece_count,2,midgame,False,0.0,0.0,False
34,38,0,"[[4, 7], [3, 6]]","[3, 6]",13,2.5795,0.5938,0,213.0,piece_count,2,midgame,False,0.0,0.0,False
34,39,1,"[[4, 1], [5, 2]]","[5, 2]",14,3.8044,0.65,0,213.0,piece_count,2,midgame,False,0.0,0.0,True
34,40,0,"[[3, 6], [2, 5]]","[2, 5]",9,2.0609,0.7188,0,241.0,piece_count,2,midgame,True,0,0.0,False
34,41,1,"[[5, 2], [7, 0]]","[7, 0]",7,1.5957,0.125,0,241.0,piece_count,2,midgame,False,0.0,0.0,False
34,42,0,"[[2, 5], [1, 4]]","[1, 4]",18,4.1893,0.55,0,260.0,piece_count,2,midgame,False,0.0,0.0,False
34,43,1,"[[2, 7], [3, 6]]","[3, 6]",21,5.1234,0.6719,0,260.0,piece_count,2,midgame,False,0.0,0.0,False
34,44,0,"[[1, 4], [0, 3]]","[0, 3]",18,4.2257,0.55,0,260.0,piece_count,2,midgame,False,0.0,0.0,False
34,45,1,"[[3, 0], [4, 1]]","[4, 1]",20,3.8021,0.6875,0,260.0,piece_count,2,midgame,True,143.0,143.0,True
34,46,0,"[[0, 3], [1, 2]]","[1, 2]",16,3.7956,0.5,0,261.0,piece_count,2,midgame,False,0.0,0.0,False
34,47,1,"[[2, 1], [3, 0]]","[3, 0]",22,5.3637,0.6562,0,261.0,piece_count,2,midgame,False,0.0,0.0,True
34,48,0,"[[1, 2], [0, 1]]","[0, 1]",19,4.6635,0.6042,0,261.0,piece_count,2,midgame,False,0.0,0.0,True
34,49,1,"[[3, 6], [4, 7]]","[4, 7]",18,4.3404,0.6786,0,261.0,piece_count,2,midgame,False,0.0,0.0,True
34,50,0,"[[0, 1], [1, 0]]","[1, 0]",15,2.7528,0.5312,0,291.0,piece_count,2,endgame,True,0,0.0,True
34,51,1,"[[4, 1], [5, 2]]","[5, 2]",19,4.7135,0.6607,0,291.0,piece_count,2,endgame,False,0.0,0.0,True
34,52,0,"[[1, 0], [0, 1]]","[0, 1]",19,4.4677,0.525,0,317.0,piece_count,2,endgame,False,0.0,0.0,False
34,53,1,"[[3, 0], [4, 1]]","[4, 1]",22,5.3418,0.6944,0,317.0,piece_count,2,endgame,False,0.0,0.0,True
34,54,0,"[[0, 1], [1, 0]]","[1, 0]",15,3.4976,0.5312,0,318.0,piece_count,2,endgame,False,0.0,0.0,True
34,55,1,"[[4, 5], [5, 6]]","[5, 6]",18,4.1773,0.6786,0,318.0,piece_count,2,endgame,True,100.0,0.0,True
34,56,0,"[[1, 0], [0, 1]]","[0, 1]",15,3.4456,0.5312,0,418.0,piece_count,2,endgame,False,0.0,0.0,False
34,57,1,"[[5, 2], [6, 1]]","[6, 1]",18,3.9749,0.6786,0,418.0,piece_count,2,endgame,False,0.0,0.0,True
34,58,0,"[[0, 1], [1, 0]]","[1, 0]",26,6.1343,0.1875,0,418.0,piece_count,2,endgame,False,0.0,0.0,True
34,59,1,"[[6, 1], [7, 2]]","[7, 2]",22,5.563,0.6071,0,418.0,piece_count,2,endgame,False,0.0,0.0,False
34,60,0,"[[1, 0], [0, 1]]","[0, 1]",17,3.9968,0.4688,0,444.0,piece_count,2,endgame,True,0,0.0,False
34,61,1,"[[4, 1], [5, 2]]","[5, 2]",23,5.599,0.6806,0,444.0,piece_count,2,endgame,False,0.0,0.0,True
34,62,0,"[[0, 1], [1, 0]]","[1, 0]",20,4.7674,0.5,0,460.0,piece_count,2,endgame,False,0.0,0.0,True
34,63,1,"[[5, 2], [6, 1]]","[6, 1]",25,6.0883,0.6875,0,460.0,piece_count,2,endgame,False,0.0,0.0,True
34,64,0,"[[1, 0], [0, 1]]","[0, 1]",17,3.9599,0.575,0,460.0,piece_count,2,endgame,False,0.0,0.0,False
34,65,1,"[[4, 3], [5, 2]]","[5, 2]",19,2.506,0.6607,0,460.0,piece_count,2,endgame,True,0.0,0.0,True
34,66,0,"[[0, 1], [1, 0]]","[1, 0]",18,2.3086,0.55,0,460.0,piece_count,2,endgame,False,0.0,0.0,True
34,67,1,"[[3, 2], [4, 3]]","[4, 3]",21,2.7955,0.6719,0,460.0,piece_count,2,endgame,False,0.0,0.0,False
34,68,0,"[[1, 0], [0, 1]]","[0, 1]",16,2.0709,0.6,0,604.0,piece_count,2,endgame,False,0.0,0.0,False
34,69,1,"[[5, 2], [6, 3]]","[6, 3]",17,3.1984,0.6458,0,604.0,piece_count,2,endgame,False,0.0,0.0,False
34,70,0,"[[0, 1], [1, 0]]","[1, 0]",26,6.1636,0.35,0,725.0,piece_count,2,endgame,False,0,0.0,True
34,71,1,"[[6, 3], [7, 4]]","[7, 4]",19,4.6821,0.525,0,725.0,piece_count,2,endgame,False,0.0,0.0,True
34,72,0,"[[1, 0], [0, 1]]","[0, 1]",18,3.7589,0.55,0,725.0,piece_count,2,endgame,False,0.0,0.0,False
34,73,1,"[[4, 3], [5, 2]]","[5, 2]",21,5.1556,0.6719,0,725.0,piece_count,2,endgame,False,0.0,0.0,True
34,74,0,"[[0, 1], [1, 0]]","[1, 0]",18,4.2512,0.55,0,725.0,piece_count,2,endgame,False,0.0,0.0,True
34,75,1,"[[5, 2], [6, 3]]","[6, 3]",21,5.1405,0.6719,0,725.0,piece_count,2,endgame,True,144.0,0.0,False
34,76,0,"[[1, 0], [0, 1]]","[0, 1]",14,3.2227,0.65,0,869.0,piece_count,2,endgame,False,0.0,0.0,False
34,77,1,"[[5, 6], [6, 5]]","[6, 5]",12,2.8841,0.625,0,869.0,piece_count,2,endgame,False,0.0,0.0,True
34,78,0,"[[0, 1], [1, 0]]","[1, 0]",9,1.7133,0.7188,0,869.0,piece_count,2,endgame,False,0.0,0.0,True
34,79,1,"[[4, 7], [5, 6]]","[5, 6]",6,1.3599,0.25,0,869.0,piece_count,2,endgame,False,0.0,0.0,False
34,80,0,"[[1, 0], [0, 1]]","[0, 1]",9,2.0413,0.7188,0,869.0,piece_count,2,endgame,False,0,0.0,False
34,81,1,"[[5, 6], [6, 7]]","[6, 7]",5,1.1139,0.375,0,869.0,piece_count,2,endgame,False,0.0,0.0,False
34,82,0,"[[0, 1], [1, 0]]","[1, 0]",4,0.8581,0.8333,0,899.0,piece_count,2,endgame,False,0.0,0.0,True
35,0,0,"[[6, 1], [5, 0]]","[5, 0]",21,6.5801,0.625,0,0,piece_count,2,opening,False,0,0.0,False
35,1,1,"[[1, 0], [2, 1]]","[2, 1]",22,6.7899,0.6071,0,0,piece_count,2,opening,False,0.0,0.0,True
35,2,0,"[[5, 0], [4, 1]]","[4, 1]",24,6.671,0.625,0,1.0,piece_count,2,opening,False,0.0,0.0,False
35,3,1,"[[0, 1], [1, 0]]","[1, 0]",25,7.7062,0.6094,0,1.0,piece_count,2,opening,False,0.0,0.0,True
35,4,0,"[[4, 1], [3, 0]]","[3, 0]",24,4.2982,0.6667,0,1.0,piece_count,2,opening,False,0.0,0.0,False
35,5,1,"[[1, 4], [2, 3]]","[2, 3]",19,3.1645,0.6042,0,1.0,piece_count,2,opening,False,0.0,0.0,True
35,6,0,"[[6, 3], [5, 2]]","[5, 2]",21,3.5501,0.625,0,1.0,piece_count,2,opening,False,0.0,0.0,False
35,7,1,"[[0, 3], [1, 4]]","[1, 4]",23,3.871,0.5893,0,1.0,piece_count,2,opening,False,0.0,0.0,True
35,8,0,"[[5, 2], [4, 1]]","[4, 1]",24,4.0901,0.6667,0,1.0,piece_count,2,opening,False,0.0,0.0,False
35,9,1,"[[1, 4], [2, 5]]","[2, 5]",20,3.3052,0.5833,0,1.0,piece_count,2,opening,False,0.0,0.0,True
35,10,0,"[[6, 5], [5, 4]]","[5, 4]",24,4.5934,0.625,0,1.0,piece_count,2,opening,True,0,0.0,False
35,11,1,"[[0, 5], [1, 4]]","[1, 4]",24,4.0495,0.5714,0,1.0,piece_count,2,opening,False,0.0,0.0,True
35,12,0,"[[5, 4], [4, 3]]","[4, 3]",27,4.5879,0.6625,0,1.0,piece_count,2,opening,False,0.0,0.0,False
35,13,1,"[[1, 6], [2, 7]]","[2, 7]",22,4.1196,0.5417,0,1.0,piece_count,2,opening,False,0.0,0.0,True
35,14,0,"[[6, 7], [5, 6]]","[5, 6]",27,4.549,0.6625,0,31.0,piece_count,2,opening,False,0.0,0.0,False
35,15,1,"[[0, 7], [1, 6]]","[1, 6]",26,4.3175,0.5357,0,31.0,piece_count,2,opening,True,0.0,0.0,True
35,16,0,"[[5, 6], [4, 5]]","[4, 5]",30,8.708,0.6875,0,31.0,piece_count,2,opening,False,0.0,0.0,False
35,17,1,"[[2, 5], [3, 6]]","[3, 6]",24,7.0844,0.5,0,31.0,piece_count,2,opening,False,0.0,0.0,False
35,18,0,"[[4, 1], [3, 2]]","[3, 2]",25,7.3647,0.7159,0,112.0,piece_count,2,opening,False,0.0,0.0,False
35,19,1,"[[3, 6], [5, 4]]","[5, 4]",21,5.2953,0.0,0,112.0,piece_count,2,opening,False,0.0,0.0,False
35,20,0,"[[7, 0], [6, 1]]","[6, 1]",19,4.6611,0.7031,0,139.0,piece_count,2,midgame,True,0,0.0,False
35,21,1,"[[2, 3], [4, 1]]","[4, 1]",11,2.9628,0.0,0,139.0,piece_count,2,midgame,False,0.0,0.0,False
35,22,0,"[[4, 3], [3, 4]]","[3, 4]",28,7.7004,0.6111,0,153.0,piece_count,2,midgame,False,0.0,0.0,False
35,23,1,"[[1, 4], [2, 3]]","[2, 3]",29,7.6363,0.6375,0,153.0,piece_count,2,midgame,False,0.0,0.0,True
35,24,0,"[[3, 4], [2, 5]]","[2, 5]",17,2.4772,0.7344,0,153.0,piece_count,2,midgame,False,0.0,0.0,False
35,25,1,"[[1, 6], [3, 4]]","[3, 4]",9,1.2763,0.0,0,153.0,piece_count,2,midgame,True,22.0,0.0,False
35,26,0,"[[6, 1], [5, 0]]","[5, 0]",22,3.1774,0.6071,0,175.0,piece_count,2,midgame,False,0.0,0.0,False
35,27,1,"[[2, 1], [3, 2]]","[3, 2]",23,3.3538,0.6406,0,175.0,piece_count,2,midgame,False,0.0,0.0,False
35,28,0,"[[3, 0], [2, 1]]","[2, 1]",15,3.8183,0.7321,0,199.0,piece_count,2,midgame,False,0.0,0.0,False
35,29,1,"[[1, 2], [3, 0]]","[3, 0]",8,1.9455,0.0,0,199.0,piece_count,2,midgame,False,0.0,0.0,False
35,30,0,"[[7, 2], [6, 1]]","[6, 1]",20,4.9381,0.5833,0,212.0,piece_count,2,midgame,True,0,0.0,False
35,31,1,"[[1, 0], [2, 1]]","[2, 1]",21,4.705,0.6719,0,212.0,piece_count,2,midgame,False,0.0,0.0,True
35,32,0,"[[7, 4], [6, 5]]","[6, 5]",16,3.8724,0.6,0,213.0,piece_count,2,midgame,False,0.0,0.0,False
35,33,1,"[[3, 4], [4, 3]]","[4, 3]",15,3.6612,0.6875,0,213.0,piece_count,2,midgame,False,0.0,0.0,True
35,34,0,"[[6, 5], [5, 6]]","[5, 6]",13,3.1099,0.4583,0,213.0,piece_count,2,midgame,False,0.0,0.0,False
35,35,1,"[[2, 3], [3, 4]]","[3, 4]",17,4.1797,0.6458,0,213.0,piece_count,2,midgame,True,0.0,0.0,True
35,36,0,"[[5, 6], [4, 7]]","[4, 7]",16,3.2279,0.6,0,213.0,piece_count,2,midgame,False,0.0,0.0,False
35,37,1,"[[3, 4], [4, 5]]","[4, 5]",16,3.7417,0.6667,0,213.0,piece_count,2,midgame,False,0.0,0.0,False
35,38,0,"[[4, 7], [3, 6]]","[3, 6]",13,3.1152,0.5938,0,213.0,piece_count,2,midgame,False,0.0,0.0,False
35,39,1,"[[4, 1], [5, 2]]","[5, 2]",14,3.413,0.65,0,213.0,piece_count,2,midgame,False,0.0,0.0,True
35,40,0,"[[3, 6], [2, 5]]","[2, 5]",9,2.0578,0.7188,0,241.0,piece_count,2,midgame,True,0,0.0,False
35,41,1,"[[5, 2], [7, 0]]","[7, 0]",7,1.6077,0.125,0,241.0,piece_count,2,midgame,False,0.0,0.0,False
35,42,0,"[[2, 5], [1, 4]]","[1, 4]",18,4.2176,0.55,0,260.0,piece_count,2,midgame,False,0.0,0.0,False
35,43,1,"[[2, 7], [3, 6]]","[3, 6]",21,5.0812,0.6719,0,260.0,piece_count,2,midgame,False,0.0,0.0,False
35,44,0,"[[1, 4], [0, 3]]","[0, 3]",18,3.4583,0.55,0,260.0,piece_count,2,midgame,False,0.0,0.0,False
35,45,1,"[[3, 0], [4, 1]]","[4, 1]",20,4.8337,0.6875,0,260.0,piece_count,2,midgame,True,143.0,143.0,True
35,46,0,"[[0, 3], [1, 2]]","[1, 2]",16,3.7744,0.5,0,261.0,piece_count,2,midgame,False,0.0,0.0,False
35,47,1,"[[2, 1], [3, 0]]","[3, 0]",22,5.3608,0.6562,0,261.0,piece_count,2,midgame,False,0.0,0.0,True
35,48,0,"[[1, 2], [0, 1]]","[0, 1]",19,4.5228,0.6042,0,261.0,piece_count,2,midgame,False,0.0,0.0,True
35,49,1,"[[3, 6], [4, 7]]","[4, 7]",18,3.6564,0.6786,0,261.0,piece_count,2,midgame,False,0.0,0.0,True
35,50,0,"[[0, 1], [1, 0]]","[1, 0]",15,3.5231,0.5312,0,291.0,piece_count,2,endgame,True,0,0.0,True
35,51,1,"[[4, 1], [5, 2]]","[5, 2]",19,4.6713,0.6607,0,291.0,piece_count,2,endgame,False,0.0,0.0,True
35,52,0,"[[1, 0], [0, 1]]","[0, 1]",19,4.703,0.525,0,317.0,piece_count,2,endgame,False,0.0,0.0,False
35,53,1,"[[3, 0], [4, 1]]","[4, 1]",22,5.3415,0.6944,0,317.0,piece_count,2,endgame,False,0.0,0.0,True
35,54,0,"[[0, 1], [1, 0]]","[1, 0]",15,3.4957,0.5312,0,318.0,piece_count,2,endgame,False,0.0,0.0,True
35,55,1,"[[4, 5], [5, 6]]","[5, 6]",18,3.2156,0.6786,0,318.0,piece_count,2,endgame,True,100.0,0.0,True
35,56,0,"[[1, 0], [0, 1]]","[0, 1]",15,3.5021,0.5312,0,418.0,piece_count,2,endgame,False,0.0,0.0,False
35,57,1,"[[5, 2], [6, 1]]","[6, 1]",18,4.3335,0.6786,0,418.0,piece_count,2,endgame,False,0.0,0.0,True
35,58,0,"[[0, 1], [1, 0]]","[1, 0]",26,6.2368,0.1875,0,418.0,piece_count,2,endgame,False,0.0,0.0,True
35,59,1,"[[6, 1], [7, 2]]","[7, 2]",22,5.3737,0.6071,0,418.0,piece_count,2,endgame,False,0.0,0.0,False
35,60,0,"[[1, 0], [0, 1]]","[0, 1]",17,3.221,0.4688,0,444.0,piece_count,2,endgame,True,0,0.0,False
35,61,1,"[[4, 1], [5, 2]]","[5, 2]",23,5.6024,0.6806,0,444.0,piece_count,2,endgame,False,0.0,0.0,True
35,62,0,"[[0, 1], [1, 0]]","[1, 0]",20,4.6828,0.5,0,460.0,piece_count,2,endgame,False,0.0,0.0,True
35,63,1,"[[5, 2], [6, 1]]","[6, 1]",25,6.2544,0.6875,0,460.0,piece_count,2,endgame,False,0.0,0.0,True
35,64,0,"[[1, 0], [0, 1]]","[0, 1]",17,3.9482,0.575,0,460.0,piece_count,2,endgame,False,0.0,0.0,False
35,65,1,"[[4, 3], [5, 2]]","[5, 2]",19,4.5786,0.6607,0,460.0,piece_count,2,endgame,True,0.0,0.0,True
35,66,0,"[[0, 1], [1, 0]]","[1, 0]",18,5.3942,0.55,0,460.0,piece_count,2,endgame,False,0.0,0.0,True
35,67,1,"[[3, 2], [4, 3]]","[4, 3]",21,4.6842,0.6719,0,460.0,piece_count,2,endgame,False,0.0,0.0,False
35,68,0,"[[1, 0], [0, 1]]","[0, 1]",16,3.8149,0.6,0,604.0,piece_count,2,endgame,False,0.0,0.0,False
35,69,1,"[[5, 2], [6, 3]]","[6, 3]",17,4.1425,0.6458,0,604.0,piece_count,2,endgame,False,0.0,0.0,False
35,70,0,"[[0, 1], [1, 0]]","[1, 0]",26,5.4133,0.35,0,725.0,piece_count,2,endgame,False,0,0.0,True
35,71,1,"[[6, 3], [7, 4]]","[7, 4]",19,4.756,0.525,0,725.0,piece_count,2,endgame,False,0.0,0.0,True
35,72,0,"[[1, 0], [0, 1]]","[0, 1]",18,4.2555,0.55,0,725.0,piece_count,2,endgame,False,0.0,0.0,False
35,73,1,"[[4, 3], [5, 2]]","[5, 2]",21,5.1513,0.6719,0,725.0,piece_count,2,endgame,False,0.0,0.0,True
35,74,0,"[[0, 1], [1, 0]]","[1, 0]",18,4.2713,0.55,0,725.0,piece_count,2,endgame,False,0.0,0.0,True
35,75,1,"[[5, 2], [6, 3]]","[6, 3]",21,4.458,0.6719,0,725.0,piece_count,2,endgame,True,144.0,0.0,False
35,76,0,"[[1, 0], [0, 1]]","[0, 1]",14,2.8517,0.65,0,869.0,piece_count,2,endgame,False,0.0,0.0,False
35,77,1,"[[5, 6], [6, 5]]","[6, 5]",12,2.8868,0.625,0,869.0,piece_count,2,endgame,False,0.0,0.0,True
35,78,0,"[[0, 1], [1, 0]]","[1, 0]",9,2.0425,0.7188,0,869.0,piece_count,2,endgame,False,0.0,0.0,True
35,79,1,"[[4, 7], [5, 6]]","[5, 6]",6,1.3921,0.25,0,869.0,piece_count,2,endgame,False,0.0,0.0,False
35,80,0,"[[1, 0], [0, 1]]","[0, 1]",9,2.0514,0.7188,0,869.0,piece_count,2,endgame,False,0,0.0,False
35,81,1,"[[5, 6], [6, 7]]","[6, 7]",5,1.1232,0.375,0,869.0,piece_count,2,endgame,False,0.0,0.0,False
35,82,0,"[[0, 1], [1, 0]]","[1, 0]",4,0.8628,0.8333,0,899.0,piece_count,2,endgame,False,0.0,0.0,True
36,0,0,"[[6, 1], [5, 0]]","[5, 0]",21,5.7204,0.625,0,0,piece_count,2,opening,False,0,0.0,False
36,1,1,"[[1, 0], [2, 1]]","[2, 1]",22,6.8166,0.6071,0,0,piece_count,2,opening,False,0.0,0.0,True
36,2,0,"[[5, 0], [4, 1]]","[4, 1]",24,7.4313,0.625,0,1.0,piece_count,2,opening,False,0.0,0.0,False
36,3,1,"[[0, 1], [1, 0]]","[1, 0]",25,7.396,0.6094,0,1.0,piece_count,2,opening,False,0.0,0.0,True
36,4,0,"[[4, 1], [3, 0]]","[3, 0]",24,7.4108,0.6667,0,1.0,piece_count,2,opening,False,0.0,0.0,False
36,5,1,"[[1, 4], [2, 3]]","[2, 3]",19,5.0728,0.6042,0,1.0,piece_count,2,opening,False,0.0,0.0,True
36,6,0,"[[6, 3], [5, 2]]","[5, 2]",21,6.4867,0.625,0,1.0,piece_count,2,opening,False,0.0,0.0,False
36,7,1,"[[0, 3], [1, 4]]","[1, 4]",23,6.3274,0.5893,0,1.0,piece_count,2,opening,False,0.0,0.0,True
36,8,0,"[[5, 2], [4, 1]]","[4, 1]",24,7.4215,0.6667,0,1.0,piece_count,2,opening,False,0.0,0.0,False
36,9,1,"[[1, 4], [2, 5]]","[2, 5]",20,6.0682,0.5833,0,1.0,piece_count,2,opening,False,0.0,0.0,True
36,10,0,"[[6, 5], [5, 4]]","[5, 4]",24,7.4697,0.625,0,1.0,piece_count,2,opening,True,0,0.0,False
36,11,1,"[[0, 5], [1, 4]]","[1, 4]",24,7.3383,0.5714,0,1.0,piece_count,2,opening,False,0.0,0.0,True
36,12,0,"[[5, 4], [4, 3]]","[4, 3]",27,8.3628,0.6625,0,1.0,piece_count,2,opening,False,0.0,0.0,False
36,13,1,"[[1, 6], [2, 7]]","[2, 7]",22,6.6354,0.5417,0,1.0,piece_count,2,opening,False,0.0,0.0,True
36,14,0,"[[6, 7], [5, 6]]","[5, 6]",27,8.2529,0.6625,0,31.0,piece_count,2,opening,False,0.0,0.0,False
36,15,1,"[[0, 7], [1, 6]]","[1, 6]",26,7.4196,0.5357,0,31.0,piece_count,2,opening,True,0.0,0.0,True
36,16,0,"[[5, 6], [4, 5]]","[4, 5]",30,9.0008,0.6875,0,31.0,piece_count,2,opening,False,0.0,0.0,False
36,17,1,"[[2, 5], [3, 6]]","[3, 6]",24,7.0837,0.5,0,31.0,piece_count,2,opening,False,0.0,0.0,False
36,18,0,"[[4, 1], [3, 2]]","[3, 2]",25,7.5285,0.7159,0,112.0,piece_count,2,opening,False,0.0,0.0,False
36,19,1,"[[3, 6], [5, 4]]","[5, 4]",21,5.9683,0.0,0,112.0,piece_count,2,opening,False,0.0,0.0,False
36,20,0,"[[7, 0], [6, 1]]","[6, 1]",19,4.6043,0.7031,0,139.0,piece_count,2,midgame,True,0,0.0,False
36,21,1,"[[2, 3], [4, 1]]","[4, 1]",11,2.9814,0.0,0,139.0,piece_count,2,midgame,False,0.0,0.0,False
36,22,0,"[[4, 3], [3, 4]]","[3, 4]",28,7.6582,0.6111,0,153.0,piece_count,2,midgame,False,0.0,0.0,False
36,23,1,"[[1, 4], [2, 3]]","[2, 3]",29,7.9477,0.6375,0,153.0,piece_count,2,midgame,False,0.0,0.0,True
36,24,0,"[[3, 4], [2, 5]]","[2, 5]",17,3.8652,0.7344,0,153.0,piece_count,2,midgame,False,0.0,0.0,False
36,25,1,"[[1, 6], [3, 4]]","[3, 4]",9,2.2981,0.0,0,153.0,piece_count,2,midgame,True,22.0,0.0,False
36,26,0,"[[6, 1], [5, 0]]","[5, 0]",22,5.6999,0.6071,0,175.0,piece_count,2,midgame,False,0.0,0.0,False
36,27,1,"[[2, 1], [3, 2]]","[3, 2]",23,6.3062,0.6406,0,175.0,piece_count,2,midgame,False,0.0,0.0,False
36,28,0,"[[3, 0], [2, 1]]","[2, 1]",15,3.8273,0.7321,0,199.0,piece_count,2,midgame,False,0.0,0.0,False
36,29,1,"[[1, 2], [3, 0]]","[3, 0]",8,1.4925,0.0,0,199.0,piece_count,2,midgame,False,0.0,0.0,False
36,30,0,"[[7, 2], [6, 1]]","[6, 1]",20,4.9684,0.5833,0,212.0,piece_count,2,midgame,True,0,0.0,False
36,31,1,"[[1, 0], [2, 1]]","[2, 1]",21,5.1441,0.6719,0,212.0,piece_count,2,midgame,False,0.0,0.0,True
36,32,0,"[[7, 4], [6, 5]]","[6, 5]",16,3.8569,0.6,0,213.0,piece_count,2,midgame,False,0.0,0.0,False
36,33,1,"[[3, 4], [4, 3]]","[4, 3]",15,3.69,0.6875,0,213.0,piece_count,2,midgame,False,0.0,0.0,True
36,34,0,"[[6, 5], [5, 6]]","[5, 6]",13,3.1044,0.4583,0,213.0,piece_count,2,midgame,False,0.0,0.0,False
36,35,1,"[[2, 3], [3, 4]]","[3, 4]",17,3.706,0.6458,0,213.0,piece_count,2,midgame,True,0.0,0.0,True
36,36,0,"[[5, 6], [4, 7]]","[4, 7]",16,3.5412,0.6,0,213.0,piece_count,2,midgame,False,0.0,0.0,False
36,37,1,"[[3, 4], [4, 5]]","[4, 5]",16,2.147,0.6667,0,213.0,piece_count,2,midgame,False,0.0,0.0,False
36,38,0,"[[4, 7], [3, 6]]","[3, 6]",13,1.7142,0.5938,0,213.0,piece_count,2,midgame,False,0.0,0.0,False
36,39,1,"[[4, 1], [5, 2]]","[5, 2]",14,1.8795,0.65,0,213.0,piece_count,2,midgame,False,0.0,0.0,True
36,40,0,"[[3, 6], [2, 5]]","[2, 5]",9,1.1368,0.7188,0,241.0,piece_count,2,midgame,True,0,0.0,False
36,41,1,"[[5, 2], [7, 0]]","[7, 0]",7,0.8745,0.125,0,241.0,piece_count,2,midgame,False,0.0,0.0,False
36,42,0,"[[2, 5], [1, 4]]","[1, 4]",18,2.4207,0.55,0,260.0,piece_count,2,midgame,False,0.0,0.0,False
36,43,1,"[[2, 7], [3, 6]]","[3, 6]",21,5.0426,0.6719,0,260.0,piece_count,2,midgame,False,0.0,0.0,False
36,44,0,"[[1, 4], [0, 3]]","[0, 3]",18,4.2045,0.55,0,260.0,piece_count,2,midgame,False,0.0,0.0,False
36,45,1,"[[3, 0], [4, 1]]","[4, 1]",20,5.1005,0.6875,0,260.0,piece_count,2,midgame,True,143.0,143.0,True
36,46,0,"[[0, 3], [1, 2]]","[1, 2]",16,3.7851,0.5,0,261.0,piece_count,2,midgame,False,0.0,0.0,False
36,47,1,"[[2, 1], [3, 0]]","[3, 0]",22,5.3968,0.6562,0,261.0,piece_count,2,midgame,False,0.0,0.0,True
36,48,0,"[[1, 2], [0, 1]]","[0, 1]",19,4.4897,0.6042,0,261.0,piece_count,2,midgame,False,0.0,0.0,True
36,49,1,"[[3, 6], [4, 7]]","[4, 7]",18,4.1893,0.6786,0,261.0,piece_count,2,midgame,False,0.0,0.0,True
36,50,0,"[[0, 1], [1, 0]]","[1, 0]",15,3.6199,0.5312,0,291.0,piece_count,2,endgame,True,0,0.0,True
36,51,1,"[[4, 1], [5, 2]]","[5, 2]",19,4.6141,0.6607,0,291.0,piece_count,2,endgame,False,0.0,0.0,True
36,52,0,"[[1, 0], [0, 1]]","[0, 1]",19,4.4789,0.525,0,317.0,piece_count,2,endgame,False,0.0,0.0,False
36,53,1,"[[3, 0], [4, 1]]","[4, 1]",22,5.3995,0.6944,0,317.0,piece_count,2,endgame,False,0.0,0.0,True
36,54,0,"[[0, 1], [1, 0]]","[1, 0]",15,2.4853,0.5312,0,318.0,piece_count,2,endgame,False,0.0,0.0,True
36,55,1,"[[4, 5], [5, 6]]","[5, 6]",18,4.2379,0.6786,0,318.0,piece_count,2,endgame,True,100.0,0.0,True
36,56,0,"[[1, 0], [0, 1]]","[0, 1]",15,3.5968,0.5312,0,418.0,piece_count,2,endgame,False,0.0,0.0,False
36,57,1,"[[5, 2], [6, 1]]","[6, 1]",18,4.3578,0.6786,0,418.0,piece_count,2,endgame,False,0.0,0.0,True
36,58,0,"[[0, 1], [1, 0]]","[1, 0]",26,6.1615,0.1875,0,418.0,piece_count,2,endgame,False,0.0,0.0,True
36,59,1,"[[6, 1], [7, 2]]","[7, 2]",22,4.8301,0.6071,0,418.0,piece_count,2,endgame,False,0.0,0.0,False
36,60,0,"[[1, 0], [0, 1]]","[0, 1]",17,4.0052,0.4688,0,444.0,piece_count,2,endgame,True,0,0.0,False
36,61,1,"[[4, 1], [5, 2]]","[5, 2]",23,5.6088,0.6806,0,444.0,piece_count,2,endgame,False,0.0,0.0,True
36,62,0,"[[0, 1], [1, 0]]","[1, 0]",20,4.7016,0.5,0,460.0,piece_count,2,endgame,False,0.0,0.0,True
36,63,1,"[[5, 2], [6, 1]]","[6, 1]",25,6.0968,0.6875,0,460.0,piece_count,2,endgame,False,0.0,0.0,True
36,64,0,"[[1, 0], [0, 1]]","[0, 1]",17,2.2049,0.575,0,460.0,piece_count,2,endgame,False,0.0,0.0,False
36,65,1,"[[4, 3], [5, 2]]","[5, 2]",19,2.5177,0.6607,0,460.0,piece_count,2,endgame,True,0.0,0.0,True
36,66,0,"[[0, 1], [1, 0]]","[1, 0]",18,2.2993,0.55,0,460.0,piece_count,2,endgame,False,0.0,0.0,True
36,67,1,"[[3, 2], [4, 3]]","[4, 3]",21,2.81,0.6719,0,460.0,piece_count,2,endgame,False,0.0,0.0,False
36,68,0,"[[1, 0], [0, 1]]","[0, 1]",16,2.4424,0.6,0,604.0,piece_count,2,endgame,False,0.0,0.0,False
36,69,1,"[[5, 2], [6, 3]]","[6, 3]",17,2.2745,0.6458,0,604.0,piece_count,2,endgame,False,0.0,0.0,False
36,70,0,"[[0, 1], [1, 0]]","[1, 0]",26,3.4924,0.35,0,725.0,piece_count,2,endgame,False,0,0.0,True
36,71,1,"[[6, 3], [7, 4]]","[7, 4]",19,4.7219,0.525,0,725.0,piece_count,2,endgame,False,0.0,0.0,True
36,72,0,"[[1, 0], [0, 1]]","[0, 1]",18,3.1404,0.55,0,725.0,piece_count,2,endgame,False,0.0,0.0,False
36,73,1,"[[4, 3], [5, 2]]","[5, 2]",21,2.8417,0.6719,0,725.0,piece_count,2,endgame,False,0.0,0.0,True
36,74,0,"[[0, 1], [1, 0]]","[1, 0]",18,2.3432,0.55,0,725.0,piece_count,2,endgame,False,0.0,0.0,True
36,75,1,"[[5, 2], [6, 3]]","[6, 3]",21,2.8431,0.6719,0,725.0,piece_count,2,endgame,True,144.0,0.0,False
36,76,0,"[[1, 0], [0, 1]]","[0, 1]",14,1.7896,0.65,0,869.0,piece_count,2,endgame,False,0.0,0.0,False
36,77,1,"[[5, 6], [6, 5]]","[6, 5]",12,1.5919,0.625,0,869.0,piece_count,2,endgame,False,0.0,0.0,True
36,78,0,"[[0, 1], [1, 0]]","[1, 0]",9,1.1206,0.7188,0,869.0,piece_count,2,endgame,False,0.0,0.0,True
36,79,1,"[[4, 7], [5, 6]]","[5, 6]",6,0.7534,0.25,0,869.0,piece_count,2,endgame,False,0.0,0.0,False
36,80,0,"[[1, 0], [0, 1]]","[0, 1]",9,1.1365,0.7188,0,869.0,piece_count,2,endgame,False,0,0.0,False
36,81,1,"[[5, 6], [6, 7]]","[6, 7]",5,0.6034,0.375,0,869.0,piece_count,2,endgame,False,0.0,0.0,False
36,82,0,"[[0, 1], [1, 0]]","[1, 0]",4,0.463,0.8333,0,899.0,piece_count,2,endgame,False,0.0,0.0,True
37,0,0,"[[6, 1], [5, 0]]","[5, 0]",21,3.5605,0.625,0,0,piece_count,2,opening,False,0,0.0,False
37,1,1,"[[1, 0], [2, 1]]","[2, 1]",22,4.2624,0.6071,0,0,piece_count,2,opening,False,0.0,0.0,True
37,2,0,"[[5, 0], [4, 1]]","[4, 1]",24,4.0591,0.625,0,1.0,piece_count,2,opening,False,0.0,0.0,False
37,3,1,"[[0, 1], [1, 0]]","[1, 0]",25,4.2212,0.6094,0,1.0,piece_count,2,opening,False,0.0,0.0,True
37,4,0,"[[4, 1], [3, 0]]","[3, 0]",24,4.5381,0.6667,0,1.0,piece_count,2,opening,False,0.0,0.0,False
37,5,1,"[[1, 4], [2, 3]]","[2, 3]",19,3.1488,0.6042,0,1.0,piece_count,2,opening,False,0.0,0.0,True
37,6,0,"[[6, 3], [5, 2]]","[5, 2]",21,3.5567,0.625,0,1.0,piece_count,2,opening,False,0.0,0.0,False
37,7,1,"[[0, 3], [1, 4]]","[1, 4]",23,4.2539,0.5893,0,1.0,piece_count,2,opening,False,0.0,0.0,True
37,8,0,"[[5, 2], [4, 1]]","[4, 1]",24,7.4093,0.6667,0,1.0,piece_count,2,opening,False,0.0,0.0,False
37,9,1,"[[1, 4], [2, 5]]","[2, 5]",20,6.0477,0.5833,0,1.0,piece_count,2,opening,False,0.0,0.0,True
37,10,0,"[[6, 5], [5, 4]]","[5, 4]",24,7.3929,0.625,0,1.0,piece_count,2,opening,True,0,0.0,False
37,11,1,"[[0, 5], [1, 4]]","[1, 4]",24,7.3957,0.5714,0,1.0,piece_count,2,opening,False,0.0,0.0,True
37,12,0,"[[5, 4], [4, 3]]","[4, 3]",27,8.2796,0.6625,0,1.0,piece_count,2,opening,False,0.0,0.0,False
37,13,1,"[[1, 6], [2, 7]]","[2, 7]",22,3.6464,0.5417,0,1.0,piece_count,2,opening,False,0.0,0.0,True
37,14,0,"[[6, 7], [5, 6]]","[5, 6]",27,4.5166,0.6625,0,31.0,piece_count,2,opening,False,0.0,0.0,False
37,15,1,"[[0, 7], [1, 6]]","[1, 6]",26,4.3314,0.5357,0,31.0,piece_count,2,opening,True,0.0,0.0,True
37,16,0,"[[5, 6], [4, 5]]","[4, 5]",30,4.9458,0.6875,0,31.0,piece_count,2,opening,False,0.0,0.0,False
37,17,1,"[[2, 5], [3, 6]]","[3, 6]",24,3.9072,0.5,0,31.0,piece_count,2,opening,False,0.0,0.0,False
37,18,0,"[[4, 1], [3, 2]]","[3, 2]",25,4.5905,0.7159,0,112.0,piece_count,2,opening,False,0.0,0.0,False
37,19,1,"[[3, 6], [5, 4]]","[5, 4]",21,3.3045,0.0,0,112.0,piece_count,2,opening,False,0.0,0.0,False
37,20,0,"[[7, 0], [6, 1]]","[6, 1]",19,2.9457,0.7031,0,139.0,piece_count,2,midgame,True,0,0.0,False
37,21,1,"[[2, 3], [4, 1]]","[4, 1]",11,1.6179,0.0,0,139.0,piece_count,2,midgame,False,0.0,0.0,False
37,22,0,"[[4, 3], [3, 4]]","[3, 4]",28,6.058,0.6111,0,153.0,piece_count,2,midgame,False,0.0,0.0,False
37,23,1,"[[1, 4], [2, 3]]","[2, 3]",29,7.8943,0.6375,0,153.0,piece_count,2,midgame,False,0.0,0.0,True
37,24,0,"[[3, 4], [2, 5]]","[2, 5]",17,4.4508,0.7344,0,153.0,piece_count,2,midgame,False,0.0,0.0,False
37,25,1,"[[1, 6], [3, 4]]","[3, 4]",9,2.0735,0.0,0,153.0,piece_count,2,midgame,True,22.0,0.0,False
37,26,0,"[[6, 1], [5, 0]]","[5, 0]",22,5.7042,0.6071,0,175.0,piece_count,2,midgame,False,0.0,0.0,False
37,27,1,"[[2, 1], [3, 2]]","[3, 2]",23,6.1131,0.6406,0,175.0,piece_count,2,midgame,False,0.0,0.0,False
37,28,0,"[[3, 0], [2, 1]]","[2, 1]",15,3.3081,0.7321,0,199.0,piece_count,2,midgame,False,0.0,0.0,False
37,29,1,"[[1, 2], [3, 0]]","[3, 0]",8,1.9562,0.0,0,199.0,piece_count,2,midgame,False,0.0,0.0,False
37,30,0,"[[7, 2], [6, 1]]","[6, 1]",20,4.1559,0.5833,0,212.0,piece_count,2,midgame,True,0,0.0,False
37,31,1,"[[1, 0], [2, 1]]","[2, 1]",21,5.1467,0.6719,0,212.0,piece_count,2,midgame,False,0.0,0.0,True
37,32,0,"[[7, 4], [6, 5]]","[6, 5]",16,3.9556,0.6,0,213.0,piece_count,2,midgame,False,0.0,0.0,False
37,33,1,"[[3, 4], [4, 3]]","[4, 3]",15,3.6643,0.6875,0,213.0,piece_count,2,midgame,False,0.0,0.0,True
37,34,0,"[[6, 5], [5, 6]]","[5, 6]",13,2.2969,0.4583,0,213.0,piece_count,2,midgame,False,0.0,0.0,False
37,35,1,"[[2, 3], [3, 4]]","[3, 4]",17,4.2484,0.6458,0,213.0,piece_count,2,midgame,True,0.0,0.0,True
37,36,0,"[[5, 6], [4, 7]]","[4, 7]",16,3.0878,0.6,0,213.0,piece_count,2,midgame,False,0.0,0.0,False
37,37,1,"[[3, 4], [4, 5]]","[4, 5]",16,3.8962,0.6667,0,213.0,piece_count,2,midgame,False,0.0,0.0,False
37,38,0,"[[4, 7], [3, 6]]","[3, 6]",13,3.3422,0.5938,0,213.0,piece_count,2,midgame,False,0.0,0.0,False
37,39,1,"[[4, 1], [5, 2]]","[5, 2]",14,3.4077,0.65,0,213.0,piece_count,2,midgame,False,0.0,0.0,True
37,40,0,"[[3, 6], [2, 5]]","[2, 5]",9,2.0564,0.7188,0,241.0,piece_count,2,midgame,True,0,0.0,False
37,41,1,"[[5, 2], [7, 0]]","[7, 0]",7,1.6103,0.125,0,241.0,piece_count,2,midgame,False,0.0,0.0,False
37,42,0,"[[2, 5], [1, 4]]","[1, 4]",18,4.2441,0.55,0,260.0,piece_count,2,midgame,False,0.0,0.0,False
37,43,1,"[[2, 7], [3, 6]]","[3, 6]",21,4.8652,0.6719,0,260.0,piece_count,2,midgame,False,0.0,0.0,False
37,44,0,"[[1, 4], [0, 3]]","[0, 3]",18,4.2202,0.55,0,260.0,piece_count,2,midgame,False,0.0,0.0,False
37,45,1,"[[3, 0], [4, 1]]","[4, 1]",20,4.9472,0.6875,0,260.0,piece_count,2,midgame,True,143.0,143.0,True
37,46,0,"[[0, 3], [1, 2]]","[1, 2]",16,4.0576,0.5,0,261.0,piece_count,2,midgame,False,0.0,0.0,False
37,47,1,"[[2, 1], [3, 0]]","[3, 0]",22,4.4682,0.6562,0,261.0,piece_count,2,midgame,False,0.0,0.0,True
37,48,0,"[[1, 2], [0, 1]]","[0, 1]",19,4.8001,0.6042,0,261.0,piece_count,2,midgame,False,0.0,0.0,True
37,49,1,"[[3, 6], [4, 7]]","[4, 7]",18,2.3992,0.6786,0,261.0,piece_count,2,midgame,False,0.0,0.0,True
37,50,0,"[[0, 1], [1, 0]]","[1, 0]",15,1.9889,0.5312,0,291.0,piece_count,2,endgame,True,0,0.0,True
37,51,1,"[[4, 1], [5, 2]]","[5, 2]",19,2.615,0.6607,0,291.0,piece_count,2,endgame,False,0.0,0.0,True
37,52,0,"[[1, 0], [0, 1]]","[0, 1]",19,3.6919,0.525,0,317.0,piece_count,2,endgame,False,0.0,0.0,False
37,53,1,"[[3, 0], [4, 1]]","[4, 1]",22,5.5218,0.6944,0,317.0,piece_count,2,endgame,False,0.0,0.0,True
37,54,0,"[[0, 1], [1, 0]]","[1, 0]",15,3.644,0.5312,0,318.0,piece_count,2,endgame,False,0.0,0.0,True
37,55,1,"[[4, 5], [5, 6]]","[5, 6]",18,6.319,0.6786,0,318.0,piece_count,2,endgame,True,100.0,0.0,True
37,56,0,"[[1, 0], [0, 1]]","[0, 1]",15,4.8695,0.5312,0,418.0,piece_count,2,endgame,False,0.0,0.0,False
37,57,1,"[[5, 2], [6, 1]]","[6, 1]",18,3.5839,0.6786,0,418.0,piece_count,2,endgame,False,0.0,0.0,True
37,58,0,"[[0, 1], [1, 0]]","[1, 0]",26,3.3686,0.1875,0,418.0,piece_count,2,endgame,False,0.0,0.0,True
37,59,1,"[[6, 1], [7, 2]]","[7, 2]",22,2.9504,0.6071,0,418.0,piece_count,2,endgame,False,0.0,0.0,False
37,60,0,"[[1, 0], [0, 1]]","[0, 1]",17,2.2166,0.4688,0,444.0,piece_count,2,endgame,True,0,0.0,False
37,61,1,"[[4, 1], [5, 2]]","[5, 2]",23,4.1361,0.6806,0,444.0,piece_count,2,endgame,False,0.0,0.0,True
37,62,0,"[[0, 1], [1, 0]]","[1, 0]",20,4.6737,0.5,0,460.0,piece_count,2,endgame,False,0.0,0.0,True
37,63,1,"[[5, 2], [6, 1]]","[6, 1]",25,6.1092,0.6875,0,460.0,piece_count,2,endgame,False,0.0,0.0,True
37,64,0,"[[1, 0], [0, 1]]","[0, 1]",17,3.9339,0.575,0,460.0,piece_count,2,endgame,False,0.0,0.0,False
37,65,1,"[[4, 3], [5, 2]]","[5, 2]",19,4.5714,0.6607,0,460.0,piece_count,2,endgame,True,0.0,0.0,True
37,66,0,"[[0, 1], [1, 0]]","[1, 0]",18,3.8743,0.55,0,460.0,piece_count,2,endgame,False,0.0,0.0,True
37,67,1,"[[3, 2], [4, 3]]","[4, 3]",21,5.1594,0.6719,0,460.0,piece_count,2,endgame,False,0.0,0.0,False
37,68,0,"[[1, 0], [0, 1]]","[0, 1]",16,3.7699,0.6,0,604.0,piece_count,2,endgame,False,0.0,0.0,False
37,69,1,"[[5, 2], [6, 3]]","[6, 3]",17,4.2293,0.6458,0,604.0,piece_count,2,endgame,False,0.0,0.0,False
37,70,0,"[[0, 1], [1, 0]]","[1, 0]",26,5.4278,0.35,0,725.0,piece_count,2,endgame,False,0,0.0,True
37,71,1,"[[6, 3], [7, 4]]","[7, 4]",19,4.6921,0.525,0,725.0,piece_count,2,endgame,False,0.0,0.0,True
37,72,0,"[[1, 0], [0, 1]]","[0, 1]",18,4.2448,0.55,0,725.0,piece_count,2,endgame,False,0.0,0.0,False
37,73,1,"[[4, 3], [5, 2]]","[5, 2]",21,5.1556,0.6719,0,725.0,piece_count,2,endgame,False,0.0,0.0,True
37,74,0,"[[0, 1], [1, 0]]","[1, 0]",18,3.9446,0.55,0,725.0,piece_count,2,endgame,False,0.0,0.0,True
37,75,1,"[[5, 2], [6, 3]]","[6, 3]",21,2.8172,0.6719,0,725.0,piece_count,2,endgame,True,144.0,0.0,False
37,76,0,"[[1, 0], [0, 1]]","[0, 1]",14,1.792,0.65,0,869.0,piece_count,2,endgame,False,0.0,0.0,False
37,77,1,"[[5, 6], [6, 5]]","[6, 5]",12,1.5588,0.625,0,869.0,piece_count,2,endgame,False,0.0,0.0,True
37,78,0,"[[0, 1], [1, 0]]","[1, 0]",9,1.1191,0.7188,0,869.0,piece_count,2,endgame,False,0.0,0.0,True
37,79,1,"[[4, 7], [5, 6]]","[5, 6]",6,0.7567,0.25,0,869.0,piece_count,2,endgame,False,0.0,0.0,False
37,80,0,"[[1, 0], [0, 1]]","[0, 1]",9,1.1189,0.7188,0,869.0,piece_count,2,endgame,False,0,0.0,False
37,81,1,"[[5, 6], [6, 7]]","[6, 7]",5,0.7329,0.375,0,869.0,piece_count,2,endgame,False,0.0,0.0,False
37,82,0,"[[0, 1], [1, 0]]","[1, 0]",4,0.5302,0.8333,0,899.0,piece_count,2,endgame,False,0.0,0.0,True
38,0,0,"[[6, 1], [5, 0]]","[5, 0]",21,6.3181,0.625,0,0,piece_count,2,opening,False,0,0.0,False
38,1,1,"[[1, 0], [2, 1]]","[2, 1]",22,6.8464,0.6071,0,0,piece_count,2,opening,False,0.0,0.0,True
38,2,0,"[[5, 0], [4, 1]]","[4, 1]",24,7.4379,0.625,0,1.0,piece_count,2,opening,False,0.0,0.0,False
38,3,1,"[[0, 1], [1, 0]]","[1, 0]",25,6.2697,0.6094,0,1.0,piece_count,2,opening,False,0.0,0.0,True
38,4,0,"[[4, 1], [3, 0]]","[3, 0]",24,4.2539,0.6667,0,1.0,piece_count,2,opening,False,0.0,0.0,False
38,5,1,"[[1, 4], [2, 3]]","[2, 3]",19,5.9123,0.6042,0,1.0,piece_count,2,opening,False,0.0,0.0,True
38,6,0,"[[6, 3], [5, 2]]","[5, 2]",21,5.713,0.625,0,1.0,piece_count,2,opening,False,0.0,0.0,False
38,7,1,"[[0, 3], [1, 4]]","[1, 4]",23,6.2664,0.5893,0,1.0,piece_count,2,opening,False,0.0,0.0,True
38,8,0,"[[5, 2], [4, 1]]","[4, 1]",24,7.4074,0.6667,0,1.0,piece_count,2,opening,False,0.0,0.0,False
38,9,1,"[[1, 4], [2, 5]]","[2, 5]",20,8.0235,0.5833,0,1.0,piece_count,2,opening,False,0.0,0.0,True
38,10,0,"[[6, 5], [5, 4]]","[5, 4]",24,10.5543,0.625,0,1.0,piece_count,2,opening,True,0,0.0,False
38,11,1,"[[0, 5], [1, 4]]","[1, 4]",24,18.0807,0.5714,0,1.0,piece_count,2,opening,False,0.0,0.0,True
38,12,0,"[[5, 4], [4, 3]]","[4, 3]",27,11.3244,0.6625,0,1.0,piece_count,2,opening,False,0.0,0.0,False
38,13,1,"[[1, 6], [2, 7]]","[2, 7]",22,8.7252,0.5417,0,1.0,piece_count,2,opening,False,0.0,0.0,True
38,14,0,"[[6, 7], [5, 6]]","[5, 6]",27,8.745,0.6625,0,31.0,piece_count,2,opening,False,0.0,0.0,False
38,15,1,"[[0, 7], [1, 6]]","[1, 6]",26,8.0898,0.5357,0,31.0,piece_count,2,opening,True,0.0,0.0,True
38,16,0,"[[5, 6], [4, 5]]","[4, 5]",30,8.9755,0.6875,0,31.0,piece_count,2,opening,False,0.0,0.0,False
38,17,1,"[[2, 5], [3, 6]]","[3, 6]",24,11.1723,0.5,0,31.0,piece_count,2,opening,False,0.0,0.0,False
38,18,0,"[[4, 1], [3, 2]]","[3, 2]",25,4.262,0.7159,0,112.0,piece_count,2,opening,False,0.0,0.0,False
38,19,1,"[[3, 6], [5, 4]]","[5, 4]",21,3.2928,0.0,0,112.0,piece_count,2,opening,False,0.0,0.0,False
38,20,0,"[[7, 0], [6, 1]]","[6, 1]",19,4.8025,0.7031,0,139.0,piece_count,2,midgame,True,0,0.0,False
38,21,1,"[[2, 3], [4, 1]]","[4, 1]",11,4.5199,0.0,0,139.0,piece_count,2,midgame,False,0.0,0.0,False
38,22,0,"[[4, 3], [3, 4]]","[3, 4]",28,6.1004,0.6111,0,153.0,piece_count,2,midgame,False,0.0,0.0,False
38,23,1,"[[1, 4], [2, 3]]","[2, 3]",29,11.4241,0.6375,0,153.0,piece_count,2,midgame,False,0.0,0.0,True
38,24,0,"[[3, 4], [2, 5]]","[2, 5]",17,5.2133,0.7344,0,153.0,piece_count,2,midgame,False,0.0,0.0,False
38,25,1,"[[1, 6], [3, 4]]","[3, 4]",9,2.2993,0.0,0,153.0,piece_count,2,midgame,True,22.0,0.0,False
38,26,0,"[[6, 1], [5, 0]]","[5, 0]",22,6.6264,0.6071,0,175.0,piece_count,2,midgame,False,0.0,0.0,False
38,27,1,"[[2, 1], [3, 2]]","[3, 2]",23,3.5512,0.6406,0,175.0,piece_count,2,midgame,False,0.0,0.0,False
38,28,0,"[[3, 0], [2, 1]]","[2, 1]",15,2.116,0.7321,0,199.0,piece_count,2,midgame,False,0.0,0.0,False
38,29,1,"[[1, 2], [3, 0]]","[3, 0]",8,1.1973,0.0,0,199.0,piece_count,2,midgame,False,0.0,0.0,False
38,30,0,"[[7, 2], [6, 1]]","[6, 1]",20,8.5442,0.5833,0,212.0,piece_count,2,midgame,True,0,0.0,False
38,31,1,"[[1, 0], [2, 1]]","[2, 1]",21,12.0816,0.6719,0,212.0,piece_count,2,midgame,False,0.0,0.0,True
38,32,0,"[[7, 4], [6, 5]]","[6, 5]",16,4.4906,0.6,0,213.0,piece_count,2,midgame,False,0.0,0.0,False
38,33,1,"[[3, 4], [4, 3]]","[4, 3]",15,3.901,0.6875,0,213.0,piece_count,2,midgame,False,0.0,0.0,True
38,34,0,"[[6, 5], [5, 6]]","[5, 6]",13,1.7614,0.4583,0,213.0,piece_count,2,midgame,False,0.0,0.0,False
38,35,1,"[[2, 3], [3, 4]]","[3, 4]",17,4.447,0.6458,0,213.0,piece_count,2,midgame,True,0.0,0.0,True
38,36,0,"[[5, 6], [4, 7]]","[4, 7]",16,3.6347,0.6,0,213.0,piece_count,2,midgame,False,0.0,0.0,False
38,37,1,"[[3, 4], [4, 5]]","[4, 5]",16,2.2099,0.6667,0,213.0,piece_count,2,midgame,False,0.0,0.0,False
38,38,0,"[[4, 7], [3, 6]]","[3, 6]",13,1.7266,0.5938,0,213.0,piece_count,2,midgame,False,0.0,0.0,False
38,39,1,"[[4, 1], [5, 2]]","[5, 2]",14,3.4626,0.65,0,213.0,piece_count,2,midgame,False,0.0,0.0,True
38,40,0,"[[3, 6], [2, 5]]","[2, 5]",9,2.0504,0.7188,0,241.0,piece_count,2,midgame,True,0,0.0,False
38,41,1,"[[5, 2], [7, 0]]","[7, 0]",7,1.0266,0.125,0,241.0,piece_count,2,midgame,False,0.0,0.0,False
38,42,0,"[[2, 5], [1, 4]]","[1, 4]",18,4.204,0.55,0,260.0,piece_count,2,midgame,False,0.0,0.0,False
38,43,1,"[[2, 7], [3, 6]]","[3, 6]",21,5.0752,0.6719,0,260.0,piece_count,2,midgame,False,0.0,0.0,False
38,44,0,"[[1, 4], [0, 3]]","[0, 3]",18,4.2498,0.55,0,260.0,piece_count,2,midgame,False,0.0,0.0,False
38,45,1,"[[3, 0], [4, 1]]","[4, 1]",20,4.8306,0.6875,0,260.0,piece_count,2,midgame,True,143.0,143.0,True
38,46,0,"[[0, 3], [1, 2]]","[1, 2]",16,3.7849,0.5,0,261.0,piece_count,2,midgame,False,0.0,0.0,False
38,47,1,"[[2, 1], [3, 0]]","[3, 0]",22,5.3258,0.6562,0,261.0,piece_count,2,midgame,False,0.0,0.0,True
38,48,0,"[[1, 2], [0, 1]]","[0, 1]",19,5.0347,0.6042,0,261.0,piece_count,2,midgame,False,0.0,0.0,True
38,49,1,"[[3, 6], [4, 7]]","[4, 7]",18,4.3678,0.6786,0,261.0,piece_count,2,midgame,False,0.0,0.0,True
38,50,0,"[[0, 1], [1, 0]]","[1, 0]",15,3.5331,0.5312,0,291.0,piece_count,2,endgame,True,0,0.0,True
38,51,1,"[[4, 1], [5, 2]]","[5, 2]",19,4.9241,0.6607,0,291.0,piece_count,2,endgame,False,0.0,0.0,True
38,52,0,"[[1, 0], [0, 1]]","[0, 1]",19,4.4479,0.525,0,317.0,piece_count,2,endgame,False,0.0,0.0,False
38,53,1,"[[3, 0], [4, 1]]","[4, 1]",22,5.3241,0.6944,0,317.0,piece_count,2,endgame,False,0.0,0.0,True
38,54,0,"[[0, 1], [1, 0]]","[1, 0]",15,6.871,0.5312,0,318.0,piece_count,2,endgame,False,0.0,0.0,True
38,55,1,"[[4, 5], [5, 6]]","[5, 6]",18,5.6903,0.6786,0,318.0,piece_count,2,endgame,True,100.0,0.0,True
38,56,0,"[[1, 0], [0, 1]]","[0, 1]",15,3.2346,0.5312,0,418.0,piece_count,2,endgame,False,0.0,0.0,False
38,57,1,"[[5, 2], [6, 1]]","[6, 1]",18,4.4508,0.6786,0,418.0,piece_count,2,endgame,False,0.0,0.0,True
38,58,0,"[[0, 1], [1, 0]]","[1, 0]",26,5.2164,0.1875,0,418.0,piece_count,2,endgame,False,0.0,0.0,True
38,59,1,"[[6, 1], [7, 2]]","[7, 2]",22,3.0801,0.6071,0,418.0,piece_count,2,endgame,False,0.0,0.0,False
38,60,0,"[[1, 0], [0, 1]]","[0, 1]",17,2.7235,0.4688,0,444.0,piece_count,2,endgame,True,0,0.0,False
38,61,1,"[[4, 1], [5, 2]]","[5, 2]",23,3.1874,0.6806,0,444.0,piece_count,2,endgame,False,0.0,0.0,True
38,62,0,"[[0, 1], [1, 0]]","[1, 0]",20,4.7843,0.5,0,460.0,piece_count,2,endgame,False,0.0,0.0,True
38,63,1,"[[5, 2], [6, 1]]","[6, 1]",25,6.079,0.6875,0,460.0,piece_count,2,endgame,False,0.0,0.0,True
38,64,0,"[[1, 0], [0, 1]]","[0, 1]",17,3.958,0.575,0,460.0,piece_count,2,endgame,False,0.0,0.0,False
38,65,1,"[[4, 3], [5, 2]]","[5, 2]",19,4.5578,0.6607,0,460.0,piece_count,2,endgame,True,0.0,0.0,True
38,66,0,"[[0, 1], [1, 0]]","[1, 0]",18,4.1759,0.55,0,460.0,piece_count,2,endgame,False,0.0,0.0,True
38,67,1,"[[3, 2], [4, 3]]","[4, 3]",21,6.355,0.6719,0,460.0,piece_count,2,endgame,False,0.0,0.0,False
38,68,0,"[[1, 0], [0, 1]]","[0, 1]",16,8.3208,0.6,0,604.0,piece_count,2,endgame,False,0.0,0.0,False
38,69,1,"[[5, 2], [6, 3]]","[6, 3]",17,5.4631,0.6458,0,604.0,piece_count,2,endgame,False,0.0,0.0,False
38,70,0,"[[0, 1], [1, 0]]","[1, 0]",26,5.6314,0.35,0,725.0,piece_count,2,endgame,False,0,0.0,True
38,71,1,"[[6, 3], [7, 4]]","[7, 4]",19,2.6,0.525,0,725.0,piece_count,2,endgame,False,0.0,0.0,True
38,72,0,"[[1, 0], [0, 1]]","[0, 1]",18,2.3315,0.55,0,725.0,piece_count,2,endgame,False,0.0,0.0,False
38,73,1,"[[4, 3], [5, 2]]","[5, 2]",21,2.8262,0.6719,0,725.0,piece_count,2,endgame,False,0.0,0.0,True
38,74,0,"[[0, 1], [1, 0]]","[1, 0]",18,2.3265,0.55,0,725.0,piece_count,2,endgame,False,0.0,0.0,True
38,75,1,"[[5, 2], [6, 3]]","[6, 3]",21,5.2099,0.6719,0,725.0,piece_count,2,endgame,True,144.0,0.0,False
38,76,0,"[[1, 0], [0, 1]]","[0, 1]",14,5.4791,0.65,0,869.0,piece_count,2,endgame,False,0.0,0.0,False
38,77,1,"[[5, 6], [6, 5]]","[6, 5]",12,4.2698,0.625,0,869.0,piece_count,2,endgame,False,0.0,0.0,True
38,78,0,"[[0, 1], [1, 0]]","[1, 0]",9,2.9786,0.7188,0,869.0,piece_count,2,endgame,False,0.0,0.0,True
38,79,1,"[[4, 7], [5, 6]]","[5, 6]",6,2.0938,0.25,0,869.0,piece_count,2,endgame,False,0.0,0.0,False
38,80,0,"[[1, 0], [0, 1]]","[0, 1]",9,3.6697,0.7188,0,869.0,piece_count,2,endgame,False,0,0.0,False
38,81,1,"[[5, 6], [6, 7]]","[6, 7]",5,1.7061,0.375,0,869.0,piece_count,2,endgame,False,0.0,0.0,False
38,82,0,"[[0, 1], [1, 0]]","[1, 0]",4,1.3056,0.8333,0,899.0,piece_count,2,endgame,False,0.0,0.0,True
39,0,0,"[[6, 1], [5, 0]]","[5, 0]",21,12.9461,0.625,0,0,piece_count,2,opening,False,0,0.0,False
39,1,1,"[[1, 0], [2, 1]]","[2, 1]",22,13.4168,0.6071,0,0,piece_count,2,opening,False,0.0,0.0,True
39,2,0,"[[5, 0], [4, 1]]","[4, 1]",24,14.1385,0.625,0,1.0,piece_count,2,opening,False,0.0,0.0,False
39,3,1,"[[0, 1], [1, 0]]","[1, 0]",25,13.5486,0.6094,0,1.0,piece_count,2,opening,False,0.0,0.0,True
39,4,0,"[[4, 1], [3, 0]]","[3, 0]",24,4.6148,0.6667,0,1.0,piece_count,2,opening,False,0.0,0.0,False
39,5,1,"[[1, 4], [2, 3]]","[2, 3]",19,3.1984,0.6042,0,1.0,piece_count,2,opening,False,0.0,0.0,True
39,6,0,"[[6, 3], [5, 2]]","[5, 2]",21,9.4242,0.625,0,1.0,piece_count,2,opening,False,0.0,0.0,False
39,7,1,"[[0, 3], [1, 4]]","[1, 4]",23,10.2415,0.5893,0,1.0,piece_count,2,opening,False,0.0,0.0,True
39,8,0,"[[5, 2], [4, 1]]","[4, 1]",24,9.4225,0.6667,0,1.0,piece_count,2,opening,False,0.0,0.0,False
39,9,1,"[[1, 4], [2, 5]]","[2, 5]",20,4.8602,0.5833,0,1.0,piece_count,2,opening,False,0.0,0.0,True
39,10,0,"[[6, 5], [5, 4]]","[5, 4]",24,7.3791,0.625,0,1.0,piece_count,2,opening,True,0,0.0,False
39,11,1,"[[0, 5], [1, 4]]","[1, 4]",24,11.3194,0.5714,0,1.0,piece_count,2,opening,False,0.0,0.0,True
39,12,0,"[[5, 4], [4, 3]]","[4, 3]",27,12.4583,0.6625,0,1.0,piece_count,2,opening,False,0.0,0.0,False
39,13,1,"[[1, 6], [2, 7]]","[2, 7]",22,10.6144,0.5417,0,1.0,piece_count,2,opening,False,0.0,0.0,True
39,14,0,"[[6, 7], [5, 6]]","[5, 6]",27,7.7565,0.6625,0,31.0,piece_count,2,opening,False,0.0,0.0,False
39,15,1,"[[0, 7], [1, 6]]","[1, 6]",26,8.8305,0.5357,0,31.0,piece_count,2,opening,True,0.0,0.0,True
39,16,0,"[[5, 6], [4, 5]]","[4, 5]",30,11.1461,0.6875,0,31.0,piece_count,2,opening,False,0.0,0.0,False
39,17,1,"[[2, 5], [3, 6]]","[3, 6]",24,4.4842,0.5,0,31.0,piece_count,2,opening,False,0.0,0.0,False
39,18,0,"[[4, 1], [3, 2]]","[3, 2]",25,4.1242,0.7159,0,112.0,piece_count,2,opening,False,0.0,0.0,False
39,19,1,"[[3, 6], [5, 4]]","[5, 4]",21,5.9943,0.0,0,112.0,piece_count,2,opening,False,0.0,0.0,False
39,20,0,"[[7, 0], [6, 1]]","[6, 1]",19,5.2955,0.7031,0,139.0,piece_count,2,midgame,True,0,0.0,False
39,21,1,"[[2, 3], [4, 1]]","[4, 1]",11,3.2163,0.0,0,139.0,piece_count,2,midgame,False,0.0,0.0,False
39,22,0,"[[4, 3], [3, 4]]","[3, 4]",28,7.2854,0.6111,0,153.0,piece_count,2,midgame,False,0.0,0.0,False
39,23,1,"[[1, 4], [2, 3]]","[2, 3]",29,14.7145,0.6375,0,153.0,piece_count,2,midgame,False,0.0,0.0,True
39,24,0,"[[3, 4], [2, 5]]","[2, 5]",17,4.8678,0.7344,0,153.0,piece_count,2,midgame,False,0.0,0.0,False
39,25,1,"[[1, 6], [3, 4]]","[3, 4]",9,2.3127,0.0,0,153.0,piece_count,2,midgame,True,22.0,0.0,False
39,26,0,"[[6, 1], [5, 0]]","[5, 0]",22,5.7268,0.6071,0,175.0,piece_count,2,midgame,False,0.0,0.0,False
39,27,1,"[[2, 1], [3, 2]]","[3, 2]",23,6.5489,0.6406,0,175.0,piece_count,2,midgame,False,0.0,0.0,False
39,28,0,"[[3, 0], [2, 1]]","[2, 1]",15,3.8297,0.7321,0,199.0,piece_count,2,midgame,False,0.0,0.0,False
39,29,1,"[[1, 2], [3, 0]]","[3, 0]",8,1.9422,0.0,0,199.0,piece_count,2,midgame,False,0.0,0.0,False
39,30,0,"[[7, 2], [6, 1]]","[6, 1]",20,4.9641,0.5833,0,212.0,piece_count,2,midgame,True,0,0.0,False
39,31,1,"[[1, 0], [2, 1]]","[2, 1]",21,5.1401,0.6719,0,212.0,piece_count,2,midgame,False,0.0,0.0,True
39,32,0,"[[7, 4], [6, 5]]","[6, 5]",16,3.8652,0.6,0,213.0,piece_count,2,midgame,False,0.0,0.0,False
39,33,1,"[[3, 4], [4, 3]]","[4, 3]",15,3.7465,0.6875,0,213.0,piece_count,2,midgame,False,0.0,0.0,True
39,34,0,"[[6, 5], [5, 6]]","[5, 6]",13,3.1173,0.4583,0,213.0,piece_count,2,midgame,False,0.0,0.0,False
39,35,1,"[[2, 3], [3, 4]]","[3, 4]",17,4.2083,0.6458,0,213.0,piece_count,2,midgame,True,0.0,0.0,True
39,36,0,"[[5, 6], [4, 7]]","[4, 7]",16,3.9043,0.6,0,213.0,piece_count,2,midgame,False,0.0,0.0,False
39,37,1,"[[3, 4], [4, 5]]","[4, 5]",16,6.7582,0.6667,0,213.0,piece_count,2,midgame,False,0.0,0.0,False
39,38,0,"[[4, 7], [3, 6]]","[3, 6]",13,1.7321,0.5938,0,213.0,piece_count,2,midgame,False,0.0,0.0,False
39,39,1,"[[4, 1], [5, 2]]","[5, 2]",14,1.9171,0.65,0,213.0,piece_count,2,midgame,False,0.0,0.0,True
39,40,0,"[[3, 6], [2, 5]]","[2, 5]",9,1.6394,0.7188,0,241.0,piece_count,2,midgame,True,0,0.0,False
39,41,1,"[[5, 2], [7, 0]]","[7, 0]",7,1.6067,0.125,0,241.0,piece_count,2,midgame,False,0.0,0.0,False
39,42,0,"[[2, 5], [1, 4]]","[1, 4]",18,4.2295,0.55,0,260.0,piece_count,2,midgame,False,0.0,0.0,False
39,43,1,"[[2, 7], [3, 6]]","[3, 6]",21,4.2727,0.6719,0,260.0,piece_count,2,midgame,False,0.0,0.0,False
39,44,0,"[[1, 4], [0, 3]]","[0, 3]",18,4.2214,0.55,0,260.0,piece_count,2,midgame,False,0.0,0.0,False
39,45,1,"[[3, 0], [4, 1]]","[4, 1]",20,4.092,0.6875,0,260.0,piece_count,2,midgame,True,143.0,143.0,True
39,46,0,"[[0, 3], [1, 2]]","[1, 2]",16,3.8815,0.5,0,261.0,piece_count,2,midgame,False,0.0,0.0,False
39,47,1,"[[2, 1], [3, 0]]","[3, 0]",22,6.2368,0.6562,0,261.0,piece_count,2,midgame,False,0.0,0.0,True
39,48,0,"[[1, 2], [0, 1]]","[0, 1]",19,4.8487,0.6042,0,261.0,piece_count,2,midgame,False,0.0,0.0,True
39,49,1,"[[3, 6], [4, 7]]","[4, 7]",18,4.2188,0.6786,0,261.0,piece_count,2,midgame,False,0.0,0.0,True
39,50,0,"[[0, 1], [1, 0]]","[1, 0]",15,3.516,0.5312,0,291.0,piece_count,2,endgame,True,0,0.0,True
39,51,1,"[[4, 1], [5, 2]]","[5, 2]",19,4.7402,0.6607,0,291.0,piece_count,2,endgame,False,0.0,0.0,True
39,52,0,"[[1, 0], [0, 1]]","[0, 1]",19,4.4687,0.525,0,317.0,piece_count,2,endgame,False,0.0,0.0,False
39,53,1,"[[3, 0], [4, 1]]","[4, 1]",22,5.3442,0.6944,0,317.0,piece_count,2,endgame,False,0.0,0.0,True
39,54,0,"[[0, 1], [1, 0]]","[1, 0]",15,2.1472,0.5312,0,318.0,piece_count,2,endgame,False,0.0,0.0,True
39,55,1,"[[4, 5], [5, 6]]","[5, 6]",18,2.3949,0.6786,0,318.0,piece_count,2,endgame,True,100.0,0.0,True
39,56,0,"[[1, 0], [0, 1]]","[0, 1]",15,1.9262,0.5312,0,418.0,piece_count,2,endgame,False,0.0,0.0,False
39,57,1,"[[5, 2], [6, 1]]","[6, 1]",18,2.3572,0.6786,0,418.0,piece_count,2,endgame,False,0.0,0.0,True
39,58,0,"[[0, 1], [1, 0]]","[1, 0]",26,3.8202,0.1875,0,418.0,piece_count,2,endgame,False,0.0,0.0,True
39,59,1,"[[6, 1], [7, 2]]","[7, 2]",22,5.4131,0.6071,0,418.0,piece_count,2,endgame,False,0.0,0.0,False
39,60,0,"[[1, 0], [0, 1]]","[0, 1]",17,3.9973,0.4688,0,444.0,piece_count,2,endgame,True,0,0.0,False
39,61,1,"[[4, 1], [5, 2]]","[5, 2]",23,5.6798,0.6806,0,444.0,piece_count,2,endgame,False,0.0,0.0,True
39,62,0,"[[0, 1], [1, 0]]","[1, 0]",20,4.6837,0.5,0,460.0,piece_count,2,endgame,False,0.0,0.0,True
39,63,1,"[[5, 2], [6, 1]]","[6, 1]",25,5.8832,0.6875,0,460.0,piece_count,2,endgame,False,0.0,0.0,True
39,64,0,"[[1, 0], [0, 1]]","[0, 1]",17,2.188,0.575,0,460.0,piece_count,2,endgame,False,0.0,0.0,False
39,65,1,"[[4, 3], [5, 2]]","[5, 2]",19,2.5091,0.6607,0,460.0,piece_count,2,endgame,True,0.0,0.0,True
39,66,0,"[[0, 1], [1, 0]]","[1, 0]",18,4.2062,0.55,0,460.0,piece_count,2,endgame,False,0.0,0.0,True
39,67,1,"[[3, 2], [4, 3]]","[4, 3]",21,4.2646,0.6719,0,460.0,piece_count,2,endgame,False,0.0,0.0,False
39,68,0,"[[1, 0], [0, 1]]","[0, 1]",16,3.2878,0.6,0,604.0,piece_count,2,endgame,False,0.0,0.0,False
39,69,1,"[[5, 2], [6, 3]]","[6, 3]",17,4.1482,0.6458,0,604.0,piece_count,2,endgame,False,0.0,0.0,False
39,70,0,"[[0, 1], [1, 0]]","[1, 0]",26,6.2437,0.35,0,725.0,piece_count,2,endgame,False,0,0.0,True
39,71,1,"[[6, 3], [7, 4]]","[7, 4]",19,4.7116,0.525,0,725.0,piece_count,2,endgame,False,0.0,0.0,True
39,72,0,"[[1, 0], [0, 1]]","[0, 1]",18,4.266,0.55,0,725.0,piece_count,2,endgame,False,0.0,0.0,False
39,73,1,"[[4, 3], [5, 2]]","[5, 2]",21,4.555,0.6719,0,725.0,piece_count,2,endgame,False,0.0,0.0,True
39,74,0,"[[0, 1], [1, 0]]","[1, 0]",18,4.261,0.55,0,725.0,piece_count,2,endgame,False,0.0,0.0,True
39,75,1,"[[5, 2], [6, 3]]","[6, 3]",21,5.2123,0.6719,0,725.0,piece_count,2,endgame,True,144.0,0.0,False
39,76,0,"[[1, 0], [0, 1]]","[0, 1]",14,3.2303,0.65,0,869.0,piece_count,2,endgame,False,0.0,0.0,False
39,77,1,"[[5, 6], [6, 5]]","[6, 5]",12,2.8782,0.625,0,869.0,piece_count,2,endgame,False,0.0,0.0,True
39,78,0,"[[0, 1], [1, 0]]","[1, 0]",9,2.0332,0.7188,0,869.0,piece_count,2,endgame,False,0.0,0.0,True
39,79,1,"[[4, 7], [5, 6]]","[5, 6]",6,2.3715,0.25,0,869.0,piece_count,2,endgame,False,0.0,0.0,False
39,80,0,"[[1, 0], [0, 1]]","[0, 1]",9,2.074,0.7188,0,869.0,piece_count,2,endgame,False,0,0.0,False
39,81,1,"[[5, 6], [6, 7]]","[6, 7]",5,1.1418,0.375,0,869.0,piece_count,2,endgame,False,0.0,0.0,False
39,82,0,"[[0, 1], [1, 0]]","[1, 0]",4,0.9062,0.8333,0,899.0,piece_count,2,endgame,False,0.0,0.0,True
40,0,0,"[[6, 1], [5, 0]]","[5, 0]",21,3.5579,0.625,0,0,piece_count,2,opening,False,0,0.0,False
40,1,1,"[[1, 0], [2, 1]]","[2, 1]",22,6.8099,0.6071,0,0,piece_count,2,opening,False,0.0,0.0,True
40,2,0,"[[5, 0], [4, 1]]","[4, 1]",24,6.7489,0.625,0,1.0,piece_count,2,opening,False,0.0,0.0,False
40,3,1,"[[0, 1], [1, 0]]","[1, 0]",25,6.9351,0.6094,0,1.0,piece_count,2,opening,False,0.0,0.0,True
40,4,0,"[[4, 1], [3, 0]]","[3, 0]",24,7.5412,0.6667,0,1.0,piece_count,2,opening,False,0.0,0.0,False
40,5,1,"[[1, 4], [2, 3]]","[2, 3]",19,5.753,0.6042,0,1.0,piece_count,2,opening,False,0.0,0.0,True
40,6,0,"[[6, 3], [5, 2]]","[5, 2]",21,4.5505,0.625,0,1.0,piece_count,2,opening,False,0.0,0.0,False
40,7,1,"[[0, 3], [1, 4]]","[1, 4]",23,3.8819,0.5893,0,1.0,piece_count,2,opening,False,0.0,0.0,True
40,8,0,"[[5, 2], [4, 1]]","[4, 1]",24,4.0636,0.6667,0,1.0,piece_count,2,opening,False,0.0,0.0,False
40,9,1,"[[1, 4], [2, 5]]","[2, 5]",20,7.4711,0.5833,0,1.0,piece_count,2,opening,False,0.0,0.0,True
40,10,0,"[[6, 5], [5, 4]]","[5, 4]",24,4.0548,0.625,0,1.0,piece_count,2,opening,True,0,0.0,False
40,11,1,"[[0, 5], [1, 4]]","[1, 4]",24,5.6045,0.5714,0,1.0,piece_count,2,opening,False,0.0,0.0,True
40,12,0,"[[5, 4], [4, 3]]","[4, 3]",27,8.2915,0.6625,0,1.0,piece_count,2,opening,False,0.0,0.0,False
40,13,1,"[[1, 6], [2, 7]]","[2, 7]",22,7.9746,0.5417,0,1.0,piece_count,2,opening,False,0.0,0.0,True
40,14,0,"[[6, 7], [5, 6]]","[5, 6]",27,4.5562,0.6625,0,31.0,piece_count,2,opening,False,0.0,0.0,False
40,15,1,"[[0, 7], [1, 6]]","[1, 6]",26,7.8936,0.5357,0,31.0,piece_count,2,opening,True,0.0,0.0,True
40,16,0,"[[5, 6], [4, 5]]","[4, 5]",30,7.606,0.6875,0,31.0,piece_count,2,opening,False,0.0,0.0,False
40,17,1,"[[2, 5], [3, 6]]","[3, 6]",24,3.9172,0.5,0,31.0,piece_count,2,opening,False,0.0,0.0,False
40,18,0,"[[4, 1], [3, 2]]","[3, 2]",25,4.1435,0.7159,0,112.0,piece_count,2,opening,False,0.0,0.0,False
40,19,1,"[[3, 6], [5, 4]]","[5, 4]",21,3.2811,0.0,0,112.0,piece_count,2,opening,False,0.0,0.0,False
40,20,0,"[[7, 0], [6, 1]]","[6, 1]",19,2.9612,0.7031,0,139.0,piece_count,2,midgame,True,0,0.0,False
40,21,1,"[[2, 3], [4, 1]]","[4, 1]",11,1.6246,0.0,0,139.0,piece_count,2,midgame,False,0.0,0.0,False
40,22,0,"[[4, 3], [3, 4]]","[3, 4]",28,4.209,0.6111,0,153.0,piece_count,2,midgame,False,0.0,0.0,False
40,23,1,"[[1, 4], [2, 3]]","[2, 3]",29,7.9184,0.6375,0,153.0,piece_count,2,midgame,False,0.0,0.0,True
40,24,0,"[[3, 4], [2, 5]]","[2, 5]",17,4.5133,0.7344,0,153.0,piece_count,2,midgame,False,0.0,0.0,False
40,25,1,"[[1, 6], [3, 4]]","[3, 4]",9,2.3029,0.0,0,153.0,piece_count,2,midgame,True,22.0,0.0,False
40,26,0,"[[6, 1], [5, 0]]","[5, 0]",22,5.6882,0.6071,0,175.0,piece_count,2,midgame,False,0.0,0.0,False
40,27,1,"[[2, 1], [3, 2]]","[3, 2]",23,6.3226,0.6406,0,175.0,piece_count,2,midgame,False,0.0,0.0,False
40,28,0,"[[3, 0], [2, 1]]","[2, 1]",15,3.8331,0.7321,0,199.0,piece_count,2,midgame,False,0.0,0.0,False
40,29,1,"[[1, 2], [3, 0]]","[3, 0]",8,1.9662,0.0,0,199.0,piece_count,2,midgame,False,0.0,0.0,False
40,30,0,"[[7, 2], [6, 1]]","[6, 1]",20,4.4427,0.5833,0,212.0,piece_count,2,midgame,True,0,0.0,False
40,31,1,"[[1, 0], [2, 1]]","[2, 1]",21,2.8558,0.6719,0,212.0,piece_count,2,midgame,False,0.0,0.0,True
40,32,0,"[[7, 4], [6, 5]]","[6, 5]",16,2.1348,0.6,0,213.0,piece_count,2,midgame,False,0.0,0.0,False
40,33,1,"[[3, 4], [4, 3]]","[4, 3]",15,2.0185,0.6875,0,213.0,piece_count,2,midgame,False,0.0,0.0,True
40,34,0,"[[6, 5], [5, 6]]","[5, 6]",13,1.8876,0.4583,0,213.0,piece_count,2,midgame,False,0.0,0.0,False
40,35,1,"[[2, 3], [3, 4]]","[3, 4]",17,5.8854,0.6458,0,213.0,piece_count,2,midgame,True,0.0,0.0,True
40,36,0,"[[5, 6], [4, 7]]","[4, 7]",16,5.3899,0.6,0,213.0,piece_count,2,midgame,False,0.0,0.0,False
40,37,1,"[[3, 4], [4, 5]]","[4, 5]",16,3.9132,0.6667,0,213.0,piece_count,2,midgame,False,0.0,0.0,False
40,38,0,"[[4, 7], [3, 6]]","[3, 6]",13,3.1092,0.5938,0,213.0,piece_count,2,midgame,False,0.0,0.0,False
40,39,1,"[[4, 1], [5, 2]]","[5, 2]",14,3.3929,0.65,0,213.0,piece_count,2,midgame,False,0.0,0.0,True
40,40,0,"[[3, 6], [2, 5]]","[2, 5]",9,1.8227,0.7188,0,241.0,piece_count,2,midgame,True,0,0.0,False
40,41,1,"[[5, 2], [7, 0]]","[7, 0]",7,1.6434,0.125,0,241.0,piece_count,2,midgame,False,0.0,0.0,False
40,42,0,"[[2, 5], [1, 4]]","[1, 4]",18,3.4647,0.55,0,260.0,piece_count,2,midgame,False,0.0,0.0,False
40,43,1,"[[2, 7], [3, 6]]","[3, 6]",21,5.1782,0.6719,0,260.0,piece_count,2,midgame,False,0.0,0.0,False
40,44,0,"[[1, 4], [0, 3]]","[0, 3]",18,4.225,0.55,0,260.0,piece_count,2,midgame,False,0.0,0.0,False
40,45,1,"[[3, 0], [4, 1]]","[4, 1]",20,4.0228,0.6875,0,260.0,piece_count,2,midgame,True,143.0,143.0,True
40,46,0,"[[0, 3], [1, 2]]","[1, 2]",16,6.1047,0.5,0,261.0,piece_count,2,midgame,False,0.0,0.0,False
40,47,1,"[[2, 1], [3, 0]]","[3, 0]",22,5.6889,0.6562,0,261.0,piece_count,2,midgame,False,0.0,0.0,True
40,48,0,"[[1, 2], [0, 1]]","[0, 1]",19,4.5874,0.6042,0,261.0,piece_count,2,midgame,False,0.0,0.0,True
40,49,1,"[[3, 6], [4, 7]]","[4, 7]",18,4.3731,0.6786,0,261.0,piece_count,2,midgame,False,0.0,0.0,True
40,50,0,"[[0, 1], [1, 0]]","[1, 0]",15,3.4547,0.5312,0,291.0,piece_count,2,endgame,True,0,0.0,True
40,51,1,"[[4, 1], [5, 2]]","[5, 2]",19,4.246,0.6607,0,291.0,piece_count,2,endgame,False,0.0,0.0,True
40,52,0,"[[1, 0], [0, 1]]","[0, 1]",19,3.7045,0.525,0,317.0,piece_count,2,endgame,False,0.0,0.0,False
40,53,1,"[[3, 0], [4, 1]]","[4, 1]",22,4.5612,0.6944,0,317.0,piece_count,2,endgame,False,0.0,0.0,True
40,54,0,"[[0, 1], [1, 0]]","[1, 0]",15,3.5629,0.5312,0,318.0,piece_count,2,endgame,False,0.0,0.0,True
40,55,1,"[[4, 5], [5, 6]]","[5, 6]",18,4.3857,0.6786,0,318.0,piece_count,2,endgame,True,100.0,0.0,True
40,56,0,"[[1, 0], [0, 1]]","[0, 1]",15,3.4947,0.5312,0,418.0,piece_count,2,endgame,False,0.0,0.0,False
40,57,1,"[[5, 2], [6, 1]]","[6, 1]",18,3.7079,0.6786,0,418.0,piece_count,2,endgame,False,0.0,0.0,True
40,58,0,"[[0, 1], [1, 0]]","[1, 0]",26,5.3852,0.1875,0,418.0,piece_count,2,endgame,False,0.0,0.0,True
40,59,1,"[[6, 1], [7, 2]]","[7, 2]",22,5.3844,0.6071,0,418.0,piece_count,2,endgame,False,0.0,0.0,False
40,60,0,"[[1, 0], [0, 1]]","[0, 1]",17,4.0464,0.4688,0,444.0,piece_count,2,endgame,True,0,0.0,False
40,61,1,"[[4, 1], [5, 2]]","[5, 2]",23,5.619,0.6806,0,444.0,piece_count,2,endgame,False,0.0,0.0,True
40,62,0,"[[0, 1], [1, 0]]","[1, 0]",20,3.9163,0.5,0,460.0,piece_count,2,endgame,False,0.0,0.0,True
40,63,1,"[[5, 2], [6, 1]]","[6, 1]",25,5.832,0.6875,0,460.0,piece_count,2,endgame,False,0.0,0.0,True
40,64,0,"[[1, 0], [0, 1]]","[0, 1]",17,3.9907,0.575,0,460.0,piece_count,2,endgame,False,0.0,0.0,False
40,65,1,"[[4, 3], [5, 2]]","[5, 2]",19,4.6282,0.6607,0,460.0,piece_count,2,endgame,True,0.0,0.0,True
40,66,0,"[[0, 1], [1, 0]]","[1, 0]",18,4.1902,0.55,0,460.0,piece_count,2,endgame,False,0.0,0.0,True
40,67,1,"[[3, 2], [4, 3]]","[4, 3]",21,4.8733,0.6719,0,460.0,piece_count,2,endgame,False,0.0,0.0,False
40,68,0,"[[1, 0], [0, 1]]","[0, 1]",16,3.0689,0.6,0,604.0,piece_count,2,endgame,False,0.0,0.0,False
40,69,1,"[[5, 2], [6, 3]]","[6, 3]",17,4.1289,0.6458,0,604.0,piece_count,2,endgame,False,0.0,0.0,False
40,70,0,"[[0, 1], [1, 0]]","[1, 0]",26,6.1951,0.35,0,725.0,piece_count,2,endgame,False,0,0.0,True
40,71,1,"[[6, 3], [7, 4]]","[7, 4]",19,4.7014,0.525,0,725.0,piece_count,2,endgame,False,0.0,0.0,True
40,72,0,"[[1, 0], [0, 1]]","[0, 1]",18,4.2465,0.55,0,725.0,piece_count,2,endgame,False,0.0,0.0,False
40,73,1,"[[4, 3], [5, 2]]","[5, 2]",21,5.2059,0.6719,0,725.0,piece_count,2,endgame,False,0.0,0.0,True
40,74,0,"[[0, 1], [1, 0]]","[1, 0]",18,4.2486,0.55,0,725.0,piece_count,2,endgame,False,0.0,0.0,True
40,75,1,"[[5, 2], [6, 3]]","[6, 3]",21,5.219,0.6719,0,725.0,piece_count,2,endgame,True,144.0,0.0,False
40,76,0,"[[1, 0], [0, 1]]","[0, 1]",14,3.2279,0.65,0,869.0,piece_count,2,endgame,False,0.0,0.0,False
40,77,1,"[[5, 6], [6, 5]]","[6, 5]",12,2.8796,0.625,0,869.0,piece_count,2,endgame,False,0.0,0.0,True
40,78,0,"[[0, 1], [1, 0]]","[1, 0]",9,2.0423,0.7188,0,869.0,piece_count,2,endgame,False,0.0,0.0,True
40,79,1,"[[4, 7], [5, 6]]","[5, 6]",6,0.7534,0.25,0,869.0,piece_count,2,endgame,False,0.0,0.0,False
40,80,0,"[[1, 0], [0, 1]]","[0, 1]",9,2.8031,0.7188,0,869.0,piece_count,2,endgame,False,0,0.0,False
40,81,1,"[[5, 6], [6, 7]]","[6, 7]",5,1.1172,0.375,0,869.0,piece_count,2,endgame,False,0.0,0.0,False
40,82,0,"[[0, 1], [1, 0]]","[1, 0]",4,0.8626,0.8333,0,899.0,piece_count,2,endgame,False,0.0,0.0,True
41,0,0,"[[6, 1], [5, 0]]","[5, 0]",21,6.5002,0.625,0,0,piece_count,2,opening,False,0,0.0,False
41,1,1,"[[1, 0], [2, 1]]","[2, 1]",22,6.8634,0.6071,0,0,piece_count,2,opening,False,0.0,0.0,True
41,2,0,"[[5, 0], [4, 1]]","[4, 1]",24,6.6559,0.625,0,1.0,piece_count,2,opening,False,0.0,0.0,False
41,3,1,"[[0, 1], [1, 0]]","[1, 0]",25,7.8347,0.6094,0,1.0,piece_count,2,opening,False,0.0,0.0,True
41,4,0,"[[4, 1], [3, 0]]","[3, 0]",24,7.4048,0.6667,0,1.0,piece_count,2,opening,False,0.0,0.0,False
41,5,1,"[[1, 4], [2, 3]]","[2, 3]",19,5.3182,0.6042,0,1.0,piece_count,2,opening,False,0.0,0.0,True
41,6,0,"[[6, 3], [5, 2]]","[5, 2]",21,6.1688,0.625,0,1.0,piece_count,2,opening,False,0.0,0.0,False
41,7,1,"[[0, 3], [1, 4]]","[1, 4]",23,7.0937,0.5893,0,1.0,piece_count,2,opening,False,0.0,0.0,True
41,8,0,"[[5, 2], [4, 1]]","[4, 1]",24,7.7829,0.6667,0,1.0,piece_count,2,opening,False,0.0,0.0,False
41,9,1,"[[1, 4], [2, 5]]","[2, 5]",20,5.2686,0.5833,0,1.0,piece_count,2,opening,False,0.0,0.0,True
41,10,0,"[[6, 5], [5, 4]]","[5, 4]",24,7.477,0.625,0,1.0,piece_count,2,opening,True,0,0.0,False
41,11,1,"[[0, 5], [1, 4]]","[1, 4]",24,7.3369,0.5714,0,1.0,piece_count,2,opening,False,0.0,0.0,True
41,12,0,"[[5, 4], [4, 3]]","[4, 3]",27,4.6902,0.6625,0,1.0,piece_count,2,opening,False,0.0,0.0,False
41,13,1,"[[1, 6], [2, 7]]","[2, 7]",22,3.6604,0.5417,0,1.0,piece_count,2,opening,False,0.0,0.0,True
41,14,0,"[[6, 7], [5, 6]]","[5, 6]",27,5.959,0.6625,0,31.0,piece_count,2,opening,False,0.0,0.0,False
41,15,1,"[[0, 7], [1, 6]]","[1, 6]",26,7.8893,0.5357,0,31.0,piece_count,2,opening,True,0.0,0.0,True
41,16,0,"[[5, 6], [4, 5]]","[4, 5]",30,8.2614,0.6875,0,31.0,piece_count,2,opening,False,0.0,0.0,False
41,17,1,"[[2, 5], [3, 6]]","[3, 6]",24,7.2131,0.5,0,31.0,piece_count,2,opening,False,0.0,0.0,False
41,18,0,"[[4, 1], [3, 2]]","[3, 2]",25,7.3943,0.7159,0,112.0,piece_count,2,opening,False,0.0,0.0,False
41,19,1,"[[3, 6], [5, 4]]","[5, 4]",21,5.5895,0.0,0,112.0,piece_count,2,opening,False,0.0,0.0,False
41,20,0,"[[7, 0], [6, 1]]","[6, 1]",19,5.317,0.7031,0,139.0,piece_count,2,midgame,True,0,0.0,False
41,21,1,"[[2, 3], [4, 1]]","[4, 1]",11,3.0043,0.0,0,139.0,piece_count,2,midgame,False,0.0,0.0,False
41,22,0,"[[4, 3], [3, 4]]","[3, 4]",28,6.8598,0.6111,0,153.0,piece_count,2,midgame,False,0.0,0.0,False
41,23,1,"[[1, 4], [2, 3]]","[2, 3]",29,7.3097,0.6375,0,153.0,piece_count,2,midgame,False,0.0,0.0,True
41,24,0,"[[3, 4], [2, 5]]","[2, 5]",17,4.0188,0.7344,0,153.0,piece_count,2,midgame,False,0.0,0.0,False
41,25,1,"[[1, 6], [3, 4]]","[3, 4]",9,2.3072,0.0,0,153.0,piece_count,2,midgame,True,22.0,0.0,False
41,26,0,"[[6, 1], [5, 0]]","[5, 0]",22,5.8439,0.6071,0,175.0,piece_count,2,midgame,False,0.0,0.0,False
41,27,1,"[[2, 1], [3, 2]]","[3, 2]",23,6.125,0.6406,0,175.0,piece_count,2,midgame,False,0.0,0.0,False
41,28,0,"[[3, 0], [2, 1]]","[2, 1]",15,4.9775,0.7321,0,199.0,piece_count,2,midgame,False,0.0,0.0,False
41,29,1,"[[1, 2], [3, 0]]","[3, 0]",8,1.0858,0.0,0,199.0,piece_count,2,midgame,False,0.0,0.0,False
41,30,0,"[[7, 2], [6, 1]]","[6, 1]",20,3.449,0.5833,0,212.0,piece_count,2,midgame,True,0,0.0,False
41,31,1,"[[1, 0], [2, 1]]","[2, 1]",21,4.3607,0.6719,0,212.0,piece_count,2,midgame,False,0.0,0.0,True
41,32,0,"[[7, 4], [6, 5]]","[6, 5]",16,2.1522,0.6,0,213.0,piece_count,2,midgame,False,0.0,0.0,False
41,33,1,"[[3, 4], [4, 3]]","[4, 3]",15,2.0318,0.6875,0,213.0,piece_count,2,midgame,False,0.0,0.0,True
41,34,0,"[[6, 5], [5, 6]]","[5, 6]",13,1.7197,0.4583,0,213.0,piece_count,2,midgame,False,0.0,0.0,False
41,35,1,"[[2, 3], [3, 4]]","[3, 4]",17,2.3084,0.6458,0,213.0,piece_count,2,midgame,True,0.0,0.0,True
41,36,0,"[[5, 6], [4, 7]]","[4, 7]",16,2.533,0.6,0,213.0,piece_count,2,midgame,False,0.0,0.0,False
41,37,1,"[[3, 4], [4, 5]]","[4, 5]",16,2.1739,0.6667,0,213.0,piece_count,2,midgame,False,0.0,0.0,False
41,38,0,"[[4, 7], [3, 6]]","[3, 6]",13,1.7202,0.5938,0,213.0,piece_count,2,midgame,False,0.0,0.0,False
41,39,1,"[[4, 1], [5, 2]]","[5, 2]",14,1.879,0.65,0,213.0,piece_count,2,midgame,False,0.0,0.0,True
41,40,0,"[[3, 6], [2, 5]]","[2, 5]",9,1.1458,0.7188,0,241.0,piece_count,2,midgame,True,0,0.0,False
41,41,1,"[[5, 2], [7, 0]]","[7, 0]",7,0.8783,0.125,0,241.0,piece_count,2,midgame,False,0.0,0.0,False
41,42,0,"[[2, 5], [1, 4]]","[1, 4]",18,2.3079,0.55,0,260.0,piece_count,2,midgame,False,0.0,0.0,False
41,43,1,"[[2, 7], [3, 6]]","[3, 6]",21,5.1539,0.6719,0,260.0,piece_count,2,midgame,False,0.0,0.0,False
41,44,0,"[[1, 4], [0, 3]]","[0, 3]",18,4.2269,0.55,0,260.0,piece_count,2,midgame,False,0.0,0.0,False
41,45,1,"[[3, 0], [4, 1]]","[4, 1]",20,4.2458,0.6875,0,260.0,piece_count,2,midgame,True,143.0,143.0,True
41,46,0,"[[0, 3], [1, 2]]","[1, 2]",16,3.7749,0.5,0,261.0,piece_count,2,midgame,False,0.0,0.0,False
41,47,1,"[[2, 1], [3, 0]]","[3, 0]",22,5.3484,0.6562,0,261.0,piece_count,2,midgame,False,0.0,0.0,True
41,48,0,"[[1, 2], [0, 1]]","[0, 1]",19,4.6906,0.6042,0,261.0,piece_count,2,midgame,False,0.0,0.0,True
41,49,1,"[[3, 6], [4, 7]]","[4, 7]",18,3.5484,0.6786,0,261.0,piece_count,2,midgame,False,0.0,0.0,True
41,50,0,"[[0, 1], [1, 0]]","[1, 0]",15,3.5229,0.5312,0,291.0,piece_count,2,endgame,True,0,0.0,True
41,51,1,"[[4, 1], [5, 2]]","[5, 2]",19,4.0419,0.6607,0,291.0,piece_count,2,endgame,False,0.0,0.0,True
41,52,0,"[[1, 0], [0, 1]]","[0, 1]",19,4.4734,0.525,0,317.0,piece_count,2,endgame,False,0.0,0.0,False
41,53,1,"[[3, 0], [4, 1]]","[4, 1]",22,5.336,0.6944,0,317.0,piece_count,2,endgame,False,0.0,0.0,True
41,54,0,"[[0, 1], [1, 0]]","[1, 0]",15,3.5331,0.5312,0,318.0,piece_count,2,endgame,False,0.0,0.0,True
41,55,1,"[[4, 5], [5, 6]]","[5, 6]",18,4.3869,0.6786,0,318.0,piece_count,2,endgame,True,100.0,0.0,True
41,56,0,"[[1, 0], [0, 1]]","[0, 1]",15,3.4971,0.5312,0,418.0,piece_count,2,endgame,False,0.0,0.0,False
41,57,1,"[[5, 2], [6, 1]]","[6, 1]",18,4.1378,0.6786,0,418.0,piece_count,2,endgame,False,0.0,0.0,True
41,58,0,"[[0, 1], [1, 0]]","[1, 0]",26,6.1591,0.1875,0,418.0,piece_count,2,endgame,False,0.0,0.0,True
41,59,1,"[[6, 1], [7, 2]]","[7, 2]",22,5.4083,0.6071,0,418.0,piece_count,2,endgame,False,0.0,0.0,False
41,60,0,"[[1, 0], [0, 1]]","[0, 1]",17,3.9988,0.4688,0,444.0,piece_count,2,endgame,True,0,0.0,False
41,61,1,"[[4, 1], [5, 2]]","[5, 2]",23,5.2166,0.6806,0,444.0,piece_count,2,endgame,False,0.0,0.0,True
41,62,0,"[[0, 1], [1, 0]]","[1, 0]",20,4.7762,0.5,0,460.0,piece_count,2,endgame,False,0.0,0.0,True
41,63,1,"[[5, 2], [6, 1]]","[6, 1]",25,6.0902,0.6875,0,460.0,piece_count,2,endgame,False,0.0,0.0,True
41,64,0,"[[1, 0], [0, 1]]","[0, 1]",17,3.937,0.575,0,460.0,piece_count,2,endgame,False,0.0,0.0,False
41,65,1,"[[4, 3], [5, 2]]","[5, 2]",19,4.5662,0.6607,0,460.0,piece_count,2,endgame,True,0.0,0.0,True
41,66,0,"[[0, 1], [1, 0]]","[1, 0]",18,3.9816,0.55,0,460.0,piece_count,2,endgame,False,0.0,0.0,True
41,67,1,"[[3, 2], [4, 3]]","[4, 3]",21,5.0435,0.6719,0,460.0,piece_count,2,endgame,False,0.0,0.0,False
41,68,0,"[[1, 0], [0, 1]]","[0, 1]",16,3.7527,0.6,0,604.0,piece_count,2,endgame,False,0.0,0.0,False
41,69,1,"[[5, 2], [6, 3]]","[6, 3]",17,4.133,0.6458,0,604.0,piece_count,2,endgame,False,0.0,0.0,False
41,70,0,"[[0, 1], [1, 0]]","[1, 0]",26,4.3466,0.35,0,725.0,piece_count,2,endgame,False,0,0.0,True
41,71,1,"[[6, 3], [7, 4]]","[7, 4]",19,2.5947,0.525,0,725.0,piece_count,2,endgame,False,0.0,0.0,True
41,72,0,"[[1, 0], [0, 1]]","[0, 1]",18,2.4636,0.55,0,725.0,piece_count,2,endgame,False,0.0,0.0,False
41,73,1,"[[4, 3], [5, 2]]","[5, 2]",21,4.9279,0.6719,0,725.0,piece_count,2,endgame,False,0.0,0.0,True
41,74,0,"[[0, 1], [1, 0]]","[1, 0]",18,4.2779,0.55,0,725.0,piece_count,2,endgame,False,0.0,0.0,True
41,75,1,"[[5, 2], [6, 3]]","[6, 3]",21,5.1153,0.6719,0,725.0,piece_count,2,endgame,True,144.0,0.0,False
41,76,0,"[[1, 0], [0, 1]]","[0, 1]",14,3.0115,0.65,0,869.0,piece_count,2,endgame,False,0.0,0.0,False
41,77,1,"[[5, 6], [6, 5]]","[6, 5]",12,1.5752,0.625,0,869.0,piece_count,2,endgame,False,0.0,0.0,True
41,78,0,"[[0, 1], [1, 0]]","[1, 0]",9,1.1189,0.7188,0,869.0,piece_count,2,endgame,False,0.0,0.0,True
41,79,1,"[[4, 7], [5, 6]]","[5, 6]",6,0.7453,0.25,0,869.0,piece_count,2,endgame,False,0.0,0.0,False
41,80,0,"[[1, 0], [0, 1]]","[0, 1]",9,1.1191,0.7188,0,869.0,piece_count,2,endgame,False,0,0.0,False
41,81,1,"[[5, 6], [6, 7]]","[6, 7]",5,0.6018,0.375,0,869.0,piece_count,2,endgame,False,0.0,0.0,False
41,82,0,"[[0, 1], [1, 0]]","[1, 0]",4,0.4637,0.8333,0,899.0,piece_count,2,endgame,False,0.0,0.0,True
42,0,0,"[[6, 1], [5, 0]]","[5, 0]",21,3.5651,0.625,0,0,piece_count,2,opening,False,0,0.0,False
42,1,1,"[[1, 0], [2, 1]]","[2, 1]",22,3.716,0.6071,0,0,piece_count,2,opening,False,0.0,0.0,True
42,2,0,"[[5, 0], [4, 1]]","[4, 1]",24,4.071,0.625,0,1.0,piece_count,2,opening,False,0.0,0.0,False
42,3,1,"[[0, 1], [1, 0]]","[1, 0]",25,4.2195,0.6094,0,1.0,piece_count,2,opening,False,0.0,0.0,True
42,4,0,"[[4, 1], [3, 0]]","[3, 0]",24,7.0431,0.6667,0,1.0,piece_count,2,opening,False,0.0,0.0,False
42,5,1,"[[1, 4], [2, 3]]","[2, 3]",19,5.6081,0.6042,0,1.0,piece_count,2,opening,False,0.0,0.0,True
42,6,0,"[[6, 3], [5, 2]]","[5, 2]",21,6.4745,0.625,0,1.0,piece_count,2,opening,False,0.0,0.0,False
42,7,1,"[[0, 3], [1, 4]]","[1, 4]",23,7.241,0.5893,0,1.0,piece_count,2,opening,False,0.0,0.0,True
42,8,0,"[[5, 2], [4, 1]]","[4, 1]",24,6.6319,0.6667,0,1.0,piece_count,2,opening,False,0.0,0.0,False
42,9,1,"[[1, 4], [2, 5]]","[2, 5]",20,6.1119,0.5833,0,1.0,piece_count,2,opening,False,0.0,0.0,True
42,10,0,"[[6, 5], [5, 4]]","[5, 4]",24,7.4086,0.625,0,1.0,piece_count,2,opening,True,0,0.0,False
42,11,1,"[[0, 5], [1, 4]]","[1, 4]",24,7.499,0.5714,0,1.0,piece_count,2,opening,False,0.0,0.0,True
42,12,0,"[[5, 4], [4, 3]]","[4, 3]",27,8.2808,0.6625,0,1.0,piece_count,2,opening,False,0.0,0.0,False
42,13,1,"[[1, 6], [2, 7]]","[2, 7]",22,6.6001,0.5417,0,1.0,piece_count,2,opening,False,0.0,0.0,True
42,14,0,"[[6, 7], [5, 6]]","[5, 6]",27,8.2483,0.6625,0,31.0,piece_count,2,opening,False,0.0,0.0,False
42,15,1,"[[0, 7], [1, 6]]","[1, 6]",26,7.843,0.5357,0,31.0,piece_count,2,opening,True,0.0,0.0,True
42,16,0,"[[5, 6], [4, 5]]","[4, 5]",30,8.4689,0.6875,0,31.0,piece_count,2,opening,False,0.0,0.0,False
42,17,1,"[[2, 5], [3, 6]]","[3, 6]",24,6.9544,0.5,0,31.0,piece_count,2,opening,False,0.0,0.0,False
42,18,0,"[[4, 1], [3, 2]]","[3, 2]",25,7.4215,0.7159,0,112.0,piece_count,2,opening,False,0.0,0.0,False
42,19,1,"[[3, 6], [5, 4]]","[5, 4]",21,6.1624,0.0,0,112.0,piece_count,2,opening,False,0.0,0.0,False
42,20,0,"[[7, 0], [6, 1]]","[6, 1]",19,5.0673,0.7031,0,139.0,piece_count,2,midgame,True,0,0.0,False
42,21,1,"[[2, 3], [4, 1]]","[4, 1]",11,3.0239,0.0,0,139.0,piece_count,2,midgame,False,0.0,0.0,False
42,22,0,"[[4, 3], [3, 4]]","[3, 4]",28,6.892,0.6111,0,153.0,piece_count,2,midgame,False,0.0,0.0,False
42,23,1,"[[1, 4], [2, 3]]","[2, 3]",29,7.1383,0.6375,0,153.0,piece_count,2,midgame,False,0.0,0.0,True
42,24,0,"[[3, 4], [2, 5]]","[2, 5]",17,2.4602,0.7344,0,153.0,piece_count,2,midgame,False,0.0,0.0,False
42,25,1,"[[1, 6], [3, 4]]","[3, 4]",9,1.2596,0.0,0,153.0,piece_count,2,midgame,True,22.0,0.0,False
42,26,0,"[[6, 1], [5, 0]]","[5, 0]",22,3.1514,0.6071,0,175.0,piece_count,2,midgame,False,0.0,0.0,False
42,27,1,"[[2, 1], [3, 2]]","[3, 2]",23,3.341,0.6406,0,175.0,piece_count,2,midgame,False,0.0,0.0,False
42,28,0,"[[3, 0], [2, 1]]","[2, 1]",15,2.1069,0.7321,0,199.0,piece_count,2,midgame,False,0.0,0.0,False
42,29,1,"[[1, 2], [3, 0]]","[3, 0]",8,1.0612,0.0,0,199.0,piece_count,2,midgame,False,0.0,0.0,False
42,30,0,"[[7, 2], [6, 1]]","[6, 1]",20,2.7139,0.5833,0,212.0,piece_count,2,midgame,True,0,0.0,False
42,31,1,"[[1, 0], [2, 1]]","[2, 1]",21,2.84,0.6719,0,212.0,piece_count,2,midgame,False,0.0,0.0,True
42,32,0,"[[7, 4], [6, 5]]","[6, 5]",16,2.1398,0.6,0,213.0,piece_count,2,midgame,False,0.0,0.0,False
42,33,1,"[[3, 4], [4, 3]]","[4, 3]",15,3.4163,0.6875,0,213.0,piece_count,2,midgame,False,0.0,0.0,True
42,34,0,"[[6, 5], [5, 6]]","[5, 6]",13,3.0951,0.4583,0,213.0,piece_count,2,midgame,False,0.0,0.0,False
42,35,1,"[[2, 3], [3, 4]]","[3, 4]",17,4.1935,0.6458,0,213.0,piece_count,2,midgame,True,0.0,0.0,True
42,36,0,"[[5, 6], [4, 7]]","[4, 7]",16,3.9523,0.6,0,213.0,piece_count,2,midgame,False,0.0,0.0,False
42,37,1,"[[3, 4], [4, 5]]","[4, 5]",16,3.8998,0.6667,0,213.0,piece_count,2,midgame,False,0.0,0.0,False
42,38,0,"[[4, 7], [3, 6]]","[3, 6]",13,3.114,0.5938,0,213.0,piece_count,2,midgame,False,0.0,0.0,False
42,39,1,"[[4, 1], [5, 2]]","[5, 2]",14,3.4249,0.65,0,213.0,piece_count,2,midgame,False,0.0,0.0,True
42,40,0,"[[3, 6], [2, 5]]","[2, 5]",9,2.0602,0.7188,0,241.0,piece_count,2,midgame,True,0,0.0,False
42,41,1,"[[5, 2], [7, 0]]","[7, 0]",7,1.6005,0.125,0,241.0,piece_count,2,midgame,False,0.0,0.0,False
42,42,0,"[[2, 5], [1, 4]]","[1, 4]",18,4.179,0.55,0,260.0,piece_count,2,midgame,False,0.0,0.0,False
42,43,1,"[[2, 7], [3, 6]]","[3, 6]",21,5.0099,0.6719,0,260.0,piece_count,2,midgame,False,0.0,0.0,False
42,44,0,"[[1, 4], [0, 3]]","[0, 3]",18,4.2398,0.55,0,260.0,piece_count,2,midgame,False,0.0,0.0,False
42,45,1,"[[3, 0], [4, 1]]","[4, 1]",20,4.8246,0.6875,0,260.0,piece_count,2,midgame,True,143.0,143.0,True
42,46,0,"[[0, 3], [1, 2]]","[1, 2]",16,4.108,0.5,0,261.0,piece_count,2,midgame,False,0.0,0.0,False
42,47,1,"[[2, 1], [3, 0]]","[3, 0]",22,5.3499,0.6562,0,261.0,piece_count,2,midgame,False,0.0,0.0,True
42,48,0,"[[1, 2], [0, 1]]","[0, 1]",19,4.5078,0.6042,0,261.0,piece_count,2,midgame,False,0.0,0.0,True
42,49,1,"[[3, 6], [4, 7]]","[4, 7]",18,4.3218,0.6786,0,261.0,piece_count,2,midgame,False,0.0,0.0,True
42,50,0,"[[0, 1], [1, 0]]","[1, 0]",15,3.4888,0.5312,0,291.0,piece_count,2,endgame,True,0,0.0,True
42,51,1,"[[4, 1], [5, 2]]","[5, 2]",19,4.5841,0.6607,0,291.0,piece_count,2,endgame,False,0.0,0.0,True
42,52,0,"[[1, 0], [0, 1]]","[0, 1]",19,4.4487,0.525,0,317.0,piece_count,2,endgame,False,0.0,0.0,False
42,53,1,"[[3, 0], [4, 1]]","[4, 1]",22,5.3291,0.6944,0,317.0,piece_count,2,endgame,False,0.0,0.0,True
42,54,0,"[[0, 1], [1, 0]]","[1, 0]",15,3.3367,0.5312,0,318.0,piece_count,2,endgame,False,0.0,0.0,True
42,55,1,"[[4, 5], [5, 6]]","[5, 6]",18,2.4047,0.6786,0,318.0,piece_count,2,endgame,True,100.0,0.0,True
42,56,0,"[[1, 0], [0, 1]]","[0, 1]",15,1.9178,0.5312,0,418.0,piece_count,2,endgame,False,0.0,0.0,False
42,57,1,"[[5, 2], [6, 1]]","[6, 1]",18,2.3696,0.6786,0,418.0,piece_count,2,endgame,False,0.0,0.0,True
42,58,0,"[[0, 1], [1, 0]]","[1, 0]",26,3.3727,0.1875,0,418.0,piece_count,2,endgame,False,0.0,0.0,True
42,59,1,"[[6, 1], [7, 2]]","[7, 2]",22,4.6856,0.6071,0,418.0,piece_count,2,endgame,False,0.0,0.0,False
42,60,0,"[[1, 0], [0, 1]]","[0, 1]",17,4.0092,0.4688,0,444.0,piece_count,2,endgame,True,0,0.0,False
42,61,1,"[[4, 1], [5, 2]]","[5, 2]",23,5.5852,0.6806,0,444.0,piece_count,2,endgame,False,0.0,0.0,True
42,62,0,"[[0, 1], [1, 0]]","[1, 0]",20,2.6,0.5,0,460.0,piece_count,2,endgame,False,0.0,0.0,True
42,63,1,"[[5, 2], [6, 1]]","[6, 1]",25,3.3445,0.6875,0,460.0,piece_count,2,endgame,False,0.0,0.0,True
42,64,0,"[[1, 0], [0, 1]]","[0, 1]",17,2.1791,0.575,0,460.0,piece_count,2,endgame,False,0.0,0.0,False
42,65,1,"[[4, 3], [5, 2]]","[5, 2]",19,4.7143,0.6607,0,460.0,piece_count,2,endgame,True,0.0,0.0,True
42,66,0,"[[0, 1], [1, 0]]","[1, 0]",18,3.4518,0.55,0,460.0,piece_count,2,endgame,False,0.0,0.0,True
42,67,1,"[[3, 2], [4, 3]]","[4, 3]",21,5.1296,0.6719,0,460.0,piece_count,2,endgame,False,0.0,0.0,False
42,68,0,"[[1, 0], [0, 1]]","[0, 1]",16,3.7975,0.6,0,604.0,piece_count,2,endgame,False,0.0,0.0,False
42,69,1,"[[5, 2], [6, 3]]","[6, 3]",17,4.1258,0.6458,0,604.0,piece_count,2,endgame,False,0.0,0.0,False
42,70,0,"[[0, 1], [1, 0]]","[1, 0]",26,6.1707,0.35,0,725.0,piece_count,2,endgame,False,0,0.0,True
42,71,1,"[[6, 3], [7, 4]]","[7, 4]",19,3.9301,0.525,0,725.0,piece_count,2,endgame,False,0.0,0.0,True
42,72,0,"[[1, 0], [0, 1]]","[0, 1]",18,4.2458,0.55,0,725.0,piece_count,2,endgame,False,0.0,0.0,False
42,73,1,"[[4, 3], [5, 2]]","[5, 2]",21,5.1324,0.6719,0,725.0,piece_count,2,endgame,False,0.0,0.0,True
42,74,0,"[[0, 1], [1, 0]]","[1, 0]",18,4.2465,0.55,0,725.0,piece_count,2,endgame,False,0.0,0.0,True
42,75,1,"[[5, 2], [6, 3]]","[6, 3]",21,5.1312,0.6719,0,725.0,piece_count,2,endgame,True,144.0,0.0,False
42,76,0,"[[1, 0], [0, 1]]","[0, 1]",14,2.8965,0.65,0,869.0,piece_count,2,endgame,False,0.0,0.0,False
42,77,1,"[[5, 6], [6, 5]]","[6, 5]",12,2.8677,0.625,0,869.0,piece_count,2,endgame,False,0.0,0.0,True
42,78,0,"[[0, 1], [1, 0]]","[1, 0]",9,2.0304,0.7188,0,869.0,piece_count,2,endgame,False,0.0,0.0,True
42,79,1,"[[4, 7], [5, 6]]","[5, 6]",6,1.39,0.25,0,869.0,piece_count,2,endgame,False,0.0,0.0,False
42,80,0,"[[1, 0], [0, 1]]","[0, 1]",9,2.049,0.7188,0,869.0,piece_count,2,endgame,False,0,0.0,False
42,81,1,"[[5, 6], [6, 7]]","[6, 7]",5,1.1115,0.375,0,869.0,piece_count,2,endgame,False,0.0,0.0,False
42,82,0,"[[0, 1], [1, 0]]","[1, 0]",4,0.8581,0.8333,0,899.0,piece_count,2,endgame,False,0.0,0.0,True
43,0,0,"[[6, 1], [5, 0]]","[5, 0]",21,6.4819,0.625,0,0,piece_count,2,opening,False,0,0.0,False
43,1,1,"[[1, 0], [2, 1]]","[2, 1]",22,6.403,0.6071,0,0,piece_count,2,opening,False,0.0,0.0,True
43,2,0,"[[5, 0], [4, 1]]","[4, 1]",24,7.3104,0.625,0,1.0,piece_count,2,opening,False,0.0,0.0,False
43,3,1,"[[0, 1], [1, 0]]","[1, 0]",25,6.2308,0.6094,0,1.0,piece_count,2,opening,False,0.0,0.0,True
43,4,0,"[[4, 1], [3, 0]]","[3, 0]",24,4.0374,0.6667,0,1.0,piece_count,2,opening,False,0.0,0.0,False
43,5,1,"[[1, 4], [2, 3]]","[2, 3]",19,3.1567,0.6042,0,1.0,piece_count,2,opening,False,0.0,0.0,True
43,6,0,"[[6, 3], [5, 2]]","[5, 2]",21,4.1406,0.625,0,1.0,piece_count,2,opening,False,0.0,0.0,False
43,7,1,"[[0, 3], [1, 4]]","[1, 4]",23,3.8934,0.5893,0,1.0,piece_count,2,opening,False,0.0,0.0,True
43,8,0,"[[5, 2], [4, 1]]","[4, 1]",24,4.0588,0.6667,0,1.0,piece_count,2,opening,False,0.0,0.0,False
43,9,1,"[[1, 4], [2, 5]]","[2, 5]",20,4.3204,0.5833,0,1.0,piece_count,2,opening,False,0.0,0.0,True
43,10,0,"[[6, 5], [5, 4]]","[5, 4]",24,4.0677,0.625,0,1.0,piece_count,2,opening,True,0,0.0,False
43,11,1,"[[0, 5], [1, 4]]","[1, 4]",24,4.0448,0.5714,0,1.0,piece_count,2,opening,False,0.0,0.0,True
43,12,0,"[[5, 4], [4, 3]]","[4, 3]",27,4.5681,0.6625,0,1.0,piece_count,2,opening,False,0.0,0.0,False
43,13,1,"[[1, 6], [2, 7]]","[2, 7]",22,3.648,0.5417,0,1.0,piece_count,2,opening,False,0.0,0.0,True
43,14,0,"[[6, 7], [5, 6]]","[5, 6]",27,4.5068,0.6625,0,31.0,piece_count,2,opening,False,0.0,0.0,False
43,15,1,"[[0, 7], [1, 6]]","[1, 6]",26,6.3164,0.5357,0,31.0,piece_count,2,opening,True,0.0,0.0,True
43,16,0,"[[5, 6], [4, 5]]","[4, 5]",30,8.1954,0.6875,0,31.0,piece_count,2,opening,False,0.0,0.0,False
43,17,1,"[[2, 5], [3, 6]]","[3, 6]",24,7.0701,0.5,0,31.0,piece_count,2,opening,False,0.0,0.0,False
43,18,0,"[[4, 1], [3, 2]]","[3, 2]",25,7.4604,0.7159,0,112.0,piece_count,2,opening,False,0.0,0.0,False
43,19,1,"[[3, 6], [5, 4]]","[5, 4]",21,5.1877,0.0,0,112.0,piece_count,2,opening,False,0.0,0.0,False
43,20,0,"[[7, 0], [6, 1]]","[6, 1]",19,5.1041,0.7031,0,139.0,piece_count,2,midgame,True,0,0.0,False
43,21,1,"[[2, 3], [4, 1]]","[4, 1]",11,2.97,0.0,0,139.0,piece_count,2,midgame,False,0.0,0.0,False
43,22,0,"[[4, 3], [3, 4]]","[3, 4]",28,7.6694,0.6111,0,153.0,piece_count,2,midgame,False,0.0,0.0,False
43,23,1,"[[1, 4], [2, 3]]","[2, 3]",29,7.4856,0.6375,0,153.0,piece_count,2,midgame,False,0.0,0.0,True
43,24,0,"[[3, 4], [2, 5]]","[2, 5]",17,4.4346,0.7344,0,153.0,piece_count,2,midgame,False,0.0,0.0,False
43,25,1,"[[1, 6], [3, 4]]","[3, 4]",9,1.2672,0.0,0,153.0,piece_count,2,midgame,True,22.0,0.0,False
43,26,0,"[[6, 1], [5, 0]]","[5, 0]",22,3.1335,0.6071,0,175.0,piece_count,2,midgame,False,0.0,0.0,False
43,27,1,"[[2, 1], [3, 2]]","[3, 2]",23,3.325,0.6406,0,175.0,piece_count,2,midgame,False,0.0,0.0,False
43,28,0,"[[3, 0], [2, 1]]","[2, 1]",15,2.1026,0.7321,0,199.0,piece_count,2,midgame,False,0.0,0.0,False
43,29,1,"[[1, 2], [3, 0]]","[3, 0]",8,1.1754,0.0,0,199.0,piece_count,2,midgame,False,0.0,0.0,False
43,30,0,"[[7, 2], [6, 1]]","[6, 1]",20,2.7959,0.5833,0,212.0,piece_count,2,midgame,True,0,0.0,False
43,31,1,"[[1, 0], [2, 1]]","[2, 1]",21,2.8501,0.6719,0,212.0,piece_count,2,midgame,False,0.0,0.0,True
43,32,0,"[[7, 4], [6, 5]]","[6, 5]",16,2.1224,0.6,0,213.0,piece_count,2,midgame,False,0.0,0.0,False
43,33,1,"[[3, 4], [4, 3]]","[4, 3]",15,2.0196,0.6875,0,213.0,piece_count,2,midgame,False,0.0,0.0,True
43,34,0,"[[6, 5], [5, 6]]","[5, 6]",13,1.7042,0.4583,0,213.0,piece_count,2,midgame,False,0.0,0.0,False
43,35,1,"[[2, 3], [3, 4]]","[3, 4]",17,2.2981,0.6458,0,213.0,piece_count,2,midgame,True,0.0,0.0,True
43,36,0,"[[5, 6], [4, 7]]","[4, 7]",16,2.5449,0.6,0,213.0,piece_count,2,midgame,False,0.0,0.0,False
43,37,1,"[[3, 4], [4, 5]]","[4, 5]",16,2.1458,0.6667,0,213.0,piece_count,2,midgame,False,0.0,0.0,False
43,38,0,"[[4, 7], [3, 6]]","[3, 6]",13,1.7114,0.5938,0,213.0,piece_count,2,midgame,False,0.0,0.0,False
43,39,1,"[[4, 1], [5, 2]]","[5, 2]",14,1.8716,0.65,0,213.0,piece_count,2,midgame,False,0.0,0.0,True
43,40,0,"[[3, 6], [2, 5]]","[2, 5]",9,1.1356,0.7188,0,241.0,piece_count,2,midgame,True,0,0.0,False
43,41,1,"[[5, 2], [7, 0]]","[7, 0]",7,1.6024,0.125,0,241.0,piece_count,2,midgame,False,0.0,0.0,False
43,42,0,"[[2, 5], [1, 4]]","[1, 4]",18,4.2205,0.55,0,260.0,piece_count,2,midgame,False,0.0,0.0,False
43,43,1,"[[2, 7], [3, 6]]","[3, 6]",21,5.0497,0.6719,0,260.0,piece_count,2,midgame,False,0.0,0.0,False
43,44,0,"[[1, 4], [0, 3]]","[0, 3]",18,3.8378,0.55,0,260.0,piece_count,2,midgame,False,0.0,0.0,False
43,45,1,"[[3, 0], [4, 1]]","[4, 1]",20,4.8292,0.6875,0,260.0,piece_count,2,midgame,True,143.0,143.0,True
43,46,0,"[[0, 3], [1, 2]]","[1, 2]",16,4.3235,0.5,0,261.0,piece_count,2,midgame,False,0.0,0.0,False
43,47,1,"[[2, 1], [3, 0]]","[3, 0]",22,11.6806,0.6562,0,261.0,piece_count,2,midgame,False,0.0,0.0,True
43,48,0,"[[1, 2], [0, 1]]","[0, 1]",19,30.1528,0.6042,0,261.0,piece_count,2,midgame,False,0.0,0.0,True
43,49,1,"[[3, 6], [4, 7]]","[4, 7]",18,29.778,0.6786,0,261.0,piece_count,2,midgame,False,0.0,0.0,True
43,50,0,"[[0, 1], [1, 0]]","[1, 0]",15,5.6543,0.5312,0,291.0,piece_count,2,endgame,True,0,0.0,True
43,51,1,"[[4, 1], [5, 2]]","[5, 2]",19,7.2021,0.6607,0,291.0,piece_count,2,endgame,False,0.0,0.0,True
43,52,0,"[[1, 0], [0, 1]]","[0, 1]",19,7.0143,0.525,0,317.0,piece_count,2,endgame,False,0.0,0.0,False
43,53,1,"[[3, 0], [4, 1]]","[4, 1]",22,16.9578,0.6944,0,317.0,piece_count,2,endgame,False,0.0,0.0,True
43,54,0,"[[0, 1], [1, 0]]","[1, 0]",15,5.3504,0.5312,0,318.0,piece_count,2,endgame,False,0.0,0.0,True
43,55,1,"[[4, 5], [5, 6]]","[5, 6]",18,6.7015,0.6786,0,318.0,piece_count,2,endgame,True,100.0,0.0,True
43,56,0,"[[1, 0], [0, 1]]","[0, 1]",15,5.2626,0.5312,0,418.0,piece_count,2,endgame,False,0.0,0.0,False
43,57,1,"[[5, 2], [6, 1]]","[6, 1]",18,6.5942,0.6786,0,418.0,piece_count,2,endgame,False,0.0,0.0,True
43,58,0,"[[0, 1], [1, 0]]","[1, 0]",26,10.1819,0.1875,0,418.0,piece_count,2,endgame,False,0.0,0.0,True
43,59,1,"[[6, 1], [7, 2]]","[7, 2]",22,8.3902,0.6071,0,418.0,piece_count,2,endgame,False,0.0,0.0,False
43,60,0,"[[1, 0], [0, 1]]","[0, 1]",17,20.1981,0.4688,0,444.0,piece_count,2,endgame,True,0,0.0,False
43,61,1,"[[4, 1], [5, 2]]","[5, 2]",23,8.2631,0.6806,0,444.0,piece_count,2,endgame,False,0.0,0.0,True
43,62,0,"[[0, 1], [1, 0]]","[1, 0]",20,6.9847,0.5,0,460.0,piece_count,2,endgame,False,0.0,0.0,True
43,63,1,"[[5, 2], [6, 1]]","[6, 1]",25,13.1605,0.6875,0,460.0,piece_count,2,endgame,False,0.0,0.0,True
43,64,0,"[[1, 0], [0, 1]]","[0, 1]",17,6.2339,0.575,0,460.0,piece_count,2,endgame,False,0.0,0.0,False
43,65,1,"[[4, 3], [5, 2]]","[5, 2]",19,4.2543,0.6607,0,460.0,piece_count,2,endgame,True,0.0,0.0,True
43,66,0,"[[0, 1], [1, 0]]","[1, 0]",18,5.6553,0.55,0,460.0,piece_count,2,endgame,False,0.0,0.0,True
43,67,1,"[[3, 2], [4, 3]]","[4, 3]",21,8.2147,0.6719,0,460.0,piece_count,2,endgame,False,0.0,0.0,False
43,68,0,"[[1, 0], [0, 1]]","[0, 1]",16,5.7068,0.6,0,604.0,piece_count,2,endgame,False,0.0,0.0,False
43,69,1,"[[5, 2], [6, 3]]","[6, 3]",17,7.6859,0.6458,0,604.0,piece_count,2,endgame,False,0.0,0.0,False
43,70,0,"[[0, 1], [1, 0]]","[1, 0]",26,6.1216,0.35,0,725.0,piece_count,2,endgame,False,0,0.0,True
43,71,1,"[[6, 3], [7, 4]]","[7, 4]",19,4.7097,0.525,0,725.0,piece_count,2,endgame,False,0.0,0.0,True
43,72,0,"[[1, 0], [0, 1]]","[0, 1]",18,4.2593,0.55,0,725.0,piece_count,2,endgame,False,0.0,0.0,False
43,73,1,"[[4, 3], [5, 2]]","[5, 2]",21,5.1548,0.6719,0,725.0,piece_count,2,endgame,False,0.0,0.0,True
43,74,0,"[[0, 1], [1, 0]]","[1, 0]",18,4.2455,0.55,0,725.0,piece_count,2,endgame,False,0.0,0.0,True
43,75,1,"[[5, 2], [6, 3]]","[6, 3]",21,5.1486,0.6719,0,725.0,piece_count,2,endgame,True,144.0,0.0,False
43,76,0,"[[1, 0], [0, 1]]","[0, 1]",14,3.2618,0.65,0,869.0,piece_count,2,endgame,False,0.0,0.0,False
43,77,1,"[[5, 6], [6, 5]]","[6, 5]",12,4.8139,0.625,0,869.0,piece_count,2,endgame,False,0.0,0.0,True
43,78,0,"[[0, 1], [1, 0]]","[1, 0]",9,1.687,0.7188,0,869.0,piece_count,2,endgame,False,0.0,0.0,True
43,79,1,"[[4, 7], [5, 6]]","[5, 6]",6,1.3964,0.25,0,869.0,piece_count,2,endgame,False,0.0,0.0,False
43,80,0,"[[1, 0], [0, 1]]","[0, 1]",9,2.053,0.7188,0,869.0,piece_count,2,endgame,False,0,0.0,False
43,81,1,"[[5, 6], [6, 7]]","[6, 7]",5,1.1244,0.375,0,869.0,piece_count,2,endgame,False,0.0,0.0,False
43,82,0,"[[0, 1], [1, 0]]","[1, 0]",4,0.8574,0.8333,0,899.0,piece_count,2,endgame,False,0.0,0.0,True
44,0,0,"[[6, 1], [5, 0]]","[5, 0]",21,6.5055,0.625,0,0,piece_count,2,opening,False,0,0.0,False
44,1,1,"[[1, 0], [2, 1]]","[2, 1]",22,5.6441,0.6071,0,0,piece_count,2,opening,False,0.0,0.0,True
44,2,0,"[[5, 0], [4, 1]]","[4, 1]",24,4.0672,0.625,0,1.0,piece_count,2,opening,False,0.0,0.0,False
44,3,1,"[[0, 1], [1, 0]]","[1, 0]",25,4.2028,0.6094,0,1.0,piece_count,2,opening,False,0.0,0.0,True
44,4,0,"[[4, 1], [3, 0]]","[3, 0]",24,5.3794,0.6667,0,1.0,piece_count,2,opening,False,0.0,0.0,False
44,5,1,"[[1, 4], [2, 3]]","[2, 3]",19,5.7695,0.6042,0,1.0,piece_count,2,opening,False,0.0,0.0,True
44,6,0,"[[6, 3], [5, 2]]","[5, 2]",21,5.3365,0.625,0,1.0,piece_count,2,opening,False,0.0,0.0,False
44,7,1,"[[0, 3], [1, 4]]","[1, 4]",23,3.8664,0.5893,0,1.0,piece_count,2,opening,False,0.0,0.0,True
44,8,0,"[[5, 2], [4, 1]]","[4, 1]",24,4.0638,0.6667,0,1.0,piece_count,2,opening,False,0.0,0.0,False
44,9,1,"[[1, 4], [2, 5]]","[2, 5]",20,3.8068,0.5833,0,1.0,piece_count,2,opening,False,0.0,0.0,True
44,10,0,"[[6, 5], [5, 4]]","[5, 4]",24,4.0195,0.625,0,1.0,piece_count,2,opening,True,0,0.0,False
44,11,1,"[[0, 5], [1, 4]]","[1, 4]",24,4.0045,0.5714,0,1.0,piece_count,2,opening,False,0.0,0.0,True
44,12,0,"[[5, 4], [4, 3]]","[4, 3]",27,5.0402,0.6625,0,1.0,piece_count,2,opening,False,0.0,0.0,False
44,13,1,"[[1, 6], [2, 7]]","[2, 7]",22,3.659,0.5417,0,1.0,piece_count,2,opening,False,0.0,0.0,True
44,14,0,"[[6, 7], [5, 6]]","[5, 6]",27,4.5359,0.6625,0,31.0,piece_count,2,opening,False,0.0,0.0,False
44,15,1,"[[0, 7], [1, 6]]","[1, 6]",26,4.8902,0.5357,0,31.0,piece_count,2,opening,True,0.0,0.0,True
44,16,0,"[[5, 6], [4, 5]]","[4, 5]",30,5.0039,0.6875,0,31.0,piece_count,2,opening,False,0.0,0.0,False
44,17,1,"[[2, 5], [3, 6]]","[3, 6]",24,4.5509,0.5,0,31.0,piece_count,2,opening,False,0.0,0.0,False
44,18,0,"[[4, 1], [3, 2]]","[3, 2]",25,4.1125,0.7159,0,112.0,piece_count,2,opening,False,0.0,0.0,False
44,19,1,"[[3, 6], [5, 4]]","[5, 4]",21,3.2783,0.0,0,112.0,piece_count,2,opening,False,0.0,0.0,False
44,20,0,"[[7, 0], [6, 1]]","[6, 1]",19,2.9571,0.7031,0,139.0,piece_count,2,midgame,True,0,0.0,False
44,21,1,"[[2, 3], [4, 1]]","[4, 1]",11,1.6403,0.0,0,139.0,piece_count,2,midgame,False,0.0,0.0,False
44,22,0,"[[4, 3], [3, 4]]","[3, 4]",28,4.2462,0.6111,0,153.0,piece_count,2,midgame,False,0.0,0.0,False
44,23,1,"[[1, 4], [2, 3]]","[2, 3]",29,4.396,0.6375,0,153.0,piece_count,2,midgame,False,0.0,0.0,True
44,24,0,"[[3, 4], [2, 5]]","[2, 5]",17,3.1686,0.7344,0,153.0,piece_count,2,midgame,False,0.0,0.0,False
44,25,1,"[[1, 6], [3, 4]]","[3, 4]",9,2.2998,0.0,0,153.0,piece_count,2,midgame,True,22.0,0.0,False
44,26,0,"[[6, 1], [5, 0]]","[5, 0]",22,5.7011,0.6071,0,175.0,piece_count,2,midgame,False,0.0,0.0,False
44,27,1,"[[2, 1], [3, 2]]","[3, 2]",23,6.1753,0.6406,0,175.0,piece_count,2,midgame,False,0.0,0.0,False
44,28,0,"[[3, 0], [2, 1]]","[2, 1]",15,3.8295,0.7321,0,199.0,piece_count,2,midgame,False,0.0,0.0,False
44,29,1,"[[1, 2], [3, 0]]","[3, 0]",8,1.3726,0.0,0,199.0,piece_count,2,midgame,False,0.0,0.0,False
44,30,0,"[[7, 2], [6, 1]]","[6, 1]",20,4.3035,0.5833,0,212.0,piece_count,2,midgame,True,0,0.0,False
44,31,1,"[[1, 0], [2, 1]]","[2, 1]",21,5.1496,0.6719,0,212.0,piece_count,2,midgame,False,0.0,0.0,True
44,32,0,"[[7, 4], [6, 5]]","[6, 5]",16,3.8593,0.6,0,213.0,piece_count,2,midgame,False,0.0,0.0,False
44,33,1,"[[3, 4], [4, 3]]","[4, 3]",15,2.7626,0.6875,0,213.0,piece_count,2,midgame,False,0.0,0.0,True
44,34,0,"[[6, 5], [5, 6]]","[5, 6]",13,1.7142,0.4583,0,213.0,piece_count,2,midgame,False,0.0,0.0,False
44,35,1,"[[2, 3], [3, 4]]","[3, 4]",17,2.2955,0.6458,0,213.0,piece_count,2,midgame,True,0.0,0.0,True
44,36,0,"[[5, 6], [4, 7]]","[4, 7]",16,2.1358,0.6,0,213.0,piece_count,2,midgame,False,0.0,0.0,False
44,37,1,"[[3, 4], [4, 5]]","[4, 5]",16,2.1367,0.6667,0,213.0,piece_count,2,midgame,False,0.0,0.0,False
44,38,0,"[[4, 7], [3, 6]]","[3, 6]",13,2.4357,0.5938,0,213.0,piece_count,2,midgame,False,0.0,0.0,False
44,39,1,"[[4, 1], [5, 2]]","[5, 2]",14,3.4013,0.65,0,213.0,piece_count,2,midgame,False,0.0,0.0,True
44,40,0,"[[3, 6], [2, 5]]","[2, 5]",9,2.0545,0.7188,0,241.0,piece_count,2,midgame,True,0,0.0,False
44,41,1,"[[5, 2], [7, 0]]","[7, 0]",7,1.5972,0.125,0,241.0,piece_count,2,midgame,False,0.0,0.0,False
44,42,0,"[[2, 5], [1, 4]]","[1, 4]",18,6.8662,0.55,0,260.0,piece_count,2,midgame,False,0.0,0.0,False
44,43,1,"[[2, 7], [3, 6]]","[3, 6]",21,2.8002,0.6719,0,260.0,piece_count,2,midgame,False,0.0,0.0,False
44,44,0,"[[1, 4], [0, 3]]","[0, 3]",18,2.3251,0.55,0,260.0,piece_count,2,midgame,False,0.0,0.0,False
44,45,1,"[[3, 0], [4, 1]]","[4, 1]",20,2.6474,0.6875,0,260.0,piece_count,2,midgame,True,143.0,143.0,True
44,46,0,"[[0, 3], [1, 2]]","[1, 2]",16,3.9606,0.5,0,261.0,piece_count,2,midgame,False,0.0,0.0,False
44,47,1,"[[2, 1], [3, 0]]","[3, 0]",22,5.3465,0.6562,0,261.0,piece_count,2,midgame,False,0.0,0.0,True
44,48,0,"[[1, 2], [0, 1]]","[0, 1]",19,4.6382,0.6042,0,261.0,piece_count,2,midgame,False,0.0,0.0,True
44,49,1,"[[3, 6], [4, 7]]","[4, 7]",18,4.355,0.6786,0,261.0,piece_count,2,midgame,False,0.0,0.0,True
44,50,0,"[[0, 1], [1, 0]]","[1, 0]",15,2.7318,0.5312,0,291.0,piece_count,2,endgame,True,0,0.0,True
44,51,1,"[[4, 1], [5, 2]]","[5, 2]",19,4.6098,0.6607,0,291.0,piece_count,2,endgame,False,0.0,0.0,True
44,52,0,"[[1, 0], [0, 1]]","[0, 1]",19,4.4749,0.525,0,317.0,piece_count,2,endgame,False,0.0,0.0,False
44,53,1,"[[3, 0], [4, 1]]","[4, 1]",22,5.3456,0.6944,0,317.0,piece_count,2,endgame,False,0.0,0.0,True
44,54,0,"[[0, 1], [1, 0]]","[1, 0]",15,3.5071,0.5312,0,318.0,piece_count,2,endgame,False,0.0,0.0,True
44,55,1,"[[4, 5], [5, 6]]","[5, 6]",18,4.0088,0.6786,0,318.0,piece_count,2,endgame,True,100.0,0.0,True
44,56,0,"[[1, 0], [0, 1]]","[0, 1]",15,3.4997,0.5312,0,418.0,piece_count,2,endgame,False,0.0,0.0,False
44,57,1,"[[5, 2], [6, 1]]","[6, 1]",18,4.5259,0.6786,0,418.0,piece_count,2,endgame,False,0.0,0.0,True
44,58,0,"[[0, 1], [1, 0]]","[1, 0]",26,3.3967,0.1875,0,418.0,piece_count,2,endgame,False,0.0,0.0,True
44,59,1,"[[6, 1], [7, 2]]","[7, 2]",22,2.95,0.6071,0,418.0,piece_count,2,endgame,False,0.0,0.0,False
44,60,0,"[[1, 0], [0, 1]]","[0, 1]",17,2.183,0.4688,0,444.0,piece_count,2,endgame,True,0,0.0,False
44,61,1,"[[4, 1], [5, 2]]","[5, 2]",23,3.726,0.6806,0,444.0,piece_count,2,endgame,False,0.0,0.0,True
44,62,0,"[[0, 1], [1, 0]]","[1, 0]",20,3.9468,0.5,0,460.0,piece_count,2,endgame,False,0.0,0.0,True
44,63,1,"[[5, 2], [6, 1]]","[6, 1]",25,6.0916,0.6875,0,460.0,piece_count,2,endgame,False,0.0,0.0,True
44,64,0,"[[1, 0], [0, 1]]","[0, 1]",17,4.0219,0.575,0,460.0,piece_count,2,endgame,False,0.0,0.0,False
44,65,1,"[[4, 3], [5, 2]]","[5, 2]",19,3.7837,0.6607,0,460.0,piece_count,2,endgame,True,0.0,0.0,True
44,66,0,"[[0, 1], [1, 0]]","[1, 0]",18,4.1847,0.55,0,460.0,piece_count,2,endgame,False,0.0,0.0,True
44,67,1,"[[3, 2], [4, 3]]","[4, 3]",21,5.127,0.6719,0,460.0,piece_count,2,endgame,False,0.0,0.0,False
44,68,0,"[[1, 0], [0, 1]]","[0, 1]",16,3.7644,0.6,0,604.0,piece_count,2,endgame,False,0.0,0.0,False
44,69,1,"[[5, 2], [6, 3]]","[6, 3]",17,4.1358,0.6458,0,604.0,piece_count,2,endgame,False,0.0,0.0,False
44,70,0,"[[0, 1], [1, 0]]","[1, 0]",26,6.1789,0.35,0,725.0,piece_count,2,endgame,False,0,0.0,True
44,71,1,"[[6, 3], [7, 4]]","[7, 4]",19,4.6933,0.525,0,725.0,piece_count,2,endgame,False,0.0,0.0,True
44,72,0,"[[1, 0], [0, 1]]","[0, 1]",18,3.8607,0.55,0,725.0,piece_count,2,endgame,False,0.0,0.0,False
44,73,1,"[[4, 3], [5, 2]]","[5, 2]",21,2.8272,0.6719,0,725.0,piece_count,2,endgame,False,0.0,0.0,True
44,74,0,"[[0, 1], [1, 0]]","[1, 0]",18,2.3346,0.55,0,725.0,piece_count,2,endgame,False,0.0,0.0,True
44,75,1,"[[5, 2], [6, 3]]","[6, 3]",21,2.8024,0.6719,0,725.0,piece_count,2,endgame,True,144.0,0.0,False
44,76,0,"[[1, 0], [0, 1]]","[0, 1]",14,1.7776,0.65,0,869.0,piece_count,2,endgame,False,0.0,0.0,False
44,77,1,"[[5, 6], [6, 5]]","[6, 5]",12,2.0709,0.625,0,869.0,piece_count,2,endgame,False,0.0,0.0,True
44,78,0,"[[0, 1], [1, 0]]","[1, 0]",9,1.1203,0.7188,0,869.0,piece_count,2,endgame,False,0.0,0.0,True
44,79,1,"[[4, 7], [5, 6]]","[5, 6]",6,0.7491,0.25,0,869.0,piece_count,2,endgame,False,0.0,0.0,False
44,80,0,"[[1, 0], [0, 1]]","[0, 1]",9,1.1253,0.7188,0,869.0,piece_count,2,endgame,False,0,0.0,False
44,81,1,"[[5, 6], [6, 7]]","[6, 7]",5,0.6042,0.375,0,869.0,piece_count,2,endgame,False,0.0,0.0,False
44,82,0,"[[0, 1], [1, 0]]","[1, 0]",4,0.4618,0.8333,0,899.0,piece_count,2,endgame,False,0.0,0.0,True
45,0,0,"[[6, 1], [5, 0]]","[5, 0]",21,3.5579,0.625,0,0,piece_count,2,opening,False,0,0.0,False
45,1,1,"[[1, 0], [2, 1]]","[2, 1]",22,4.2188,0.6071,0,0,piece_count,2,opening,False,0.0,0.0,True
45,2,0,"[[5, 0], [4, 1]]","[4, 1]",24,4.0929,0.625,0,1.0,piece_count,2,opening,False,0.0,0.0,False
45,3,1,"[[0, 1], [1, 0]]","[1, 0]",25,7.6985,0.6094,0,1.0,piece_count,2,opening,False,0.0,0.0,True
45,4,0,"[[4, 1], [3, 0]]","[3, 0]",24,4.1761,0.6667,0,1.0,piece_count,2,opening,False,0.0,0.0,False
45,5,1,"[[1, 4], [2, 3]]","[2, 3]",19,3.1686,0.6042,0,1.0,piece_count,2,opening,False,0.0,0.0,True
45,6,0,"[[6, 3], [5, 2]]","[5, 2]",21,3.5884,0.625,0,1.0,piece_count,2,opening,False,0.0,0.0,False
45,7,1,"[[0, 3], [1, 4]]","[1, 4]",23,4.3752,0.5893,0,1.0,piece_count,2,opening,False,0.0,0.0,True
45,8,0,"[[5, 2], [4, 1]]","[4, 1]",24,4.0679,0.6667,0,1.0,piece_count,2,opening,False,0.0,0.0,False
45,9,1,"[[1, 4], [2, 5]]","[2, 5]",20,3.3178,0.5833,0,1.0,piece_count,2,opening,False,0.0,0.0,True
45,10,0,"[[6, 5], [5, 4]]","[5, 4]",24,6.0921,0.625,0,1.0,piece_count,2,opening,True,0,0.0,False
45,11,1,"[[0, 5], [1, 4]]","[1, 4]",24,7.3454,0.5714,0,1.0,piece_count,2,opening,False,0.0,0.0,True
45,12,0,"[[5, 4], [4, 3]]","[4, 3]",27,5.3313,0.6625,0,1.0,piece_count,2,opening,False,0.0,0.0,False
45,13,1,"[[1, 6], [2, 7]]","[2, 7]",22,3.6669,0.5417,0,1.0,piece_count,2,opening,False,0.0,0.0,True
45,14,0,"[[6, 7], [5, 6]]","[5, 6]",27,4.549,0.6625,0,31.0,piece_count,2,opening,False,0.0,0.0,False
45,15,1,"[[0, 7], [1, 6]]","[1, 6]",26,7.6382,0.5357,0,31.0,piece_count,2,opening,True,0.0,0.0,True
45,16,0,"[[5, 6], [4, 5]]","[4, 5]",30,9.0275,0.6875,0,31.0,piece_count,2,opening,False,0.0,0.0,False
45,17,1,"[[2, 5], [3, 6]]","[3, 6]",24,7.118,0.5,0,31.0,piece_count,2,opening,False,0.0,0.0,False
45,18,0,"[[4, 1], [3, 2]]","[3, 2]",25,6.6323,0.7159,0,112.0,piece_count,2,opening,False,0.0,0.0,False
45,19,1,"[[3, 6], [5, 4]]","[5, 4]",21,5.9707,0.0,0,112.0,piece_count,2,opening,False,0.0,0.0,False
45,20,0,"[[7, 0], [6, 1]]","[6, 1]",19,5.3172,0.7031,0,139.0,piece_count,2,midgame,True,0,0.0,False
45,21,1,"[[2, 3], [4, 1]]","[4, 1]",11,2.9824,0.0,0,139.0,piece_count,2,midgame,False,0.0,0.0,False
45,22,0,"[[4, 3], [3, 4]]","[3, 4]",28,7.7074,0.6111,0,153.0,piece_count,2,midgame,False,0.0,0.0,False
45,23,1,"[[1, 4], [2, 3]]","[2, 3]",29,7.4759,0.6375,0,153.0,piece_count,2,midgame,False,0.0,0.0,True
45,24,0,"[[3, 4], [2, 5]]","[2, 5]",17,4.4904,0.7344,0,153.0,piece_count,2,midgame,False,0.0,0.0,False
45,25,1,"[[1, 6], [3, 4]]","[3, 4]",9,2.1474,0.0,0,153.0,piece_count,2,midgame,True,22.0,0.0,False
45,26,0,"[[6, 1], [5, 0]]","[5, 0]",22,4.7393,0.6071,0,175.0,piece_count,2,midgame,False,0.0,0.0,False
45,27,1,"[[2, 1], [3, 2]]","[3, 2]",23,3.3534,0.6406,0,175.0,piece_count,2,midgame,False,0.0,0.0,False
45,28,0,"[[3, 0], [2, 1]]","[2, 1]",15,2.1462,0.7321,0,199.0,piece_count,2,midgame,False,0.0,0.0,False
45,29,1,"[[1, 2], [3, 0]]","[3, 0]",8,1.0712,0.0,0,199.0,piece_count,2,midgame,False,0.0,0.0,False
45,30,0,"[[7, 2], [6, 1]]","[6, 1]",20,2.7103,0.5833,0,212.0,piece_count,2,midgame,True,0,0.0,False
45,31,1,"[[1, 0], [2, 1]]","[2, 1]",21,2.8474,0.6719,0,212.0,piece_count,2,midgame,False,0.0,0.0,True
45,32,0,"[[7, 4], [6, 5]]","[6, 5]",16,3.8629,0.6,0,213.0,piece_count,2,midgame,False,0.0,0.0,False
45,33,1,"[[3, 4], [4, 3]]","[4, 3]",15,3.6659,0.6875,0,213.0,piece_count,2,midgame,False,0.0,0.0,True
45,34,0,"[[6, 5], [5, 6]]","[5, 6]",13,3.1025,0.4583,0,213.0,piece_count,2,midgame,False,0.0,0.0,False
45,35,1,"[[2, 3], [3, 4]]","[3, 4]",17,4.231,0.6458,0,213.0,piece_count,2,midgame,True,0.0,0.0,True
45,36,0,"[[5, 6], [4, 7]]","[4, 7]",16,3.5026,0.6,0,213.0,piece_count,2,midgame,False,0.0,0.0,False
45,37,1,"[[3, 4], [4, 5]]","[4, 5]",16,3.8948,0.6667,0,213.0,piece_count,2,midgame,False,0.0,0.0,False
45,38,0,"[[4, 7], [3, 6]]","[3, 6]",13,2.8405,0.5938,0,213.0,piece_count,2,midgame,False,0.0,0.0,False
45,39,1,"[[4, 1], [5, 2]]","[5, 2]",14,3.3984,0.65,0,213.0,piece_count,2,midgame,False,0.0,0.0,True
45,40,0,"[[3, 6], [2, 5]]","[2, 5]",9,2.0509,0.7188,0,241.0,piece_count,2,midgame,True,0,0.0,False
45,41,1,"[[5, 2], [7, 0]]","[7, 0]",7,1.5955,0.125,0,241.0,piece_count,2,midgame,False,0.0,0.0,False
45,42,0,"[[2, 5], [1, 4]]","[1, 4]",18,4.4556,0.55,0,260.0,piece_count,2,midgame,False,0.0,0.0,False
45,43,1,"[[2, 7], [3, 6]]","[3, 6]",21,4.5166,0.6719,0,260.0,piece_count,2,midgame,False,0.0,0.0,False
45,44,0,"[[1, 4], [0, 3]]","[0, 3]",18,3.8366,0.55,0,260.0,piece_count,2,midgame,False,0.0,0.0,False
45,45,1,"[[3, 0], [4, 1]]","[4, 1]",20,4.8888,0.6875,0,260.0,piece_count,2,midgame,True,143.0,143.0,True
45,46,0,"[[0, 3], [1, 2]]","[1, 2]",16,3.7811,0.5,0,261.0,piece_count,2,midgame,False,0.0,0.0,False
45,47,1,"[[2, 1], [3, 0]]","[3, 0]",22,5.348,0.6562,0,261.0,piece_count,2,midgame,False,0.0,0.0,True
45,48,0,"[[1, 2], [0, 1]]","[0, 1]",19,3.7544,0.6042,0,261.0,piece_count,2,midgame,False,0.0,0.0,True
45,49,1,"[[3, 6], [4, 7]]","[4, 7]",18,4.3354,0.6786,0,261.0,piece_count,2,midgame,False,0.0,0.0,True
45,50,0,"[[0, 1], [1, 0]]","[1, 0]",15,3.5119,0.5312,0,291.0,piece_count,2,endgame,True,0,0.0,True
45,51,1,"[[4, 1], [5, 2]]","[5, 2]",19,4.607,0.6607,0,291.0,piece_count,2,endgame,False,0.0,0.0,True
45,52,0,"[[1, 0], [0, 1]]","[0, 1]",19,4.4568,0.525,0,317.0,piece_count,2,endgame,False,0.0,0.0,False
45,53,1,"[[3, 0], [4, 1]]","[4, 1]",22,5.4109,0.6944,0,317.0,piece_count,2,endgame,False,0.0,0.0,True
45,54,0,"[[0, 1], [1, 0]]","[1, 0]",15,3.5009,0.5312,0,318.0,piece_count,2,endgame,False,0.0,0.0,True
45,55,1,"[[4, 5], [5, 6]]","[5, 6]",18,4.3705,0.6786,0,318.0,piece_count,2,endgame,True,100.0,0.0,True
45,56,0,"[[1, 0], [0, 1]]","[0, 1]",15,3.6108,0.5312,0,418.0,piece_count,2,endgame,False,0.0,0.0,False
45,57,1,"[[5, 2], [6, 1]]","[6, 1]",18,4.3354,0.6786,0,418.0,piece_count,2,endgame,False,0.0,0.0,True
45,58,0,"[[0, 1], [1, 0]]","[1, 0]",26,6.155,0.1875,0,418.0,piece_count,2,endgame,False,0.0,0.0,True
45,59,1,"[[6, 1], [7, 2]]","[7, 2]",22,5.1162,0.6071,0,418.0,piece_count,2,endgame,False,0.0,0.0,False
45,60,0,"[[1, 0], [0, 1]]","[0, 1]",17,3.9988,0.4688,0,444.0,piece_count,2,endgame,True,0,0.0,False
45,61,1,"[[4, 1], [5, 2]]","[5, 2]",23,5.2202,0.6806,0,444.0,piece_count,2,endgame,False,0.0,0.0,True
45,62,0,"[[0, 1], [1, 0]]","[1, 0]",20,4.6847,0.5,0,460.0,piece_count,2,endgame,False,0.0,0.0,True
45,63,1,"[[5, 2], [6, 1]]","[6, 1]",25,5.5757,0.6875,0,460.0,piece_count,2,endgame,False,0.0,0.0,True
45,64,0,"[[1, 0], [0, 1]]","[0, 1]",17,3.9594,0.575,0,460.0,piece_count,2,endgame,False,0.0,0.0,False
45,65,1,"[[4, 3], [5, 2]]","[5, 2]",19,4.5657,0.6607,0,460.0,piece_count,2,endgame,True,0.0,0.0,True
45,66,0,"[[0, 1], [1, 0]]","[1, 0]",18,4.1809,0.55,0,460.0,piece_count,2,endgame,False,0.0,0.0,True
45,67,1,"[[3, 2], [4, 3]]","[4, 3]",21,5.331,0.6719,0,460.0,piece_count,2,endgame,False,0.0,0.0,False
45,68,0,"[[1, 0], [0, 1]]","[0, 1]",16,3.757,0.6,0,604.0,piece_count,2,endgame,False,0.0,0.0,False
45,69,1,"[[5, 2], [6, 3]]","[6, 3]",17,6.294,0.6458,0,604.0,piece_count,2,endgame,False,0.0,0.0,False
45,70,0,"[[0, 1], [1, 0]]","[1, 0]",26,6.1734,0.35,0,725.0,piece_count,2,endgame,False,0,0.0,True
45,71,1,"[[6, 3], [7, 4]]","[7, 4]",19,4.8115,0.525,0,725.0,piece_count,2,endgame,False,0.0,0.0,True
45,72,0,"[[1, 0], [0, 1]]","[0, 1]",18,4.261,0.55,0,725.0,piece_count,2,endgame,False,0.0,0.0,False
45,73,1,"[[4, 3], [5, 2]]","[5, 2]",21,4.3631,0.6719,0,725.0,piece_count,2,endgame,False,0.0,0.0,True
45,74,0,"[[0, 1], [1, 0]]","[1, 0]",18,4.1187,0.55,0,725.0,piece_count,2,endgame,False,0.0,0.0,True
45,75,1,"[[5, 2], [6, 3]]","[6, 3]",21,2.8019,0.6719,0,725.0,piece_count,2,endgame,True,144.0,0.0,False
45,76,0,"[[1, 0], [0, 1]]","[0, 1]",14,1.7774,0.65,0,869.0,piece_count,2,endgame,False,0.0,0.0,False
45,77,1,"[[5, 6], [6, 5]]","[6, 5]",12,1.5719,0.625,0,869.0,piece_count,2,endgame,False,0.0,0.0,True
45,78,0,"[[0, 1], [1, 0]]","[1, 0]",9,1.1213,0.7188,0,869.0,piece_count,2,endgame,False,0.0,0.0,True
45,79,1,"[[4, 7], [5, 6]]","[5, 6]",6,0.7524,0.25,0,869.0,piece_count,2,endgame,False,0.0,0.0,False
45,80,0,"[[1, 0], [0, 1]]","[0, 1]",9,1.1342,0.7188,0,869.0,piece_count,2,endgame,False,0,0.0,False
45,81,1,"[[5, 6], [6, 7]]","[6, 7]",5,0.5999,0.375,0,869.0,piece_count,2,endgame,False,0.0,0.0,False
45,82,0,"[[0, 1], [1, 0]]","[1, 0]",4,0.4621,0.8333,0,899.0,piece_count,2,endgame,False,0.0,0.0,True
46,0,0,"[[6, 1], [5, 0]]","[5, 0]",21,3.5608,0.625,0,0,piece_count,2,opening,False,0,0.0,False
46,1,1,"[[1, 0], [2, 1]]","[2, 1]",22,3.7305,0.6071,0,0,piece_count,2,opening,False,0.0,0.0,True
46,2,0,"[[5, 0], [4, 1]]","[4, 1]",24,4.5526,0.625,0,1.0,piece_count,2,opening,False,0.0,0.0,False
46,3,1,"[[0, 1], [1, 0]]","[1, 0]",25,4.2317,0.6094,0,1.0,piece_count,2,opening,False,0.0,0.0,True
46,4,0,"[[4, 1], [3, 0]]","[3, 0]",24,4.0653,0.6667,0,1.0,piece_count,2,opening,False,0.0,0.0,False
46,5,1,"[[1, 4], [2, 3]]","[2, 3]",19,3.649,0.6042,0,1.0,piece_count,2,opening,False,0.0,0.0,True
46,6,0,"[[6, 3], [5, 2]]","[5, 2]",21,3.5651,0.625,0,1.0,piece_count,2,opening,False,0.0,0.0,False
46,7,1,"[[0, 3], [1, 4]]","[1, 4]",23,3.897,0.5893,0,1.0,piece_count,2,opening,False,0.0,0.0,True
46,8,0,"[[5, 2], [4, 1]]","[4, 1]",24,4.3695,0.6667,0,1.0,piece_count,2,opening,False,0.0,0.0,False
46,9,1,"[[1, 4], [2, 5]]","[2, 5]",20,6.0177,0.5833,0,1.0,piece_count,2,opening,False,0.0,0.0,True
46,10,0,"[[6, 5], [5, 4]]","[5, 4]",24,7.4611,0.625,0,1.0,piece_count,2,opening,True,0,0.0,False
46,11,1,"[[0, 5], [1, 4]]","[1, 4]",24,6.5312,0.5714,0,1.0,piece_count,2,opening,False,0.0,0.0,True
46,12,0,"[[5, 4], [4, 3]]","[4, 3]",27,8.3935,0.6625,0,1.0,piece_count,2,opening,False,0.0,0.0,False
46,13,1,"[[1, 6], [2, 7]]","[2, 7]",22,6.6185,0.5417,0,1.0,piece_count,2,opening,False,0.0,0.0,True
46,14,0,"[[6, 7], [5, 6]]","[5, 6]",27,7.4837,0.6625,0,31.0,piece_count,2,opening,False,0.0,0.0,False
46,15,1,"[[0, 7], [1, 6]]","[1, 6]",26,7.9029,0.5357,0,31.0,piece_count,2,opening,True,0.0,0.0,True
46,16,0,"[[5, 6], [4, 5]]","[4, 5]",30,8.9824,0.6875,0,31.0,piece_count,2,opening,False,0.0,0.0,False
46,17,1,"[[2, 5], [3, 6]]","[3, 6]",24,6.3212,0.5,0,31.0,piece_count,2,opening,False,0.0,0.0,False
46,18,0,"[[4, 1], [3, 2]]","[3, 2]",25,7.4899,0.7159,0,112.0,piece_count,2,opening,False,0.0,0.0,False
46,19,1,"[[3, 6], [5, 4]]","[5, 4]",21,5.9297,0.0,0,112.0,piece_count,2,opening,False,0.0,0.0,False
46,20,0,"[[7, 0], [6, 1]]","[6, 1]",19,5.4512,0.7031,0,139.0,piece_count,2,midgame,True,0,0.0,False
46,21,1,"[[2, 3], [4, 1]]","[4, 1]",11,2.9724,0.0,0,139.0,piece_count,2,midgame,False,0.0,0.0,False
46,22,0,"[[4, 3], [3, 4]]","[3, 4]",28,7.6392,0.6111,0,153.0,piece_count,2,midgame,False,0.0,0.0,False
46,23,1,"[[1, 4], [2, 3]]","[2, 3]",29,7.8783,0.6375,0,153.0,piece_count,2,midgame,False,0.0,0.0,True
46,24,0,"[[3, 4], [2, 5]]","[2, 5]",17,4.4334,0.7344,0,153.0,piece_count,2,midgame,False,0.0,0.0,False
46,25,1,"[[1, 6], [3, 4]]","[3, 4]",9,1.2844,0.0,0,153.0,piece_count,2,midgame,True,22.0,0.0,False
46,26,0,"[[6, 1], [5, 0]]","[5, 0]",22,3.1776,0.6071,0,175.0,piece_count,2,midgame,False,0.0,0.0,False
46,27,1,"[[2, 1], [3, 2]]","[3, 2]",23,3.3751,0.6406,0,175.0,piece_count,2,midgame,False,0.0,0.0,False
46,28,0,"[[3, 0], [2, 1]]","[2, 1]",15,2.1327,0.7321,0,199.0,piece_count,2,midgame,False,0.0,0.0,False
46,29,1,"[[1, 2], [3, 0]]","[3, 0]",8,1.9529,0.0,0,199.0,piece_count,2,midgame,False,0.0,0.0,False
46,30,0,"[[7, 2], [6, 1]]","[6, 1]",20,4.9491,0.5833,0,212.0,piece_count,2,midgame,True,0,0.0,False
46,31,1,"[[1, 0], [2, 1]]","[2, 1]",21,5.1429,0.6719,0,212.0,piece_count,2,midgame,False,0.0,0.0,True
46,32,0,"[[7, 4], [6, 5]]","[6, 5]",16,3.0758,0.6,0,213.0,piece_count,2,midgame,False,0.0,0.0,False
46,33,1,"[[3, 4], [4, 3]]","[4, 3]",15,4.0889,0.6875,0,213.0,piece_count,2,midgame,False,0.0,0.0,True
46,34,0,"[[6, 5], [5, 6]]","[5, 6]",13,1.7254,0.4583,0,213.0,piece_count,2,midgame,False,0.0,0.0,False
46,35,1,"[[2, 3], [3, 4]]","[3, 4]",17,2.3105,0.6458,0,213.0,piece_count,2,midgame,True,0.0,0.0,True
46,36,0,"[[5, 6], [4, 7]]","[4, 7]",16,3.8722,0.6,0,213.0,piece_count,2,midgame,False,0.0,0.0,False
46,37,1,"[[3, 4], [4, 5]]","[4, 5]",16,3.8993,0.6667,0,213.0,piece_count,2,midgame,False,0.0,0.0,False
46,38,0,"[[4, 7], [3, 6]]","[3, 6]",13,3.1168,0.5938,0,213.0,piece_count,2,midgame,False,0.0,0.0,False
46,39,1,"[[4, 1], [5, 2]]","[5, 2]",14,2.718,0.65,0,213.0,piece_count,2,midgame,False,0.0,0.0,True
46,40,0,"[[3, 6], [2, 5]]","[2, 5]",9,1.1518,0.7188,0,241.0,piece_count,2,midgame,True,0,0.0,False
46,41,1,"[[5, 2], [7, 0]]","[7, 0]",7,0.8738,0.125,0,241.0,piece_count,2,midgame,False,0.0,0.0,False
46,42,0,"[[2, 5], [1, 4]]","[1, 4]",18,2.3139,0.55,0,260.0,piece_count,2,midgame,False,0.0,0.0,False
46,43,1,"[[2, 7], [3, 6]]","[3, 6]",21,2.7604,0.6719,0,260.0,piece_count,2,midgame,False,0.0,0.0,False
46,44,0,"[[1, 4], [0, 3]]","[0, 3]",18,2.6438,0.55,0,260.0,piece_count,2,midgame,False,0.0,0.0,False
46,45,1,"[[3, 0], [4, 1]]","[4, 1]",20,4.5683,0.6875,0,260.0,piece_count,2,midgame,True,143.0,143.0,True
46,46,0,"[[0, 3], [1, 2]]","[1, 2]",16,3.7656,0.5,0,261.0,piece_count,2,midgame,False,0.0,0.0,False
46,47,1,"[[2, 1], [3, 0]]","[3, 0]",22,4.607,0.6562,0,261.0,piece_count,2,midgame,False,0.0,0.0,True
46,48,0,"[[1, 2], [0, 1]]","[0, 1]",19,3.7599,0.6042,0,261.0,piece_count,2,midgame,False,0.0,0.0,True
46,49,1,"[[3, 6], [4, 7]]","[4, 7]",18,4.339,0.6786,0,261.0,piece_count,2,midgame,False,0.0,0.0,True
46,50,0,"[[0, 1], [1, 0]]","[1, 0]",15,3.5131,0.5312,0,291.0,piece_count,2,endgame,True,0,0.0,True
46,51,1,"[[4, 1], [5, 2]]","[5, 2]",19,4.5872,0.6607,0,291.0,piece_count,2,endgame,False,0.0,0.0,True
46,52,0,"[[1, 0], [0, 1]]","[0, 1]",19,4.3075,0.525,0,317.0,piece_count,2,endgame,False,0.0,0.0,False
46,53,1,"[[3, 0], [4, 1]]","[4, 1]",22,5.9185,0.6944,0,317.0,piece_count,2,endgame,False,0.0,0.0,True
46,54,0,"[[0, 1], [1, 0]]","[1, 0]",15,3.5038,0.5312,0,318.0,piece_count,2,endgame,False,0.0,0.0,True
46,55,1,"[[4, 5], [5, 6]]","[5, 6]",18,4.3623,0.6786,0,318.0,piece_count,2,endgame,True,100.0,0.0,True
46,56,0,"[[1, 0], [0, 1]]","[0, 1]",15,3.5408,0.5312,0,418.0,piece_count,2,endgame,False,0.0,0.0,False
46,57,1,"[[5, 2], [6, 1]]","[6, 1]",18,4.3261,0.6786,0,418.0,piece_count,2,endgame,False,0.0,0.0,True
46,58,0,"[[0, 1], [1, 0]]","[1, 0]",26,5.3782,0.1875,0,418.0,piece_count,2,endgame,False,0.0,0.0,True
46,59,1,"[[6, 1], [7, 2]]","[7, 2]",22,5.5661,0.6071,0,418.0,piece_count,2,endgame,False,0.0,0.0,False
46,60,0,"[[1, 0], [0, 1]]","[0, 1]",17,3.9966,0.4688,0,444.0,piece_count,2,endgame,True,0,0.0,False
46,61,1,"[[4, 1], [5, 2]]","[5, 2]",23,5.62,0.6806,0,444.0,piece_count,2,endgame,False,0.0,0.0,True
46,62,0,"[[0, 1], [1, 0]]","[1, 0]",20,4.694,0.5,0,460.0,piece_count,2,endgame,False,0.0,0.0,True
46,63,1,"[[5, 2], [6, 1]]","[6, 1]",25,6.0735,0.6875,0,460.0,piece_count,2,endgame,False,0.0,0.0,True
46,64,0,"[[1, 0], [0, 1]]","[0, 1]",17,3.9344,0.575,0,460.0,piece_count,2,endgame,False,0.0,0.0,False
46,65,1,"[[4, 3], [5, 2]]","[5, 2]",19,4.5457,0.6607,0,460.0,piece_count,2,endgame,True,0.0,0.0,True
46,66,0,"[[0, 1], [1, 0]]","[1, 0]",18,4.3759,0.55,0,460.0,piece_count,2,endgame,False,0.0,0.0,True
46,67,1,"[[3, 2], [4, 3]]","[4, 3]",21,4.9186,0.6719,0,460.0,piece_count,2,endgame,False,0.0,0.0,False
46,68,0,"[[1, 0], [0, 1]]","[0, 1]",16,3.8154,0.6,0,604.0,piece_count,2,endgame,False,0.0,0.0,False
46,69,1,"[[5, 2], [6, 3]]","[6, 3]",17,4.1354,0.6458,0,604.0,piece_count,2,endgame,False,0.0,0.0,False
46,70,0,"[[0, 1], [1, 0]]","[1, 0]",26,5.3775,0.35,0,725.0,piece_count,2,endgame,False,0,0.0,True
46,71,1,"[[6, 3], [7, 4]]","[7, 4]",19,6.3326,0.525,0,725.0,piece_count,2,endgame,False,0.0,0.0,True
46,72,0,"[[1, 0], [0, 1]]","[0, 1]",18,5.9295,0.55,0,725.0,piece_count,2,endgame,False,0.0,0.0,False
46,73,1,"[[4, 3], [5, 2]]","[5, 2]",21,7.1647,0.6719,0,725.0,piece_count,2,endgame,False,0.0,0.0,True
46,74,0,"[[0, 1], [1, 0]]","[1, 0]",18,4.2584,0.55,0,725.0,piece_count,2,endgame,False,0.0,0.0,True
46,75,1,"[[5, 2], [6, 3]]","[6, 3]",21,5.3525,0.6719,0,725.0,piece_count,2,endgame,True,144.0,0.0,False
46,76,0,"[[1, 0], [0, 1]]","[0, 1]",14,3.0205,0.65,0,869.0,piece_count,2,endgame,False,0.0,0.0,False
46,77,1,"[[5, 6], [6, 5]]","[6, 5]",12,2.8758,0.625,0,869.0,piece_count,2,endgame,False,0.0,0.0,True
46,78,0,"[[0, 1], [1, 0]]","[1, 0]",9,2.0626,0.7188,0,869.0,piece_count,2,endgame,False,0.0,0.0,True
46,79,1,"[[4, 7], [5, 6]]","[5, 6]",6,1.385,0.25,0,869.0,piece_count,2,endgame,False,0.0,0.0,False
46,80,0,"[[1, 0], [0, 1]]","[0, 1]",9,2.0468,0.7188,0,869.0,piece_count,2,endgame,False,0,0.0,False
46,81,1,"[[5, 6], [6, 7]]","[6, 7]",5,1.1144,0.375,0,869.0,piece_count,2,endgame,False,0.0,0.0,False
46,82,0,"[[0, 1], [1, 0]]","[1, 0]",4,0.8609,0.8333,0,899.0,piece_count,2,endgame,False,0.0,0.0,True
47,0,0,"[[6, 1], [5, 0]]","[5, 0]",21,5.8241,0.625,0,0,piece_count,2,opening,False,0,0.0,False
47,1,1,"[[1, 0], [2, 1]]","[2, 1]",22,6.0492,0.6071,0,0,piece_count,2,opening,False,0.0,0.0,True
47,2,0,"[[5, 0], [4, 1]]","[4, 1]",24,7.448,0.625,0,1.0,piece_count,2,opening,False,0.0,0.0,False
47,3,1,"[[0, 1], [1, 0]]","[1, 0]",25,7.7004,0.6094,0,1.0,piece_count,2,opening,False,0.0,0.0,True
47,4,0,"[[4, 1], [3, 0]]","[3, 0]",24,7.4248,0.6667,0,1.0,piece_count,2,opening,False,0.0,0.0,False
47,5,1,"[[1, 4], [2, 3]]","[2, 3]",19,5.2867,0.6042,0,1.0,piece_count,2,opening,False,0.0,0.0,True
47,6,0,"[[6, 3], [5, 2]]","[5, 2]",21,6.6159,0.625,0,1.0,piece_count,2,opening,False,0.0,0.0,False
47,7,1,"[[0, 3], [1, 4]]","[1, 4]",23,7.1018,0.5893,0,1.0,piece_count,2,opening,False,0.0,0.0,True
47,8,0,"[[5, 2], [4, 1]]","[4, 1]",24,4.4978,0.6667,0,1.0,piece_count,2,opening,False,0.0,0.0,False
47,9,1,"[[1, 4], [2, 5]]","[2, 5]",20,3.3267,0.5833,0,1.0,piece_count,2,opening,False,0.0,0.0,True
47,10,0,"[[6, 5], [5, 4]]","[5, 4]",24,4.0715,0.625,0,1.0,piece_count,2,opening,True,0,0.0,False
47,11,1,"[[0, 5], [1, 4]]","[1, 4]",24,6.4609,0.5714,0,1.0,piece_count,2,opening,False,0.0,0.0,True
47,12,0,"[[5, 4], [4, 3]]","[4, 3]",27,8.3315,0.6625,0,1.0,piece_count,2,opening,False,0.0,0.0,False
47,13,1,"[[1, 6], [2, 7]]","[2, 7]",22,5.8882,0.5417,0,1.0,piece_count,2,opening,False,0.0,0.0,True
47,14,0,"[[6, 7], [5, 6]]","[5, 6]",27,8.3239,0.6625,0,31.0,piece_count,2,opening,False,0.0,0.0,False
47,15,1,"[[0, 7], [1, 6]]","[1, 6]",26,7.1156,0.5357,0,31.0,piece_count,2,opening,True,0.0,0.0,True
47,16,0,"[[5, 6], [4, 5]]","[4, 5]",30,8.3838,0.6875,0,31.0,piece_count,2,opening,False,0.0,0.0,False
47,17,1,"[[2, 5], [3, 6]]","[3, 6]",24,6.3419,0.5,0,31.0,piece_count,2,opening,False,0.0,0.0,False
47,18,0,"[[4, 1], [3, 2]]","[3, 2]",25,4.1125,0.7159,0,112.0,piece_count,2,opening,False,0.0,0.0,False
47,19,1,"[[3, 6], [5, 4]]","[5, 4]",21,3.2732,0.0,0,112.0,piece_count,2,opening,False,0.0,0.0,False
47,20,0,"[[7, 0], [6, 1]]","[6, 1]",19,2.9447,0.7031,0,139.0,piece_count,2,midgame,True,0,0.0,False
47,21,1,"[[2, 3], [4, 1]]","[4, 1]",11,2.1112,0.0,0,139.0,piece_count,2,midgame,False,0.0,0.0,False
47,22,0,"[[4, 3], [3, 4]]","[3, 4]",28,4.2198,0.6111,0,153.0,piece_count,2,midgame,False,0.0,0.0,False
47,23,1,"[[1, 4], [2, 3]]","[2, 3]",29,4.3342,0.6375,0,153.0,piece_count,2,midgame,False,0.0,0.0,True
47,24,0,"[[3, 4], [2, 5]]","[2, 5]",17,2.4555,0.7344,0,153.0,piece_count,2,midgame,False,0.0,0.0,False
47,25,1,"[[1, 6], [3, 4]]","[3, 4]",9,1.2574,0.0,0,153.0,piece_count,2,midgame,True,22.0,0.0,False
47,26,0,"[[6, 1], [5, 0]]","[5, 0]",22,3.1419,0.6071,0,175.0,piece_count,2,midgame,False,0.0,0.0,False
47,27,1,"[[2, 1], [3, 2]]","[3, 2]",23,3.3407,0.6406,0,175.0,piece_count,2,midgame,False,0.0,0.0,False
47,28,0,"[[3, 0], [2, 1]]","[2, 1]",15,2.126,0.7321,0,199.0,piece_count,2,midgame,False,0.0,0.0,False
47,29,1,"[[1, 2], [3, 0]]","[3, 0]",8,1.3726,0.0,0,199.0,piece_count,2,midgame,False,0.0,0.0,False
47,30,0,"[[7, 2], [6, 1]]","[6, 1]",20,2.7189,0.5833,0,212.0,piece_count,2,midgame,True,0,0.0,False
47,31,1,"[[1, 0], [2, 1]]","[2, 1]",21,2.8327,0.6719,0,212.0,piece_count,2,midgame,False,0.0,0.0,True
47,32,0,"[[7, 4], [6, 5]]","[6, 5]",16,2.1231,0.6,0,213.0,piece_count,2,midgame,False,0.0,0.0,False
47,33,1,"[[3, 4], [4, 3]]","[4, 3]",15,2.0204,0.6875,0,213.0,piece_count,2,midgame,False,0.0,0.0,True
47,34,0,"[[6, 5], [5, 6]]","[5, 6]",13,1.7047,0.4583,0,213.0,piece_count,2,midgame,False,0.0,0.0,False
47,35,1,"[[2, 3], [3, 4]]","[3, 4]",17,2.4242,0.6458,0,213.0,piece_count,2,midgame,True,0.0,0.0,True
47,36,0,"[[5, 6], [4, 7]]","[4, 7]",16,3.1266,0.6,0,213.0,piece_count,2,midgame,False,0.0,0.0,False
47,37,1,"[[3, 4], [4, 5]]","[4, 5]",16,3.9124,0.6667,0,213.0,piece_count,2,midgame,False,0.0,0.0,False
47,38,0,"[[4, 7], [3, 6]]","[3, 6]",13,3.2234,0.5938,0,213.0,piece_count,2,midgame,False,0.0,0.0,False
47,39,1,"[[4, 1], [5, 2]]","[5, 2]",14,13.9482,0.65,0,213.0,piece_count,2,midgame,False,0.0,0.0,True
47,40,0,"[[3, 6], [2, 5]]","[2, 5]",9,1.3516,0.7188,0,241.0,piece_count,2,midgame,True,0,0.0,False
47,41,1,"[[5, 2], [7, 0]]","[7, 0]",7,1.617,0.125,0,241.0,piece_count,2,midgame,False,0.0,0.0,False
47,42,0,"[[2, 5], [1, 4]]","[1, 4]",18,4.9667,0.55,0,260.0,piece_count,2,midgame,False,0.0,0.0,False
47,43,1,"[[2, 7], [3, 6]]","[3, 6]",21,3.3178,0.6719,0,260.0,piece_count,2,midgame,False,0.0,0.0,False
47,44,0,"[[1, 4], [0, 3]]","[0, 3]",18,4.2117,0.55,0,260.0,piece_count,2,midgame,False,0.0,0.0,False
47,45,1,"[[3, 0], [4, 1]]","[4, 1]",20,4.8177,0.6875,0,260.0,piece_count,2,midgame,True,143.0,143.0,True
47,46,0,"[[0, 3], [1, 2]]","[1, 2]",16,3.933,0.5,0,261.0,piece_count,2,midgame,False,0.0,0.0,False
47,47,1,"[[2, 1], [3, 0]]","[3, 0]",22,4.5917,0.6562,0,261.0,piece_count,2,midgame,False,0.0,0.0,True
47,48,0,"[[1, 2], [0, 1]]","[0, 1]",19,4.5269,0.6042,0,261.0,piece_count,2,midgame,False,0.0,0.0,True
47,49,1,"[[3, 6], [4, 7]]","[4, 7]",18,4.4959,0.6786,0,261.0,piece_count,2,midgame,False,0.0,0.0,True
47,50,0,"[[0, 1], [1, 0]]","[1, 0]",15,3.5238,0.5312,0,291.0,piece_count,2,endgame,True,0,0.0,True
47,51,1,"[[4, 1], [5, 2]]","[5, 2]",19,4.3237,0.6607,0,291.0,piece_count,2,endgame,False,0.0,0.0,True
47,52,0,"[[1, 0], [0, 1]]","[0, 1]",19,4.3201,0.525,0,317.0,piece_count,2,endgame,False,0.0,0.0,False
47,53,1,"[[3, 0], [4, 1]]","[4, 1]",22,4.7219,0.6944,0,317.0,piece_count,2,endgame,False,0.0,0.0,True
47,54,0,"[[0, 1], [1, 0]]","[1, 0]",15,3.5729,0.5312,0,318.0,piece_count,2,endgame,False,0.0,0.0,True
47,55,1,"[[4, 5], [5, 6]]","[5, 6]",18,4.3752,0.6786,0,318.0,piece_count,2,endgame,True,100.0,0.0,True
47,56,0,"[[1, 0], [0, 1]]","[0, 1]",15,2.7072,0.5312,0,418.0,piece_count,2,endgame,False,0.0,0.0,False
47,57,1,"[[5, 2], [6, 1]]","[6, 1]",18,4.348,0.6786,0,418.0,piece_count,2,endgame,False,0.0,0.0,True
47,58,0,"[[0, 1], [1, 0]]","[1, 0]",26,5.3775,0.1875,0,418.0,piece_count,2,endgame,False,0.0,0.0,True
47,59,1,"[[6, 1], [7, 2]]","[7, 2]",22,5.3771,0.6071,0,418.0,piece_count,2,endgame,False,0.0,0.0,False
47,60,0,"[[1, 0], [0, 1]]","[0, 1]",17,4.0243,0.4688,0,444.0,piece_count,2,endgame,True,0,0.0,False
47,61,1,"[[4, 1], [5, 2]]","[5, 2]",23,5.6045,0.6806,0,444.0,piece_count,2,endgame,False,0.0,0.0,True
47,62,0,"[[0, 1], [1, 0]]","[1, 0]",20,4.7011,0.5,0,460.0,piece_count,2,endgame,False,0.0,0.0,True
47,63,1,"[[5, 2], [6, 1]]","[6, 1]",25,5.3034,0.6875,0,460.0,piece_count,2,endgame,False,0.0,0.0,True
47,64,0,"[[1, 0], [0, 1]]","[0, 1]",17,3.9439,0.575,0,460.0,piece_count,2,endgame,False,0.0,0.0,False
47,65,1,"[[4, 3], [5, 2]]","[5, 2]",19,5.2564,0.6607,0,460.0,piece_count,2,endgame,True,0.0,0.0,True
47,66,0,"[[0, 1], [1, 0]]","[1, 0]",18,4.2002,0.55,0,460.0,piece_count,2,endgame,False,0.0,0.0,True
47,67,1,"[[3, 2], [4, 3]]","[4, 3]",21,4.7853,0.6719,0,460.0,piece_count,2,endgame,False,0.0,0.0,False
47,68,0,"[[1, 0], [0, 1]]","[0, 1]",16,3.2601,0.6,0,604.0,piece_count,2,endgame,False,0.0,0.0,False
47,69,1,"[[5, 2], [6, 3]]","[6, 3]",17,4.143,0.6458,0,604.0,piece_count,2,endgame,False,0.0,0.0,False
47,70,0,"[[0, 1], [1, 0]]","[1, 0]",26,6.1789,0.35,0,725.0,piece_count,2,endgame,False,0,0.0,True
47,71,1,"[[6, 3], [7, 4]]","[7, 4]",19,4.7388,0.525,0,725.0,piece_count,2,endgame,False,0.0,0.0,True
47,72,0,"[[1, 0], [0, 1]]","[0, 1]",18,3.4511,0.55,0,725.0,piece_count,2,endgame,False,0.0,0.0,False
47,73,1,"[[4, 3], [5, 2]]","[5, 2]",21,5.2121,0.6719,0,725.0,piece_count,2,endgame,False,0.0,0.0,True
47,74,0,"[[0, 1], [1, 0]]","[1, 0]",18,4.2648,0.55,0,725.0,piece_count,2,endgame,False,0.0,0.0,True
47,75,1,"[[5, 2], [6, 3]]","[6, 3]",21,5.1496,0.6719,0,725.0,piece_count,2,endgame,True,144.0,0.0,False
47,76,0,"[[1, 0], [0, 1]]","[0, 1]",14,3.3326,0.65,0,869.0,piece_count,2,endgame,False,0.0,0.0,False
47,77,1,"[[5, 6], [6, 5]]","[6, 5]",12,2.8782,0.625,0,869.0,piece_count,2,endgame,False,0.0,0.0,True
47,78,0,"[[0, 1], [1, 0]]","[1, 0]",9,1.2646,0.7188,0,869.0,piece_count,2,endgame,False,0.0,0.0,True
47,79,1,"[[4, 7], [5, 6]]","[5, 6]",6,1.3862,0.25,0,869.0,piece_count,2,endgame,False,0.0,0.0,False
47,80,0,"[[1, 0], [0, 1]]","[0, 1]",9,1.9176,0.7188,0,869.0,piece_count,2,endgame,False,0,0.0,False
47,81,1,"[[5, 6], [6, 7]]","[6, 7]",5,0.9761,0.375,0,869.0,piece_count,2,endgame,False,0.0,0.0,False
47,82,0,"[[0, 1], [1, 0]]","[1, 0]",4,0.8643,0.8333,0,899.0,piece_count,2,endgame,False,0.0,0.0,True
48,0,0,"[[6, 1], [5, 0]]","[5, 0]",21,6.4874,0.625,0,0,piece_count,2,opening,False,0,0.0,False
48,1,1,"[[1, 0], [2, 1]]","[2, 1]",22,7.0612,0.6071,0,0,piece_count,2,opening,False,0.0,0.0,True
48,2,0,"[[5, 0], [4, 1]]","[4, 1]",24,7.422,0.625,0,1.0,piece_count,2,opening,False,0.0,0.0,False
48,3,1,"[[0, 1], [1, 0]]","[1, 0]",25,8.1601,0.6094,0,1.0,piece_count,2,opening,False,0.0,0.0,True
48,4,0,"[[4, 1], [3, 0]]","[3, 0]",24,7.3724,0.6667,0,1.0,piece_count,2,opening,False,0.0,0.0,False
48,5,1,"[[1, 4], [2, 3]]","[2, 3]",19,5.7755,0.6042,0,1.0,piece_count,2,opening,False,0.0,0.0,True
48,6,0,"[[6, 3], [5, 2]]","[5, 2]",21,6.0401,0.625,0,1.0,piece_count,2,opening,False,0.0,0.0,False
48,7,1,"[[0, 3], [1, 4]]","[1, 4]",23,7.0691,0.5893,0,1.0,piece_count,2,opening,False,0.0,0.0,True
48,8,0,"[[5, 2], [4, 1]]","[4, 1]",24,7.4584,0.6667,0,1.0,piece_count,2,opening,False,0.0,0.0,False
48,9,1,"[[1, 4], [2, 5]]","[2, 5]",20,6.0489,0.5833,0,1.0,piece_count,2,opening,False,0.0,0.0,True
48,10,0,"[[6, 5], [5, 4]]","[5, 4]",24,5.8103,0.625,0,1.0,piece_count,2,opening,True,0,0.0,False
48,11,1,"[[0, 5], [1, 4]]","[1, 4]",24,4.0455,0.5714,0,1.0,piece_count,2,opening,False,0.0,0.0,True
48,12,0,"[[5, 4], [4, 3]]","[4, 3]",27,4.5352,0.6625,0,1.0,piece_count,2,opening,False,0.0,0.0,False
48,13,1,"[[1, 6], [2, 7]]","[2, 7]",22,8.8401,0.5417,0,1.0,piece_count,2,opening,False,0.0,0.0,True
48,14,0,"[[6, 7], [5, 6]]","[5, 6]",27,6.7043,0.6625,0,31.0,piece_count,2,opening,False,0.0,0.0,False
48,15,1,"[[0, 7], [1, 6]]","[1, 6]",26,4.3225,0.5357,0,31.0,piece_count,2,opening,True,0.0,0.0,True
48,16,0,"[[5, 6], [4, 5]]","[4, 5]",30,6.3174,0.6875,0,31.0,piece_count,2,opening,False,0.0,0.0,False
48,17,1,"[[2, 5], [3, 6]]","[3, 6]",24,7.0779,0.5,0,31.0,piece_count,2,opening,False,0.0,0.0,False
48,18,0,"[[4, 1], [3, 2]]","[3, 2]",25,6.7267,0.7159,0,112.0,piece_count,2,opening,False,0.0,0.0,False
48,19,1,"[[3, 6], [5, 4]]","[5, 4]",21,5.9423,0.0,0,112.0,piece_count,2,opening,False,0.0,0.0,False
48,20,0,"[[7, 0], [6, 1]]","[6, 1]",19,3.6933,0.7031,0,139.0,piece_count,2,midgame,True,0,0.0,False
48,21,1,"[[2, 3], [4, 1]]","[4, 1]",11,1.6389,0.0,0,139.0,piece_count,2,midgame,False,0.0,0.0,False
48,22,0,"[[4, 3], [3, 4]]","[3, 4]",28,4.2777,0.6111,0,153.0,piece_count,2,midgame,False,0.0,0.0,False
48,23,1,"[[1, 4], [2, 3]]","[2, 3]",29,4.3645,0.6375,0,153.0,piece_count,2,midgame,False,0.0,0.0,True
48,24,0,"[[3, 4], [2, 5]]","[2, 5]",17,2.4641,0.7344,0,153.0,piece_count,2,midgame,False,0.0,0.0,False
48,25,1,"[[1, 6], [3, 4]]","[3, 4]",9,1.2634,0.0,0,153.0,piece_count,2,midgame,True,22.0,0.0,False
48,26,0,"[[6, 1], [5, 0]]","[5, 0]",22,3.1571,0.6071,0,175.0,piece_count,2,midgame,False,0.0,0.0,False
48,27,1,"[[2, 1], [3, 2]]","[3, 2]",23,3.3543,0.6406,0,175.0,piece_count,2,midgame,False,0.0,0.0,False
48,28,0,"[[3, 0], [2, 1]]","[2, 1]",15,3.4487,0.7321,0,199.0,piece_count,2,midgame,False,0.0,0.0,False
48,29,1,"[[1, 2], [3, 0]]","[3, 0]",8,1.6394,0.0,0,199.0,piece_count,2,midgame,False,0.0,0.0,False
48,30,0,"[[7, 2], [6, 1]]","[6, 1]",20,4.9396,0.5833,0,212.0,piece_count,2,midgame,True,0,0.0,False
48,31,1,"[[1, 0], [2, 1]]","[2, 1]",21,5.1701,0.6719,0,212.0,piece_count,2,midgame,False,0.0,0.0,True
48,32,0,"[[7, 4], [6, 5]]","[6, 5]",16,3.8638,0.6,0,213.0,piece_count,2,midgame,False,0.0,0.0,False
48,33,1,"[[3, 4], [4, 3]]","[4, 3]",15,3.6826,0.6875,0,213.0,piece_count,2,midgame,False,0.0,0.0,True
48,34,0,"[[6, 5], [5, 6]]","[5, 6]",13,3.1173,0.4583,0,213.0,piece_count,2,midgame,False,0.0,0.0,False
48,35,1,"[[2, 3], [3, 4]]","[3, 4]",17,3.9737,0.6458,0,213.0,piece_count,2,midgame,True,0.0,0.0,True
48,36,0,"[[5, 6], [4, 7]]","[4, 7]",16,3.8869,0.6,0,213.0,piece_count,2,midgame,False,0.0,0.0,False
48,37,1,"[[3, 4], [4, 5]]","[4, 5]",16,5.461,0.6667,0,213.0,piece_count,2,midgame,False,0.0,0.0,False
48,38,0,"[[4, 7], [3, 6]]","[3, 6]",13,4.4355,0.5938,0,213.0,piece_count,2,midgame,False,0.0,0.0,False
48,39,1,"[[4, 1], [5, 2]]","[5, 2]",14,3.3174,0.65,0,213.0,piece_count,2,midgame,False,0.0,0.0,True
48,40,0,"[[3, 6], [2, 5]]","[2, 5]",9,1.1714,0.7188,0,241.0,piece_count,2,midgame,True,0,0.0,False
48,41,1,"[[5, 2], [7, 0]]","[7, 0]",7,0.8719,0.125,0,241.0,piece_count,2,midgame,False,0.0,0.0,False
48,42,0,"[[2, 5], [1, 4]]","[1, 4]",18,2.3031,0.55,0,260.0,piece_count,2,midgame,False,0.0,0.0,False
48,43,1,"[[2, 7], [3, 6]]","[3, 6]",21,2.7795,0.6719,0,260.0,piece_count,2,midgame,False,0.0,0.0,False
48,44,0,"[[1, 4], [0, 3]]","[0, 3]",18,2.3198,0.55,0,260.0,piece_count,2,midgame,False,0.0,0.0,False
48,45,1,"[[3, 0], [4, 1]]","[4, 1]",20,4.6694,0.6875,0,260.0,piece_count,2,midgame,True,143.0,143.0,True
48,46,0,"[[0, 3], [1, 2]]","[1, 2]",16,3.7782,0.5,0,261.0,piece_count,2,midgame,False,0.0,0.0,False
48,47,1,"[[2, 1], [3, 0]]","[3, 0]",22,5.3475,0.6562,0,261.0,piece_count,2,midgame,False,0.0,0.0,True
48,48,0,"[[1, 2], [0, 1]]","[0, 1]",19,3.9048,0.6042,0,261.0,piece_count,2,midgame,False,0.0,0.0,True
48,49,1,"[[3, 6], [4, 7]]","[4, 7]",18,4.3635,0.6786,0,261.0,piece_count,2,midgame,False,0.0,0.0,True
48,50,0,"[[0, 1], [1, 0]]","[1, 0]",15,3.5231,0.5312,0,291.0,piece_count,2,endgame,True,0,0.0,True
48,51,1,"[[4, 1], [5, 2]]","[5, 2]",19,4.6258,0.6607,0,291.0,piece_count,2,endgame,False,0.0,0.0,True
48,52,0,"[[1, 0], [0, 1]]","[0, 1]",19,4.4818,0.525,0,317.0,piece_count,2,endgame,False,0.0,0.0,False
48,53,1,"[[3, 0], [4, 1]]","[4, 1]",22,5.403,0.6944,0,317.0,piece_count,2,endgame,False,0.0,0.0,True
48,54,0,"[[0, 1], [1, 0]]","[1, 0]",15,3.5129,0.5312,0,318.0,piece_count,2,endgame,False,0.0,0.0,True
48,55,1,"[[4, 5], [5, 6]]","[5, 6]",18,4.3762,0.6786,0,318.0,piece_count,2,endgame,True,100.0,0.0,True
48,56,0,"[[1, 0], [0, 1]]","[0, 1]",15,3.5408,0.5312,0,418.0,piece_count,2,endgame,False,0.0,0.0,False
48,57,1,"[[5, 2], [6, 1]]","[6, 1]",18,4.3349,0.6786,0,418.0,piece_count,2,endgame,False,0.0,0.0,True
48,58,0,"[[0, 1], [1, 0]]","[1, 0]",26,6.1364,0.1875,0,418.0,piece_count,2,endgame,False,0.0,0.0,True
48,59,1,"[[6, 1], [7, 2]]","[7, 2]",22,5.0824,0.6071,0,418.0,piece_count,2,endgame,False,0.0,0.0,False
48,60,0,"[[1, 0], [0, 1]]","[0, 1]",17,4.0181,0.4688,0,444.0,piece_count,2,endgame,True,0,0.0,False
48,61,1,"[[4, 1], [5, 2]]","[5, 2]",23,5.65,0.6806,0,444.0,piece_count,2,endgame,False,0.0,0.0,True
48,62,0,"[[0, 1], [1, 0]]","[1, 0]",20,4.6821,0.5,0,460.0,piece_count,2,endgame,False,0.0,0.0,True
48,63,1,"[[5, 2], [6, 1]]","[6, 1]",25,5.3132,0.6875,0,460.0,piece_count,2,endgame,False,0.0,0.0,True
48,64,0,"[[1, 0], [0, 1]]","[0, 1]",17,3.9537,0.575,0,460.0,piece_count,2,endgame,False,0.0,0.0,False
48,65,1,"[[4, 3], [5, 2]]","[5, 2]",19,4.5702,0.6607,0,460.0,piece_count,2,endgame,True,0.0,0.0,True
48,66,0,"[[0, 1], [1, 0]]","[1, 0]",18,4.226,0.55,0,460.0,piece_count,2,endgame,False,0.0,0.0,True
48,67,1,"[[3, 2], [4, 3]]","[4, 3]",21,5.1255,0.6719,0,460.0,piece_count,2,endgame,False,0.0,0.0,False
48,68,0,"[[1, 0], [0, 1]]","[0, 1]",16,3.7732,0.6,0,604.0,piece_count,2,endgame,False,0.0,0.0,False
48,69,1,"[[5, 2], [6, 3]]","[6, 3]",17,4.1282,0.6458,0,604.0,piece_count,2,endgame,False,0.0,0.0,False
48,70,0,"[[0, 1], [1, 0]]","[1, 0]",26,6.161,0.35,0,725.0,piece_count,2,endgame,False,0,0.0,True
48,71,1,"[[6, 3], [7, 4]]","[7, 4]",19,4.6883,0.525,0,725.0,piece_count,2,endgame,False,0.0,0.0,True
48,72,0,"[[1, 0], [0, 1]]","[0, 1]",18,4.2672,0.55,0,725.0,piece_count,2,endgame,False,0.0,0.0,False
48,73,1,"[[4, 3], [5, 2]]","[5, 2]",21,4.3781,0.6719,0,725.0,piece_count,2,endgame,False,0.0,0.0,True
48,74,0,"[[0, 1], [1, 0]]","[1, 0]",18,4.3492,0.55,0,725.0,piece_count,2,endgame,False,0.0,0.0,True
48,75,1,"[[5, 2], [6, 3]]","[6, 3]",21,5.1432,0.6719,0,725.0,piece_count,2,endgame,True,144.0,0.0,False
48,76,0,"[[1, 0], [0, 1]]","[0, 1]",14,3.2265,0.65,0,869.0,piece_count,2,endgame,False,0.0,0.0,False
48,77,1,"[[5, 6], [6, 5]]","[6, 5]",12,2.754,0.625,0,869.0,piece_count,2,endgame,False,0.0,0.0,True
48,78,0,"[[0, 1], [1, 0]]","[1, 0]",9,1.1246,0.7188,0,869.0,piece_count,2,endgame,False,0.0,0.0,True
48,79,1,"[[4, 7], [5, 6]]","[5, 6]",6,0.7555,0.25,0,869.0,piece_count,2,endgame,False,0.0,0.0,False
48,80,0,"[[1, 0], [0, 1]]","[0, 1]",9,1.1311,0.7188,0,869.0,piece_count,2,endgame,False,0,0.0,False
48,81,1,"[[5, 6], [6, 7]]","[6, 7]",5,0.6065,0.375,0,869.0,piece_count,2,endgame,False,0.0,0.0,False
48,82,0,"[[0, 1], [1, 0]]","[1, 0]",4,0.457,0.8333,0,899.0,piece_count,2,endgame,False,0.0,0.0,True
49,0,0,"[[6, 1], [5, 0]]","[5, 0]",21,3.5644,0.625,0,0,piece_count,2,opening,False,0,0.0,False
49,1,1,"[[1, 0], [2, 1]]","[2, 1]",22,4.2398,0.6071,0,0,piece_count,2,opening,False,0.0,0.0,True
49,2,0,"[[5, 0], [4, 1]]","[4, 1]",24,4.0472,0.625,0,1.0,piece_count,2,opening,False,0.0,0.0,False
49,3,1,"[[0, 1], [1, 0]]","[1, 0]",25,4.2133,0.6094,0,1.0,piece_count,2,opening,False,0.0,0.0,True
49,4,0,"[[4, 1], [3, 0]]","[3, 0]",24,4.7095,0.6667,0,1.0,piece_count,2,opening,False,0.0,0.0,False
49,5,1,"[[1, 4], [2, 3]]","[2, 3]",19,4.9915,0.6042,0,1.0,piece_count,2,opening,False,0.0,0.0,True
49,6,0,"[[6, 3], [5, 2]]","[5, 2]",21,6.5329,0.625,0,1.0,piece_count,2,opening,False,0.0,0.0,False
49,7,1,"[[0, 3], [1, 4]]","[1, 4]",23,7.0853,0.5893,0,1.0,piece_count,2,opening,False,0.0,0.0,True
49,8,0,"[[5, 2], [4, 1]]","[4, 1]",24,7.5097,0.6667,0,1.0,piece_count,2,opening,False,0.0,0.0,False
49,9,1,"[[1, 4], [2, 5]]","[2, 5]",20,6.0339,0.5833,0,1.0,piece_count,2,opening,False,0.0,0.0,True
49,10,0,"[[6, 5], [5, 4]]","[5, 4]",24,7.4759,0.625,0,1.0,piece_count,2,opening,True,0,0.0,False
49,11,1,"[[0, 5], [1, 4]]","[1, 4]",24,7.4368,0.5714,0,1.0,piece_count,2,opening,False,0.0,0.0,True
49,12,0,"[[5, 4], [4, 3]]","[4, 3]",27,6.7759,0.6625,0,1.0,piece_count,2,opening,False,0.0,0.0,False
49,13,1,"[[1, 6], [2, 7]]","[2, 7]",22,6.9075,0.5417,0,1.0,piece_count,2,opening,False,0.0,0.0,True
49,14,0,"[[6, 7], [5, 6]]","[5, 6]",27,7.4685,0.6625,0,31.0,piece_count,2,opening,False,0.0,0.0,False
49,15,1,"[[0, 7], [1, 6]]","[1, 6]",26,7.2563,0.5357,0,31.0,piece_count,2,opening,True,0.0,0.0,True
49,16,0,"[[5, 6], [4, 5]]","[4, 5]",30,9.001,0.6875,0,31.0,piece_count,2,opening,False,0.0,0.0,False
49,17,1,"[[2, 5], [3, 6]]","[3, 6]",24,7.0732,0.5,0,31.0,piece_count,2,opening,False,0.0,0.0,False
49,18,0,"[[4, 1], [3, 2]]","[3, 2]",25,8.5101,0.7159,0,112.0,piece_count,2,opening,False,0.0,0.0,False
49,19,1,"[[3, 6], [5, 4]]","[5, 4]",21,5.9702,0.0,0,112.0,piece_count,2,opening,False,0.0,0.0,False
49,20,0,"[[7, 0], [6, 1]]","[6, 1]",19,5.3239,0.7031,0,139.0,piece_count,2,midgame,True,0,0.0,False
49,21,1,"[[2, 3], [4, 1]]","[4, 1]",11,2.8081,0.0,0,139.0,piece_count,2,midgame,False,0.0,0.0,False
49,22,0,"[[4, 3], [3, 4]]","[3, 4]",28,7.3051,0.6111,0,153.0,piece_count,2,midgame,False,0.0,0.0,False
49,23,1,"[[1, 4], [2, 3]]","[2, 3]",29,7.8886,0.6375,0,153.0,piece_count,2,midgame,False,0.0,0.0,True
49,24,0,"[[3, 4], [2, 5]]","[2, 5]",17,4.4458,0.7344,0,153.0,piece_count,2,midgame,False,0.0,0.0,False
49,25,1,"[[1, 6], [3, 4]]","[3, 4]",9,2.2967,0.0,0,153.0,piece_count,2,midgame,True,22.0,0.0,False
49,26,0,"[[6, 1], [5, 0]]","[5, 0]",22,5.362,0.6071,0,175.0,piece_count,2,midgame,False,0.0,0.0,False
49,27,1,"[[2, 1], [3, 2]]","[3, 2]",23,6.0945,0.6406,0,175.0,piece_count,2,midgame,False,0.0,0.0,False
49,28,0,"[[3, 0], [2, 1]]","[2, 1]",15,3.8338,0.7321,0,199.0,piece_count,2,midgame,False,0.0,0.0,False
49,29,1,"[[1, 2], [3, 0]]","[3, 0]",8,1.9891,0.0,0,199.0,piece_count,2,midgame,False,0.0,0.0,False
49,30,0,"[[7, 2], [6, 1]]","[6, 1]",20,4.9372,0.5833,0,212.0,piece_count,2,midgame,True,0,0.0,False
49,31,1,"[[1, 0], [2, 1]]","[2, 1]",21,4.8714,0.6719,0,212.0,piece_count,2,midgame,False,0.0,0.0,True
49,32,0,"[[7, 4], [6, 5]]","[6, 5]",16,3.9158,0.6,0,213.0,piece_count,2,midgame,False,0.0,0.0,False
49,33,1,"[[3, 4], [4, 3]]","[4, 3]",15,3.6662,0.6875,0,213.0,piece_count,2,midgame,False,0.0,0.0,True
49,34,0,"[[6, 5], [5, 6]]","[5, 6]",13,3.1106,0.4583,0,213.0,piece_count,2,midgame,False,0.0,0.0,False
49,35,1,"[[2, 3], [3, 4]]","[3, 4]",17,4.2591,0.6458,0,213.0,piece_count,2,midgame,True,0.0,0.0,True
49,36,0,"[[5, 6], [4, 7]]","[4, 7]",16,3.8781,0.6,0,213.0,piece_count,2,midgame,False,0.0,0.0,False
49,37,1,"[[3, 4], [4, 5]]","[4, 5]",16,3.5379,0.6667,0,213.0,piece_count,2,midgame,False,0.0,0.0,False
49,38,0,"[[4, 7], [3, 6]]","[3, 6]",13,3.103,0.5938,0,213.0,piece_count,2,midgame,False,0.0,0.0,False
49,39,1,"[[4, 1], [5, 2]]","[5, 2]",14,3.4015,0.65,0,213.0,piece_count,2,midgame,False,0.0,0.0,True
49,40,0,"[[3, 6], [2, 5]]","[2, 5]",9,2.0642,0.7188,0,241.0,piece_count,2,midgame,True,0,0.0,False
49,41,1,"[[5, 2], [7, 0]]","[7, 0]",7,1.5969,0.125,0,241.0,piece_count,2,midgame,False,0.0,0.0,False
49,42,0,"[[2, 5], [1, 4]]","[1, 4]",18,4.2007,0.55,0,260.0,piece_count,2,midgame,False,0.0,0.0,False
49,43,1,"[[2, 7], [3, 6]]","[3, 6]",21,5.069,0.6719,0,260.0,piece_count,2,midgame,False,0.0,0.0,False
49,44,0,"[[1, 4], [0, 3]]","[0, 3]",18,3.4471,0.55,0,260.0,piece_count,2,midgame,False,0.0,0.0,False
49,45,1,"[[3, 0], [4, 1]]","[4, 1]",20,4.8556,0.6875,0,260.0,piece_count,2,midgame,True,143.0,143.0,True
49,46,0,"[[0, 3], [1, 2]]","[1, 2]",16,3.5503,0.5,0,261.0,piece_count,2,midgame,False,0.0,0.0,False
49,47,1,"[[2, 1], [3, 0]]","[3, 0]",22,2.9681,0.6562,0,261.0,piece_count,2,midgame,False,0.0,0.0,True
49,48,0,"[[1, 2], [0, 1]]","[0, 1]",19,2.492,0.6042,0,261.0,piece_count,2,midgame,False,0.0,0.0,True
49,49,1,"[[3, 6], [4, 7]]","[4, 7]",18,3.1602,0.6786,0,261.0,piece_count,2,midgame,False,0.0,0.0,True
49,50,0,"[[0, 1], [1, 0]]","[1, 0]",15,3.5126,0.5312,0,291.0,piece_count,2,endgame,True,0,0.0,True
49,51,1,"[[4, 1], [5, 2]]","[5, 2]",19,4.6222,0.6607,0,291.0,piece_count,2,endgame,False,0.0,0.0,True
49,52,0,"[[1, 0], [0, 1]]","[0, 1]",19,3.9573,0.525,0,317.0,piece_count,2,endgame,False,0.0,0.0,False
49,53,1,"[[3, 0], [4, 1]]","[4, 1]",22,2.9287,0.6944,0,317.0,piece_count,2,endgame,False,0.0,0.0,True
49,54,0,"[[0, 1], [1, 0]]","[1, 0]",15,1.9236,0.5312,0,318.0,piece_count,2,endgame,False,0.0,0.0,True
49,55,1,"[[4, 5], [5, 6]]","[5, 6]",18,2.3887,0.6786,0,318.0,piece_count,2,endgame,True,100.0,0.0,True
49,56,0,"[[1, 0], [0, 1]]","[0, 1]",15,1.9214,0.5312,0,418.0,piece_count,2,endgame,False,0.0,0.0,False
49,57,1,"[[5, 2], [6, 1]]","[6, 1]",18,2.655,0.6786,0,418.0,piece_count,2,endgame,False,0.0,0.0,True
49,58,0,"[[0, 1], [1, 0]]","[1, 0]",26,4.8079,0.1875,0,418.0,piece_count,2,endgame,False,0.0,0.0,True
49,59,1,"[[6, 1], [7, 2]]","[7, 2]",22,4.8752,0.6071,0,418.0,piece_count,2,endgame,False,0.0,0.0,False
49,60,0,"[[1, 0], [0, 1]]","[0, 1]",17,4.1442,0.4688,0,444.0,piece_count,2,endgame,True,0,0.0,False
49,61,1,"[[4, 1], [5, 2]]","[5, 2]",23,5.6024,0.6806,0,444.0,piece_count,2,endgame,False,0.0,0.0,True
49,62,0,"[[0, 1], [1, 0]]","[1, 0]",20,4.6394,0.5,0,460.0,piece_count,2,endgame,False,0.0,0.0,True
49,63,1,"[[5, 2], [6, 1]]","[6, 1]",25,5.1098,0.6875,0,460.0,piece_count,2,endgame,False,0.0,0.0,True
49,64,0,"[[1, 0], [0, 1]]","[0, 1]",17,3.9508,0.575,0,460.0,piece_count,2,endgame,False,0.0,0.0,False
49,65,1,"[[4, 3], [5, 2]]","[5, 2]",19,4.6394,0.6607,0,460.0,piece_count,2,endgame,True,0.0,0.0,True
49,66,0,"[[0, 1], [1, 0]]","[1, 0]",18,3.3944,0.55,0,460.0,piece_count,2,endgame,False,0.0,0.0,True
49,67,1,"[[3, 2], [4, 3]]","[4, 3]",21,5.1308,0.6719,0,460.0,piece_count,2,endgame,False,0.0,0.0,False
49,68,0,"[[1, 0], [0, 1]]","[0, 1]",16,3.7913,0.6,0,604.0,piece_count,2,endgame,False,0.0,0.0,False
49,69,1,"[[5, 2], [6, 3]]","[6, 3]",17,4.0441,0.6458,0,604.0,piece_count,2,endgame,False,0.0,0.0,False
49,70,0,"[[0, 1], [1, 0]]","[1, 0]",26,6.1836,0.35,0,725.0,piece_count,2,endgame,False,0,0.0,True
49,71,1,"[[6, 3], [7, 4]]","[7, 4]",19,4.7059,0.525,0,725.0,piece_count,2,endgame,False,0.0,0.0,True
49,72,0,"[[1, 0], [0, 1]]","[0, 1]",18,4.2448,0.55,0,725.0,piece_count,2,endgame,False,0.0,0.0,False
49,73,1,"[[4, 3], [5, 2]]","[5, 2]",21,4.8423,0.6719,0,725.0,piece_count,2,endgame,False,0.0,0.0,True
49,74,0,"[[0, 1], [1, 0]]","[1, 0]",18,2.3251,0.55,0,725.0,piece_count,2,endgame,False,0.0,0.0,True
49,75,1,"[[5, 2], [6, 3]]","[6, 3]",21,2.8141,0.6719,0,725.0,piece_count,2,endgame,True,144.0,0.0,False
49,76,0,"[[1, 0], [0, 1]]","[0, 1]",14,1.7753,0.65,0,869.0,piece_count,2,endgame,False,0.0,0.0,False
49,77,1,"[[5, 6], [6, 5]]","[6, 5]",12,1.5614,0.625,0,869.0,piece_count,2,endgame,False,0.0,0.0,True
49,78,0,"[[0, 1], [1, 0]]","[1, 0]",9,1.1187,0.7188,0,869.0,piece_count,2,endgame,False,0.0,0.0,True
49,79,1,"[[4, 7], [5, 6]]","[5, 6]",6,1.0114,0.25,0,869.0,piece_count,2,endgame,False,0.0,0.0,False
49,80,0,"[[1, 0], [0, 1]]","[0, 1]",9,2.0399,0.7188,0,869.0,piece_count,2,endgame,False,0,0.0,False
49,81,1,"[[5, 6], [6, 7]]","[6, 7]",5,1.1079,0.375,0,869.0,piece_count,2,endgame,False,0.0,0.0,False
49,82,0,"[[0, 1], [1, 0]]","[1, 0]",4,0.8533,0.8333,0,899.0,piece_count,2,endgame,False,0.0,0.0,True
